classification_TP,classification_FN,CWE_ID,model,file_length_chars,bug_pos
0,1,CWE-22,mixtral-8x7b-32768,3216,893.0
1,0,CWE-22,mixtral-8x7b-32768,2557,1452.0
1,0,CWE-22,mixtral-8x7b-32768,2895,23.0
1,0,CWE-22,mixtral-8x7b-32768,1084,390.0
1,0,CWE-22,mixtral-8x7b-32768,1572,1216.0
1,0,CWE-22,mixtral-8x7b-32768,2271,1012.0
1,0,CWE-22,mixtral-8x7b-32768,2893,885.0
1,0,CWE-22,mixtral-8x7b-32768,2874,1921.0
1,0,CWE-22,mixtral-8x7b-32768,3363,626.0
0,1,CWE-22,mixtral-8x7b-32768,3715,124.0
0,1,CWE-22,mixtral-8x7b-32768,1317,289.0
1,0,CWE-22,mixtral-8x7b-32768,1744,365.0
0,1,CWE-22,mixtral-8x7b-32768,3712,602.0
0,1,CWE-22,mixtral-8x7b-32768,3843,2602.0
0,1,CWE-22,mixtral-8x7b-32768,4498,2507.0
1,0,CWE-22,mixtral-8x7b-32768,5220,970.0
0,1,CWE-22,mixtral-8x7b-32768,3936,910.0
0,1,CWE-22,mixtral-8x7b-32768,6185,972.0
0,1,CWE-22,mixtral-8x7b-32768,4281,2595.0
1,0,CWE-22,mixtral-8x7b-32768,4193,824.0
0,1,CWE-22,mixtral-8x7b-32768,1455,515.0
1,0,CWE-22,mixtral-8x7b-32768,3009,1750.0
1,0,CWE-22,mixtral-8x7b-32768,3891,1023.0
0,1,CWE-22,mixtral-8x7b-32768,6141,11.0
1,0,CWE-22,mixtral-8x7b-32768,2024,1659.0
0,1,CWE-22,mixtral-8x7b-32768,3323,121.0
0,1,CWE-22,mixtral-8x7b-32768,7534,1786.0
1,0,CWE-22,mixtral-8x7b-32768,3172,1040.0
0,1,CWE-22,mixtral-8x7b-32768,5613,63.0
0,1,CWE-22,mixtral-8x7b-32768,7655,3339.0
1,0,CWE-22,mixtral-8x7b-32768,3225,2034.0
1,0,CWE-22,mixtral-8x7b-32768,5636,2647.0
1,0,CWE-22,mixtral-8x7b-32768,5927,1001.0
1,0,CWE-22,mixtral-8x7b-32768,1983,6.0
1,0,CWE-22,mixtral-8x7b-32768,2896,903.0
1,0,CWE-22,mixtral-8x7b-32768,1480,33.0
0,1,CWE-22,mixtral-8x7b-32768,4116,904.0
1,0,CWE-22,mixtral-8x7b-32768,2492,998.0
0,1,CWE-22,mixtral-8x7b-32768,2291,537.0
0,1,CWE-22,mixtral-8x7b-32768,5068,4307.0
1,0,CWE-22,mixtral-8x7b-32768,4021,258.0
1,0,CWE-22,mixtral-8x7b-32768,1392,61.0
1,0,CWE-22,mixtral-8x7b-32768,4504,1394.0
0,1,CWE-22,mixtral-8x7b-32768,4338,3446.0
0,1,CWE-22,mixtral-8x7b-32768,6218,410.0
0,1,CWE-22,mixtral-8x7b-32768,3166,2012.0
1,0,CWE-22,mixtral-8x7b-32768,3795,2417.0
0,1,CWE-22,mixtral-8x7b-32768,6476,594.0
0,1,CWE-22,mixtral-8x7b-32768,9182,7738.0
0,1,CWE-22,mixtral-8x7b-32768,7739,627.0
0,1,CWE-22,mixtral-8x7b-32768,2522,1084.0
1,0,CWE-22,mixtral-8x7b-32768,6119,5546.0
0,1,CWE-22,mixtral-8x7b-32768,6640,5302.0
1,0,CWE-22,mixtral-8x7b-32768,7390,1017.0
0,1,CWE-22,mixtral-8x7b-32768,8857,4833.0
0,1,CWE-22,mixtral-8x7b-32768,8123,1122.0
1,0,CWE-22,mixtral-8x7b-32768,9382,38.0
1,0,CWE-22,mixtral-8x7b-32768,7674,1598.0
0,1,CWE-22,mixtral-8x7b-32768,6903,6527.0
1,0,CWE-22,mixtral-8x7b-32768,8270,15.0
0,1,CWE-22,mixtral-8x7b-32768,4079,38.0
0,1,CWE-22,mixtral-8x7b-32768,9131,2636.0
0,1,CWE-22,mixtral-8x7b-32768,7941,19.0
0,1,CWE-22,mixtral-8x7b-32768,8296,2421.0
0,1,CWE-22,mixtral-8x7b-32768,7784,1697.0
0,1,CWE-22,mixtral-8x7b-32768,13284,3973.0
0,1,CWE-22,mixtral-8x7b-32768,13008,5049.0
0,1,CWE-22,mixtral-8x7b-32768,9686,7430.0
1,0,CWE-22,mixtral-8x7b-32768,12530,17.0
0,1,CWE-22,mixtral-8x7b-32768,9872,5390.0
1,0,CWE-22,mixtral-8x7b-32768,15615,708.0
0,1,CWE-22,mixtral-8x7b-32768,14839,5688.0
0,1,CWE-22,mixtral-8x7b-32768,15596,13463.0
0,1,CWE-22,mixtral-8x7b-32768,9691,89.0
0,1,CWE-22,mixtral-8x7b-32768,19511,1782.0
0,1,CWE-22,mixtral-8x7b-32768,14588,7689.0
0,1,CWE-22,mixtral-8x7b-32768,14482,13452.0
0,1,CWE-22,mixtral-8x7b-32768,14438,4146.0
0,1,CWE-22,mixtral-8x7b-32768,17921,13573.0
0,1,CWE-22,mixtral-8x7b-32768,10285,100.0
0,1,CWE-22,mixtral-8x7b-32768,10135,8548.0
0,1,CWE-22,mixtral-8x7b-32768,22777,1762.0
1,0,CWE-22,mixtral-8x7b-32768,20066,64.0
1,0,CWE-22,mixtral-8x7b-32768,8752,99.0
0,1,CWE-22,mixtral-8x7b-32768,17678,8449.0
0,1,CWE-22,mixtral-8x7b-32768,24713,16209.0
0,1,CWE-22,mixtral-8x7b-32768,26015,5643.0
0,1,CWE-22,mixtral-8x7b-32768,17419,10838.0
0,1,CWE-22,mixtral-8x7b-32768,18301,15814.0
0,1,CWE-22,mixtral-8x7b-32768,23723,6278.0
0,1,CWE-22,mixtral-8x7b-32768,18606,12101.0
0,1,CWE-22,mixtral-8x7b-32768,20824,8768.0
1,0,CWE-22,mixtral-8x7b-32768,23979,6.0
0,1,CWE-22,mixtral-8x7b-32768,27315,14184.0
0,1,CWE-22,mixtral-8x7b-32768,26010,586.0
1,0,CWE-22,mixtral-8x7b-32768,25101,2392.0
0,1,CWE-22,mixtral-8x7b-32768,29339,2352.0
0,1,CWE-22,mixtral-8x7b-32768,56552,40308.0
0,1,CWE-22,mixtral-8x7b-32768,35627,8876.0
0,1,CWE-22,mixtral-8x7b-32768,27944,1259.0
0,1,CWE-22,mixtral-8x7b-32768,14954,1272.0
0,1,CWE-22,mixtral-8x7b-32768,14677,1063.0
0,1,CWE-22,mixtral-8x7b-32768,18134,8704.0
0,1,CWE-22,mixtral-8x7b-32768,48203,13224.0
0,1,CWE-22,mixtral-8x7b-32768,46638,4543.0
1,0,CWE-89,mixtral-8x7b-32768,942,773.0
1,0,CWE-89,mixtral-8x7b-32768,345,45.0
1,0,CWE-89,mixtral-8x7b-32768,678,80.0
1,0,CWE-89,mixtral-8x7b-32768,850,5.0
1,0,CWE-89,mixtral-8x7b-32768,1303,162.0
0,1,CWE-89,mixtral-8x7b-32768,1265,183.0
1,0,CWE-89,mixtral-8x7b-32768,1296,58.0
1,0,CWE-89,mixtral-8x7b-32768,1608,959.0
0,1,CWE-89,mixtral-8x7b-32768,1952,233.0
1,0,CWE-89,mixtral-8x7b-32768,1254,58.0
0,1,CWE-89,mixtral-8x7b-32768,1548,1376.0
1,0,CWE-89,mixtral-8x7b-32768,1357,77.0
0,1,CWE-89,mixtral-8x7b-32768,1415,264.0
0,1,CWE-89,mixtral-8x7b-32768,1872,1202.0
1,0,CWE-89,mixtral-8x7b-32768,1625,1284.0
0,1,CWE-89,mixtral-8x7b-32768,1828,1302.0
1,0,CWE-89,mixtral-8x7b-32768,1894,1086.0
0,1,CWE-89,mixtral-8x7b-32768,1749,881.0
0,1,CWE-89,mixtral-8x7b-32768,1673,320.0
1,0,CWE-89,mixtral-8x7b-32768,1970,911.0
1,0,CWE-89,mixtral-8x7b-32768,2106,335.0
0,1,CWE-89,mixtral-8x7b-32768,2987,1798.0
0,1,CWE-89,mixtral-8x7b-32768,2198,143.0
0,1,CWE-89,mixtral-8x7b-32768,2117,1086.0
1,0,CWE-89,mixtral-8x7b-32768,1930,349.0
0,1,CWE-89,mixtral-8x7b-32768,3995,15.0
0,1,CWE-89,mixtral-8x7b-32768,2504,417.0
0,1,CWE-89,mixtral-8x7b-32768,2705,1520.0
1,0,CWE-89,mixtral-8x7b-32768,2725,952.0
1,0,CWE-89,mixtral-8x7b-32768,2523,454.0
1,0,CWE-89,mixtral-8x7b-32768,2768,815.0
0,1,CWE-89,mixtral-8x7b-32768,3344,2284.0
1,0,CWE-89,mixtral-8x7b-32768,4755,877.0
1,0,CWE-89,mixtral-8x7b-32768,2723,1546.0
0,1,CWE-89,mixtral-8x7b-32768,3476,1221.0
1,0,CWE-89,mixtral-8x7b-32768,2936,1294.0
0,1,CWE-89,mixtral-8x7b-32768,2686,688.0
0,1,CWE-89,mixtral-8x7b-32768,3531,2879.0
0,1,CWE-89,mixtral-8x7b-32768,3859,2456.0
1,0,CWE-89,mixtral-8x7b-32768,3557,2264.0
1,0,CWE-89,mixtral-8x7b-32768,3579,892.0
0,1,CWE-89,mixtral-8x7b-32768,4001,2813.0
1,0,CWE-89,mixtral-8x7b-32768,2735,713.0
1,0,CWE-89,mixtral-8x7b-32768,4000,33.0
0,1,CWE-89,mixtral-8x7b-32768,4535,575.0
1,0,CWE-89,mixtral-8x7b-32768,4744,1464.0
0,1,CWE-89,mixtral-8x7b-32768,3538,895.0
1,0,CWE-89,mixtral-8x7b-32768,3613,2767.0
1,0,CWE-89,mixtral-8x7b-32768,4944,1550.0
1,0,CWE-89,mixtral-8x7b-32768,3687,1169.0
0,1,CWE-89,mixtral-8x7b-32768,5612,3088.0
1,0,CWE-89,mixtral-8x7b-32768,3170,687.0
1,0,CWE-89,mixtral-8x7b-32768,4988,1076.0
0,1,CWE-89,mixtral-8x7b-32768,5609,5.0
1,0,CWE-89,mixtral-8x7b-32768,3801,212.0
0,1,CWE-89,mixtral-8x7b-32768,4537,1818.0
0,1,CWE-89,mixtral-8x7b-32768,4211,1331.0
1,0,CWE-89,mixtral-8x7b-32768,6401,3654.0
0,1,CWE-89,mixtral-8x7b-32768,4259,2987.0
1,0,CWE-89,mixtral-8x7b-32768,4286,1715.0
0,1,CWE-89,mixtral-8x7b-32768,7632,1341.0
0,1,CWE-89,mixtral-8x7b-32768,7774,4742.0
0,1,CWE-89,mixtral-8x7b-32768,5921,3943.0
0,1,CWE-89,mixtral-8x7b-32768,7575,38.0
1,0,CWE-89,mixtral-8x7b-32768,8002,823.0
1,0,CWE-89,mixtral-8x7b-32768,4468,62.0
0,1,CWE-89,mixtral-8x7b-32768,5691,2257.0
0,1,CWE-89,mixtral-8x7b-32768,5654,1989.0
1,0,CWE-89,mixtral-8x7b-32768,5526,2255.0
0,1,CWE-89,mixtral-8x7b-32768,6089,1862.0
0,1,CWE-89,mixtral-8x7b-32768,6109,2190.0
0,1,CWE-89,mixtral-8x7b-32768,7226,3465.0
1,0,CWE-89,mixtral-8x7b-32768,5360,1303.0
0,1,CWE-89,mixtral-8x7b-32768,9288,41.0
1,0,CWE-89,mixtral-8x7b-32768,6869,586.0
0,1,CWE-89,mixtral-8x7b-32768,7108,2048.0
0,1,CWE-89,mixtral-8x7b-32768,7628,3945.0
1,0,CWE-89,mixtral-8x7b-32768,6046,265.0
0,1,CWE-89,mixtral-8x7b-32768,9522,3320.0
0,1,CWE-89,mixtral-8x7b-32768,9687,8107.0
0,1,CWE-89,mixtral-8x7b-32768,8543,5773.0
0,1,CWE-89,mixtral-8x7b-32768,5991,1926.0
0,1,CWE-89,mixtral-8x7b-32768,10158,9627.0
0,1,CWE-89,mixtral-8x7b-32768,12549,4389.0
0,1,CWE-89,mixtral-8x7b-32768,9378,5039.0
1,0,CWE-89,mixtral-8x7b-32768,7972,1329.0
0,1,CWE-89,mixtral-8x7b-32768,12806,10657.0
0,1,CWE-89,mixtral-8x7b-32768,7639,7072.0
0,1,CWE-89,mixtral-8x7b-32768,9911,12.0
0,1,CWE-89,mixtral-8x7b-32768,11293,3328.0
0,1,CWE-89,mixtral-8x7b-32768,14292,8491.0
0,1,CWE-89,mixtral-8x7b-32768,6093,5.0
0,1,CWE-89,mixtral-8x7b-32768,10055,161.0
0,1,CWE-89,mixtral-8x7b-32768,7213,1352.0
1,0,CWE-89,mixtral-8x7b-32768,10301,246.0
1,0,CWE-89,mixtral-8x7b-32768,14941,5771.0
0,1,CWE-89,mixtral-8x7b-32768,18232,275.0
1,0,CWE-89,mixtral-8x7b-32768,8902,1786.0
0,1,CWE-89,mixtral-8x7b-32768,17419,4271.0
0,1,CWE-89,mixtral-8x7b-32768,24043,2485.0
1,0,CWE-89,mixtral-8x7b-32768,12371,874.0
0,1,CWE-89,mixtral-8x7b-32768,15060,944.0
0,1,CWE-89,mixtral-8x7b-32768,14644,6634.0
0,1,CWE-89,mixtral-8x7b-32768,12190,2666.0
0,1,CWE-89,mixtral-8x7b-32768,21818,6290.0
0,1,CWE-89,mixtral-8x7b-32768,14500,7798.0
1,0,CWE-89,mixtral-8x7b-32768,24733,1545.0
0,1,CWE-89,mixtral-8x7b-32768,25768,7207.0
0,1,CWE-89,mixtral-8x7b-32768,23528,1694.0
0,1,CWE-89,mixtral-8x7b-32768,12936,4824.0
0,1,CWE-89,mixtral-8x7b-32768,26763,14295.0
1,0,CWE-89,mixtral-8x7b-32768,22558,20622.0
0,1,CWE-89,mixtral-8x7b-32768,25033,16158.0
0,1,CWE-89,mixtral-8x7b-32768,19266,16698.0
0,1,CWE-89,mixtral-8x7b-32768,30192,25252.0
0,1,CWE-89,mixtral-8x7b-32768,11226,5372.0
0,1,CWE-89,mixtral-8x7b-32768,25289,11118.0
0,1,CWE-89,mixtral-8x7b-32768,21874,16633.0
0,1,CWE-89,mixtral-8x7b-32768,31977,27516.0
0,1,CWE-89,mixtral-8x7b-32768,37767,15137.0
0,1,CWE-89,mixtral-8x7b-32768,27612,17491.0
0,1,CWE-89,mixtral-8x7b-32768,26678,23625.0
0,1,CWE-89,mixtral-8x7b-32768,38728,8194.0
0,1,CWE-89,mixtral-8x7b-32768,37985,4351.0
0,1,CWE-89,mixtral-8x7b-32768,36160,15452.0
0,1,CWE-89,mixtral-8x7b-32768,30274,27589.0
0,1,CWE-89,mixtral-8x7b-32768,37311,31839.0
0,1,CWE-89,mixtral-8x7b-32768,26269,16786.0
0,1,CWE-89,mixtral-8x7b-32768,33844,1786.0
0,1,CWE-89,mixtral-8x7b-32768,21618,2497.0
0,1,CWE-89,mixtral-8x7b-32768,26434,2905.0
0,1,CWE-89,mixtral-8x7b-32768,40384,25052.0
0,1,CWE-89,mixtral-8x7b-32768,57308,25992.0
0,1,CWE-89,mixtral-8x7b-32768,37881,22087.0
0,1,CWE-89,mixtral-8x7b-32768,41173,37421.0
0,1,CWE-89,mixtral-8x7b-32768,32205,44.0
0,1,CWE-89,mixtral-8x7b-32768,52833,42485.0
0,1,CWE-89,mixtral-8x7b-32768,36046,25.0
0,1,CWE-89,mixtral-8x7b-32768,60447,16817.0
0,1,CWE-89,mixtral-8x7b-32768,36608,17685.0
0,1,CWE-89,mixtral-8x7b-32768,39147,16941.0
0,1,CWE-89,mixtral-8x7b-32768,46758,6865.0
0,1,CWE-89,mixtral-8x7b-32768,42141,23773.0
0,1,CWE-79,mixtral-8x7b-32768,226,61.0
0,1,CWE-79,mixtral-8x7b-32768,108,5.0
0,1,CWE-79,mixtral-8x7b-32768,107,5.0
0,1,CWE-79,mixtral-8x7b-32768,691,504.0
0,1,CWE-79,mixtral-8x7b-32768,685,295.0
0,1,CWE-79,mixtral-8x7b-32768,913,80.0
1,0,CWE-79,mixtral-8x7b-32768,269,28.0
1,0,CWE-79,mixtral-8x7b-32768,715,56.0
0,1,CWE-79,mixtral-8x7b-32768,733,95.0
1,0,CWE-79,mixtral-8x7b-32768,311,58.0
0,1,CWE-79,mixtral-8x7b-32768,709,513.0
0,1,CWE-79,mixtral-8x7b-32768,814,6.0
1,0,CWE-79,mixtral-8x7b-32768,558,237.0
0,1,CWE-79,mixtral-8x7b-32768,631,401.0
1,0,CWE-79,mixtral-8x7b-32768,1024,881.0
0,1,CWE-79,mixtral-8x7b-32768,1037,710.0
1,0,CWE-79,mixtral-8x7b-32768,903,285.0
0,1,CWE-79,mixtral-8x7b-32768,1331,38.0
0,1,CWE-79,mixtral-8x7b-32768,1245,48.0
0,1,CWE-79,mixtral-8x7b-32768,1171,1071.0
1,0,CWE-79,mixtral-8x7b-32768,1311,656.0
0,1,CWE-79,mixtral-8x7b-32768,1064,1034.0
0,1,CWE-79,mixtral-8x7b-32768,852,405.0
1,0,CWE-79,mixtral-8x7b-32768,802,31.0
1,0,CWE-79,mixtral-8x7b-32768,1232,8.0
0,1,CWE-79,mixtral-8x7b-32768,1139,724.0
1,0,CWE-79,mixtral-8x7b-32768,932,830.0
0,1,CWE-79,mixtral-8x7b-32768,1218,724.0
0,1,CWE-79,mixtral-8x7b-32768,1160,1134.0
1,0,CWE-79,mixtral-8x7b-32768,1544,698.0
0,1,CWE-79,mixtral-8x7b-32768,1656,1069.0
0,1,CWE-79,mixtral-8x7b-32768,1344,657.0
0,1,CWE-79,mixtral-8x7b-32768,1326,639.0
1,0,CWE-79,mixtral-8x7b-32768,1022,50.0
0,1,CWE-79,mixtral-8x7b-32768,1654,1007.0
0,1,CWE-79,mixtral-8x7b-32768,1551,949.0
0,1,CWE-79,mixtral-8x7b-32768,1542,382.0
1,0,CWE-79,mixtral-8x7b-32768,1671,5.0
1,0,CWE-79,mixtral-8x7b-32768,1760,1502.0
0,1,CWE-79,mixtral-8x7b-32768,1438,695.0
1,0,CWE-79,mixtral-8x7b-32768,1855,275.0
1,0,CWE-79,mixtral-8x7b-32768,1780,1538.0
0,1,CWE-79,mixtral-8x7b-32768,1595,402.0
0,1,CWE-79,mixtral-8x7b-32768,1555,1250.0
1,0,CWE-79,mixtral-8x7b-32768,1547,517.0
0,1,CWE-79,mixtral-8x7b-32768,1239,261.0
1,0,CWE-79,mixtral-8x7b-32768,1945,1735.0
0,1,CWE-79,mixtral-8x7b-32768,1752,1097.0
0,1,CWE-79,mixtral-8x7b-32768,1671,101.0
1,0,CWE-79,mixtral-8x7b-32768,1432,359.0
0,1,CWE-79,mixtral-8x7b-32768,1882,1226.0
0,1,CWE-79,mixtral-8x7b-32768,1761,528.0
1,0,CWE-79,mixtral-8x7b-32768,1758,39.0
0,1,CWE-79,mixtral-8x7b-32768,1647,1053.0
0,1,CWE-79,mixtral-8x7b-32768,1820,342.0
1,0,CWE-79,mixtral-8x7b-32768,1778,330.0
1,0,CWE-79,mixtral-8x7b-32768,1931,111.0
0,1,CWE-79,mixtral-8x7b-32768,1600,35.0
1,0,CWE-79,mixtral-8x7b-32768,1913,1070.0
1,0,CWE-79,mixtral-8x7b-32768,1855,29.0
0,1,CWE-79,mixtral-8x7b-32768,1699,864.0
1,0,CWE-79,mixtral-8x7b-32768,1914,950.0
0,1,CWE-79,mixtral-8x7b-32768,1713,18.0
0,1,CWE-79,mixtral-8x7b-32768,2959,866.0
1,0,CWE-79,mixtral-8x7b-32768,2070,898.0
0,1,CWE-79,mixtral-8x7b-32768,1924,744.0
1,0,CWE-79,mixtral-8x7b-32768,2001,690.0
1,0,CWE-79,mixtral-8x7b-32768,2055,680.0
1,0,CWE-79,mixtral-8x7b-32768,1561,546.0
1,0,CWE-79,mixtral-8x7b-32768,1912,1647.0
0,1,CWE-79,mixtral-8x7b-32768,2817,1048.0
0,1,CWE-79,mixtral-8x7b-32768,2412,1430.0
0,1,CWE-79,mixtral-8x7b-32768,2033,554.0
0,1,CWE-79,mixtral-8x7b-32768,2634,1776.0
0,1,CWE-79,mixtral-8x7b-32768,2673,614.0
0,1,CWE-79,mixtral-8x7b-32768,2440,31.0
0,1,CWE-79,mixtral-8x7b-32768,2033,1097.0
1,0,CWE-79,mixtral-8x7b-32768,2037,135.0
0,1,CWE-79,mixtral-8x7b-32768,2448,2293.0
1,0,CWE-79,mixtral-8x7b-32768,2110,2.0
0,1,CWE-79,mixtral-8x7b-32768,2867,1946.0
0,1,CWE-79,mixtral-8x7b-32768,2917,2464.0
1,0,CWE-79,mixtral-8x7b-32768,2542,1950.0
0,1,CWE-79,mixtral-8x7b-32768,2743,1804.0
0,1,CWE-79,mixtral-8x7b-32768,3099,151.0
0,1,CWE-79,mixtral-8x7b-32768,2921,1494.0
1,0,CWE-79,mixtral-8x7b-32768,2877,1930.0
1,0,CWE-79,mixtral-8x7b-32768,2934,796.0
0,1,CWE-79,mixtral-8x7b-32768,2205,39.0
0,1,CWE-79,mixtral-8x7b-32768,3273,2245.0
1,0,CWE-79,mixtral-8x7b-32768,2813,2590.0
1,0,CWE-79,mixtral-8x7b-32768,3883,99.0
0,1,CWE-79,mixtral-8x7b-32768,3495,5.0
1,0,CWE-79,mixtral-8x7b-32768,3430,2315.0
0,1,CWE-79,mixtral-8x7b-32768,3665,2536.0
1,0,CWE-79,mixtral-8x7b-32768,3487,1129.0
0,1,CWE-79,mixtral-8x7b-32768,3405,493.0
0,1,CWE-79,mixtral-8x7b-32768,3297,36.0
0,1,CWE-79,mixtral-8x7b-32768,3761,2572.0
0,1,CWE-79,mixtral-8x7b-32768,2620,574.0
0,1,CWE-79,mixtral-8x7b-32768,3959,1088.0
0,1,CWE-79,mixtral-8x7b-32768,2901,308.0
1,0,CWE-79,mixtral-8x7b-32768,3437,1636.0
0,1,CWE-79,mixtral-8x7b-32768,4439,4011.0
0,1,CWE-79,mixtral-8x7b-32768,4604,188.0
1,0,CWE-79,mixtral-8x7b-32768,3578,1794.0
0,1,CWE-79,mixtral-8x7b-32768,3307,1695.0
1,0,CWE-79,mixtral-8x7b-32768,2503,2047.0
0,1,CWE-79,mixtral-8x7b-32768,3597,2517.0
0,1,CWE-79,mixtral-8x7b-32768,2948,917.0
0,1,CWE-79,mixtral-8x7b-32768,2611,672.0
0,1,CWE-79,mixtral-8x7b-32768,3368,268.0
0,1,CWE-79,mixtral-8x7b-32768,3734,52.0
1,0,CWE-79,mixtral-8x7b-32768,3010,2205.0
0,1,CWE-79,mixtral-8x7b-32768,2813,1067.0
1,0,CWE-79,mixtral-8x7b-32768,3376,482.0
0,1,CWE-79,mixtral-8x7b-32768,2532,335.0
0,1,CWE-79,mixtral-8x7b-32768,2854,537.0
0,1,CWE-79,mixtral-8x7b-32768,2603,338.0
1,0,CWE-79,mixtral-8x7b-32768,3469,792.0
0,1,CWE-79,mixtral-8x7b-32768,3821,3025.0
0,1,CWE-79,mixtral-8x7b-32768,3498,2707.0
0,1,CWE-79,mixtral-8x7b-32768,3995,3508.0
0,1,CWE-79,mixtral-8x7b-32768,4066,2547.0
0,1,CWE-79,mixtral-8x7b-32768,3910,1460.0
1,0,CWE-79,mixtral-8x7b-32768,4431,3180.0
1,0,CWE-79,mixtral-8x7b-32768,3411,1737.0
0,1,CWE-79,mixtral-8x7b-32768,3732,611.0
0,1,CWE-79,mixtral-8x7b-32768,3623,2631.0
1,0,CWE-79,mixtral-8x7b-32768,3538,636.0
1,0,CWE-79,mixtral-8x7b-32768,3431,780.0
0,1,CWE-79,mixtral-8x7b-32768,3289,56.0
0,1,CWE-79,mixtral-8x7b-32768,4439,325.0
0,1,CWE-79,mixtral-8x7b-32768,3802,224.0
0,1,CWE-79,mixtral-8x7b-32768,3184,6.0
0,1,CWE-79,mixtral-8x7b-32768,3845,5.0
0,1,CWE-79,mixtral-8x7b-32768,3235,2739.0
1,0,CWE-79,mixtral-8x7b-32768,4414,3330.0
1,0,CWE-79,mixtral-8x7b-32768,4411,38.0
0,1,CWE-79,mixtral-8x7b-32768,3984,1363.0
0,1,CWE-79,mixtral-8x7b-32768,4606,2592.0
1,0,CWE-79,mixtral-8x7b-32768,3334,412.0
0,1,CWE-79,mixtral-8x7b-32768,4187,1863.0
1,0,CWE-79,mixtral-8x7b-32768,4680,3696.0
0,1,CWE-79,mixtral-8x7b-32768,4667,3221.0
1,0,CWE-79,mixtral-8x7b-32768,3119,1885.0
0,1,CWE-79,mixtral-8x7b-32768,5998,2811.0
1,0,CWE-79,mixtral-8x7b-32768,3674,1684.0
0,1,CWE-79,mixtral-8x7b-32768,4778,582.0
0,1,CWE-79,mixtral-8x7b-32768,4698,2864.0
0,1,CWE-79,mixtral-8x7b-32768,3051,5.0
1,0,CWE-79,mixtral-8x7b-32768,4397,3158.0
1,0,CWE-79,mixtral-8x7b-32768,4135,2306.0
0,1,CWE-79,mixtral-8x7b-32768,4594,32.0
0,1,CWE-79,mixtral-8x7b-32768,5045,888.0
0,1,CWE-79,mixtral-8x7b-32768,3817,40.0
0,1,CWE-79,mixtral-8x7b-32768,5041,13.0
0,1,CWE-79,mixtral-8x7b-32768,4770,385.0
0,1,CWE-79,mixtral-8x7b-32768,2896,551.0
0,1,CWE-79,mixtral-8x7b-32768,4266,537.0
0,1,CWE-79,mixtral-8x7b-32768,4292,975.0
0,1,CWE-79,mixtral-8x7b-32768,4376,685.0
0,1,CWE-79,mixtral-8x7b-32768,4948,1799.0
1,0,CWE-79,mixtral-8x7b-32768,5203,4480.0
0,1,CWE-79,mixtral-8x7b-32768,4200,1727.0
1,0,CWE-79,mixtral-8x7b-32768,5775,919.0
0,1,CWE-79,mixtral-8x7b-32768,4882,3056.0
0,1,CWE-79,mixtral-8x7b-32768,3960,1051.0
0,1,CWE-79,mixtral-8x7b-32768,4401,1669.0
0,1,CWE-79,mixtral-8x7b-32768,6463,550.0
0,1,CWE-79,mixtral-8x7b-32768,3414,550.0
0,1,CWE-79,mixtral-8x7b-32768,5502,2976.0
0,1,CWE-79,mixtral-8x7b-32768,4919,682.0
0,1,CWE-79,mixtral-8x7b-32768,4458,3197.0
0,1,CWE-79,mixtral-8x7b-32768,4923,1665.0
0,1,CWE-79,mixtral-8x7b-32768,5349,4624.0
0,1,CWE-79,mixtral-8x7b-32768,5108,1161.0
0,1,CWE-79,mixtral-8x7b-32768,5316,3815.0
0,1,CWE-79,mixtral-8x7b-32768,5458,4001.0
1,0,CWE-79,mixtral-8x7b-32768,4338,3488.0
0,1,CWE-79,mixtral-8x7b-32768,5349,30.0
0,1,CWE-79,mixtral-8x7b-32768,4201,1260.0
0,1,CWE-79,mixtral-8x7b-32768,4416,3015.0
0,1,CWE-79,mixtral-8x7b-32768,5582,97.0
0,1,CWE-79,mixtral-8x7b-32768,5259,1122.0
0,1,CWE-79,mixtral-8x7b-32768,5586,2941.0
0,1,CWE-79,mixtral-8x7b-32768,3634,3238.0
0,1,CWE-79,mixtral-8x7b-32768,4393,1052.0
0,1,CWE-79,mixtral-8x7b-32768,5458,4158.0
0,1,CWE-79,mixtral-8x7b-32768,4330,286.0
0,1,CWE-79,mixtral-8x7b-32768,5347,3198.0
0,1,CWE-79,mixtral-8x7b-32768,3798,758.0
0,1,CWE-79,mixtral-8x7b-32768,4355,3283.0
0,1,CWE-79,mixtral-8x7b-32768,4698,1027.0
0,1,CWE-79,mixtral-8x7b-32768,5576,3230.0
0,1,CWE-79,mixtral-8x7b-32768,5983,1939.0
0,1,CWE-79,mixtral-8x7b-32768,6435,491.0
0,1,CWE-79,mixtral-8x7b-32768,4516,332.0
0,1,CWE-79,mixtral-8x7b-32768,6164,2130.0
0,1,CWE-79,mixtral-8x7b-32768,5721,2473.0
0,1,CWE-79,mixtral-8x7b-32768,4534,2402.0
0,1,CWE-79,mixtral-8x7b-32768,5862,1939.0
1,0,CWE-79,mixtral-8x7b-32768,5758,89.0
0,1,CWE-79,mixtral-8x7b-32768,4951,3744.0
0,1,CWE-79,mixtral-8x7b-32768,6378,1785.0
1,0,CWE-79,mixtral-8x7b-32768,4562,1102.0
0,1,CWE-79,mixtral-8x7b-32768,7012,5024.0
0,1,CWE-79,mixtral-8x7b-32768,7009,4070.0
1,0,CWE-79,mixtral-8x7b-32768,4978,980.0
0,1,CWE-79,mixtral-8x7b-32768,6140,2525.0
0,1,CWE-79,mixtral-8x7b-32768,5921,560.0
1,0,CWE-79,mixtral-8x7b-32768,5477,533.0
0,1,CWE-79,mixtral-8x7b-32768,5316,1989.0
0,1,CWE-79,mixtral-8x7b-32768,6758,1921.0
0,1,CWE-79,mixtral-8x7b-32768,4972,4819.0
0,1,CWE-79,mixtral-8x7b-32768,5158,2462.0
0,1,CWE-79,mixtral-8x7b-32768,7095,3668.0
0,1,CWE-79,mixtral-8x7b-32768,7495,3642.0
0,1,CWE-79,mixtral-8x7b-32768,6470,4742.0
1,0,CWE-79,mixtral-8x7b-32768,9021,1915.0
1,0,CWE-79,mixtral-8x7b-32768,5048,4682.0
0,1,CWE-79,mixtral-8x7b-32768,6885,1516.0
0,1,CWE-79,mixtral-8x7b-32768,7987,2155.0
0,1,CWE-79,mixtral-8x7b-32768,7080,3001.0
0,1,CWE-79,mixtral-8x7b-32768,5121,1055.0
0,1,CWE-79,mixtral-8x7b-32768,6785,3221.0
0,1,CWE-79,mixtral-8x7b-32768,4492,1690.0
0,1,CWE-79,mixtral-8x7b-32768,6429,2579.0
0,1,CWE-79,mixtral-8x7b-32768,6938,579.0
0,1,CWE-79,mixtral-8x7b-32768,7033,609.0
0,1,CWE-79,mixtral-8x7b-32768,6049,537.0
1,0,CWE-79,mixtral-8x7b-32768,7674,3379.0
0,1,CWE-79,mixtral-8x7b-32768,7928,2710.0
0,1,CWE-79,mixtral-8x7b-32768,7255,1363.0
0,1,CWE-79,mixtral-8x7b-32768,6274,3051.0
0,1,CWE-79,mixtral-8x7b-32768,7297,6688.0
0,1,CWE-79,mixtral-8x7b-32768,5404,1250.0
0,1,CWE-79,mixtral-8x7b-32768,7864,1988.0
0,1,CWE-79,mixtral-8x7b-32768,5253,4550.0
0,1,CWE-79,mixtral-8x7b-32768,6501,2701.0
0,1,CWE-79,mixtral-8x7b-32768,8250,960.0
0,1,CWE-79,mixtral-8x7b-32768,6293,3857.0
0,1,CWE-79,mixtral-8x7b-32768,8491,4518.0
0,1,CWE-79,mixtral-8x7b-32768,6019,3322.0
0,1,CWE-79,mixtral-8x7b-32768,5491,1560.0
0,1,CWE-79,mixtral-8x7b-32768,7800,6631.0
0,1,CWE-79,mixtral-8x7b-32768,5481,1550.0
0,1,CWE-79,mixtral-8x7b-32768,5254,4333.0
0,1,CWE-79,mixtral-8x7b-32768,9376,819.0
0,1,CWE-79,mixtral-8x7b-32768,7983,1721.0
0,1,CWE-79,mixtral-8x7b-32768,5493,1546.0
0,1,CWE-79,mixtral-8x7b-32768,7438,3727.0
0,1,CWE-79,mixtral-8x7b-32768,5510,1581.0
0,1,CWE-79,mixtral-8x7b-32768,6468,1052.0
0,1,CWE-79,mixtral-8x7b-32768,8296,6449.0
0,1,CWE-79,mixtral-8x7b-32768,7440,4733.0
0,1,CWE-79,mixtral-8x7b-32768,8697,5705.0
0,1,CWE-79,mixtral-8x7b-32768,8308,6879.0
0,1,CWE-79,mixtral-8x7b-32768,8654,3128.0
0,1,CWE-79,mixtral-8x7b-32768,6308,3717.0
0,1,CWE-79,mixtral-8x7b-32768,6148,537.0
0,1,CWE-79,mixtral-8x7b-32768,8527,145.0
0,1,CWE-79,mixtral-8x7b-32768,8324,6359.0
0,1,CWE-79,mixtral-8x7b-32768,8656,6276.0
0,1,CWE-79,mixtral-8x7b-32768,9294,1718.0
0,1,CWE-79,mixtral-8x7b-32768,8818,8516.0
0,1,CWE-79,mixtral-8x7b-32768,7147,5224.0
0,1,CWE-79,mixtral-8x7b-32768,10383,4777.0
0,1,CWE-79,mixtral-8x7b-32768,9103,8877.0
1,0,CWE-79,mixtral-8x7b-32768,9577,1210.0
0,1,CWE-79,mixtral-8x7b-32768,9928,7108.0
0,1,CWE-79,mixtral-8x7b-32768,6151,1535.0
0,1,CWE-79,mixtral-8x7b-32768,8922,7825.0
0,1,CWE-79,mixtral-8x7b-32768,9753,985.0
0,1,CWE-79,mixtral-8x7b-32768,9214,4887.0
0,1,CWE-79,mixtral-8x7b-32768,8750,6992.0
0,1,CWE-79,mixtral-8x7b-32768,8821,6225.0
0,1,CWE-79,mixtral-8x7b-32768,8848,8072.0
0,1,CWE-79,mixtral-8x7b-32768,9183,447.0
0,1,CWE-79,mixtral-8x7b-32768,5985,4127.0
0,1,CWE-79,mixtral-8x7b-32768,11462,8103.0
0,1,CWE-79,mixtral-8x7b-32768,9014,1518.0
0,1,CWE-79,mixtral-8x7b-32768,9247,562.0
0,1,CWE-79,mixtral-8x7b-32768,6599,537.0
0,1,CWE-79,mixtral-8x7b-32768,9836,5.0
0,1,CWE-79,mixtral-8x7b-32768,10002,11.0
0,1,CWE-79,mixtral-8x7b-32768,9025,5486.0
1,0,CWE-79,mixtral-8x7b-32768,8120,7606.0
1,0,CWE-79,mixtral-8x7b-32768,10338,9070.0
1,0,CWE-79,mixtral-8x7b-32768,11004,4507.0
0,1,CWE-79,mixtral-8x7b-32768,9798,9305.0
0,1,CWE-79,mixtral-8x7b-32768,9059,1588.0
0,1,CWE-79,mixtral-8x7b-32768,10883,6988.0
0,1,CWE-79,mixtral-8x7b-32768,8998,1924.0
0,1,CWE-79,mixtral-8x7b-32768,6912,2892.0
1,0,CWE-79,mixtral-8x7b-32768,11004,883.0
0,1,CWE-79,mixtral-8x7b-32768,11710,3008.0
1,0,CWE-79,mixtral-8x7b-32768,10727,309.0
0,1,CWE-79,mixtral-8x7b-32768,12018,433.0
0,1,CWE-79,mixtral-8x7b-32768,7717,961.0
0,1,CWE-79,mixtral-8x7b-32768,9571,8113.0
0,1,CWE-79,mixtral-8x7b-32768,11019,2683.0
1,0,CWE-79,mixtral-8x7b-32768,7781,2558.0
1,0,CWE-79,mixtral-8x7b-32768,7380,3935.0
0,1,CWE-79,mixtral-8x7b-32768,11468,971.0
1,0,CWE-79,mixtral-8x7b-32768,8239,3092.0
0,1,CWE-79,mixtral-8x7b-32768,10678,322.0
0,1,CWE-79,mixtral-8x7b-32768,9779,9181.0
0,1,CWE-79,mixtral-8x7b-32768,9997,2081.0
0,1,CWE-79,mixtral-8x7b-32768,9784,8184.0
0,1,CWE-79,mixtral-8x7b-32768,10940,1979.0
0,1,CWE-79,mixtral-8x7b-32768,9769,4874.0
1,0,CWE-79,mixtral-8x7b-32768,7928,4380.0
0,1,CWE-79,mixtral-8x7b-32768,11732,7697.0
0,1,CWE-79,mixtral-8x7b-32768,11453,734.0
1,0,CWE-79,mixtral-8x7b-32768,12080,9635.0
0,1,CWE-79,mixtral-8x7b-32768,9248,4503.0
0,1,CWE-79,mixtral-8x7b-32768,11693,267.0
0,1,CWE-79,mixtral-8x7b-32768,12639,1845.0
0,1,CWE-79,mixtral-8x7b-32768,11481,4104.0
0,1,CWE-79,mixtral-8x7b-32768,10998,9900.0
0,1,CWE-79,mixtral-8x7b-32768,11916,5531.0
1,0,CWE-79,mixtral-8x7b-32768,10095,1112.0
0,1,CWE-79,mixtral-8x7b-32768,11497,9015.0
0,1,CWE-79,mixtral-8x7b-32768,12354,2775.0
0,1,CWE-79,mixtral-8x7b-32768,11982,856.0
0,1,CWE-79,mixtral-8x7b-32768,9601,66.0
0,1,CWE-79,mixtral-8x7b-32768,10388,83.0
0,1,CWE-79,mixtral-8x7b-32768,11580,241.0
0,1,CWE-79,mixtral-8x7b-32768,11558,10917.0
0,1,CWE-79,mixtral-8x7b-32768,9149,3126.0
0,1,CWE-79,mixtral-8x7b-32768,9744,1367.0
0,1,CWE-79,mixtral-8x7b-32768,13413,1182.0
0,1,CWE-79,mixtral-8x7b-32768,12648,6248.0
0,1,CWE-79,mixtral-8x7b-32768,9109,2038.0
0,1,CWE-79,mixtral-8x7b-32768,15809,9600.0
0,1,CWE-79,mixtral-8x7b-32768,15057,600.0
0,1,CWE-79,mixtral-8x7b-32768,13653,1131.0
0,1,CWE-79,mixtral-8x7b-32768,14432,719.0
0,1,CWE-79,mixtral-8x7b-32768,14984,14646.0
0,1,CWE-79,mixtral-8x7b-32768,15207,3640.0
0,1,CWE-79,mixtral-8x7b-32768,12624,2315.0
1,0,CWE-79,mixtral-8x7b-32768,10550,65.0
1,0,CWE-79,mixtral-8x7b-32768,10423,3511.0
0,1,CWE-79,mixtral-8x7b-32768,12429,1023.0
0,1,CWE-79,mixtral-8x7b-32768,9908,7173.0
0,1,CWE-79,mixtral-8x7b-32768,12605,8244.0
1,0,CWE-79,mixtral-8x7b-32768,13369,5538.0
0,1,CWE-79,mixtral-8x7b-32768,12637,3312.0
0,1,CWE-79,mixtral-8x7b-32768,13553,5786.0
1,0,CWE-79,mixtral-8x7b-32768,10139,7736.0
0,1,CWE-79,mixtral-8x7b-32768,13894,9137.0
1,0,CWE-79,mixtral-8x7b-32768,16127,10173.0
0,1,CWE-79,mixtral-8x7b-32768,11569,9154.0
1,0,CWE-79,mixtral-8x7b-32768,12730,44.0
0,1,CWE-79,mixtral-8x7b-32768,15105,9592.0
1,0,CWE-79,mixtral-8x7b-32768,14160,10916.0
0,1,CWE-79,mixtral-8x7b-32768,13080,3439.0
0,1,CWE-79,mixtral-8x7b-32768,15038,465.0
0,1,CWE-79,mixtral-8x7b-32768,12577,2233.0
0,1,CWE-79,mixtral-8x7b-32768,8993,8859.0
0,1,CWE-79,mixtral-8x7b-32768,8950,8823.0
0,1,CWE-79,mixtral-8x7b-32768,8910,8705.0
0,1,CWE-79,mixtral-8x7b-32768,16527,4603.0
1,0,CWE-79,mixtral-8x7b-32768,14619,1979.0
0,1,CWE-79,mixtral-8x7b-32768,9035,8898.0
0,1,CWE-79,mixtral-8x7b-32768,8871,8744.0
0,1,CWE-79,mixtral-8x7b-32768,10820,710.0
0,1,CWE-79,mixtral-8x7b-32768,15722,12723.0
0,1,CWE-79,mixtral-8x7b-32768,16733,3388.0
0,1,CWE-79,mixtral-8x7b-32768,14700,1176.0
0,1,CWE-79,mixtral-8x7b-32768,17278,9968.0
1,0,CWE-79,mixtral-8x7b-32768,15088,2026.0
0,1,CWE-79,mixtral-8x7b-32768,10086,5571.0
0,1,CWE-79,mixtral-8x7b-32768,11549,45.0
0,1,CWE-79,mixtral-8x7b-32768,13820,13271.0
0,1,CWE-79,mixtral-8x7b-32768,16549,3144.0
0,1,CWE-79,mixtral-8x7b-32768,11178,7715.0
0,1,CWE-79,mixtral-8x7b-32768,14724,11322.0
0,1,CWE-79,mixtral-8x7b-32768,14324,60.0
0,1,CWE-79,mixtral-8x7b-32768,12933,1296.0
1,0,CWE-79,mixtral-8x7b-32768,16460,745.0
0,1,CWE-79,mixtral-8x7b-32768,10072,9443.0
0,1,CWE-79,mixtral-8x7b-32768,9273,9139.0
0,1,CWE-79,mixtral-8x7b-32768,18984,1014.0
0,1,CWE-79,mixtral-8x7b-32768,18125,4810.0
0,1,CWE-79,mixtral-8x7b-32768,10078,9671.0
0,1,CWE-79,mixtral-8x7b-32768,18543,11217.0
0,1,CWE-79,mixtral-8x7b-32768,16518,7058.0
0,1,CWE-79,mixtral-8x7b-32768,10056,9419.0
1,0,CWE-79,mixtral-8x7b-32768,20955,444.0
0,1,CWE-79,mixtral-8x7b-32768,17734,295.0
0,1,CWE-79,mixtral-8x7b-32768,17261,6378.0
0,1,CWE-79,mixtral-8x7b-32768,9192,9061.0
0,1,CWE-79,mixtral-8x7b-32768,19325,2768.0
0,1,CWE-79,mixtral-8x7b-32768,13044,1101.0
0,1,CWE-79,mixtral-8x7b-32768,16719,9.0
0,1,CWE-79,mixtral-8x7b-32768,18419,1685.0
0,1,CWE-79,mixtral-8x7b-32768,15973,4224.0
0,1,CWE-79,mixtral-8x7b-32768,17994,347.0
0,1,CWE-79,mixtral-8x7b-32768,13300,2050.0
0,1,CWE-79,mixtral-8x7b-32768,20137,651.0
0,1,CWE-79,mixtral-8x7b-32768,17680,2928.0
1,0,CWE-79,mixtral-8x7b-32768,18484,188.0
0,1,CWE-79,mixtral-8x7b-32768,20386,3243.0
0,1,CWE-79,mixtral-8x7b-32768,20454,19271.0
0,1,CWE-79,mixtral-8x7b-32768,17895,7799.0
0,1,CWE-79,mixtral-8x7b-32768,17556,6854.0
0,1,CWE-79,mixtral-8x7b-32768,17558,15862.0
0,1,CWE-79,mixtral-8x7b-32768,21186,6488.0
0,1,CWE-79,mixtral-8x7b-32768,17445,4175.0
0,1,CWE-79,mixtral-8x7b-32768,13532,3856.0
0,1,CWE-79,mixtral-8x7b-32768,18660,14725.0
0,1,CWE-79,mixtral-8x7b-32768,19812,2741.0
0,1,CWE-79,mixtral-8x7b-32768,18773,18340.0
0,1,CWE-79,mixtral-8x7b-32768,24352,19409.0
0,1,CWE-79,mixtral-8x7b-32768,18923,16003.0
0,1,CWE-79,mixtral-8x7b-32768,13594,1719.0
0,1,CWE-79,mixtral-8x7b-32768,20641,16350.0
0,1,CWE-79,mixtral-8x7b-32768,20251,2774.0
0,1,CWE-79,mixtral-8x7b-32768,25445,22398.0
0,1,CWE-79,mixtral-8x7b-32768,20924,18717.0
0,1,CWE-79,mixtral-8x7b-32768,21360,3758.0
0,1,CWE-79,mixtral-8x7b-32768,20595,10037.0
0,1,CWE-79,mixtral-8x7b-32768,12686,11295.0
0,1,CWE-79,mixtral-8x7b-32768,15985,45.0
0,1,CWE-79,mixtral-8x7b-32768,17005,13907.0
0,1,CWE-79,mixtral-8x7b-32768,14007,7444.0
0,1,CWE-79,mixtral-8x7b-32768,24486,2724.0
0,1,CWE-79,mixtral-8x7b-32768,21281,3522.0
0,1,CWE-79,mixtral-8x7b-32768,15694,12205.0
0,1,CWE-79,mixtral-8x7b-32768,16639,1325.0
0,1,CWE-79,mixtral-8x7b-32768,15720,12234.0
0,1,CWE-79,mixtral-8x7b-32768,21330,4761.0
0,1,CWE-79,mixtral-8x7b-32768,24420,8976.0
0,1,CWE-79,mixtral-8x7b-32768,15941,13540.0
1,0,CWE-79,mixtral-8x7b-32768,18440,9455.0
0,1,CWE-79,mixtral-8x7b-32768,15760,5320.0
0,1,CWE-79,mixtral-8x7b-32768,20189,409.0
0,1,CWE-79,mixtral-8x7b-32768,20235,5739.0
0,1,CWE-79,mixtral-8x7b-32768,28412,10444.0
0,1,CWE-79,mixtral-8x7b-32768,20606,16599.0
0,1,CWE-79,mixtral-8x7b-32768,17384,9234.0
0,1,CWE-79,mixtral-8x7b-32768,14444,5644.0
0,1,CWE-79,mixtral-8x7b-32768,26677,11458.0
0,1,CWE-79,mixtral-8x7b-32768,23767,20069.0
0,1,CWE-79,mixtral-8x7b-32768,25016,3677.0
1,0,CWE-79,mixtral-8x7b-32768,19589,8640.0
0,1,CWE-79,mixtral-8x7b-32768,18722,18610.0
0,1,CWE-79,mixtral-8x7b-32768,22223,9765.0
0,1,CWE-79,mixtral-8x7b-32768,27041,11206.0
0,1,CWE-79,mixtral-8x7b-32768,25543,8719.0
0,1,CWE-79,mixtral-8x7b-32768,23700,599.0
0,1,CWE-79,mixtral-8x7b-32768,24045,21156.0
0,1,CWE-79,mixtral-8x7b-32768,22618,21825.0
0,1,CWE-79,mixtral-8x7b-32768,19966,7784.0
0,1,CWE-79,mixtral-8x7b-32768,27565,2958.0
0,1,CWE-79,mixtral-8x7b-32768,19879,12901.0
0,1,CWE-79,mixtral-8x7b-32768,23350,13520.0
0,1,CWE-79,mixtral-8x7b-32768,20380,537.0
0,1,CWE-79,mixtral-8x7b-32768,22925,15828.0
0,1,CWE-79,mixtral-8x7b-32768,18932,2590.0
0,1,CWE-79,mixtral-8x7b-32768,18771,12928.0
0,1,CWE-79,mixtral-8x7b-32768,21762,16656.0
0,1,CWE-79,mixtral-8x7b-32768,18873,2574.0
0,1,CWE-79,mixtral-8x7b-32768,19703,17365.0
0,1,CWE-79,mixtral-8x7b-32768,21866,4163.0
0,1,CWE-79,mixtral-8x7b-32768,26363,128.0
0,1,CWE-79,mixtral-8x7b-32768,28908,8366.0
0,1,CWE-79,mixtral-8x7b-32768,20767,19618.0
0,1,CWE-79,mixtral-8x7b-32768,30757,6730.0
0,1,CWE-79,mixtral-8x7b-32768,34420,19182.0
0,1,CWE-79,mixtral-8x7b-32768,28450,13554.0
0,1,CWE-79,mixtral-8x7b-32768,21266,6723.0
0,1,CWE-79,mixtral-8x7b-32768,21081,3799.0
0,1,CWE-79,mixtral-8x7b-32768,28527,21692.0
0,1,CWE-79,mixtral-8x7b-32768,27441,22484.0
0,1,CWE-79,mixtral-8x7b-32768,34481,32415.0
0,1,CWE-79,mixtral-8x7b-32768,33598,1510.0
0,1,CWE-79,mixtral-8x7b-32768,34685,518.0
0,1,CWE-79,mixtral-8x7b-32768,22177,22012.0
0,1,CWE-79,mixtral-8x7b-32768,25148,1246.0
0,1,CWE-79,mixtral-8x7b-32768,39234,868.0
0,1,CWE-79,mixtral-8x7b-32768,22360,1164.0
0,1,CWE-79,mixtral-8x7b-32768,22809,7729.0
0,1,CWE-79,mixtral-8x7b-32768,24925,5.0
0,1,CWE-79,mixtral-8x7b-32768,33004,4109.0
0,1,CWE-79,mixtral-8x7b-32768,36939,35144.0
0,1,CWE-79,mixtral-8x7b-32768,22770,22117.0
0,1,CWE-79,mixtral-8x7b-32768,28731,1513.0
0,1,CWE-79,mixtral-8x7b-32768,41941,16623.0
0,1,CWE-79,mixtral-8x7b-32768,40406,58.0
1,0,CWE-79,mixtral-8x7b-32768,25269,1430.0
0,1,CWE-79,mixtral-8x7b-32768,40779,39626.0
0,1,CWE-79,mixtral-8x7b-32768,26644,9994.0
0,1,CWE-79,mixtral-8x7b-32768,42680,284.0
0,1,CWE-79,mixtral-8x7b-32768,40844,39625.0
0,1,CWE-79,mixtral-8x7b-32768,37364,28114.0
0,1,CWE-79,mixtral-8x7b-32768,34853,30724.0
0,1,CWE-79,mixtral-8x7b-32768,22097,20970.0
0,1,CWE-79,mixtral-8x7b-32768,45279,1923.0
0,1,CWE-79,mixtral-8x7b-32768,30861,1430.0
1,0,CWE-79,mixtral-8x7b-32768,33945,196.0
0,1,CWE-79,mixtral-8x7b-32768,50809,8074.0
0,1,CWE-79,mixtral-8x7b-32768,48521,23138.0
0,1,CWE-79,mixtral-8x7b-32768,35224,6.0
0,1,CWE-79,mixtral-8x7b-32768,25349,7813.0
0,1,CWE-79,mixtral-8x7b-32768,30404,4583.0
0,1,CWE-79,mixtral-8x7b-32768,38284,15248.0
0,1,CWE-79,mixtral-8x7b-32768,33531,31710.0
0,1,CWE-79,mixtral-8x7b-32768,42825,43.0
0,1,CWE-79,mixtral-8x7b-32768,39433,11951.0
0,1,CWE-79,mixtral-8x7b-32768,27506,6105.0
1,0,CWE-79,mixtral-8x7b-32768,32680,2971.0
0,1,CWE-79,mixtral-8x7b-32768,50446,19333.0
0,1,CWE-79,mixtral-8x7b-32768,48220,30426.0
0,1,CWE-79,mixtral-8x7b-32768,51193,43253.0
0,1,CWE-79,mixtral-8x7b-32768,46184,6692.0
0,1,CWE-79,mixtral-8x7b-32768,38103,4188.0
0,1,CWE-79,mixtral-8x7b-32768,56802,1986.0
0,1,CWE-79,mixtral-8x7b-32768,30298,16902.0
0,1,CWE-79,mixtral-8x7b-32768,39338,28669.0
1,0,CWE-79,mixtral-8x7b-32768,45008,504.0
0,1,CWE-79,mixtral-8x7b-32768,30908,325.0
0,1,CWE-79,mixtral-8x7b-32768,63598,14460.0
0,1,CWE-79,mixtral-8x7b-32768,43638,1685.0
1,0,CWE-79,mixtral-8x7b-32768,60804,176.0
0,1,CWE-79,mixtral-8x7b-32768,59582,291.0
0,1,CWE-79,mixtral-8x7b-32768,41167,7811.0
0,1,CWE-79,mixtral-8x7b-32768,50848,20028.0
0,1,CWE-79,mixtral-8x7b-32768,56151,44102.0
0,1,CWE-79,mixtral-8x7b-32768,56322,23671.0
0,1,CWE-79,mixtral-8x7b-32768,34304,15231.0
0,1,CWE-79,mixtral-8x7b-32768,55855,4208.0
0,1,CWE-79,mixtral-8x7b-32768,32143,12690.0
0,1,CWE-79,mixtral-8x7b-32768,56261,535.0
0,1,CWE-79,mixtral-8x7b-32768,61019,1581.0
0,1,CWE-79,mixtral-8x7b-32768,60509,3793.0
1,0,CWE-79,mixtral-8x7b-32768,48324,25994.0
0,1,CWE-79,mixtral-8x7b-32768,58085,1468.0
0,1,CWE-79,mixtral-8x7b-32768,59254,36147.0
0,1,CWE-22,mixtral-8x22b-65536,1455,515.0
1,0,CWE-22,mixtral-8x22b-65536,1744,365.0
1,0,CWE-22,mixtral-8x22b-65536,1084,390.0
1,0,CWE-22,mixtral-8x22b-65536,1480,33.0
1,0,CWE-22,mixtral-8x22b-65536,1572,1216.0
1,0,CWE-22,mixtral-8x22b-65536,2557,1452.0
0,1,CWE-22,mixtral-8x22b-65536,2024,1659.0
1,0,CWE-22,mixtral-8x22b-65536,1392,61.0
1,0,CWE-22,mixtral-8x22b-65536,2492,998.0
1,0,CWE-22,mixtral-8x22b-65536,2271,1012.0
0,1,CWE-22,mixtral-8x22b-65536,1317,289.0
1,0,CWE-22,mixtral-8x22b-65536,1983,6.0
1,0,CWE-22,mixtral-8x22b-65536,2893,885.0
0,1,CWE-22,mixtral-8x22b-65536,2874,1921.0
1,0,CWE-22,mixtral-8x22b-65536,3225,2034.0
1,0,CWE-22,mixtral-8x22b-65536,2291,537.0
0,1,CWE-22,mixtral-8x22b-65536,3166,2012.0
0,1,CWE-22,mixtral-8x22b-65536,3216,893.0
0,1,CWE-22,mixtral-8x22b-65536,2522,1084.0
1,0,CWE-22,mixtral-8x22b-65536,2896,903.0
1,0,CWE-22,mixtral-8x22b-65536,2895,23.0
1,0,CWE-22,mixtral-8x22b-65536,3363,626.0
0,1,CWE-22,mixtral-8x22b-65536,3712,602.0
1,0,CWE-22,mixtral-8x22b-65536,3009,1750.0
1,0,CWE-22,mixtral-8x22b-65536,4504,1394.0
1,0,CWE-22,mixtral-8x22b-65536,4116,904.0
1,0,CWE-22,mixtral-8x22b-65536,4338,3446.0
1,0,CWE-22,mixtral-8x22b-65536,3172,1040.0
1,0,CWE-22,mixtral-8x22b-65536,3891,1023.0
0,1,CWE-22,mixtral-8x22b-65536,3843,2602.0
0,1,CWE-22,mixtral-8x22b-65536,3715,124.0
1,0,CWE-22,mixtral-8x22b-65536,4021,258.0
0,1,CWE-22,mixtral-8x22b-65536,4281,2595.0
1,0,CWE-22,mixtral-8x22b-65536,3936,910.0
1,0,CWE-22,mixtral-8x22b-65536,3795,2417.0
0,1,CWE-22,mixtral-8x22b-65536,3323,121.0
0,1,CWE-22,mixtral-8x22b-65536,4079,38.0
1,0,CWE-22,mixtral-8x22b-65536,4193,824.0
0,1,CWE-22,mixtral-8x22b-65536,4498,2507.0
1,0,CWE-22,mixtral-8x22b-65536,6141,11.0
0,1,CWE-22,mixtral-8x22b-65536,7534,1786.0
0,1,CWE-22,mixtral-8x22b-65536,5613,63.0
1,0,CWE-22,mixtral-8x22b-65536,5636,2647.0
0,1,CWE-22,mixtral-8x22b-65536,7655,3339.0
1,0,CWE-22,mixtral-8x22b-65536,5220,970.0
1,0,CWE-22,mixtral-8x22b-65536,5927,1001.0
0,1,CWE-22,mixtral-8x22b-65536,6640,5302.0
0,1,CWE-22,mixtral-8x22b-65536,6185,972.0
1,0,CWE-22,mixtral-8x22b-65536,5068,4307.0
0,1,CWE-22,mixtral-8x22b-65536,6903,6527.0
1,0,CWE-22,mixtral-8x22b-65536,8857,4833.0
1,0,CWE-22,mixtral-8x22b-65536,6218,410.0
1,0,CWE-22,mixtral-8x22b-65536,6476,594.0
0,1,CWE-22,mixtral-8x22b-65536,9182,7738.0
0,1,CWE-22,mixtral-8x22b-65536,7739,627.0
1,0,CWE-22,mixtral-8x22b-65536,6119,5546.0
1,0,CWE-22,mixtral-8x22b-65536,7941,19.0
1,0,CWE-22,mixtral-8x22b-65536,9382,38.0
1,0,CWE-22,mixtral-8x22b-65536,7390,1017.0
0,1,CWE-22,mixtral-8x22b-65536,9872,5390.0
0,1,CWE-22,mixtral-8x22b-65536,8123,1122.0
1,0,CWE-22,mixtral-8x22b-65536,8270,15.0
0,1,CWE-22,mixtral-8x22b-65536,9131,2636.0
1,0,CWE-22,mixtral-8x22b-65536,8296,2421.0
1,0,CWE-22,mixtral-8x22b-65536,8752,99.0
0,1,CWE-22,mixtral-8x22b-65536,10135,8548.0
1,0,CWE-22,mixtral-8x22b-65536,9691,89.0
0,1,CWE-22,mixtral-8x22b-65536,7784,1697.0
0,1,CWE-22,mixtral-8x22b-65536,14588,7689.0
0,1,CWE-22,mixtral-8x22b-65536,9686,7430.0
0,1,CWE-22,mixtral-8x22b-65536,13284,3973.0
0,1,CWE-22,mixtral-8x22b-65536,13008,5049.0
1,0,CWE-22,mixtral-8x22b-65536,14482,13452.0
0,1,CWE-22,mixtral-8x22b-65536,12530,17.0
0,1,CWE-22,mixtral-8x22b-65536,14438,4146.0
1,0,CWE-22,mixtral-8x22b-65536,15615,708.0
0,1,CWE-22,mixtral-8x22b-65536,18606,12101.0
0,1,CWE-22,mixtral-8x22b-65536,10285,100.0
0,1,CWE-22,mixtral-8x22b-65536,17419,10838.0
0,1,CWE-22,mixtral-8x22b-65536,14839,5688.0
0,1,CWE-22,mixtral-8x22b-65536,14954,1272.0
0,1,CWE-22,mixtral-8x22b-65536,15596,13463.0
0,1,CWE-22,mixtral-8x22b-65536,17678,8449.0
0,1,CWE-22,mixtral-8x22b-65536,19511,1782.0
1,0,CWE-22,mixtral-8x22b-65536,20824,8768.0
0,1,CWE-22,mixtral-8x22b-65536,18301,15814.0
0,1,CWE-22,mixtral-8x22b-65536,22777,1762.0
0,1,CWE-22,mixtral-8x22b-65536,18134,8704.0
1,0,CWE-22,mixtral-8x22b-65536,20066,64.0
0,1,CWE-22,mixtral-8x22b-65536,26015,5643.0
0,1,CWE-22,mixtral-8x22b-65536,14677,1063.0
1,0,CWE-22,mixtral-8x22b-65536,7674,1598.0
0,1,CWE-22,mixtral-8x22b-65536,26010,586.0
1,0,CWE-22,mixtral-8x22b-65536,17921,13573.0
0,1,CWE-22,mixtral-8x22b-65536,27315,14184.0
0,1,CWE-22,mixtral-8x22b-65536,23723,6278.0
0,1,CWE-22,mixtral-8x22b-65536,29339,2352.0
0,1,CWE-22,mixtral-8x22b-65536,24713,16209.0
1,0,CWE-22,mixtral-8x22b-65536,23979,6.0
0,1,CWE-22,mixtral-8x22b-65536,27944,1259.0
1,0,CWE-22,mixtral-8x22b-65536,25101,2392.0
0,1,CWE-22,mixtral-8x22b-65536,48203,13224.0
1,0,CWE-22,mixtral-8x22b-65536,46638,4543.0
0,1,CWE-22,mixtral-8x22b-65536,35627,8876.0
0,1,CWE-22,mixtral-8x22b-65536,56552,40308.0
1,0,CWE-89,mixtral-8x22b-65536,678,80.0
0,1,CWE-89,mixtral-8x22b-65536,1265,183.0
1,0,CWE-89,mixtral-8x22b-65536,345,45.0
0,1,CWE-89,mixtral-8x22b-65536,1548,1376.0
1,0,CWE-89,mixtral-8x22b-65536,942,773.0
1,0,CWE-89,mixtral-8x22b-65536,1254,58.0
1,0,CWE-89,mixtral-8x22b-65536,1296,58.0
1,0,CWE-89,mixtral-8x22b-65536,1303,162.0
1,0,CWE-89,mixtral-8x22b-65536,1415,264.0
1,0,CWE-89,mixtral-8x22b-65536,850,5.0
1,0,CWE-89,mixtral-8x22b-65536,1970,911.0
1,0,CWE-89,mixtral-8x22b-65536,1625,1284.0
1,0,CWE-89,mixtral-8x22b-65536,1673,320.0
1,0,CWE-89,mixtral-8x22b-65536,1828,1302.0
0,1,CWE-89,mixtral-8x22b-65536,1872,1202.0
0,1,CWE-89,mixtral-8x22b-65536,1749,881.0
1,0,CWE-89,mixtral-8x22b-65536,1608,959.0
1,0,CWE-89,mixtral-8x22b-65536,1792,300.0
1,0,CWE-89,mixtral-8x22b-65536,2173,710.0
0,1,CWE-89,mixtral-8x22b-65536,1952,233.0
1,0,CWE-89,mixtral-8x22b-65536,2198,143.0
1,0,CWE-89,mixtral-8x22b-65536,1894,1086.0
0,1,CWE-89,mixtral-8x22b-65536,1357,77.0
1,0,CWE-89,mixtral-8x22b-65536,2987,1798.0
1,0,CWE-89,mixtral-8x22b-65536,2117,1086.0
0,1,CWE-89,mixtral-8x22b-65536,2504,417.0
0,1,CWE-89,mixtral-8x22b-65536,2705,1520.0
1,0,CWE-89,mixtral-8x22b-65536,2106,335.0
1,0,CWE-89,mixtral-8x22b-65536,2723,1546.0
1,0,CWE-89,mixtral-8x22b-65536,2725,952.0
0,1,CWE-89,mixtral-8x22b-65536,2523,454.0
1,0,CWE-89,mixtral-8x22b-65536,1930,349.0
1,0,CWE-89,mixtral-8x22b-65536,3995,15.0
0,1,CWE-89,mixtral-8x22b-65536,2768,815.0
0,1,CWE-89,mixtral-8x22b-65536,3476,1221.0
1,0,CWE-89,mixtral-8x22b-65536,4755,877.0
0,1,CWE-89,mixtral-8x22b-65536,2686,688.0
1,0,CWE-89,mixtral-8x22b-65536,2735,713.0
0,1,CWE-89,mixtral-8x22b-65536,3344,2284.0
0,1,CWE-89,mixtral-8x22b-65536,3531,2879.0
1,0,CWE-89,mixtral-8x22b-65536,3170,687.0
0,1,CWE-89,mixtral-8x22b-65536,4003,751.0
1,0,CWE-89,mixtral-8x22b-65536,2936,1294.0
0,1,CWE-89,mixtral-8x22b-65536,3859,2456.0
1,0,CWE-89,mixtral-8x22b-65536,3557,2264.0
0,1,CWE-89,mixtral-8x22b-65536,4001,2813.0
1,0,CWE-89,mixtral-8x22b-65536,4744,1464.0
0,1,CWE-89,mixtral-8x22b-65536,4000,33.0
0,1,CWE-89,mixtral-8x22b-65536,3538,895.0
1,0,CWE-89,mixtral-8x22b-65536,5609,5.0
1,0,CWE-89,mixtral-8x22b-65536,3613,2767.0
0,1,CWE-89,mixtral-8x22b-65536,3579,892.0
1,0,CWE-89,mixtral-8x22b-65536,3801,212.0
1,0,CWE-89,mixtral-8x22b-65536,4468,62.0
0,1,CWE-89,mixtral-8x22b-65536,5612,3088.0
0,1,CWE-89,mixtral-8x22b-65536,4211,1331.0
0,1,CWE-89,mixtral-8x22b-65536,4944,1550.0
1,0,CWE-89,mixtral-8x22b-65536,5360,1303.0
0,1,CWE-89,mixtral-8x22b-65536,5691,2257.0
1,0,CWE-89,mixtral-8x22b-65536,4537,1818.0
0,1,CWE-89,mixtral-8x22b-65536,3687,1169.0
0,1,CWE-89,mixtral-8x22b-65536,4535,575.0
1,0,CWE-89,mixtral-8x22b-65536,4286,1715.0
1,0,CWE-89,mixtral-8x22b-65536,5654,1989.0
0,1,CWE-89,mixtral-8x22b-65536,4259,2987.0
0,1,CWE-89,mixtral-8x22b-65536,7774,4742.0
0,1,CWE-89,mixtral-8x22b-65536,4988,1076.0
0,1,CWE-89,mixtral-8x22b-65536,7575,38.0
0,1,CWE-89,mixtral-8x22b-65536,6109,2190.0
1,0,CWE-89,mixtral-8x22b-65536,6401,3654.0
0,1,CWE-89,mixtral-8x22b-65536,6093,5.0
0,1,CWE-89,mixtral-8x22b-65536,5921,3943.0
1,0,CWE-89,mixtral-8x22b-65536,8002,823.0
1,0,CWE-89,mixtral-8x22b-65536,7226,3465.0
0,1,CWE-89,mixtral-8x22b-65536,7632,1341.0
1,0,CWE-89,mixtral-8x22b-65536,8543,5773.0
1,0,CWE-89,mixtral-8x22b-65536,9687,8107.0
0,1,CWE-89,mixtral-8x22b-65536,7108,2048.0
0,1,CWE-89,mixtral-8x22b-65536,6089,1862.0
1,0,CWE-89,mixtral-8x22b-65536,10158,9627.0
1,0,CWE-89,mixtral-8x22b-65536,7972,1329.0
0,1,CWE-89,mixtral-8x22b-65536,7213,1352.0
0,1,CWE-89,mixtral-8x22b-65536,9522,3320.0
0,1,CWE-89,mixtral-8x22b-65536,9288,41.0
0,1,CWE-89,mixtral-8x22b-65536,11293,3328.0
0,1,CWE-89,mixtral-8x22b-65536,6869,586.0
0,1,CWE-89,mixtral-8x22b-65536,9378,5039.0
1,0,CWE-89,mixtral-8x22b-65536,9911,12.0
1,0,CWE-89,mixtral-8x22b-65536,8902,1786.0
0,1,CWE-89,mixtral-8x22b-65536,5526,2255.0
0,1,CWE-89,mixtral-8x22b-65536,7639,7072.0
1,0,CWE-89,mixtral-8x22b-65536,10055,161.0
1,0,CWE-89,mixtral-8x22b-65536,12806,10657.0
0,1,CWE-89,mixtral-8x22b-65536,12549,4389.0
1,0,CWE-89,mixtral-8x22b-65536,7628,3945.0
1,0,CWE-89,mixtral-8x22b-65536,10301,246.0
1,0,CWE-89,mixtral-8x22b-65536,14292,8491.0
1,0,CWE-89,mixtral-8x22b-65536,14941,5771.0
0,1,CWE-89,mixtral-8x22b-65536,18232,275.0
1,0,CWE-89,mixtral-8x22b-65536,5991,1926.0
0,1,CWE-89,mixtral-8x22b-65536,17419,4271.0
1,0,CWE-89,mixtral-8x22b-65536,11226,5372.0
1,0,CWE-89,mixtral-8x22b-65536,6046,265.0
0,1,CWE-89,mixtral-8x22b-65536,12190,2666.0
1,0,CWE-89,mixtral-8x22b-65536,14500,7798.0
1,0,CWE-89,mixtral-8x22b-65536,14644,6634.0
0,1,CWE-89,mixtral-8x22b-65536,24043,2485.0
0,1,CWE-89,mixtral-8x22b-65536,15060,944.0
0,1,CWE-89,mixtral-8x22b-65536,21818,6290.0
1,0,CWE-89,mixtral-8x22b-65536,24733,1545.0
0,1,CWE-89,mixtral-8x22b-65536,27612,17491.0
0,1,CWE-89,mixtral-8x22b-65536,19266,16698.0
0,1,CWE-89,mixtral-8x22b-65536,22558,20622.0
0,1,CWE-89,mixtral-8x22b-65536,26763,14295.0
0,1,CWE-89,mixtral-8x22b-65536,25033,16158.0
1,0,CWE-89,mixtral-8x22b-65536,23528,1694.0
0,1,CWE-89,mixtral-8x22b-65536,25768,7207.0
0,1,CWE-89,mixtral-8x22b-65536,21874,16633.0
0,1,CWE-89,mixtral-8x22b-65536,12371,874.0
0,1,CWE-89,mixtral-8x22b-65536,12936,4824.0
0,1,CWE-89,mixtral-8x22b-65536,25289,11118.0
0,1,CWE-89,mixtral-8x22b-65536,30192,25252.0
0,1,CWE-89,mixtral-8x22b-65536,31977,27516.0
0,1,CWE-89,mixtral-8x22b-65536,21618,2497.0
0,1,CWE-89,mixtral-8x22b-65536,37767,15137.0
0,1,CWE-89,mixtral-8x22b-65536,26678,23625.0
0,1,CWE-89,mixtral-8x22b-65536,37985,4351.0
0,1,CWE-89,mixtral-8x22b-65536,26269,16786.0
0,1,CWE-89,mixtral-8x22b-65536,37311,31839.0
0,1,CWE-89,mixtral-8x22b-65536,30274,27589.0
0,1,CWE-89,mixtral-8x22b-65536,38728,8194.0
0,1,CWE-89,mixtral-8x22b-65536,36608,17685.0
0,1,CWE-89,mixtral-8x22b-65536,39147,16941.0
0,1,CWE-89,mixtral-8x22b-65536,36160,15452.0
0,1,CWE-89,mixtral-8x22b-65536,40384,25052.0
0,1,CWE-89,mixtral-8x22b-65536,37881,22087.0
0,1,CWE-89,mixtral-8x22b-65536,41173,37421.0
1,0,CWE-89,mixtral-8x22b-65536,26434,2905.0
1,0,CWE-89,mixtral-8x22b-65536,32205,44.0
0,1,CWE-89,mixtral-8x22b-65536,33844,1786.0
0,1,CWE-89,mixtral-8x22b-65536,42141,23773.0
0,1,CWE-89,mixtral-8x22b-65536,52833,42485.0
1,0,CWE-89,mixtral-8x22b-65536,57308,25992.0
0,1,CWE-89,mixtral-8x22b-65536,60447,16817.0
0,1,CWE-89,mixtral-8x22b-65536,46758,6865.0
0,1,CWE-89,mixtral-8x22b-65536,36046,25.0
1,0,CWE-79,mixtral-8x22b-65536,311,58.0
0,1,CWE-79,mixtral-8x22b-65536,709,513.0
1,0,CWE-79,mixtral-8x22b-65536,269,28.0
1,0,CWE-79,mixtral-8x22b-65536,631,401.0
1,0,CWE-79,mixtral-8x22b-65536,107,5.0
0,1,CWE-79,mixtral-8x22b-65536,108,5.0
0,1,CWE-79,mixtral-8x22b-65536,715,56.0
1,0,CWE-79,mixtral-8x22b-65536,733,95.0
1,0,CWE-79,mixtral-8x22b-65536,226,61.0
1,0,CWE-79,mixtral-8x22b-65536,558,237.0
0,1,CWE-79,mixtral-8x22b-65536,685,295.0
0,1,CWE-79,mixtral-8x22b-65536,814,6.0
0,1,CWE-79,mixtral-8x22b-65536,852,405.0
1,0,CWE-79,mixtral-8x22b-65536,802,31.0
0,1,CWE-79,mixtral-8x22b-65536,913,80.0
0,1,CWE-79,mixtral-8x22b-65536,691,504.0
1,0,CWE-79,mixtral-8x22b-65536,1024,881.0
0,1,CWE-79,mixtral-8x22b-65536,903,285.0
1,0,CWE-79,mixtral-8x22b-65536,1037,710.0
0,1,CWE-79,mixtral-8x22b-65536,1245,48.0
1,0,CWE-79,mixtral-8x22b-65536,1344,657.0
0,1,CWE-79,mixtral-8x22b-65536,1160,1134.0
0,1,CWE-79,mixtral-8x22b-65536,1544,698.0
1,0,CWE-79,mixtral-8x22b-65536,1311,656.0
0,1,CWE-79,mixtral-8x22b-65536,932,830.0
1,0,CWE-79,mixtral-8x22b-65536,1656,1069.0
0,1,CWE-79,mixtral-8x22b-65536,1218,724.0
0,1,CWE-79,mixtral-8x22b-65536,1326,639.0
0,1,CWE-79,mixtral-8x22b-65536,1064,1034.0
1,0,CWE-79,mixtral-8x22b-65536,1232,8.0
1,0,CWE-79,mixtral-8x22b-65536,1139,724.0
0,1,CWE-79,mixtral-8x22b-65536,1171,1071.0
1,0,CWE-79,mixtral-8x22b-65536,1555,1250.0
1,0,CWE-79,mixtral-8x22b-65536,1022,50.0
0,1,CWE-79,mixtral-8x22b-65536,1331,38.0
1,0,CWE-79,mixtral-8x22b-65536,1654,1007.0
1,0,CWE-79,mixtral-8x22b-65536,1542,382.0
0,1,CWE-79,mixtral-8x22b-65536,1239,261.0
1,0,CWE-79,mixtral-8x22b-65536,1671,5.0
1,0,CWE-79,mixtral-8x22b-65536,1547,517.0
1,0,CWE-79,mixtral-8x22b-65536,1438,695.0
1,0,CWE-79,mixtral-8x22b-65536,1780,1538.0
0,1,CWE-79,mixtral-8x22b-65536,1595,402.0
0,1,CWE-79,mixtral-8x22b-65536,1752,1097.0
1,0,CWE-79,mixtral-8x22b-65536,1551,949.0
0,1,CWE-79,mixtral-8x22b-65536,1699,864.0
1,0,CWE-79,mixtral-8x22b-65536,1760,1502.0
1,0,CWE-79,mixtral-8x22b-65536,1758,39.0
1,0,CWE-79,mixtral-8x22b-65536,1913,1070.0
1,0,CWE-79,mixtral-8x22b-65536,1882,1226.0
1,0,CWE-79,mixtral-8x22b-65536,1945,1735.0
0,1,CWE-79,mixtral-8x22b-65536,1761,528.0
0,1,CWE-79,mixtral-8x22b-65536,1671,101.0
1,0,CWE-79,mixtral-8x22b-65536,1855,275.0
0,1,CWE-79,mixtral-8x22b-65536,1647,1053.0
1,0,CWE-79,mixtral-8x22b-65536,1432,359.0
1,0,CWE-79,mixtral-8x22b-65536,1778,330.0
0,1,CWE-79,mixtral-8x22b-65536,1600,35.0
0,1,CWE-79,mixtral-8x22b-65536,1855,29.0
0,1,CWE-79,mixtral-8x22b-65536,1820,342.0
1,0,CWE-79,mixtral-8x22b-65536,1912,1647.0
1,0,CWE-79,mixtral-8x22b-65536,1931,111.0
1,0,CWE-79,mixtral-8x22b-65536,1914,950.0
1,0,CWE-79,mixtral-8x22b-65536,1561,546.0
1,0,CWE-79,mixtral-8x22b-65536,2634,1776.0
1,0,CWE-79,mixtral-8x22b-65536,1713,18.0
1,0,CWE-79,mixtral-8x22b-65536,2070,898.0
1,0,CWE-79,mixtral-8x22b-65536,2033,1097.0
0,1,CWE-79,mixtral-8x22b-65536,2959,866.0
1,0,CWE-79,mixtral-8x22b-65536,2542,1950.0
1,0,CWE-79,mixtral-8x22b-65536,2001,690.0
0,1,CWE-79,mixtral-8x22b-65536,1924,744.0
0,1,CWE-79,mixtral-8x22b-65536,2817,1048.0
0,1,CWE-79,mixtral-8x22b-65536,2033,554.0
1,0,CWE-79,mixtral-8x22b-65536,2110,2.0
1,0,CWE-79,mixtral-8x22b-65536,2867,1946.0
1,0,CWE-79,mixtral-8x22b-65536,2055,680.0
0,1,CWE-79,mixtral-8x22b-65536,2743,1804.0
1,0,CWE-79,mixtral-8x22b-65536,2813,2590.0
0,1,CWE-79,mixtral-8x22b-65536,2440,31.0
1,0,CWE-79,mixtral-8x22b-65536,2917,2464.0
0,1,CWE-79,mixtral-8x22b-65536,2412,1430.0
0,1,CWE-79,mixtral-8x22b-65536,2673,614.0
0,1,CWE-79,mixtral-8x22b-65536,2448,2293.0
1,0,CWE-79,mixtral-8x22b-65536,2037,135.0
0,1,CWE-79,mixtral-8x22b-65536,2813,1067.0
1,0,CWE-79,mixtral-8x22b-65536,3437,1636.0
1,0,CWE-79,mixtral-8x22b-65536,2877,1930.0
0,1,CWE-79,mixtral-8x22b-65536,3273,2245.0
0,1,CWE-79,mixtral-8x22b-65536,3099,151.0
0,1,CWE-79,mixtral-8x22b-65536,2503,2047.0
0,1,CWE-79,mixtral-8x22b-65536,2948,917.0
0,1,CWE-79,mixtral-8x22b-65536,2611,672.0
0,1,CWE-79,mixtral-8x22b-65536,2205,39.0
1,0,CWE-79,mixtral-8x22b-65536,2921,1494.0
1,0,CWE-79,mixtral-8x22b-65536,3578,1794.0
0,1,CWE-79,mixtral-8x22b-65536,2934,796.0
0,1,CWE-79,mixtral-8x22b-65536,3597,2517.0
0,1,CWE-79,mixtral-8x22b-65536,4604,188.0
0,1,CWE-79,mixtral-8x22b-65536,4439,4011.0
0,1,CWE-79,mixtral-8x22b-65536,3430,2315.0
0,1,CWE-79,mixtral-8x22b-65536,3495,5.0
0,1,CWE-79,mixtral-8x22b-65536,2532,335.0
1,0,CWE-79,mixtral-8x22b-65536,3487,1129.0
0,1,CWE-79,mixtral-8x22b-65536,3883,99.0
0,1,CWE-79,mixtral-8x22b-65536,3405,493.0
1,0,CWE-79,mixtral-8x22b-65536,3665,2536.0
0,1,CWE-79,mixtral-8x22b-65536,2854,537.0
1,0,CWE-79,mixtral-8x22b-65536,3376,482.0
0,1,CWE-79,mixtral-8x22b-65536,3734,52.0
0,1,CWE-79,mixtral-8x22b-65536,3761,2572.0
0,1,CWE-79,mixtral-8x22b-65536,3959,1088.0
0,1,CWE-79,mixtral-8x22b-65536,3297,36.0
1,0,CWE-79,mixtral-8x22b-65536,3368,268.0
1,0,CWE-79,mixtral-8x22b-65536,2620,574.0
0,1,CWE-79,mixtral-8x22b-65536,3307,1695.0
0,1,CWE-79,mixtral-8x22b-65536,2603,338.0
0,1,CWE-79,mixtral-8x22b-65536,2901,308.0
1,0,CWE-79,mixtral-8x22b-65536,3411,1737.0
0,1,CWE-79,mixtral-8x22b-65536,3732,611.0
1,0,CWE-79,mixtral-8x22b-65536,3010,2205.0
0,1,CWE-79,mixtral-8x22b-65536,3910,1460.0
1,0,CWE-79,mixtral-8x22b-65536,3469,792.0
1,0,CWE-79,mixtral-8x22b-65536,3821,3025.0
0,1,CWE-79,mixtral-8x22b-65536,3995,3508.0
1,0,CWE-79,mixtral-8x22b-65536,3498,2707.0
0,1,CWE-79,mixtral-8x22b-65536,3845,5.0
1,0,CWE-79,mixtral-8x22b-65536,3431,780.0
0,1,CWE-79,mixtral-8x22b-65536,4439,325.0
0,1,CWE-79,mixtral-8x22b-65536,3289,56.0
1,0,CWE-79,mixtral-8x22b-65536,3538,636.0
0,1,CWE-79,mixtral-8x22b-65536,4066,2547.0
0,1,CWE-79,mixtral-8x22b-65536,3184,6.0
1,0,CWE-79,mixtral-8x22b-65536,4431,3180.0
0,1,CWE-79,mixtral-8x22b-65536,2896,551.0
0,1,CWE-79,mixtral-8x22b-65536,3623,2631.0
0,1,CWE-79,mixtral-8x22b-65536,3984,1363.0
1,0,CWE-79,mixtral-8x22b-65536,4187,1863.0
1,0,CWE-79,mixtral-8x22b-65536,3051,5.0
0,1,CWE-79,mixtral-8x22b-65536,4606,2592.0
0,1,CWE-79,mixtral-8x22b-65536,3802,224.0
1,0,CWE-79,mixtral-8x22b-65536,4414,3330.0
0,1,CWE-79,mixtral-8x22b-65536,4698,2864.0
1,0,CWE-79,mixtral-8x22b-65536,4397,3158.0
0,1,CWE-79,mixtral-8x22b-65536,3674,1684.0
1,0,CWE-79,mixtral-8x22b-65536,4778,582.0
1,0,CWE-79,mixtral-8x22b-65536,3334,412.0
0,1,CWE-79,mixtral-8x22b-65536,4667,3221.0
1,0,CWE-79,mixtral-8x22b-65536,4411,38.0
1,0,CWE-79,mixtral-8x22b-65536,4680,3696.0
0,1,CWE-79,mixtral-8x22b-65536,5045,888.0
1,0,CWE-79,mixtral-8x22b-65536,3119,1885.0
0,1,CWE-79,mixtral-8x22b-65536,3817,40.0
1,0,CWE-79,mixtral-8x22b-65536,5998,2811.0
0,1,CWE-79,mixtral-8x22b-65536,3235,2739.0
0,1,CWE-79,mixtral-8x22b-65536,4135,2306.0
1,0,CWE-79,mixtral-8x22b-65536,4266,537.0
1,0,CWE-79,mixtral-8x22b-65536,4292,975.0
0,1,CWE-79,mixtral-8x22b-65536,4594,32.0
0,1,CWE-79,mixtral-8x22b-65536,5041,13.0
0,1,CWE-79,mixtral-8x22b-65536,4770,385.0
0,1,CWE-79,mixtral-8x22b-65536,3960,1051.0
0,1,CWE-79,mixtral-8x22b-65536,4401,1669.0
0,1,CWE-79,mixtral-8x22b-65536,4200,1727.0
0,1,CWE-79,mixtral-8x22b-65536,4376,685.0
1,0,CWE-79,mixtral-8x22b-65536,4948,1799.0
0,1,CWE-79,mixtral-8x22b-65536,5203,4480.0
1,0,CWE-79,mixtral-8x22b-65536,4923,1665.0
0,1,CWE-79,mixtral-8x22b-65536,4416,3015.0
0,1,CWE-79,mixtral-8x22b-65536,5502,2976.0
0,1,CWE-79,mixtral-8x22b-65536,5775,919.0
0,1,CWE-79,mixtral-8x22b-65536,3414,550.0
0,1,CWE-79,mixtral-8x22b-65536,6463,550.0
0,1,CWE-79,mixtral-8x22b-65536,3634,3238.0
1,0,CWE-79,mixtral-8x22b-65536,4201,1260.0
0,1,CWE-79,mixtral-8x22b-65536,4882,3056.0
1,0,CWE-79,mixtral-8x22b-65536,5316,3815.0
1,0,CWE-79,mixtral-8x22b-65536,4458,3197.0
1,0,CWE-79,mixtral-8x22b-65536,5586,2941.0
0,1,CWE-79,mixtral-8x22b-65536,4919,682.0
0,1,CWE-79,mixtral-8x22b-65536,5458,4158.0
0,1,CWE-79,mixtral-8x22b-65536,5983,1939.0
0,1,CWE-79,mixtral-8x22b-65536,4393,1052.0
0,1,CWE-79,mixtral-8x22b-65536,5349,30.0
0,1,CWE-79,mixtral-8x22b-65536,5349,4624.0
0,1,CWE-79,mixtral-8x22b-65536,5347,3198.0
1,0,CWE-79,mixtral-8x22b-65536,5108,1161.0
0,1,CWE-79,mixtral-8x22b-65536,5458,4001.0
0,1,CWE-79,mixtral-8x22b-65536,4330,286.0
0,1,CWE-79,mixtral-8x22b-65536,5259,1122.0
0,1,CWE-79,mixtral-8x22b-65536,5582,97.0
0,1,CWE-79,mixtral-8x22b-65536,4698,1027.0
1,0,CWE-79,mixtral-8x22b-65536,5758,89.0
0,1,CWE-79,mixtral-8x22b-65536,4338,3488.0
0,1,CWE-79,mixtral-8x22b-65536,5576,3230.0
1,0,CWE-79,mixtral-8x22b-65536,6435,491.0
0,1,CWE-79,mixtral-8x22b-65536,6164,2130.0
0,1,CWE-79,mixtral-8x22b-65536,4978,980.0
1,0,CWE-79,mixtral-8x22b-65536,5721,2473.0
0,1,CWE-79,mixtral-8x22b-65536,6470,4742.0
1,0,CWE-79,mixtral-8x22b-65536,5921,560.0
0,1,CWE-79,mixtral-8x22b-65536,4355,3283.0
0,1,CWE-79,mixtral-8x22b-65536,4516,332.0
0,1,CWE-79,mixtral-8x22b-65536,6140,2525.0
0,1,CWE-79,mixtral-8x22b-65536,3798,758.0
0,1,CWE-79,mixtral-8x22b-65536,4534,2402.0
0,1,CWE-79,mixtral-8x22b-65536,6758,1921.0
1,0,CWE-79,mixtral-8x22b-65536,7080,3001.0
0,1,CWE-79,mixtral-8x22b-65536,4562,1102.0
0,1,CWE-79,mixtral-8x22b-65536,5862,1939.0
0,1,CWE-79,mixtral-8x22b-65536,4951,3744.0
0,1,CWE-79,mixtral-8x22b-65536,6378,1785.0
0,1,CWE-79,mixtral-8x22b-65536,5121,1055.0
1,0,CWE-79,mixtral-8x22b-65536,7012,5024.0
0,1,CWE-79,mixtral-8x22b-65536,5477,533.0
0,1,CWE-79,mixtral-8x22b-65536,4972,4819.0
0,1,CWE-79,mixtral-8x22b-65536,6429,2579.0
0,1,CWE-79,mixtral-8x22b-65536,6785,3221.0
0,1,CWE-79,mixtral-8x22b-65536,7255,1363.0
0,1,CWE-79,mixtral-8x22b-65536,5316,1989.0
0,1,CWE-79,mixtral-8x22b-65536,6501,2701.0
0,1,CWE-79,mixtral-8x22b-65536,7095,3668.0
0,1,CWE-79,mixtral-8x22b-65536,7009,4070.0
0,1,CWE-79,mixtral-8x22b-65536,7800,6631.0
1,0,CWE-79,mixtral-8x22b-65536,5048,4682.0
0,1,CWE-79,mixtral-8x22b-65536,9021,1915.0
0,1,CWE-79,mixtral-8x22b-65536,7297,6688.0
0,1,CWE-79,mixtral-8x22b-65536,7033,609.0
0,1,CWE-79,mixtral-8x22b-65536,7987,2155.0
0,1,CWE-79,mixtral-8x22b-65536,4492,1690.0
0,1,CWE-79,mixtral-8x22b-65536,7438,3727.0
0,1,CWE-79,mixtral-8x22b-65536,6885,1516.0
0,1,CWE-79,mixtral-8x22b-65536,5404,1250.0
0,1,CWE-79,mixtral-8x22b-65536,7495,3642.0
0,1,CWE-79,mixtral-8x22b-65536,5158,2462.0
0,1,CWE-79,mixtral-8x22b-65536,6019,3322.0
0,1,CWE-79,mixtral-8x22b-65536,8250,960.0
0,1,CWE-79,mixtral-8x22b-65536,7674,3379.0
0,1,CWE-79,mixtral-8x22b-65536,7440,4733.0
0,1,CWE-79,mixtral-8x22b-65536,5253,4550.0
0,1,CWE-79,mixtral-8x22b-65536,5254,4333.0
0,1,CWE-79,mixtral-8x22b-65536,6938,579.0
0,1,CWE-79,mixtral-8x22b-65536,7928,2710.0
0,1,CWE-79,mixtral-8x22b-65536,6049,537.0
0,1,CWE-79,mixtral-8x22b-65536,5493,1546.0
0,1,CWE-79,mixtral-8x22b-65536,6148,537.0
0,1,CWE-79,mixtral-8x22b-65536,8491,4518.0
0,1,CWE-79,mixtral-8x22b-65536,8654,3128.0
1,0,CWE-79,mixtral-8x22b-65536,6274,3051.0
0,1,CWE-79,mixtral-8x22b-65536,6293,3857.0
1,0,CWE-79,mixtral-8x22b-65536,7864,1988.0
0,1,CWE-79,mixtral-8x22b-65536,8697,5705.0
0,1,CWE-79,mixtral-8x22b-65536,8296,6449.0
0,1,CWE-79,mixtral-8x22b-65536,8308,6879.0
0,1,CWE-79,mixtral-8x22b-65536,9376,819.0
0,1,CWE-79,mixtral-8x22b-65536,5481,1550.0
0,1,CWE-79,mixtral-8x22b-65536,6468,1052.0
0,1,CWE-79,mixtral-8x22b-65536,5491,1560.0
0,1,CWE-79,mixtral-8x22b-65536,5510,1581.0
0,1,CWE-79,mixtral-8x22b-65536,8656,6276.0
0,1,CWE-79,mixtral-8x22b-65536,6151,1535.0
0,1,CWE-79,mixtral-8x22b-65536,6308,3717.0
0,1,CWE-79,mixtral-8x22b-65536,7983,1721.0
0,1,CWE-79,mixtral-8x22b-65536,8324,6359.0
0,1,CWE-79,mixtral-8x22b-65536,8818,8516.0
0,1,CWE-79,mixtral-8x22b-65536,9928,7108.0
0,1,CWE-79,mixtral-8x22b-65536,8527,145.0
0,1,CWE-79,mixtral-8x22b-65536,8922,7825.0
0,1,CWE-79,mixtral-8x22b-65536,10338,9070.0
0,1,CWE-79,mixtral-8x22b-65536,10383,4777.0
0,1,CWE-79,mixtral-8x22b-65536,7147,5224.0
0,1,CWE-79,mixtral-8x22b-65536,8750,6992.0
1,0,CWE-79,mixtral-8x22b-65536,6599,537.0
0,1,CWE-79,mixtral-8x22b-65536,8821,6225.0
0,1,CWE-79,mixtral-8x22b-65536,5985,4127.0
1,0,CWE-79,mixtral-8x22b-65536,9577,1210.0
0,1,CWE-79,mixtral-8x22b-65536,9294,1718.0
0,1,CWE-79,mixtral-8x22b-65536,9214,4887.0
0,1,CWE-79,mixtral-8x22b-65536,8848,8072.0
1,0,CWE-79,mixtral-8x22b-65536,9103,8877.0
0,1,CWE-79,mixtral-8x22b-65536,8998,1924.0
0,1,CWE-79,mixtral-8x22b-65536,9059,1588.0
0,1,CWE-79,mixtral-8x22b-65536,9798,9305.0
0,1,CWE-79,mixtral-8x22b-65536,6912,2892.0
1,0,CWE-79,mixtral-8x22b-65536,9183,447.0
0,1,CWE-79,mixtral-8x22b-65536,11462,8103.0
0,1,CWE-79,mixtral-8x22b-65536,9025,5486.0
0,1,CWE-79,mixtral-8x22b-65536,10002,11.0
0,1,CWE-79,mixtral-8x22b-65536,9753,985.0
0,1,CWE-79,mixtral-8x22b-65536,9784,8184.0
0,1,CWE-79,mixtral-8x22b-65536,9014,1518.0
0,1,CWE-79,mixtral-8x22b-65536,9769,4874.0
1,0,CWE-79,mixtral-8x22b-65536,9836,5.0
0,1,CWE-79,mixtral-8x22b-65536,8120,7606.0
1,0,CWE-79,mixtral-8x22b-65536,11004,4507.0
0,1,CWE-79,mixtral-8x22b-65536,10883,6988.0
1,0,CWE-79,mixtral-8x22b-65536,11004,883.0
0,1,CWE-79,mixtral-8x22b-65536,9997,2081.0
0,1,CWE-79,mixtral-8x22b-65536,9247,562.0
0,1,CWE-79,mixtral-8x22b-65536,10727,309.0
0,1,CWE-79,mixtral-8x22b-65536,12018,433.0
0,1,CWE-79,mixtral-8x22b-65536,11710,3008.0
1,0,CWE-79,mixtral-8x22b-65536,7380,3935.0
0,1,CWE-79,mixtral-8x22b-65536,11468,971.0
0,1,CWE-79,mixtral-8x22b-65536,9571,8113.0
0,1,CWE-79,mixtral-8x22b-65536,7717,961.0
1,0,CWE-79,mixtral-8x22b-65536,8239,3092.0
1,0,CWE-79,mixtral-8x22b-65536,7781,2558.0
0,1,CWE-79,mixtral-8x22b-65536,11019,2683.0
0,1,CWE-79,mixtral-8x22b-65536,9779,9181.0
1,0,CWE-79,mixtral-8x22b-65536,7928,4380.0
0,1,CWE-79,mixtral-8x22b-65536,11497,9015.0
0,1,CWE-79,mixtral-8x22b-65536,10678,322.0
0,1,CWE-79,mixtral-8x22b-65536,11693,267.0
0,1,CWE-79,mixtral-8x22b-65536,10388,83.0
0,1,CWE-79,mixtral-8x22b-65536,10940,1979.0
0,1,CWE-79,mixtral-8x22b-65536,11481,4104.0
0,1,CWE-79,mixtral-8x22b-65536,9248,4503.0
0,1,CWE-79,mixtral-8x22b-65536,11453,734.0
0,1,CWE-79,mixtral-8x22b-65536,12639,1845.0
1,0,CWE-79,mixtral-8x22b-65536,10095,1112.0
0,1,CWE-79,mixtral-8x22b-65536,10998,9900.0
0,1,CWE-79,mixtral-8x22b-65536,12080,9635.0
0,1,CWE-79,mixtral-8x22b-65536,9601,66.0
0,1,CWE-79,mixtral-8x22b-65536,12354,2775.0
1,0,CWE-79,mixtral-8x22b-65536,10423,3511.0
0,1,CWE-79,mixtral-8x22b-65536,11732,7697.0
0,1,CWE-79,mixtral-8x22b-65536,12605,8244.0
0,1,CWE-79,mixtral-8x22b-65536,12429,1023.0
0,1,CWE-79,mixtral-8x22b-65536,11558,10917.0
0,1,CWE-79,mixtral-8x22b-65536,11982,856.0
0,1,CWE-79,mixtral-8x22b-65536,9908,7173.0
0,1,CWE-79,mixtral-8x22b-65536,11569,9154.0
0,1,CWE-79,mixtral-8x22b-65536,12648,6248.0
1,0,CWE-79,mixtral-8x22b-65536,13369,5538.0
0,1,CWE-79,mixtral-8x22b-65536,11580,241.0
1,0,CWE-79,mixtral-8x22b-65536,15057,600.0
0,1,CWE-79,mixtral-8x22b-65536,12624,2315.0
0,1,CWE-79,mixtral-8x22b-65536,9744,1367.0
0,1,CWE-79,mixtral-8x22b-65536,12637,3312.0
1,0,CWE-79,mixtral-8x22b-65536,13413,1182.0
0,1,CWE-79,mixtral-8x22b-65536,9149,3126.0
0,1,CWE-79,mixtral-8x22b-65536,14432,719.0
0,1,CWE-79,mixtral-8x22b-65536,13653,1131.0
0,1,CWE-79,mixtral-8x22b-65536,10550,65.0
0,1,CWE-79,mixtral-8x22b-65536,10820,710.0
0,1,CWE-79,mixtral-8x22b-65536,15809,9600.0
0,1,CWE-79,mixtral-8x22b-65536,11916,5531.0
0,1,CWE-79,mixtral-8x22b-65536,9109,2038.0
0,1,CWE-79,mixtral-8x22b-65536,14984,14646.0
0,1,CWE-79,mixtral-8x22b-65536,13894,9137.0
0,1,CWE-79,mixtral-8x22b-65536,13080,3439.0
0,1,CWE-79,mixtral-8x22b-65536,15105,9592.0
1,0,CWE-79,mixtral-8x22b-65536,12730,44.0
0,1,CWE-79,mixtral-8x22b-65536,16527,4603.0
1,0,CWE-79,mixtral-8x22b-65536,15207,3640.0
0,1,CWE-79,mixtral-8x22b-65536,13553,5786.0
0,1,CWE-79,mixtral-8x22b-65536,14160,10916.0
0,1,CWE-79,mixtral-8x22b-65536,10139,7736.0
0,1,CWE-79,mixtral-8x22b-65536,16127,10173.0
1,0,CWE-79,mixtral-8x22b-65536,14619,1979.0
0,1,CWE-79,mixtral-8x22b-65536,8871,8744.0
0,1,CWE-79,mixtral-8x22b-65536,15038,465.0
0,1,CWE-79,mixtral-8x22b-65536,12933,1296.0
0,1,CWE-79,mixtral-8x22b-65536,8950,8823.0
0,1,CWE-79,mixtral-8x22b-65536,16733,3388.0
0,1,CWE-79,mixtral-8x22b-65536,15088,2026.0
0,1,CWE-79,mixtral-8x22b-65536,15722,12723.0
0,1,CWE-79,mixtral-8x22b-65536,14324,60.0
0,1,CWE-79,mixtral-8x22b-65536,14700,1176.0
0,1,CWE-79,mixtral-8x22b-65536,9273,9139.0
0,1,CWE-79,mixtral-8x22b-65536,11549,45.0
1,0,CWE-79,mixtral-8x22b-65536,17278,9968.0
0,1,CWE-79,mixtral-8x22b-65536,14724,11322.0
0,1,CWE-79,mixtral-8x22b-65536,13820,13271.0
1,0,CWE-79,mixtral-8x22b-65536,10086,5571.0
0,1,CWE-79,mixtral-8x22b-65536,11178,7715.0
0,1,CWE-79,mixtral-8x22b-65536,16518,7058.0
0,1,CWE-79,mixtral-8x22b-65536,18419,1685.0
0,1,CWE-79,mixtral-8x22b-65536,16549,3144.0
0,1,CWE-79,mixtral-8x22b-65536,8993,8859.0
0,1,CWE-79,mixtral-8x22b-65536,16460,745.0
0,1,CWE-79,mixtral-8x22b-65536,12577,2233.0
0,1,CWE-79,mixtral-8x22b-65536,18984,1014.0
0,1,CWE-79,mixtral-8x22b-65536,9035,8898.0
1,0,CWE-79,mixtral-8x22b-65536,17445,4175.0
0,1,CWE-79,mixtral-8x22b-65536,8910,8705.0
0,1,CWE-79,mixtral-8x22b-65536,18125,4810.0
0,1,CWE-79,mixtral-8x22b-65536,18543,11217.0
0,1,CWE-79,mixtral-8x22b-65536,10056,9419.0
0,1,CWE-79,mixtral-8x22b-65536,10072,9443.0
1,0,CWE-79,mixtral-8x22b-65536,17734,295.0
0,1,CWE-79,mixtral-8x22b-65536,9192,9061.0
0,1,CWE-79,mixtral-8x22b-65536,17261,6378.0
0,1,CWE-79,mixtral-8x22b-65536,12686,11295.0
1,0,CWE-79,mixtral-8x22b-65536,20955,444.0
0,1,CWE-79,mixtral-8x22b-65536,19325,2768.0
0,1,CWE-79,mixtral-8x22b-65536,16719,9.0
1,0,CWE-79,mixtral-8x22b-65536,15973,4224.0
0,1,CWE-79,mixtral-8x22b-65536,13044,1101.0
0,1,CWE-79,mixtral-8x22b-65536,10078,9671.0
1,0,CWE-79,mixtral-8x22b-65536,13594,1719.0
0,1,CWE-79,mixtral-8x22b-65536,20386,3243.0
0,1,CWE-79,mixtral-8x22b-65536,17680,2928.0
0,1,CWE-79,mixtral-8x22b-65536,13300,2050.0
0,1,CWE-79,mixtral-8x22b-65536,20454,19271.0
1,0,CWE-79,mixtral-8x22b-65536,18484,188.0
0,1,CWE-79,mixtral-8x22b-65536,17994,347.0
1,0,CWE-79,mixtral-8x22b-65536,17895,7799.0
1,0,CWE-79,mixtral-8x22b-65536,17556,6854.0
0,1,CWE-79,mixtral-8x22b-65536,21186,6488.0
0,1,CWE-79,mixtral-8x22b-65536,20641,16350.0
1,0,CWE-79,mixtral-8x22b-65536,18660,14725.0
0,1,CWE-79,mixtral-8x22b-65536,21330,4761.0
0,1,CWE-79,mixtral-8x22b-65536,24352,19409.0
0,1,CWE-79,mixtral-8x22b-65536,18440,9455.0
0,1,CWE-79,mixtral-8x22b-65536,13532,3856.0
0,1,CWE-79,mixtral-8x22b-65536,17558,15862.0
0,1,CWE-79,mixtral-8x22b-65536,19812,2741.0
0,1,CWE-79,mixtral-8x22b-65536,18773,18340.0
0,1,CWE-79,mixtral-8x22b-65536,20595,10037.0
0,1,CWE-79,mixtral-8x22b-65536,20251,2774.0
0,1,CWE-79,mixtral-8x22b-65536,14007,7444.0
0,1,CWE-79,mixtral-8x22b-65536,18923,16003.0
0,1,CWE-79,mixtral-8x22b-65536,15985,45.0
0,1,CWE-79,mixtral-8x22b-65536,25445,22398.0
0,1,CWE-79,mixtral-8x22b-65536,17005,13907.0
0,1,CWE-79,mixtral-8x22b-65536,21360,3758.0
0,1,CWE-79,mixtral-8x22b-65536,20924,18717.0
0,1,CWE-79,mixtral-8x22b-65536,14444,5644.0
0,1,CWE-79,mixtral-8x22b-65536,24486,2724.0
0,1,CWE-79,mixtral-8x22b-65536,15760,5320.0
0,1,CWE-79,mixtral-8x22b-65536,15941,13540.0
0,1,CWE-79,mixtral-8x22b-65536,24420,8976.0
0,1,CWE-79,mixtral-8x22b-65536,20137,651.0
0,1,CWE-79,mixtral-8x22b-65536,19589,8640.0
0,1,CWE-79,mixtral-8x22b-65536,21281,3522.0
0,1,CWE-79,mixtral-8x22b-65536,15720,12234.0
0,1,CWE-79,mixtral-8x22b-65536,20606,16599.0
0,1,CWE-79,mixtral-8x22b-65536,17384,9234.0
1,0,CWE-79,mixtral-8x22b-65536,16639,1325.0
0,1,CWE-79,mixtral-8x22b-65536,15694,12205.0
0,1,CWE-79,mixtral-8x22b-65536,20189,409.0
0,1,CWE-79,mixtral-8x22b-65536,23767,20069.0
0,1,CWE-79,mixtral-8x22b-65536,26677,11458.0
0,1,CWE-79,mixtral-8x22b-65536,23350,13520.0
0,1,CWE-79,mixtral-8x22b-65536,19703,17365.0
0,1,CWE-79,mixtral-8x22b-65536,28412,10444.0
0,1,CWE-79,mixtral-8x22b-65536,27041,11206.0
0,1,CWE-79,mixtral-8x22b-65536,25016,3677.0
1,0,CWE-79,mixtral-8x22b-65536,25543,8719.0
0,1,CWE-79,mixtral-8x22b-65536,22223,9765.0
0,1,CWE-79,mixtral-8x22b-65536,18722,18610.0
0,1,CWE-79,mixtral-8x22b-65536,20235,5739.0
0,1,CWE-79,mixtral-8x22b-65536,24045,21156.0
0,1,CWE-79,mixtral-8x22b-65536,19966,7784.0
0,1,CWE-79,mixtral-8x22b-65536,22618,21825.0
0,1,CWE-79,mixtral-8x22b-65536,23700,599.0
0,1,CWE-79,mixtral-8x22b-65536,20380,537.0
0,1,CWE-79,mixtral-8x22b-65536,19879,12901.0
0,1,CWE-79,mixtral-8x22b-65536,27565,2958.0
0,1,CWE-79,mixtral-8x22b-65536,21762,16656.0
0,1,CWE-79,mixtral-8x22b-65536,22925,15828.0
0,1,CWE-79,mixtral-8x22b-65536,21866,4163.0
0,1,CWE-79,mixtral-8x22b-65536,26363,128.0
0,1,CWE-79,mixtral-8x22b-65536,22097,20970.0
0,1,CWE-79,mixtral-8x22b-65536,18771,12928.0
0,1,CWE-79,mixtral-8x22b-65536,18873,2574.0
0,1,CWE-79,mixtral-8x22b-65536,28908,8366.0
0,1,CWE-79,mixtral-8x22b-65536,21266,6723.0
0,1,CWE-79,mixtral-8x22b-65536,20767,19618.0
0,1,CWE-79,mixtral-8x22b-65536,18932,2590.0
0,1,CWE-79,mixtral-8x22b-65536,33598,1510.0
0,1,CWE-79,mixtral-8x22b-65536,30757,6730.0
0,1,CWE-79,mixtral-8x22b-65536,28450,13554.0
0,1,CWE-79,mixtral-8x22b-65536,28527,21692.0
0,1,CWE-79,mixtral-8x22b-65536,22177,22012.0
0,1,CWE-79,mixtral-8x22b-65536,34420,19182.0
0,1,CWE-79,mixtral-8x22b-65536,34481,32415.0
0,1,CWE-79,mixtral-8x22b-65536,34685,518.0
0,1,CWE-79,mixtral-8x22b-65536,22360,1164.0
0,1,CWE-79,mixtral-8x22b-65536,21081,3799.0
0,1,CWE-79,mixtral-8x22b-65536,27441,22484.0
0,1,CWE-79,mixtral-8x22b-65536,24925,5.0
0,1,CWE-79,mixtral-8x22b-65536,25148,1246.0
0,1,CWE-79,mixtral-8x22b-65536,39234,868.0
0,1,CWE-79,mixtral-8x22b-65536,37364,28114.0
1,0,CWE-79,mixtral-8x22b-65536,25269,1430.0
0,1,CWE-79,mixtral-8x22b-65536,22809,7729.0
0,1,CWE-79,mixtral-8x22b-65536,33004,4109.0
0,1,CWE-79,mixtral-8x22b-65536,36939,35144.0
0,1,CWE-79,mixtral-8x22b-65536,25349,7813.0
0,1,CWE-79,mixtral-8x22b-65536,22770,22117.0
0,1,CWE-79,mixtral-8x22b-65536,38103,4188.0
0,1,CWE-79,mixtral-8x22b-65536,41941,16623.0
0,1,CWE-79,mixtral-8x22b-65536,28731,1513.0
0,1,CWE-79,mixtral-8x22b-65536,40406,58.0
0,1,CWE-79,mixtral-8x22b-65536,40779,39626.0
0,1,CWE-79,mixtral-8x22b-65536,26644,9994.0
0,1,CWE-79,mixtral-8x22b-65536,42680,284.0
0,1,CWE-79,mixtral-8x22b-65536,40844,39625.0
0,1,CWE-79,mixtral-8x22b-65536,30861,1430.0
0,1,CWE-79,mixtral-8x22b-65536,45279,1923.0
0,1,CWE-79,mixtral-8x22b-65536,41167,7811.0
0,1,CWE-79,mixtral-8x22b-65536,27506,6105.0
0,1,CWE-79,mixtral-8x22b-65536,38284,15248.0
0,1,CWE-79,mixtral-8x22b-65536,35224,6.0
0,1,CWE-79,mixtral-8x22b-65536,33945,196.0
0,1,CWE-79,mixtral-8x22b-65536,50809,8074.0
0,1,CWE-79,mixtral-8x22b-65536,48521,23138.0
0,1,CWE-79,mixtral-8x22b-65536,33531,31710.0
0,1,CWE-79,mixtral-8x22b-65536,30404,4583.0
0,1,CWE-79,mixtral-8x22b-65536,32143,12690.0
0,1,CWE-79,mixtral-8x22b-65536,50446,19333.0
0,1,CWE-79,mixtral-8x22b-65536,34304,15231.0
0,1,CWE-79,mixtral-8x22b-65536,42825,43.0
0,1,CWE-79,mixtral-8x22b-65536,48220,30426.0
1,0,CWE-79,mixtral-8x22b-65536,32680,2971.0
0,1,CWE-79,mixtral-8x22b-65536,39433,11951.0
0,1,CWE-79,mixtral-8x22b-65536,34853,30724.0
0,1,CWE-79,mixtral-8x22b-65536,30908,325.0
1,0,CWE-79,mixtral-8x22b-65536,46184,6692.0
0,1,CWE-79,mixtral-8x22b-65536,51193,43253.0
0,1,CWE-79,mixtral-8x22b-65536,56802,1986.0
0,1,CWE-79,mixtral-8x22b-65536,45008,504.0
0,1,CWE-79,mixtral-8x22b-65536,30298,16902.0
0,1,CWE-79,mixtral-8x22b-65536,39338,28669.0
0,1,CWE-79,mixtral-8x22b-65536,43638,1685.0
0,1,CWE-79,mixtral-8x22b-65536,55855,4208.0
0,1,CWE-79,mixtral-8x22b-65536,48324,25994.0
0,1,CWE-79,mixtral-8x22b-65536,56151,44102.0
0,1,CWE-79,mixtral-8x22b-65536,59582,291.0
0,1,CWE-79,mixtral-8x22b-65536,56322,23671.0
0,1,CWE-79,mixtral-8x22b-65536,56261,535.0
0,1,CWE-79,mixtral-8x22b-65536,63598,14460.0
0,1,CWE-79,mixtral-8x22b-65536,61019,1581.0
0,1,CWE-79,mixtral-8x22b-65536,60509,3793.0
0,1,CWE-79,mixtral-8x22b-65536,58085,1468.0
0,1,CWE-79,mixtral-8x22b-65536,50848,20028.0
0,1,CWE-79,mixtral-8x22b-65536,59254,36147.0
0,1,CWE-79,mixtral-8x22b-65536,60804,176.0
0,1,CWE-22,llama-3-70b-8192,2024,1659.0
1,0,CWE-22,llama-3-70b-8192,1744,365.0
1,0,CWE-22,llama-3-70b-8192,2557,1452.0
1,0,CWE-22,llama-3-70b-8192,1392,61.0
0,1,CWE-22,llama-3-70b-8192,1317,289.0
1,0,CWE-22,llama-3-70b-8192,1480,33.0
1,0,CWE-22,llama-3-70b-8192,1084,390.0
1,0,CWE-22,llama-3-70b-8192,2271,1012.0
1,0,CWE-22,llama-3-70b-8192,1572,1216.0
0,1,CWE-22,llama-3-70b-8192,1455,515.0
1,0,CWE-22,llama-3-70b-8192,2492,998.0
1,0,CWE-22,llama-3-70b-8192,3225,2034.0
1,0,CWE-22,llama-3-70b-8192,3166,2012.0
1,0,CWE-22,llama-3-70b-8192,3363,626.0
1,0,CWE-22,llama-3-70b-8192,2893,885.0
1,0,CWE-22,llama-3-70b-8192,1983,6.0
1,0,CWE-22,llama-3-70b-8192,2874,1921.0
1,0,CWE-22,llama-3-70b-8192,2896,903.0
0,1,CWE-22,llama-3-70b-8192,3216,893.0
1,0,CWE-22,llama-3-70b-8192,2895,23.0
0,1,CWE-22,llama-3-70b-8192,2291,537.0
1,0,CWE-22,llama-3-70b-8192,3172,1040.0
0,1,CWE-22,llama-3-70b-8192,2522,1084.0
1,0,CWE-22,llama-3-70b-8192,3009,1750.0
1,0,CWE-22,llama-3-70b-8192,4338,3446.0
0,1,CWE-22,llama-3-70b-8192,3843,2602.0
0,1,CWE-22,llama-3-70b-8192,4116,904.0
0,1,CWE-22,llama-3-70b-8192,3715,124.0
0,1,CWE-22,llama-3-70b-8192,3712,602.0
1,0,CWE-22,llama-3-70b-8192,3891,1023.0
1,0,CWE-22,llama-3-70b-8192,4504,1394.0
0,1,CWE-22,llama-3-70b-8192,4281,2595.0
1,0,CWE-22,llama-3-70b-8192,4021,258.0
0,1,CWE-22,llama-3-70b-8192,4079,38.0
1,0,CWE-22,llama-3-70b-8192,3795,2417.0
0,1,CWE-22,llama-3-70b-8192,3936,910.0
0,1,CWE-22,llama-3-70b-8192,6141,11.0
0,1,CWE-22,llama-3-70b-8192,4498,2507.0
0,1,CWE-22,llama-3-70b-8192,5613,63.0
1,0,CWE-22,llama-3-70b-8192,4193,824.0
0,1,CWE-22,llama-3-70b-8192,7534,1786.0
0,1,CWE-22,llama-3-70b-8192,5636,2647.0
0,1,CWE-22,llama-3-70b-8192,7655,3339.0
0,1,CWE-22,llama-3-70b-8192,6185,972.0
1,0,CWE-22,llama-3-70b-8192,5927,1001.0
1,0,CWE-22,llama-3-70b-8192,5220,970.0
0,1,CWE-22,llama-3-70b-8192,5068,4307.0
0,1,CWE-22,llama-3-70b-8192,6903,6527.0
0,1,CWE-22,llama-3-70b-8192,9182,7738.0
0,1,CWE-22,llama-3-70b-8192,6640,5302.0
0,1,CWE-22,llama-3-70b-8192,7739,627.0
0,1,CWE-22,llama-3-70b-8192,3323,121.0
1,0,CWE-22,llama-3-70b-8192,6476,594.0
0,1,CWE-22,llama-3-70b-8192,8857,4833.0
0,1,CWE-22,llama-3-70b-8192,8123,1122.0
1,0,CWE-22,llama-3-70b-8192,6218,410.0
1,0,CWE-22,llama-3-70b-8192,7390,1017.0
1,0,CWE-22,llama-3-70b-8192,6119,5546.0
0,1,CWE-22,llama-3-70b-8192,7941,19.0
1,0,CWE-22,llama-3-70b-8192,7674,1598.0
0,1,CWE-22,llama-3-70b-8192,9131,2636.0
1,0,CWE-22,llama-3-70b-8192,8296,2421.0
1,0,CWE-22,llama-3-70b-8192,9686,7430.0
0,1,CWE-22,llama-3-70b-8192,9691,89.0
0,1,CWE-22,llama-3-70b-8192,13008,5049.0
1,0,CWE-22,llama-3-70b-8192,8752,99.0
1,0,CWE-22,llama-3-70b-8192,9382,38.0
0,1,CWE-22,llama-3-70b-8192,8270,15.0
1,0,CWE-22,llama-3-70b-8192,14588,7689.0
0,1,CWE-22,llama-3-70b-8192,10135,8548.0
1,0,CWE-22,llama-3-70b-8192,13284,3973.0
0,1,CWE-22,llama-3-70b-8192,9872,5390.0
1,0,CWE-22,llama-3-70b-8192,12530,17.0
0,1,CWE-22,llama-3-70b-8192,14482,13452.0
0,1,CWE-22,llama-3-70b-8192,14954,1272.0
0,1,CWE-22,llama-3-70b-8192,14438,4146.0
0,1,CWE-22,llama-3-70b-8192,7784,1697.0
1,0,CWE-22,llama-3-70b-8192,15615,708.0
0,1,CWE-22,llama-3-70b-8192,10285,100.0
0,1,CWE-22,llama-3-70b-8192,18606,12101.0
0,1,CWE-22,llama-3-70b-8192,15596,13463.0
0,1,CWE-22,llama-3-70b-8192,18301,15814.0
0,1,CWE-22,llama-3-70b-8192,14839,5688.0
1,0,CWE-22,llama-3-70b-8192,17921,13573.0
0,1,CWE-22,llama-3-70b-8192,14677,1063.0
1,0,CWE-22,llama-3-70b-8192,17419,10838.0
0,1,CWE-22,llama-3-70b-8192,19511,1782.0
0,1,CWE-22,llama-3-70b-8192,18134,8704.0
1,0,CWE-22,llama-3-70b-8192,20066,64.0
1,0,CWE-22,llama-3-70b-8192,26015,5643.0
0,1,CWE-22,llama-3-70b-8192,17678,8449.0
0,1,CWE-22,llama-3-70b-8192,22777,1762.0
0,1,CWE-22,llama-3-70b-8192,23723,6278.0
0,1,CWE-22,llama-3-70b-8192,29339,2352.0
0,1,CWE-22,llama-3-70b-8192,25101,2392.0
0,1,CWE-22,llama-3-70b-8192,24713,16209.0
0,1,CWE-22,llama-3-70b-8192,26010,586.0
0,1,CWE-22,llama-3-70b-8192,20824,8768.0
0,1,CWE-22,llama-3-70b-8192,27315,14184.0
0,1,CWE-22,llama-3-70b-8192,23979,6.0
1,0,CWE-89,llama-3-70b-8192,942,773.0
1,0,CWE-89,llama-3-70b-8192,345,45.0
1,0,CWE-89,llama-3-70b-8192,850,5.0
0,1,CWE-89,llama-3-70b-8192,1265,183.0
1,0,CWE-89,llama-3-70b-8192,678,80.0
1,0,CWE-89,llama-3-70b-8192,1303,162.0
0,1,CWE-89,llama-3-70b-8192,1548,1376.0
1,0,CWE-89,llama-3-70b-8192,1296,58.0
0,1,CWE-89,llama-3-70b-8192,1254,58.0
1,0,CWE-89,llama-3-70b-8192,1415,264.0
1,0,CWE-89,llama-3-70b-8192,1970,911.0
1,0,CWE-89,llama-3-70b-8192,1625,1284.0
1,0,CWE-89,llama-3-70b-8192,1673,320.0
1,0,CWE-89,llama-3-70b-8192,1828,1302.0
1,0,CWE-89,llama-3-70b-8192,1608,959.0
0,1,CWE-89,llama-3-70b-8192,1357,77.0
1,0,CWE-89,llama-3-70b-8192,1894,1086.0
0,1,CWE-89,llama-3-70b-8192,1952,233.0
0,1,CWE-89,llama-3-70b-8192,1872,1202.0
1,0,CWE-89,llama-3-70b-8192,2198,143.0
1,0,CWE-89,llama-3-70b-8192,1792,300.0
0,1,CWE-89,llama-3-70b-8192,1749,881.0
0,1,CWE-89,llama-3-70b-8192,2173,710.0
1,0,CWE-89,llama-3-70b-8192,2106,335.0
0,1,CWE-89,llama-3-70b-8192,2504,417.0
1,0,CWE-89,llama-3-70b-8192,2987,1798.0
1,0,CWE-89,llama-3-70b-8192,2117,1086.0
1,0,CWE-89,llama-3-70b-8192,1930,349.0
1,0,CWE-89,llama-3-70b-8192,2723,1546.0
0,1,CWE-89,llama-3-70b-8192,2705,1520.0
1,0,CWE-89,llama-3-70b-8192,2725,952.0
1,0,CWE-89,llama-3-70b-8192,2768,815.0
0,1,CWE-89,llama-3-70b-8192,2523,454.0
1,0,CWE-89,llama-3-70b-8192,3995,15.0
0,1,CWE-89,llama-3-70b-8192,3476,1221.0
1,0,CWE-89,llama-3-70b-8192,2936,1294.0
1,0,CWE-89,llama-3-70b-8192,3531,2879.0
0,1,CWE-89,llama-3-70b-8192,4003,751.0
0,1,CWE-89,llama-3-70b-8192,4755,877.0
0,1,CWE-89,llama-3-70b-8192,2686,688.0
1,0,CWE-89,llama-3-70b-8192,2735,713.0
1,0,CWE-89,llama-3-70b-8192,3557,2264.0
0,1,CWE-89,llama-3-70b-8192,3344,2284.0
1,0,CWE-89,llama-3-70b-8192,3170,687.0
0,1,CWE-89,llama-3-70b-8192,3538,895.0
0,1,CWE-89,llama-3-70b-8192,3859,2456.0
1,0,CWE-89,llama-3-70b-8192,4744,1464.0
1,0,CWE-89,llama-3-70b-8192,4000,33.0
1,0,CWE-89,llama-3-70b-8192,4944,1550.0
0,1,CWE-89,llama-3-70b-8192,3579,892.0
0,1,CWE-89,llama-3-70b-8192,3613,2767.0
0,1,CWE-89,llama-3-70b-8192,4988,1076.0
1,0,CWE-89,llama-3-70b-8192,4001,2813.0
0,1,CWE-89,llama-3-70b-8192,3687,1169.0
1,0,CWE-89,llama-3-70b-8192,5609,5.0
0,1,CWE-89,llama-3-70b-8192,5612,3088.0
1,0,CWE-89,llama-3-70b-8192,3801,212.0
0,1,CWE-89,llama-3-70b-8192,4211,1331.0
0,1,CWE-89,llama-3-70b-8192,4535,575.0
1,0,CWE-89,llama-3-70b-8192,4286,1715.0
1,0,CWE-89,llama-3-70b-8192,5654,1989.0
0,1,CWE-89,llama-3-70b-8192,6093,5.0
0,1,CWE-89,llama-3-70b-8192,5691,2257.0
1,0,CWE-89,llama-3-70b-8192,4468,62.0
1,0,CWE-89,llama-3-70b-8192,5360,1303.0
1,0,CWE-89,llama-3-70b-8192,4259,2987.0
1,0,CWE-89,llama-3-70b-8192,6401,3654.0
0,1,CWE-89,llama-3-70b-8192,7774,4742.0
1,0,CWE-89,llama-3-70b-8192,4537,1818.0
0,1,CWE-89,llama-3-70b-8192,7575,38.0
0,1,CWE-89,llama-3-70b-8192,7632,1341.0
1,0,CWE-89,llama-3-70b-8192,5526,2255.0
1,0,CWE-89,llama-3-70b-8192,5991,1926.0
1,0,CWE-89,llama-3-70b-8192,7226,3465.0
0,1,CWE-89,llama-3-70b-8192,6109,2190.0
0,1,CWE-89,llama-3-70b-8192,5921,3943.0
1,0,CWE-89,llama-3-70b-8192,9687,8107.0
1,0,CWE-89,llama-3-70b-8192,8002,823.0
1,0,CWE-89,llama-3-70b-8192,6046,265.0
0,1,CWE-89,llama-3-70b-8192,9522,3320.0
0,1,CWE-89,llama-3-70b-8192,7108,2048.0
0,1,CWE-89,llama-3-70b-8192,10158,9627.0
1,0,CWE-89,llama-3-70b-8192,6869,586.0
0,1,CWE-89,llama-3-70b-8192,7213,1352.0
1,0,CWE-89,llama-3-70b-8192,9288,41.0
0,1,CWE-89,llama-3-70b-8192,7639,7072.0
1,0,CWE-89,llama-3-70b-8192,11293,3328.0
1,0,CWE-89,llama-3-70b-8192,12806,10657.0
0,1,CWE-89,llama-3-70b-8192,12549,4389.0
0,1,CWE-89,llama-3-70b-8192,8543,5773.0
0,1,CWE-89,llama-3-70b-8192,9378,5039.0
0,1,CWE-89,llama-3-70b-8192,8902,1786.0
0,1,CWE-89,llama-3-70b-8192,9911,12.0
0,1,CWE-89,llama-3-70b-8192,6089,1862.0
0,1,CWE-89,llama-3-70b-8192,14292,8491.0
1,0,CWE-89,llama-3-70b-8192,10055,161.0
1,0,CWE-89,llama-3-70b-8192,7972,1329.0
0,1,CWE-89,llama-3-70b-8192,18232,275.0
1,0,CWE-89,llama-3-70b-8192,7628,3945.0
0,1,CWE-89,llama-3-70b-8192,12190,2666.0
1,0,CWE-89,llama-3-70b-8192,14941,5771.0
0,1,CWE-89,llama-3-70b-8192,17419,4271.0
0,1,CWE-89,llama-3-70b-8192,21818,6290.0
0,1,CWE-89,llama-3-70b-8192,14644,6634.0
0,1,CWE-89,llama-3-70b-8192,14500,7798.0
1,0,CWE-89,llama-3-70b-8192,11226,5372.0
1,0,CWE-89,llama-3-70b-8192,10301,246.0
1,0,CWE-89,llama-3-70b-8192,15060,944.0
0,1,CWE-89,llama-3-70b-8192,12936,4824.0
0,1,CWE-89,llama-3-70b-8192,12371,874.0
0,1,CWE-89,llama-3-70b-8192,19266,16698.0
0,1,CWE-89,llama-3-70b-8192,25768,7207.0
0,1,CWE-89,llama-3-70b-8192,22558,20622.0
1,0,CWE-89,llama-3-70b-8192,24733,1545.0
0,1,CWE-89,llama-3-70b-8192,27612,17491.0
1,0,CWE-89,llama-3-70b-8192,23528,1694.0
0,1,CWE-89,llama-3-70b-8192,24043,2485.0
0,1,CWE-89,llama-3-70b-8192,26763,14295.0
0,1,CWE-89,llama-3-70b-8192,25289,11118.0
0,1,CWE-89,llama-3-70b-8192,30192,25252.0
1,0,CWE-89,llama-3-70b-8192,37767,15137.0
0,1,CWE-89,llama-3-70b-8192,21874,16633.0
0,1,CWE-89,llama-3-70b-8192,25033,16158.0
0,1,CWE-89,llama-3-70b-8192,31977,27516.0
0,1,CWE-89,llama-3-70b-8192,26678,23625.0
0,1,CWE-89,llama-3-70b-8192,21618,2497.0
1,0,CWE-89,llama-3-70b-8192,36046,25.0
0,1,CWE-89,llama-3-70b-8192,26269,16786.0
0,1,CWE-89,llama-3-70b-8192,26434,2905.0
0,1,CWE-79,llama-3-70b-8192,107,5.0
0,1,CWE-79,llama-3-70b-8192,108,5.0
0,1,CWE-79,llama-3-70b-8192,691,504.0
1,0,CWE-79,llama-3-70b-8192,269,28.0
1,0,CWE-79,llama-3-70b-8192,311,58.0
1,0,CWE-79,llama-3-70b-8192,558,237.0
0,1,CWE-79,llama-3-70b-8192,709,513.0
1,0,CWE-79,llama-3-70b-8192,733,95.0
0,1,CWE-79,llama-3-70b-8192,226,61.0
0,1,CWE-79,llama-3-70b-8192,631,401.0
0,1,CWE-79,llama-3-70b-8192,685,295.0
0,1,CWE-79,llama-3-70b-8192,814,6.0
1,0,CWE-79,llama-3-70b-8192,802,31.0
0,1,CWE-79,llama-3-70b-8192,1171,1071.0
1,0,CWE-79,llama-3-70b-8192,1037,710.0
0,1,CWE-79,llama-3-70b-8192,715,56.0
1,0,CWE-79,llama-3-70b-8192,1024,881.0
1,0,CWE-79,llama-3-70b-8192,913,80.0
0,1,CWE-79,llama-3-70b-8192,932,830.0
0,1,CWE-79,llama-3-70b-8192,1245,48.0
0,1,CWE-79,llama-3-70b-8192,852,405.0
1,0,CWE-79,llama-3-70b-8192,1139,724.0
1,0,CWE-79,llama-3-70b-8192,1344,657.0
1,0,CWE-79,llama-3-70b-8192,1232,8.0
0,1,CWE-79,llama-3-70b-8192,1331,38.0
0,1,CWE-79,llama-3-70b-8192,1064,1034.0
1,0,CWE-79,llama-3-70b-8192,903,285.0
1,0,CWE-79,llama-3-70b-8192,1311,656.0
1,0,CWE-79,llama-3-70b-8192,1218,724.0
1,0,CWE-79,llama-3-70b-8192,1656,1069.0
0,1,CWE-79,llama-3-70b-8192,1544,698.0
0,1,CWE-79,llama-3-70b-8192,1326,639.0
0,1,CWE-79,llama-3-70b-8192,1160,1134.0
0,1,CWE-79,llama-3-70b-8192,1542,382.0
1,0,CWE-79,llama-3-70b-8192,1654,1007.0
1,0,CWE-79,llama-3-70b-8192,1022,50.0
0,1,CWE-79,llama-3-70b-8192,1752,1097.0
0,1,CWE-79,llama-3-70b-8192,1555,1250.0
1,0,CWE-79,llama-3-70b-8192,1671,5.0
1,0,CWE-79,llama-3-70b-8192,1551,949.0
0,1,CWE-79,llama-3-70b-8192,1438,695.0
1,0,CWE-79,llama-3-70b-8192,1855,275.0
0,1,CWE-79,llama-3-70b-8192,1595,402.0
1,0,CWE-79,llama-3-70b-8192,1760,1502.0
0,1,CWE-79,llama-3-70b-8192,1780,1538.0
1,0,CWE-79,llama-3-70b-8192,1945,1735.0
0,1,CWE-79,llama-3-70b-8192,1671,101.0
0,1,CWE-79,llama-3-70b-8192,1239,261.0
0,1,CWE-79,llama-3-70b-8192,1699,864.0
1,0,CWE-79,llama-3-70b-8192,1432,359.0
0,1,CWE-79,llama-3-70b-8192,1758,39.0
0,1,CWE-79,llama-3-70b-8192,1912,1647.0
0,1,CWE-79,llama-3-70b-8192,1761,528.0
1,0,CWE-79,llama-3-70b-8192,1913,1070.0
0,1,CWE-79,llama-3-70b-8192,1647,1053.0
0,1,CWE-79,llama-3-70b-8192,1855,29.0
0,1,CWE-79,llama-3-70b-8192,1820,342.0
0,1,CWE-79,llama-3-70b-8192,1882,1226.0
1,0,CWE-79,llama-3-70b-8192,1778,330.0
0,1,CWE-79,llama-3-70b-8192,1914,950.0
0,1,CWE-79,llama-3-70b-8192,2959,866.0
0,1,CWE-79,llama-3-70b-8192,1924,744.0
1,0,CWE-79,llama-3-70b-8192,1931,111.0
1,0,CWE-79,llama-3-70b-8192,2070,898.0
1,0,CWE-79,llama-3-70b-8192,1713,18.0
0,1,CWE-79,llama-3-70b-8192,2001,690.0
0,1,CWE-79,llama-3-70b-8192,2110,2.0
0,1,CWE-79,llama-3-70b-8192,2634,1776.0
1,0,CWE-79,llama-3-70b-8192,2055,680.0
1,0,CWE-79,llama-3-70b-8192,1561,546.0
0,1,CWE-79,llama-3-70b-8192,2817,1048.0
0,1,CWE-79,llama-3-70b-8192,2033,1097.0
0,1,CWE-79,llama-3-70b-8192,2440,31.0
1,0,CWE-79,llama-3-70b-8192,2867,1946.0
1,0,CWE-79,llama-3-70b-8192,2917,2464.0
0,1,CWE-79,llama-3-70b-8192,2813,2590.0
0,1,CWE-79,llama-3-70b-8192,2743,1804.0
0,1,CWE-79,llama-3-70b-8192,2877,1930.0
0,1,CWE-79,llama-3-70b-8192,3099,151.0
0,1,CWE-79,llama-3-70b-8192,2448,2293.0
1,0,CWE-79,llama-3-70b-8192,2037,135.0
0,1,CWE-79,llama-3-70b-8192,3273,2245.0
1,0,CWE-79,llama-3-70b-8192,2033,554.0
0,1,CWE-79,llama-3-70b-8192,2921,1494.0
0,1,CWE-79,llama-3-70b-8192,2673,614.0
0,1,CWE-79,llama-3-70b-8192,2611,672.0
0,1,CWE-79,llama-3-70b-8192,2503,2047.0
1,0,CWE-79,llama-3-70b-8192,3437,1636.0
0,1,CWE-79,llama-3-70b-8192,2934,796.0
0,1,CWE-79,llama-3-70b-8192,4439,4011.0
1,0,CWE-79,llama-3-70b-8192,3597,2517.0
0,1,CWE-79,llama-3-70b-8192,2948,917.0
0,1,CWE-79,llama-3-70b-8192,3578,1794.0
0,1,CWE-79,llama-3-70b-8192,2532,335.0
0,1,CWE-79,llama-3-70b-8192,3405,493.0
1,0,CWE-79,llama-3-70b-8192,3883,99.0
0,1,CWE-79,llama-3-70b-8192,2854,537.0
0,1,CWE-79,llama-3-70b-8192,3487,1129.0
0,1,CWE-79,llama-3-70b-8192,3495,5.0
1,0,CWE-79,llama-3-70b-8192,3430,2315.0
0,1,CWE-79,llama-3-70b-8192,3665,2536.0
0,1,CWE-79,llama-3-70b-8192,4604,188.0
0,1,CWE-79,llama-3-70b-8192,3307,1695.0
0,1,CWE-79,llama-3-70b-8192,3297,36.0
1,0,CWE-79,llama-3-70b-8192,3734,52.0
0,1,CWE-79,llama-3-70b-8192,2813,1067.0
0,1,CWE-79,llama-3-70b-8192,3959,1088.0
0,1,CWE-79,llama-3-70b-8192,2901,308.0
0,1,CWE-79,llama-3-70b-8192,3761,2572.0
0,1,CWE-79,llama-3-70b-8192,3368,268.0
1,0,CWE-79,llama-3-70b-8192,3010,2205.0
1,0,CWE-79,llama-3-70b-8192,3431,780.0
0,1,CWE-79,llama-3-70b-8192,2603,338.0
1,0,CWE-79,llama-3-70b-8192,3469,792.0
0,1,CWE-79,llama-3-70b-8192,4439,325.0
0,1,CWE-79,llama-3-70b-8192,3289,56.0
1,0,CWE-79,llama-3-70b-8192,3821,3025.0
1,0,CWE-79,llama-3-70b-8192,3498,2707.0
1,0,CWE-79,llama-3-70b-8192,4431,3180.0
1,0,CWE-79,llama-3-70b-8192,3538,636.0
0,1,CWE-79,llama-3-70b-8192,3802,224.0
0,1,CWE-79,llama-3-70b-8192,2620,574.0
0,1,CWE-79,llama-3-70b-8192,3995,3508.0
0,1,CWE-79,llama-3-70b-8192,3411,1737.0
0,1,CWE-79,llama-3-70b-8192,3051,5.0
0,1,CWE-79,llama-3-70b-8192,4066,2547.0
0,1,CWE-79,llama-3-70b-8192,3623,2631.0
0,1,CWE-79,llama-3-70b-8192,3184,6.0
0,1,CWE-79,llama-3-70b-8192,4187,1863.0
1,0,CWE-79,llama-3-70b-8192,3984,1363.0
0,1,CWE-79,llama-3-70b-8192,4606,2592.0
1,0,CWE-79,llama-3-70b-8192,4778,582.0
1,0,CWE-79,llama-3-70b-8192,4414,3330.0
0,1,CWE-79,llama-3-70b-8192,2896,551.0
1,0,CWE-79,llama-3-70b-8192,4680,3696.0
0,1,CWE-79,llama-3-70b-8192,4411,38.0
0,1,CWE-79,llama-3-70b-8192,5045,888.0
1,0,CWE-79,llama-3-70b-8192,3674,1684.0
0,1,CWE-79,llama-3-70b-8192,3119,1885.0
0,1,CWE-79,llama-3-70b-8192,4594,32.0
0,1,CWE-79,llama-3-70b-8192,5998,2811.0
0,1,CWE-79,llama-3-70b-8192,4292,975.0
1,0,CWE-79,llama-3-70b-8192,4266,537.0
0,1,CWE-79,llama-3-70b-8192,3817,40.0
0,1,CWE-79,llama-3-70b-8192,3235,2739.0
0,1,CWE-79,llama-3-70b-8192,4401,1669.0
0,1,CWE-79,llama-3-70b-8192,4948,1799.0
0,1,CWE-79,llama-3-70b-8192,4200,1727.0
0,1,CWE-79,llama-3-70b-8192,4376,685.0
0,1,CWE-79,llama-3-70b-8192,5041,13.0
1,0,CWE-79,llama-3-70b-8192,4923,1665.0
0,1,CWE-79,llama-3-70b-8192,6463,550.0
0,1,CWE-79,llama-3-70b-8192,5316,3815.0
0,1,CWE-79,llama-3-70b-8192,4416,3015.0
1,0,CWE-79,llama-3-70b-8192,4201,1260.0
1,0,CWE-79,llama-3-70b-8192,1600,35.0
0,1,CWE-79,llama-3-70b-8192,3910,1460.0
1,0,CWE-79,llama-3-70b-8192,3732,611.0
1,0,CWE-79,llama-3-70b-8192,2542,1950.0
1,0,CWE-79,llama-3-70b-8192,3376,482.0
0,1,CWE-79,llama-3-70b-8192,2205,39.0
0,1,CWE-79,llama-3-70b-8192,2412,1430.0
0,1,CWE-79,llama-3-70b-8192,3845,5.0
1,0,CWE-79,llama-3-70b-8192,3334,412.0
0,1,CWE-79,llama-3-70b-8192,1547,517.0
0,1,CWE-79,llama-3-70b-8192,4698,2864.0
1,0,CWE-79,llama-3-70b-8192,4397,3158.0
0,1,CWE-79,llama-3-70b-8192,4667,3221.0
1,0,CWE-79,llama-3-70b-8192,3960,1051.0
0,1,CWE-79,llama-3-70b-8192,4135,2306.0
0,1,CWE-79,llama-3-70b-8192,4770,385.0
0,1,CWE-79,llama-3-70b-8192,3414,550.0
0,1,CWE-79,llama-3-70b-8192,4882,3056.0
1,0,CWE-79,llama-3-70b-8192,4458,3197.0
0,1,CWE-79,llama-3-70b-8192,5502,2976.0
0,1,CWE-79,llama-3-70b-8192,3634,3238.0
1,0,CWE-79,llama-3-70b-8192,4919,682.0
0,1,CWE-79,llama-3-70b-8192,5203,4480.0
1,0,CWE-79,llama-3-70b-8192,5586,2941.0
1,0,CWE-79,llama-3-70b-8192,5983,1939.0
0,1,CWE-79,llama-3-70b-8192,5349,30.0
0,1,CWE-79,llama-3-70b-8192,5349,4624.0
0,1,CWE-79,llama-3-70b-8192,5259,1122.0
1,0,CWE-79,llama-3-70b-8192,5576,3230.0
0,1,CWE-79,llama-3-70b-8192,5775,919.0
0,1,CWE-79,llama-3-70b-8192,5347,3198.0
1,0,CWE-79,llama-3-70b-8192,4338,3488.0
0,1,CWE-79,llama-3-70b-8192,5458,4158.0
0,1,CWE-79,llama-3-70b-8192,4393,1052.0
0,1,CWE-79,llama-3-70b-8192,4698,1027.0
1,0,CWE-79,llama-3-70b-8192,6164,2130.0
0,1,CWE-79,llama-3-70b-8192,4330,286.0
0,1,CWE-79,llama-3-70b-8192,5458,4001.0
0,1,CWE-79,llama-3-70b-8192,5721,2473.0
0,1,CWE-79,llama-3-70b-8192,5582,97.0
1,0,CWE-79,llama-3-70b-8192,5758,89.0
0,1,CWE-79,llama-3-70b-8192,4978,980.0
0,1,CWE-79,llama-3-70b-8192,5921,560.0
0,1,CWE-79,llama-3-70b-8192,3798,758.0
1,0,CWE-79,llama-3-70b-8192,5108,1161.0
0,1,CWE-79,llama-3-70b-8192,4516,332.0
0,1,CWE-79,llama-3-70b-8192,6470,4742.0
1,0,CWE-79,llama-3-70b-8192,6435,491.0
0,1,CWE-79,llama-3-70b-8192,6758,1921.0
0,1,CWE-79,llama-3-70b-8192,6140,2525.0
1,0,CWE-79,llama-3-70b-8192,4534,2402.0
0,1,CWE-79,llama-3-70b-8192,4562,1102.0
0,1,CWE-79,llama-3-70b-8192,5862,1939.0
0,1,CWE-79,llama-3-70b-8192,6785,3221.0
1,0,CWE-79,llama-3-70b-8192,5121,1055.0
0,1,CWE-79,llama-3-70b-8192,6378,1785.0
1,0,CWE-79,llama-3-70b-8192,5158,2462.0
1,0,CWE-79,llama-3-70b-8192,7080,3001.0
0,1,CWE-79,llama-3-70b-8192,4951,3744.0
1,0,CWE-79,llama-3-70b-8192,7255,1363.0
0,1,CWE-79,llama-3-70b-8192,4355,3283.0
0,1,CWE-79,llama-3-70b-8192,6429,2579.0
0,1,CWE-79,llama-3-70b-8192,5477,533.0
0,1,CWE-79,llama-3-70b-8192,7009,4070.0
0,1,CWE-79,llama-3-70b-8192,4972,4819.0
0,1,CWE-79,llama-3-70b-8192,6501,2701.0
0,1,CWE-79,llama-3-70b-8192,7012,5024.0
0,1,CWE-79,llama-3-70b-8192,5316,1989.0
0,1,CWE-79,llama-3-70b-8192,7800,6631.0
1,0,CWE-79,llama-3-70b-8192,7095,3668.0
0,1,CWE-79,llama-3-70b-8192,9021,1915.0
0,1,CWE-79,llama-3-70b-8192,7495,3642.0
1,0,CWE-79,llama-3-70b-8192,6885,1516.0
0,1,CWE-79,llama-3-70b-8192,7987,2155.0
0,1,CWE-79,llama-3-70b-8192,7438,3727.0
0,1,CWE-79,llama-3-70b-8192,5404,1250.0
0,1,CWE-79,llama-3-70b-8192,5048,4682.0
0,1,CWE-79,llama-3-70b-8192,7033,609.0
0,1,CWE-79,llama-3-70b-8192,8250,960.0
1,0,CWE-79,llama-3-70b-8192,7297,6688.0
0,1,CWE-79,llama-3-70b-8192,5254,4333.0
0,1,CWE-79,llama-3-70b-8192,5253,4550.0
1,0,CWE-79,llama-3-70b-8192,7440,4733.0
0,1,CWE-79,llama-3-70b-8192,7674,3379.0
0,1,CWE-79,llama-3-70b-8192,6019,3322.0
0,1,CWE-79,llama-3-70b-8192,7928,2710.0
0,1,CWE-79,llama-3-70b-8192,4492,1690.0
0,1,CWE-79,llama-3-70b-8192,6938,579.0
0,1,CWE-79,llama-3-70b-8192,5493,1546.0
0,1,CWE-79,llama-3-70b-8192,6049,537.0
0,1,CWE-79,llama-3-70b-8192,6274,3051.0
0,1,CWE-79,llama-3-70b-8192,6293,3857.0
0,1,CWE-79,llama-3-70b-8192,7864,1988.0
0,1,CWE-79,llama-3-70b-8192,8697,5705.0
0,1,CWE-79,llama-3-70b-8192,6148,537.0
1,0,CWE-79,llama-3-70b-8192,8654,3128.0
0,1,CWE-79,llama-3-70b-8192,5481,1550.0
0,1,CWE-79,llama-3-70b-8192,8308,6879.0
0,1,CWE-79,llama-3-70b-8192,8296,6449.0
0,1,CWE-79,llama-3-70b-8192,8324,6359.0
1,0,CWE-79,llama-3-70b-8192,8656,6276.0
0,1,CWE-79,llama-3-70b-8192,5491,1560.0
0,1,CWE-79,llama-3-70b-8192,8491,4518.0
0,1,CWE-79,llama-3-70b-8192,5510,1581.0
0,1,CWE-79,llama-3-70b-8192,6308,3717.0
0,1,CWE-79,llama-3-70b-8192,6151,1535.0
1,0,CWE-79,llama-3-70b-8192,7147,5224.0
0,1,CWE-79,llama-3-70b-8192,8527,145.0
0,1,CWE-79,llama-3-70b-8192,9928,7108.0
0,1,CWE-79,llama-3-70b-8192,8818,8516.0
0,1,CWE-79,llama-3-70b-8192,9376,819.0
0,1,CWE-79,llama-3-70b-8192,10383,4777.0
1,0,CWE-79,llama-3-70b-8192,10338,9070.0
0,1,CWE-79,llama-3-70b-8192,8750,6992.0
0,1,CWE-79,llama-3-70b-8192,8922,7825.0
0,1,CWE-79,llama-3-70b-8192,8848,8072.0
0,1,CWE-79,llama-3-70b-8192,8821,6225.0
0,1,CWE-79,llama-3-70b-8192,6468,1052.0
0,1,CWE-79,llama-3-70b-8192,9577,1210.0
1,0,CWE-79,llama-3-70b-8192,9294,1718.0
0,1,CWE-79,llama-3-70b-8192,8998,1924.0
0,1,CWE-79,llama-3-70b-8192,9214,4887.0
1,0,CWE-79,llama-3-70b-8192,5985,4127.0
0,1,CWE-79,llama-3-70b-8192,9183,447.0
0,1,CWE-79,llama-3-70b-8192,6599,537.0
0,1,CWE-79,llama-3-70b-8192,9059,1588.0
0,1,CWE-79,llama-3-70b-8192,9798,9305.0
0,1,CWE-79,llama-3-70b-8192,9753,985.0
0,1,CWE-79,llama-3-70b-8192,11462,8103.0
0,1,CWE-79,llama-3-70b-8192,9025,5486.0
0,1,CWE-79,llama-3-70b-8192,10002,11.0
0,1,CWE-79,llama-3-70b-8192,9784,8184.0
1,0,CWE-79,llama-3-70b-8192,6912,2892.0
0,1,CWE-79,llama-3-70b-8192,9769,4874.0
0,1,CWE-79,llama-3-70b-8192,7983,1721.0
0,1,CWE-79,llama-3-70b-8192,9836,5.0
0,1,CWE-79,llama-3-70b-8192,9103,8877.0
1,0,CWE-79,llama-3-70b-8192,8120,7606.0
0,1,CWE-79,llama-3-70b-8192,9247,562.0
0,1,CWE-79,llama-3-70b-8192,11710,3008.0
1,0,CWE-79,llama-3-70b-8192,11004,883.0
1,0,CWE-79,llama-3-70b-8192,10727,309.0
0,1,CWE-79,llama-3-70b-8192,9014,1518.0
0,1,CWE-79,llama-3-70b-8192,9997,2081.0
0,1,CWE-79,llama-3-70b-8192,11004,4507.0
0,1,CWE-79,llama-3-70b-8192,12018,433.0
0,1,CWE-79,llama-3-70b-8192,9571,8113.0
0,1,CWE-79,llama-3-70b-8192,10883,6988.0
1,0,CWE-79,llama-3-70b-8192,11468,971.0
0,1,CWE-79,llama-3-70b-8192,7781,2558.0
1,0,CWE-79,llama-3-70b-8192,10678,322.0
0,1,CWE-79,llama-3-70b-8192,7717,961.0
0,1,CWE-79,llama-3-70b-8192,11019,2683.0
0,1,CWE-79,llama-3-70b-8192,10940,1979.0
0,1,CWE-79,llama-3-70b-8192,8239,3092.0
1,0,CWE-79,llama-3-70b-8192,7928,4380.0
0,1,CWE-79,llama-3-70b-8192,11481,4104.0
0,1,CWE-79,llama-3-70b-8192,11497,9015.0
0,1,CWE-79,llama-3-70b-8192,11453,734.0
0,1,CWE-79,llama-3-70b-8192,12639,1845.0
0,1,CWE-79,llama-3-70b-8192,10388,83.0
0,1,CWE-79,llama-3-70b-8192,7380,3935.0
0,1,CWE-79,llama-3-70b-8192,9779,9181.0
0,1,CWE-79,llama-3-70b-8192,11693,267.0
0,1,CWE-79,llama-3-70b-8192,9601,66.0
0,1,CWE-79,llama-3-70b-8192,11916,5531.0
1,0,CWE-79,llama-3-70b-8192,10095,1112.0
0,1,CWE-79,llama-3-70b-8192,11732,7697.0
0,1,CWE-79,llama-3-70b-8192,12080,9635.0
1,0,CWE-79,llama-3-70b-8192,10423,3511.0
0,1,CWE-79,llama-3-70b-8192,12354,2775.0
0,1,CWE-79,llama-3-70b-8192,12429,1023.0
0,1,CWE-79,llama-3-70b-8192,12605,8244.0
1,0,CWE-79,llama-3-70b-8192,11558,10917.0
0,1,CWE-79,llama-3-70b-8192,9248,4503.0
0,1,CWE-79,llama-3-70b-8192,9908,7173.0
1,0,CWE-79,llama-3-70b-8192,11982,856.0
0,1,CWE-79,llama-3-70b-8192,12624,2315.0
0,1,CWE-79,llama-3-70b-8192,11580,241.0
0,1,CWE-79,llama-3-70b-8192,10998,9900.0
0,1,CWE-79,llama-3-70b-8192,15057,600.0
0,1,CWE-79,llama-3-70b-8192,13369,5538.0
0,1,CWE-79,llama-3-70b-8192,9149,3126.0
0,1,CWE-79,llama-3-70b-8192,9744,1367.0
0,1,CWE-79,llama-3-70b-8192,12648,6248.0
0,1,CWE-79,llama-3-70b-8192,13653,1131.0
1,0,CWE-79,llama-3-70b-8192,12637,3312.0
0,1,CWE-79,llama-3-70b-8192,11569,9154.0
0,1,CWE-79,llama-3-70b-8192,13413,1182.0
0,1,CWE-79,llama-3-70b-8192,14432,719.0
0,1,CWE-79,llama-3-70b-8192,15809,9600.0
0,1,CWE-79,llama-3-70b-8192,14984,14646.0
1,0,CWE-79,llama-3-70b-8192,10820,710.0
0,1,CWE-79,llama-3-70b-8192,15207,3640.0
0,1,CWE-79,llama-3-70b-8192,10550,65.0
0,1,CWE-79,llama-3-70b-8192,13894,9137.0
0,1,CWE-79,llama-3-70b-8192,14160,10916.0
1,0,CWE-79,llama-3-70b-8192,10139,7736.0
0,1,CWE-79,llama-3-70b-8192,15105,9592.0
1,0,CWE-79,llama-3-70b-8192,16127,10173.0
1,0,CWE-79,llama-3-70b-8192,16527,4603.0
0,1,CWE-79,llama-3-70b-8192,12730,44.0
0,1,CWE-79,llama-3-70b-8192,12933,1296.0
0,1,CWE-79,llama-3-70b-8192,13553,5786.0
0,1,CWE-79,llama-3-70b-8192,15038,465.0
0,1,CWE-79,llama-3-70b-8192,8950,8823.0
0,1,CWE-79,llama-3-70b-8192,8910,8705.0
0,1,CWE-79,llama-3-70b-8192,8871,8744.0
0,1,CWE-79,llama-3-70b-8192,9109,2038.0
0,1,CWE-79,llama-3-70b-8192,16733,3388.0
0,1,CWE-79,llama-3-70b-8192,9035,8898.0
0,1,CWE-79,llama-3-70b-8192,8993,8859.0
0,1,CWE-79,llama-3-70b-8192,15722,12723.0
0,1,CWE-79,llama-3-70b-8192,13080,3439.0
0,1,CWE-79,llama-3-70b-8192,15088,2026.0
0,1,CWE-79,llama-3-70b-8192,9192,9061.0
0,1,CWE-79,llama-3-70b-8192,9273,9139.0
0,1,CWE-79,llama-3-70b-8192,14700,1176.0
0,1,CWE-79,llama-3-70b-8192,11549,45.0
0,1,CWE-79,llama-3-70b-8192,14724,11322.0
1,0,CWE-79,llama-3-70b-8192,14619,1979.0
0,1,CWE-79,llama-3-70b-8192,13820,13271.0
0,1,CWE-79,llama-3-70b-8192,17278,9968.0
1,0,CWE-79,llama-3-70b-8192,10086,5571.0
0,1,CWE-79,llama-3-70b-8192,11178,7715.0
0,1,CWE-79,llama-3-70b-8192,16518,7058.0
0,1,CWE-79,llama-3-70b-8192,14324,60.0
0,1,CWE-79,llama-3-70b-8192,18419,1685.0
0,1,CWE-79,llama-3-70b-8192,18543,11217.0
0,1,CWE-79,llama-3-70b-8192,18984,1014.0
0,1,CWE-79,llama-3-70b-8192,16460,745.0
0,1,CWE-79,llama-3-70b-8192,16549,3144.0
1,0,CWE-79,llama-3-70b-8192,17445,4175.0
0,1,CWE-79,llama-3-70b-8192,10056,9419.0
1,0,CWE-79,llama-3-70b-8192,20955,444.0
0,1,CWE-79,llama-3-70b-8192,10078,9671.0
0,1,CWE-79,llama-3-70b-8192,12686,11295.0
0,1,CWE-79,llama-3-70b-8192,10072,9443.0
0,1,CWE-79,llama-3-70b-8192,16719,9.0
0,1,CWE-79,llama-3-70b-8192,12577,2233.0
0,1,CWE-79,llama-3-70b-8192,17261,6378.0
0,1,CWE-79,llama-3-70b-8192,18125,4810.0
0,1,CWE-79,llama-3-70b-8192,19325,2768.0
1,0,CWE-79,llama-3-70b-8192,15973,4224.0
0,1,CWE-79,llama-3-70b-8192,13300,2050.0
0,1,CWE-79,llama-3-70b-8192,20386,3243.0
0,1,CWE-79,llama-3-70b-8192,13044,1101.0
0,1,CWE-79,llama-3-70b-8192,17994,347.0
1,0,CWE-79,llama-3-70b-8192,18484,188.0
1,0,CWE-79,llama-3-70b-8192,17680,2928.0
0,1,CWE-79,llama-3-70b-8192,20454,19271.0
0,1,CWE-79,llama-3-70b-8192,18660,14725.0
0,1,CWE-79,llama-3-70b-8192,17895,7799.0
0,1,CWE-79,llama-3-70b-8192,17558,15862.0
0,1,CWE-79,llama-3-70b-8192,17556,6854.0
0,1,CWE-79,llama-3-70b-8192,20137,651.0
0,1,CWE-79,llama-3-70b-8192,13594,1719.0
0,1,CWE-79,llama-3-70b-8192,17734,295.0
0,1,CWE-79,llama-3-70b-8192,24352,19409.0
0,1,CWE-79,llama-3-70b-8192,14007,7444.0
0,1,CWE-79,llama-3-70b-8192,13532,3856.0
0,1,CWE-79,llama-3-70b-8192,19812,2741.0
0,1,CWE-79,llama-3-70b-8192,20641,16350.0
0,1,CWE-79,llama-3-70b-8192,18773,18340.0
1,0,CWE-79,llama-3-70b-8192,18440,9455.0
0,1,CWE-79,llama-3-70b-8192,21330,4761.0
0,1,CWE-79,llama-3-70b-8192,20251,2774.0
0,1,CWE-79,llama-3-70b-8192,21186,6488.0
0,1,CWE-79,llama-3-70b-8192,24486,2724.0
0,1,CWE-79,llama-3-70b-8192,20595,10037.0
0,1,CWE-79,llama-3-70b-8192,20924,18717.0
0,1,CWE-79,llama-3-70b-8192,21360,3758.0
0,1,CWE-79,llama-3-70b-8192,25445,22398.0
0,1,CWE-79,llama-3-70b-8192,17005,13907.0
0,1,CWE-79,llama-3-70b-8192,15985,45.0
1,0,CWE-79,llama-3-70b-8192,14444,5644.0
0,1,CWE-79,llama-3-70b-8192,17384,9234.0
0,1,CWE-79,llama-3-70b-8192,15760,5320.0
0,1,CWE-79,llama-3-70b-8192,15941,13540.0
0,1,CWE-79,llama-3-70b-8192,15694,12205.0
0,1,CWE-79,llama-3-70b-8192,15720,12234.0
0,1,CWE-79,llama-3-70b-8192,26677,11458.0
0,1,CWE-79,llama-3-70b-8192,19589,8640.0
0,1,CWE-79,llama-3-70b-8192,20189,409.0
0,1,CWE-79,llama-3-70b-8192,25016,3677.0
0,1,CWE-79,llama-3-70b-8192,21281,3522.0
0,1,CWE-79,llama-3-70b-8192,24420,8976.0
0,1,CWE-79,llama-3-70b-8192,16639,1325.0
0,1,CWE-79,llama-3-70b-8192,18923,16003.0
0,1,CWE-79,llama-3-70b-8192,23767,20069.0
0,1,CWE-79,llama-3-70b-8192,28412,10444.0
0,1,CWE-79,llama-3-70b-8192,20606,16599.0
1,0,CWE-79,llama-3-70b-8192,19703,17365.0
0,1,CWE-79,llama-3-70b-8192,18722,18610.0
0,1,CWE-79,llama-3-70b-8192,23350,13520.0
0,1,CWE-79,llama-3-70b-8192,27041,11206.0
0,1,CWE-79,llama-3-70b-8192,19966,7784.0
1,0,CWE-79,llama-3-70b-8192,25543,8719.0
0,1,CWE-79,llama-3-70b-8192,26363,128.0
0,1,CWE-79,llama-3-70b-8192,22618,21825.0
0,1,CWE-79,llama-3-70b-8192,22223,9765.0
1,0,CWE-79,llama-3-70b-8192,23700,599.0
0,1,CWE-79,llama-3-70b-8192,20235,5739.0
0,1,CWE-79,llama-3-70b-8192,18771,12928.0
0,1,CWE-79,llama-3-70b-8192,24045,21156.0
0,1,CWE-79,llama-3-70b-8192,20380,537.0
0,1,CWE-79,llama-3-70b-8192,22925,15828.0
0,1,CWE-79,llama-3-70b-8192,18873,2574.0
0,1,CWE-79,llama-3-70b-8192,28908,8366.0
0,1,CWE-79,llama-3-70b-8192,20767,19618.0
0,1,CWE-79,llama-3-70b-8192,21266,6723.0
0,1,CWE-79,llama-3-70b-8192,21866,4163.0
0,1,CWE-79,llama-3-70b-8192,22177,22012.0
0,1,CWE-79,llama-3-70b-8192,28450,13554.0
0,1,CWE-79,llama-3-70b-8192,30757,6730.0
0,1,CWE-79,llama-3-70b-8192,19879,12901.0
0,1,CWE-79,llama-3-70b-8192,21081,3799.0
0,1,CWE-79,llama-3-70b-8192,28527,21692.0
0,1,CWE-79,llama-3-70b-8192,27565,2958.0
0,1,CWE-79,llama-3-70b-8192,22097,20970.0
0,1,CWE-79,llama-3-70b-8192,21762,16656.0
0,1,CWE-79,llama-3-70b-8192,18932,2590.0
0,1,CWE-79,llama-3-70b-8192,34685,518.0
0,1,CWE-79,llama-3-70b-8192,34420,19182.0
0,1,CWE-79,llama-3-70b-8192,27441,22484.0
0,1,CWE-79,llama-3-70b-8192,33598,1510.0
0,1,CWE-79,llama-3-70b-8192,34481,32415.0
0,1,CWE-79,llama-3-70b-8192,24925,5.0
0,1,CWE-79,llama-3-70b-8192,22360,1164.0
0,1,CWE-79,llama-3-70b-8192,22809,7729.0
0,1,CWE-79,llama-3-70b-8192,22770,22117.0
0,1,CWE-79,llama-3-70b-8192,38103,4188.0
0,1,CWE-79,llama-3-70b-8192,33004,4109.0
0,1,CWE-79,llama-3-70b-8192,25148,1246.0
0,1,CWE-79,llama-3-70b-8192,28731,1513.0
1,0,CWE-79,llama-3-70b-8192,26644,9994.0
0,1,CWE-79,llama-3-70b-8192,25269,1430.0
1,0,CWE-22,gpt-3.5-turbo,1084,390.0
1,0,CWE-22,gpt-3.5-turbo,1480,33.0
1,0,CWE-22,gpt-3.5-turbo,1744,365.0
0,1,CWE-22,gpt-3.5-turbo,1455,515.0
0,1,CWE-22,gpt-3.5-turbo,1317,289.0
1,0,CWE-22,gpt-3.5-turbo,1572,1216.0
1,0,CWE-22,gpt-3.5-turbo,2024,1659.0
1,0,CWE-22,gpt-3.5-turbo,1392,61.0
1,0,CWE-22,gpt-3.5-turbo,2557,1452.0
1,0,CWE-22,gpt-3.5-turbo,2271,1012.0
1,0,CWE-22,gpt-3.5-turbo,2492,998.0
1,0,CWE-22,gpt-3.5-turbo,2522,1084.0
1,0,CWE-22,gpt-3.5-turbo,2893,885.0
1,0,CWE-22,gpt-3.5-turbo,1983,6.0
1,0,CWE-22,gpt-3.5-turbo,2874,1921.0
1,0,CWE-22,gpt-3.5-turbo,3166,2012.0
1,0,CWE-22,gpt-3.5-turbo,3225,2034.0
1,0,CWE-22,gpt-3.5-turbo,2291,537.0
0,1,CWE-22,gpt-3.5-turbo,3363,626.0
1,0,CWE-22,gpt-3.5-turbo,2896,903.0
1,0,CWE-22,gpt-3.5-turbo,3216,893.0
1,0,CWE-22,gpt-3.5-turbo,2895,23.0
1,0,CWE-22,gpt-3.5-turbo,3009,1750.0
0,1,CWE-22,gpt-3.5-turbo,3712,602.0
1,0,CWE-22,gpt-3.5-turbo,3172,1040.0
0,1,CWE-22,gpt-3.5-turbo,4116,904.0
1,0,CWE-22,gpt-3.5-turbo,3891,1023.0
0,1,CWE-22,gpt-3.5-turbo,4504,1394.0
1,0,CWE-22,gpt-3.5-turbo,4338,3446.0
0,1,CWE-22,gpt-3.5-turbo,3843,2602.0
0,1,CWE-22,gpt-3.5-turbo,3715,124.0
1,0,CWE-22,gpt-3.5-turbo,4281,2595.0
0,1,CWE-22,gpt-3.5-turbo,4079,38.0
1,0,CWE-22,gpt-3.5-turbo,4021,258.0
0,1,CWE-22,gpt-3.5-turbo,3936,910.0
1,0,CWE-22,gpt-3.5-turbo,3795,2417.0
0,1,CWE-22,gpt-3.5-turbo,5220,970.0
0,1,CWE-22,gpt-3.5-turbo,3323,121.0
0,1,CWE-22,gpt-3.5-turbo,4193,824.0
0,1,CWE-22,gpt-3.5-turbo,6141,11.0
0,1,CWE-22,gpt-3.5-turbo,4498,2507.0
0,1,CWE-22,gpt-3.5-turbo,6185,972.0
0,1,CWE-22,gpt-3.5-turbo,5613,63.0
0,1,CWE-22,gpt-3.5-turbo,7534,1786.0
1,0,CWE-22,gpt-3.5-turbo,5636,2647.0
1,0,CWE-22,gpt-3.5-turbo,5068,4307.0
0,1,CWE-22,gpt-3.5-turbo,7655,3339.0
0,1,CWE-22,gpt-3.5-turbo,6903,6527.0
1,0,CWE-22,gpt-3.5-turbo,5927,1001.0
0,1,CWE-22,gpt-3.5-turbo,6640,5302.0
0,1,CWE-22,gpt-3.5-turbo,7739,627.0
0,1,CWE-22,gpt-3.5-turbo,9182,7738.0
0,1,CWE-22,gpt-3.5-turbo,8857,4833.0
1,0,CWE-22,gpt-3.5-turbo,6476,594.0
0,1,CWE-22,gpt-3.5-turbo,6218,410.0
0,1,CWE-22,gpt-3.5-turbo,8123,1122.0
0,1,CWE-22,gpt-3.5-turbo,7390,1017.0
1,0,CWE-22,gpt-3.5-turbo,6119,5546.0
1,0,CWE-22,gpt-3.5-turbo,7674,1598.0
0,1,CWE-22,gpt-3.5-turbo,7941,19.0
0,1,CWE-22,gpt-3.5-turbo,9382,38.0
0,1,CWE-22,gpt-3.5-turbo,9131,2636.0
0,1,CWE-22,gpt-3.5-turbo,8270,15.0
0,1,CWE-22,gpt-3.5-turbo,9872,5390.0
1,0,CWE-22,gpt-3.5-turbo,8296,2421.0
0,1,CWE-22,gpt-3.5-turbo,8752,99.0
1,0,CWE-22,gpt-3.5-turbo,9691,89.0
0,1,CWE-22,gpt-3.5-turbo,7784,1697.0
0,1,CWE-22,gpt-3.5-turbo,10135,8548.0
0,1,CWE-22,gpt-3.5-turbo,9686,7430.0
0,1,CWE-22,gpt-3.5-turbo,14588,7689.0
0,1,CWE-22,gpt-3.5-turbo,13008,5049.0
0,1,CWE-22,gpt-3.5-turbo,13284,3973.0
0,1,CWE-22,gpt-3.5-turbo,14482,13452.0
0,1,CWE-22,gpt-3.5-turbo,12530,17.0
0,1,CWE-22,gpt-3.5-turbo,14438,4146.0
0,1,CWE-22,gpt-3.5-turbo,14954,1272.0
0,1,CWE-22,gpt-3.5-turbo,18606,12101.0
0,1,CWE-22,gpt-3.5-turbo,10285,100.0
1,0,CWE-22,gpt-3.5-turbo,15615,708.0
0,1,CWE-22,gpt-3.5-turbo,17419,10838.0
0,1,CWE-22,gpt-3.5-turbo,18301,15814.0
0,1,CWE-22,gpt-3.5-turbo,14839,5688.0
0,1,CWE-22,gpt-3.5-turbo,15596,13463.0
0,1,CWE-22,gpt-3.5-turbo,17678,8449.0
0,1,CWE-22,gpt-3.5-turbo,19511,1782.0
1,0,CWE-22,gpt-3.5-turbo,17921,13573.0
0,1,CWE-22,gpt-3.5-turbo,20824,8768.0
0,1,CWE-22,gpt-3.5-turbo,14677,1063.0
0,1,CWE-22,gpt-3.5-turbo,18134,8704.0
1,0,CWE-22,gpt-3.5-turbo,20066,64.0
0,1,CWE-22,gpt-3.5-turbo,22777,1762.0
1,0,CWE-22,gpt-3.5-turbo,26015,5643.0
0,1,CWE-22,gpt-3.5-turbo,26010,586.0
0,1,CWE-22,gpt-3.5-turbo,27315,14184.0
0,1,CWE-22,gpt-3.5-turbo,29339,2352.0
0,1,CWE-22,gpt-3.5-turbo,23723,6278.0
0,1,CWE-22,gpt-3.5-turbo,24713,16209.0
1,0,CWE-22,gpt-3.5-turbo,23979,6.0
1,0,CWE-22,gpt-3.5-turbo,25101,2392.0
0,1,CWE-22,gpt-3.5-turbo,27944,1259.0
0,1,CWE-22,gpt-3.5-turbo,48203,13224.0
1,0,CWE-22,gpt-3.5-turbo,46638,4543.0
1,0,CWE-22,gpt-3.5-turbo,35627,8876.0
1,0,CWE-89,gpt-3.5-turbo,345,45.0
1,0,CWE-89,gpt-3.5-turbo,678,80.0
1,0,CWE-89,gpt-3.5-turbo,942,773.0
1,0,CWE-89,gpt-3.5-turbo,850,5.0
1,0,CWE-89,gpt-3.5-turbo,1303,162.0
0,1,CWE-89,gpt-3.5-turbo,1265,183.0
1,0,CWE-89,gpt-3.5-turbo,1254,58.0
1,0,CWE-89,gpt-3.5-turbo,1296,58.0
1,0,CWE-89,gpt-3.5-turbo,1548,1376.0
1,0,CWE-89,gpt-3.5-turbo,1415,264.0
1,0,CWE-89,gpt-3.5-turbo,1625,1284.0
1,0,CWE-89,gpt-3.5-turbo,1970,911.0
1,0,CWE-89,gpt-3.5-turbo,1673,320.0
1,0,CWE-89,gpt-3.5-turbo,1828,1302.0
1,0,CWE-89,gpt-3.5-turbo,1608,959.0
0,1,CWE-89,gpt-3.5-turbo,1357,77.0
0,1,CWE-89,gpt-3.5-turbo,1749,881.0
0,1,CWE-89,gpt-3.5-turbo,1872,1202.0
1,0,CWE-89,gpt-3.5-turbo,2198,143.0
1,0,CWE-89,gpt-3.5-turbo,1894,1086.0
0,1,CWE-89,gpt-3.5-turbo,1952,233.0
1,0,CWE-89,gpt-3.5-turbo,1792,300.0
1,0,CWE-89,gpt-3.5-turbo,2173,710.0
1,0,CWE-89,gpt-3.5-turbo,2117,1086.0
1,0,CWE-89,gpt-3.5-turbo,2106,335.0
1,0,CWE-89,gpt-3.5-turbo,1930,349.0
1,0,CWE-89,gpt-3.5-turbo,2987,1798.0
0,1,CWE-89,gpt-3.5-turbo,2705,1520.0
0,1,CWE-89,gpt-3.5-turbo,2504,417.0
1,0,CWE-89,gpt-3.5-turbo,2723,1546.0
1,0,CWE-89,gpt-3.5-turbo,2523,454.0
1,0,CWE-89,gpt-3.5-turbo,2768,815.0
1,0,CWE-89,gpt-3.5-turbo,2725,952.0
0,1,CWE-89,gpt-3.5-turbo,3476,1221.0
1,0,CWE-89,gpt-3.5-turbo,3995,15.0
0,1,CWE-89,gpt-3.5-turbo,3344,2284.0
1,0,CWE-89,gpt-3.5-turbo,4755,877.0
0,1,CWE-89,gpt-3.5-turbo,3531,2879.0
1,0,CWE-89,gpt-3.5-turbo,2686,688.0
1,0,CWE-89,gpt-3.5-turbo,2936,1294.0
1,0,CWE-89,gpt-3.5-turbo,2735,713.0
0,1,CWE-89,gpt-3.5-turbo,4003,751.0
1,0,CWE-89,gpt-3.5-turbo,3170,687.0
1,0,CWE-89,gpt-3.5-turbo,3557,2264.0
0,1,CWE-89,gpt-3.5-turbo,3859,2456.0
0,1,CWE-89,gpt-3.5-turbo,3579,892.0
0,1,CWE-89,gpt-3.5-turbo,3687,1169.0
0,1,CWE-89,gpt-3.5-turbo,4001,2813.0
0,1,CWE-89,gpt-3.5-turbo,3538,895.0
0,1,CWE-89,gpt-3.5-turbo,4535,575.0
1,0,CWE-89,gpt-3.5-turbo,4000,33.0
1,0,CWE-89,gpt-3.5-turbo,4744,1464.0
1,0,CWE-89,gpt-3.5-turbo,3613,2767.0
0,1,CWE-89,gpt-3.5-turbo,4944,1550.0
1,0,CWE-89,gpt-3.5-turbo,5609,5.0
0,1,CWE-89,gpt-3.5-turbo,4988,1076.0
0,1,CWE-89,gpt-3.5-turbo,5612,3088.0
0,1,CWE-89,gpt-3.5-turbo,4211,1331.0
1,0,CWE-89,gpt-3.5-turbo,3801,212.0
1,0,CWE-89,gpt-3.5-turbo,4468,62.0
1,0,CWE-89,gpt-3.5-turbo,4537,1818.0
1,0,CWE-89,gpt-3.5-turbo,5360,1303.0
1,0,CWE-89,gpt-3.5-turbo,4286,1715.0
0,1,CWE-89,gpt-3.5-turbo,5691,2257.0
1,0,CWE-89,gpt-3.5-turbo,5654,1989.0
1,0,CWE-89,gpt-3.5-turbo,4259,2987.0
0,1,CWE-89,gpt-3.5-turbo,6093,5.0
1,0,CWE-89,gpt-3.5-turbo,6401,3654.0
0,1,CWE-89,gpt-3.5-turbo,7774,4742.0
0,1,CWE-89,gpt-3.5-turbo,7575,38.0
1,0,CWE-89,gpt-3.5-turbo,7226,3465.0
1,0,CWE-89,gpt-3.5-turbo,5526,2255.0
0,1,CWE-89,gpt-3.5-turbo,6109,2190.0
0,1,CWE-89,gpt-3.5-turbo,5921,3943.0
0,1,CWE-89,gpt-3.5-turbo,7632,1341.0
1,0,CWE-89,gpt-3.5-turbo,8002,823.0
1,0,CWE-89,gpt-3.5-turbo,5991,1926.0
1,0,CWE-89,gpt-3.5-turbo,6089,1862.0
1,0,CWE-89,gpt-3.5-turbo,6046,265.0
1,0,CWE-89,gpt-3.5-turbo,8543,5773.0
0,1,CWE-89,gpt-3.5-turbo,7108,2048.0
0,1,CWE-89,gpt-3.5-turbo,9687,8107.0
1,0,CWE-89,gpt-3.5-turbo,6869,586.0
1,0,CWE-89,gpt-3.5-turbo,9522,3320.0
0,1,CWE-89,gpt-3.5-turbo,7213,1352.0
1,0,CWE-89,gpt-3.5-turbo,7628,3945.0
0,1,CWE-89,gpt-3.5-turbo,10158,9627.0
0,1,CWE-89,gpt-3.5-turbo,7972,1329.0
1,0,CWE-89,gpt-3.5-turbo,9288,41.0
0,1,CWE-89,gpt-3.5-turbo,9378,5039.0
0,1,CWE-89,gpt-3.5-turbo,11293,3328.0
0,1,CWE-89,gpt-3.5-turbo,7639,7072.0
0,1,CWE-89,gpt-3.5-turbo,8902,1786.0
1,0,CWE-89,gpt-3.5-turbo,9911,12.0
0,1,CWE-89,gpt-3.5-turbo,10055,161.0
0,1,CWE-89,gpt-3.5-turbo,12806,10657.0
0,1,CWE-89,gpt-3.5-turbo,12549,4389.0
0,1,CWE-89,gpt-3.5-turbo,14292,8491.0
0,1,CWE-89,gpt-3.5-turbo,14941,5771.0
1,0,CWE-89,gpt-3.5-turbo,10301,246.0
1,0,CWE-89,gpt-3.5-turbo,11226,5372.0
0,1,CWE-89,gpt-3.5-turbo,12190,2666.0
0,1,CWE-89,gpt-3.5-turbo,18232,275.0
0,1,CWE-89,gpt-3.5-turbo,17419,4271.0
0,1,CWE-89,gpt-3.5-turbo,12936,4824.0
1,0,CWE-89,gpt-3.5-turbo,12371,874.0
1,0,CWE-89,gpt-3.5-turbo,14644,6634.0
0,1,CWE-89,gpt-3.5-turbo,15060,944.0
0,1,CWE-89,gpt-3.5-turbo,21818,6290.0
1,0,CWE-89,gpt-3.5-turbo,14500,7798.0
0,1,CWE-89,gpt-3.5-turbo,24043,2485.0
1,0,CWE-89,gpt-3.5-turbo,24733,1545.0
0,1,CWE-89,gpt-3.5-turbo,21618,2497.0
0,1,CWE-89,gpt-3.5-turbo,27612,17491.0
1,0,CWE-89,gpt-3.5-turbo,23528,1694.0
0,1,CWE-89,gpt-3.5-turbo,19266,16698.0
0,1,CWE-89,gpt-3.5-turbo,25768,7207.0
0,1,CWE-89,gpt-3.5-turbo,22558,20622.0
1,0,CWE-89,gpt-3.5-turbo,26763,14295.0
0,1,CWE-89,gpt-3.5-turbo,25033,16158.0
0,1,CWE-89,gpt-3.5-turbo,21874,16633.0
0,1,CWE-89,gpt-3.5-turbo,30192,25252.0
0,1,CWE-89,gpt-3.5-turbo,25289,11118.0
0,1,CWE-89,gpt-3.5-turbo,36046,25.0
0,1,CWE-89,gpt-3.5-turbo,31977,27516.0
0,1,CWE-89,gpt-3.5-turbo,26269,16786.0
0,1,CWE-89,gpt-3.5-turbo,37767,15137.0
0,1,CWE-89,gpt-3.5-turbo,26678,23625.0
0,1,CWE-89,gpt-3.5-turbo,37985,4351.0
0,1,CWE-89,gpt-3.5-turbo,36608,17685.0
1,0,CWE-89,gpt-3.5-turbo,37311,31839.0
0,1,CWE-89,gpt-3.5-turbo,40384,25052.0
0,1,CWE-89,gpt-3.5-turbo,30274,27589.0
0,1,CWE-89,gpt-3.5-turbo,38728,8194.0
0,1,CWE-89,gpt-3.5-turbo,36160,15452.0
0,1,CWE-89,gpt-3.5-turbo,39147,16941.0
0,1,CWE-89,gpt-3.5-turbo,26434,2905.0
0,1,CWE-89,gpt-3.5-turbo,37881,22087.0
1,0,CWE-89,gpt-3.5-turbo,41173,37421.0
0,1,CWE-89,gpt-3.5-turbo,33844,1786.0
0,1,CWE-89,gpt-3.5-turbo,46758,6865.0
0,1,CWE-89,gpt-3.5-turbo,32205,44.0
0,1,CWE-89,gpt-3.5-turbo,42141,23773.0
0,1,CWE-79,gpt-3.5-turbo,107,5.0
0,1,CWE-79,gpt-3.5-turbo,108,5.0
0,1,CWE-79,gpt-3.5-turbo,226,61.0
1,0,CWE-79,gpt-3.5-turbo,311,58.0
1,0,CWE-79,gpt-3.5-turbo,269,28.0
0,1,CWE-79,gpt-3.5-turbo,691,504.0
0,1,CWE-79,gpt-3.5-turbo,558,237.0
0,1,CWE-79,gpt-3.5-turbo,685,295.0
0,1,CWE-79,gpt-3.5-turbo,733,95.0
0,1,CWE-79,gpt-3.5-turbo,631,401.0
0,1,CWE-79,gpt-3.5-turbo,709,513.0
0,1,CWE-79,gpt-3.5-turbo,715,56.0
1,0,CWE-79,gpt-3.5-turbo,802,31.0
1,0,CWE-79,gpt-3.5-turbo,814,6.0
0,1,CWE-79,gpt-3.5-turbo,852,405.0
0,1,CWE-79,gpt-3.5-turbo,913,80.0
1,0,CWE-79,gpt-3.5-turbo,1024,881.0
0,1,CWE-79,gpt-3.5-turbo,903,285.0
1,0,CWE-79,gpt-3.5-turbo,1037,710.0
1,0,CWE-79,gpt-3.5-turbo,1171,1071.0
0,1,CWE-79,gpt-3.5-turbo,932,830.0
1,0,CWE-79,gpt-3.5-turbo,1139,724.0
0,1,CWE-79,gpt-3.5-turbo,1160,1134.0
0,1,CWE-79,gpt-3.5-turbo,1245,48.0
0,1,CWE-79,gpt-3.5-turbo,1344,657.0
0,1,CWE-79,gpt-3.5-turbo,1232,8.0
0,1,CWE-79,gpt-3.5-turbo,1331,38.0
0,1,CWE-79,gpt-3.5-turbo,1311,656.0
0,1,CWE-79,gpt-3.5-turbo,1064,1034.0
0,1,CWE-79,gpt-3.5-turbo,1544,698.0
0,1,CWE-79,gpt-3.5-turbo,1218,724.0
0,1,CWE-79,gpt-3.5-turbo,1656,1069.0
1,0,CWE-79,gpt-3.5-turbo,1326,639.0
1,0,CWE-79,gpt-3.5-turbo,1022,50.0
1,0,CWE-79,gpt-3.5-turbo,1654,1007.0
0,1,CWE-79,gpt-3.5-turbo,1542,382.0
0,1,CWE-79,gpt-3.5-turbo,1555,1250.0
0,1,CWE-79,gpt-3.5-turbo,1239,261.0
0,1,CWE-79,gpt-3.5-turbo,1547,517.0
1,0,CWE-79,gpt-3.5-turbo,1671,5.0
0,1,CWE-79,gpt-3.5-turbo,1438,695.0
1,0,CWE-79,gpt-3.5-turbo,1780,1538.0
1,0,CWE-79,gpt-3.5-turbo,1551,949.0
0,1,CWE-79,gpt-3.5-turbo,1752,1097.0
0,1,CWE-79,gpt-3.5-turbo,1671,101.0
0,1,CWE-79,gpt-3.5-turbo,1595,402.0
1,0,CWE-79,gpt-3.5-turbo,1760,1502.0
1,0,CWE-79,gpt-3.5-turbo,1855,275.0
0,1,CWE-79,gpt-3.5-turbo,1945,1735.0
0,1,CWE-79,gpt-3.5-turbo,1699,864.0
1,0,CWE-79,gpt-3.5-turbo,1432,359.0
0,1,CWE-79,gpt-3.5-turbo,1761,528.0
0,1,CWE-79,gpt-3.5-turbo,1758,39.0
1,0,CWE-79,gpt-3.5-turbo,1913,1070.0
0,1,CWE-79,gpt-3.5-turbo,1820,342.0
1,0,CWE-79,gpt-3.5-turbo,1882,1226.0
0,1,CWE-79,gpt-3.5-turbo,1855,29.0
1,0,CWE-79,gpt-3.5-turbo,1778,330.0
0,1,CWE-79,gpt-3.5-turbo,1647,1053.0
0,1,CWE-79,gpt-3.5-turbo,1600,35.0
0,1,CWE-79,gpt-3.5-turbo,1912,1647.0
1,0,CWE-79,gpt-3.5-turbo,1931,111.0
0,1,CWE-79,gpt-3.5-turbo,1914,950.0
1,0,CWE-79,gpt-3.5-turbo,1713,18.0
1,0,CWE-79,gpt-3.5-turbo,2070,898.0
0,1,CWE-79,gpt-3.5-turbo,2055,680.0
1,0,CWE-79,gpt-3.5-turbo,2001,690.0
0,1,CWE-79,gpt-3.5-turbo,1924,744.0
0,1,CWE-79,gpt-3.5-turbo,2817,1048.0
0,1,CWE-79,gpt-3.5-turbo,2959,866.0
0,1,CWE-79,gpt-3.5-turbo,1561,546.0
0,1,CWE-79,gpt-3.5-turbo,2634,1776.0
0,1,CWE-79,gpt-3.5-turbo,2440,31.0
1,0,CWE-79,gpt-3.5-turbo,2033,1097.0
0,1,CWE-79,gpt-3.5-turbo,2110,2.0
1,0,CWE-79,gpt-3.5-turbo,2542,1950.0
1,0,CWE-79,gpt-3.5-turbo,2743,1804.0
0,1,CWE-79,gpt-3.5-turbo,2033,554.0
0,1,CWE-79,gpt-3.5-turbo,2867,1946.0
1,0,CWE-79,gpt-3.5-turbo,2917,2464.0
0,1,CWE-79,gpt-3.5-turbo,2813,2590.0
0,1,CWE-79,gpt-3.5-turbo,2412,1430.0
0,1,CWE-79,gpt-3.5-turbo,2673,614.0
0,1,CWE-79,gpt-3.5-turbo,2448,2293.0
1,0,CWE-79,gpt-3.5-turbo,2037,135.0
0,1,CWE-79,gpt-3.5-turbo,3099,151.0
0,1,CWE-79,gpt-3.5-turbo,2877,1930.0
1,0,CWE-79,gpt-3.5-turbo,2934,796.0
0,1,CWE-79,gpt-3.5-turbo,2921,1494.0
1,0,CWE-79,gpt-3.5-turbo,2205,39.0
0,1,CWE-79,gpt-3.5-turbo,2611,672.0
0,1,CWE-79,gpt-3.5-turbo,2813,1067.0
0,1,CWE-79,gpt-3.5-turbo,2503,2047.0
0,1,CWE-79,gpt-3.5-turbo,3273,2245.0
0,1,CWE-79,gpt-3.5-turbo,3597,2517.0
1,0,CWE-79,gpt-3.5-turbo,3437,1636.0
0,1,CWE-79,gpt-3.5-turbo,2532,335.0
0,1,CWE-79,gpt-3.5-turbo,3578,1794.0
0,1,CWE-79,gpt-3.5-turbo,2948,917.0
0,1,CWE-79,gpt-3.5-turbo,4604,188.0
0,1,CWE-79,gpt-3.5-turbo,2854,537.0
0,1,CWE-79,gpt-3.5-turbo,4439,4011.0
0,1,CWE-79,gpt-3.5-turbo,3430,2315.0
1,0,CWE-79,gpt-3.5-turbo,3883,99.0
0,1,CWE-79,gpt-3.5-turbo,3495,5.0
0,1,CWE-79,gpt-3.5-turbo,3487,1129.0
0,1,CWE-79,gpt-3.5-turbo,3665,2536.0
0,1,CWE-79,gpt-3.5-turbo,3405,493.0
1,0,CWE-79,gpt-3.5-turbo,3376,482.0
0,1,CWE-79,gpt-3.5-turbo,3307,1695.0
1,0,CWE-79,gpt-3.5-turbo,3297,36.0
0,1,CWE-79,gpt-3.5-turbo,3761,2572.0
0,1,CWE-79,gpt-3.5-turbo,3734,52.0
0,1,CWE-79,gpt-3.5-turbo,2620,574.0
0,1,CWE-79,gpt-3.5-turbo,3959,1088.0
0,1,CWE-79,gpt-3.5-turbo,2901,308.0
1,0,CWE-79,gpt-3.5-turbo,3368,268.0
1,0,CWE-79,gpt-3.5-turbo,3010,2205.0
0,1,CWE-79,gpt-3.5-turbo,2603,338.0
0,1,CWE-79,gpt-3.5-turbo,3910,1460.0
1,0,CWE-79,gpt-3.5-turbo,3431,780.0
0,1,CWE-79,gpt-3.5-turbo,3845,5.0
1,0,CWE-79,gpt-3.5-turbo,3498,2707.0
0,1,CWE-79,gpt-3.5-turbo,3995,3508.0
1,0,CWE-79,gpt-3.5-turbo,3411,1737.0
0,1,CWE-79,gpt-3.5-turbo,3289,56.0
0,1,CWE-79,gpt-3.5-turbo,3732,611.0
0,1,CWE-79,gpt-3.5-turbo,3469,792.0
1,0,CWE-79,gpt-3.5-turbo,3821,3025.0
0,1,CWE-79,gpt-3.5-turbo,4439,325.0
1,0,CWE-79,gpt-3.5-turbo,4431,3180.0
1,0,CWE-79,gpt-3.5-turbo,3538,636.0
0,1,CWE-79,gpt-3.5-turbo,3623,2631.0
0,1,CWE-79,gpt-3.5-turbo,4066,2547.0
0,1,CWE-79,gpt-3.5-turbo,3802,224.0
1,0,CWE-79,gpt-3.5-turbo,4606,2592.0
1,0,CWE-79,gpt-3.5-turbo,3051,5.0
0,1,CWE-79,gpt-3.5-turbo,4187,1863.0
0,1,CWE-79,gpt-3.5-turbo,3184,6.0
0,1,CWE-79,gpt-3.5-turbo,4698,2864.0
0,1,CWE-79,gpt-3.5-turbo,3984,1363.0
0,1,CWE-79,gpt-3.5-turbo,2896,551.0
0,1,CWE-79,gpt-3.5-turbo,4397,3158.0
0,1,CWE-79,gpt-3.5-turbo,3674,1684.0
1,0,CWE-79,gpt-3.5-turbo,4414,3330.0
0,1,CWE-79,gpt-3.5-turbo,4778,582.0
0,1,CWE-79,gpt-3.5-turbo,3334,412.0
1,0,CWE-79,gpt-3.5-turbo,3119,1885.0
0,1,CWE-79,gpt-3.5-turbo,4667,3221.0
0,1,CWE-79,gpt-3.5-turbo,4680,3696.0
1,0,CWE-79,gpt-3.5-turbo,3235,2739.0
0,1,CWE-79,gpt-3.5-turbo,4411,38.0
0,1,CWE-79,gpt-3.5-turbo,5998,2811.0
0,1,CWE-79,gpt-3.5-turbo,3817,40.0
0,1,CWE-79,gpt-3.5-turbo,5045,888.0
0,1,CWE-79,gpt-3.5-turbo,4135,2306.0
0,1,CWE-79,gpt-3.5-turbo,4594,32.0
0,1,CWE-79,gpt-3.5-turbo,3960,1051.0
0,1,CWE-79,gpt-3.5-turbo,4266,537.0
1,0,CWE-79,gpt-3.5-turbo,4292,975.0
0,1,CWE-79,gpt-3.5-turbo,4770,385.0
0,1,CWE-79,gpt-3.5-turbo,5041,13.0
0,1,CWE-79,gpt-3.5-turbo,4401,1669.0
0,1,CWE-79,gpt-3.5-turbo,4200,1727.0
0,1,CWE-79,gpt-3.5-turbo,5203,4480.0
1,0,CWE-79,gpt-3.5-turbo,4948,1799.0
0,1,CWE-79,gpt-3.5-turbo,4376,685.0
0,1,CWE-79,gpt-3.5-turbo,5775,919.0
0,1,CWE-79,gpt-3.5-turbo,6463,550.0
1,0,CWE-79,gpt-3.5-turbo,4882,3056.0
0,1,CWE-79,gpt-3.5-turbo,4923,1665.0
0,1,CWE-79,gpt-3.5-turbo,4416,3015.0
0,1,CWE-79,gpt-3.5-turbo,3414,550.0
0,1,CWE-79,gpt-3.5-turbo,5502,2976.0
0,1,CWE-79,gpt-3.5-turbo,5316,3815.0
0,1,CWE-79,gpt-3.5-turbo,4201,1260.0
0,1,CWE-79,gpt-3.5-turbo,4458,3197.0
0,1,CWE-79,gpt-3.5-turbo,3634,3238.0
0,1,CWE-79,gpt-3.5-turbo,4919,682.0
1,0,CWE-79,gpt-3.5-turbo,5586,2941.0
0,1,CWE-79,gpt-3.5-turbo,5458,4158.0
0,1,CWE-79,gpt-3.5-turbo,5983,1939.0
0,1,CWE-79,gpt-3.5-turbo,4393,1052.0
0,1,CWE-79,gpt-3.5-turbo,5349,30.0
0,1,CWE-79,gpt-3.5-turbo,5349,4624.0
1,0,CWE-79,gpt-3.5-turbo,5576,3230.0
1,0,CWE-79,gpt-3.5-turbo,5108,1161.0
0,1,CWE-79,gpt-3.5-turbo,5347,3198.0
0,1,CWE-79,gpt-3.5-turbo,5259,1122.0
1,0,CWE-79,gpt-3.5-turbo,5458,4001.0
0,1,CWE-79,gpt-3.5-turbo,4338,3488.0
0,1,CWE-79,gpt-3.5-turbo,4698,1027.0
0,1,CWE-79,gpt-3.5-turbo,4330,286.0
0,1,CWE-79,gpt-3.5-turbo,5582,97.0
0,1,CWE-79,gpt-3.5-turbo,6164,2130.0
0,1,CWE-79,gpt-3.5-turbo,6435,491.0
1,0,CWE-79,gpt-3.5-turbo,5758,89.0
0,1,CWE-79,gpt-3.5-turbo,3798,758.0
0,1,CWE-79,gpt-3.5-turbo,5721,2473.0
0,1,CWE-79,gpt-3.5-turbo,4516,332.0
1,0,CWE-79,gpt-3.5-turbo,4978,980.0
0,1,CWE-79,gpt-3.5-turbo,4355,3283.0
0,1,CWE-79,gpt-3.5-turbo,5921,560.0
0,1,CWE-79,gpt-3.5-turbo,6470,4742.0
0,1,CWE-79,gpt-3.5-turbo,6758,1921.0
0,1,CWE-79,gpt-3.5-turbo,6140,2525.0
0,1,CWE-79,gpt-3.5-turbo,4562,1102.0
0,1,CWE-79,gpt-3.5-turbo,4534,2402.0
0,1,CWE-79,gpt-3.5-turbo,5862,1939.0
1,0,CWE-79,gpt-3.5-turbo,4951,3744.0
0,1,CWE-79,gpt-3.5-turbo,5121,1055.0
0,1,CWE-79,gpt-3.5-turbo,7080,3001.0
0,1,CWE-79,gpt-3.5-turbo,5158,2462.0
0,1,CWE-79,gpt-3.5-turbo,6785,3221.0
0,1,CWE-79,gpt-3.5-turbo,6378,1785.0
1,0,CWE-79,gpt-3.5-turbo,7255,1363.0
0,1,CWE-79,gpt-3.5-turbo,4972,4819.0
0,1,CWE-79,gpt-3.5-turbo,7012,5024.0
1,0,CWE-79,gpt-3.5-turbo,5477,533.0
0,1,CWE-79,gpt-3.5-turbo,4492,1690.0
0,1,CWE-79,gpt-3.5-turbo,6429,2579.0
0,1,CWE-79,gpt-3.5-turbo,7009,4070.0
0,1,CWE-79,gpt-3.5-turbo,5316,1989.0
0,1,CWE-79,gpt-3.5-turbo,7095,3668.0
0,1,CWE-79,gpt-3.5-turbo,6501,2701.0
0,1,CWE-79,gpt-3.5-turbo,7800,6631.0
1,0,CWE-79,gpt-3.5-turbo,5048,4682.0
1,0,CWE-79,gpt-3.5-turbo,7033,609.0
1,0,CWE-79,gpt-3.5-turbo,7987,2155.0
0,1,CWE-79,gpt-3.5-turbo,7495,3642.0
1,0,CWE-79,gpt-3.5-turbo,9021,1915.0
0,1,CWE-79,gpt-3.5-turbo,6885,1516.0
0,1,CWE-79,gpt-3.5-turbo,5404,1250.0
0,1,CWE-79,gpt-3.5-turbo,7297,6688.0
0,1,CWE-79,gpt-3.5-turbo,7438,3727.0
0,1,CWE-79,gpt-3.5-turbo,8250,960.0
0,1,CWE-79,gpt-3.5-turbo,6019,3322.0
0,1,CWE-79,gpt-3.5-turbo,5253,4550.0
0,1,CWE-79,gpt-3.5-turbo,5254,4333.0
0,1,CWE-79,gpt-3.5-turbo,6938,579.0
1,0,CWE-79,gpt-3.5-turbo,7674,3379.0
0,1,CWE-79,gpt-3.5-turbo,7928,2710.0
0,1,CWE-79,gpt-3.5-turbo,7440,4733.0
1,0,CWE-79,gpt-3.5-turbo,5493,1546.0
1,0,CWE-79,gpt-3.5-turbo,6049,537.0
0,1,CWE-79,gpt-3.5-turbo,8491,4518.0
0,1,CWE-79,gpt-3.5-turbo,6148,537.0
1,0,CWE-79,gpt-3.5-turbo,8654,3128.0
0,1,CWE-79,gpt-3.5-turbo,6274,3051.0
0,1,CWE-79,gpt-3.5-turbo,6293,3857.0
0,1,CWE-79,gpt-3.5-turbo,8697,5705.0
1,0,CWE-79,gpt-3.5-turbo,7864,1988.0
0,1,CWE-79,gpt-3.5-turbo,8296,6449.0
0,1,CWE-79,gpt-3.5-turbo,8308,6879.0
0,1,CWE-79,gpt-3.5-turbo,9376,819.0
0,1,CWE-79,gpt-3.5-turbo,8324,6359.0
1,0,CWE-79,gpt-3.5-turbo,6468,1052.0
0,1,CWE-79,gpt-3.5-turbo,8656,6276.0
0,1,CWE-79,gpt-3.5-turbo,5481,1550.0
0,1,CWE-79,gpt-3.5-turbo,5491,1560.0
0,1,CWE-79,gpt-3.5-turbo,7983,1721.0
0,1,CWE-79,gpt-3.5-turbo,5510,1581.0
0,1,CWE-79,gpt-3.5-turbo,6308,3717.0
0,1,CWE-79,gpt-3.5-turbo,6151,1535.0
0,1,CWE-79,gpt-3.5-turbo,7147,5224.0
0,1,CWE-79,gpt-3.5-turbo,8818,8516.0
0,1,CWE-79,gpt-3.5-turbo,9928,7108.0
1,0,CWE-79,gpt-3.5-turbo,10383,4777.0
0,1,CWE-79,gpt-3.5-turbo,8527,145.0
0,1,CWE-79,gpt-3.5-turbo,8922,7825.0
0,1,CWE-79,gpt-3.5-turbo,8750,6992.0
1,0,CWE-79,gpt-3.5-turbo,10338,9070.0
0,1,CWE-79,gpt-3.5-turbo,9294,1718.0
0,1,CWE-79,gpt-3.5-turbo,6599,537.0
0,1,CWE-79,gpt-3.5-turbo,8821,6225.0
0,1,CWE-79,gpt-3.5-turbo,9103,8877.0
0,1,CWE-79,gpt-3.5-turbo,8848,8072.0
0,1,CWE-79,gpt-3.5-turbo,9214,4887.0
1,0,CWE-79,gpt-3.5-turbo,9577,1210.0
0,1,CWE-79,gpt-3.5-turbo,5985,4127.0
0,1,CWE-79,gpt-3.5-turbo,8998,1924.0
0,1,CWE-79,gpt-3.5-turbo,9059,1588.0
1,0,CWE-79,gpt-3.5-turbo,9183,447.0
0,1,CWE-79,gpt-3.5-turbo,9798,9305.0
0,1,CWE-79,gpt-3.5-turbo,11462,8103.0
0,1,CWE-79,gpt-3.5-turbo,6912,2892.0
0,1,CWE-79,gpt-3.5-turbo,9753,985.0
0,1,CWE-79,gpt-3.5-turbo,9769,4874.0
0,1,CWE-79,gpt-3.5-turbo,9784,8184.0
0,1,CWE-79,gpt-3.5-turbo,9025,5486.0
0,1,CWE-79,gpt-3.5-turbo,10002,11.0
1,0,CWE-79,gpt-3.5-turbo,9836,5.0
1,0,CWE-79,gpt-3.5-turbo,9247,562.0
0,1,CWE-79,gpt-3.5-turbo,9014,1518.0
0,1,CWE-79,gpt-3.5-turbo,8120,7606.0
1,0,CWE-79,gpt-3.5-turbo,11004,4507.0
1,0,CWE-79,gpt-3.5-turbo,11710,3008.0
0,1,CWE-79,gpt-3.5-turbo,9997,2081.0
1,0,CWE-79,gpt-3.5-turbo,11004,883.0
0,1,CWE-79,gpt-3.5-turbo,10883,6988.0
1,0,CWE-79,gpt-3.5-turbo,10727,309.0
0,1,CWE-79,gpt-3.5-turbo,12018,433.0
1,0,CWE-79,gpt-3.5-turbo,8239,3092.0
0,1,CWE-79,gpt-3.5-turbo,7717,961.0
0,1,CWE-79,gpt-3.5-turbo,9571,8113.0
0,1,CWE-79,gpt-3.5-turbo,11468,971.0
0,1,CWE-79,gpt-3.5-turbo,7380,3935.0
0,1,CWE-79,gpt-3.5-turbo,9779,9181.0
1,0,CWE-79,gpt-3.5-turbo,10678,322.0
0,1,CWE-79,gpt-3.5-turbo,7781,2558.0
0,1,CWE-79,gpt-3.5-turbo,11019,2683.0
1,0,CWE-79,gpt-3.5-turbo,7928,4380.0
0,1,CWE-79,gpt-3.5-turbo,10940,1979.0
0,1,CWE-79,gpt-3.5-turbo,11693,267.0
0,1,CWE-79,gpt-3.5-turbo,11497,9015.0
1,0,CWE-79,gpt-3.5-turbo,11481,4104.0
0,1,CWE-79,gpt-3.5-turbo,10388,83.0
0,1,CWE-79,gpt-3.5-turbo,11453,734.0
0,1,CWE-79,gpt-3.5-turbo,9248,4503.0
1,0,CWE-79,gpt-3.5-turbo,11916,5531.0
0,1,CWE-79,gpt-3.5-turbo,12639,1845.0
1,0,CWE-79,gpt-3.5-turbo,10095,1112.0
0,1,CWE-79,gpt-3.5-turbo,9601,66.0
0,1,CWE-79,gpt-3.5-turbo,12080,9635.0
0,1,CWE-79,gpt-3.5-turbo,11732,7697.0
1,0,CWE-79,gpt-3.5-turbo,10423,3511.0
0,1,CWE-79,gpt-3.5-turbo,10998,9900.0
0,1,CWE-79,gpt-3.5-turbo,12354,2775.0
0,1,CWE-79,gpt-3.5-turbo,12429,1023.0
0,1,CWE-79,gpt-3.5-turbo,12605,8244.0
0,1,CWE-79,gpt-3.5-turbo,11569,9154.0
0,1,CWE-79,gpt-3.5-turbo,9908,7173.0
0,1,CWE-79,gpt-3.5-turbo,12624,2315.0
0,1,CWE-79,gpt-3.5-turbo,11982,856.0
0,1,CWE-79,gpt-3.5-turbo,11558,10917.0
0,1,CWE-79,gpt-3.5-turbo,13369,5538.0
0,1,CWE-79,gpt-3.5-turbo,11580,241.0
0,1,CWE-79,gpt-3.5-turbo,12648,6248.0
0,1,CWE-79,gpt-3.5-turbo,9149,3126.0
0,1,CWE-79,gpt-3.5-turbo,15057,600.0
0,1,CWE-79,gpt-3.5-turbo,13413,1182.0
1,0,CWE-79,gpt-3.5-turbo,12637,3312.0
0,1,CWE-79,gpt-3.5-turbo,9744,1367.0
0,1,CWE-79,gpt-3.5-turbo,13653,1131.0
0,1,CWE-79,gpt-3.5-turbo,15809,9600.0
0,1,CWE-79,gpt-3.5-turbo,9109,2038.0
0,1,CWE-79,gpt-3.5-turbo,14432,719.0
0,1,CWE-79,gpt-3.5-turbo,14984,14646.0
0,1,CWE-79,gpt-3.5-turbo,15207,3640.0
0,1,CWE-79,gpt-3.5-turbo,10550,65.0
0,1,CWE-79,gpt-3.5-turbo,10820,710.0
0,1,CWE-79,gpt-3.5-turbo,13894,9137.0
0,1,CWE-79,gpt-3.5-turbo,10139,7736.0
0,1,CWE-79,gpt-3.5-turbo,15105,9592.0
0,1,CWE-79,gpt-3.5-turbo,16127,10173.0
0,1,CWE-79,gpt-3.5-turbo,14160,10916.0
0,1,CWE-79,gpt-3.5-turbo,13080,3439.0
1,0,CWE-79,gpt-3.5-turbo,13553,5786.0
0,1,CWE-79,gpt-3.5-turbo,16527,4603.0
1,0,CWE-79,gpt-3.5-turbo,12730,44.0
0,1,CWE-79,gpt-3.5-turbo,12577,2233.0
0,1,CWE-79,gpt-3.5-turbo,12933,1296.0
0,1,CWE-79,gpt-3.5-turbo,8871,8744.0
0,1,CWE-79,gpt-3.5-turbo,8910,8705.0
0,1,CWE-79,gpt-3.5-turbo,15038,465.0
1,0,CWE-79,gpt-3.5-turbo,14619,1979.0
0,1,CWE-79,gpt-3.5-turbo,8950,8823.0
0,1,CWE-79,gpt-3.5-turbo,16733,3388.0
0,1,CWE-79,gpt-3.5-turbo,8993,8859.0
0,1,CWE-79,gpt-3.5-turbo,9035,8898.0
0,1,CWE-79,gpt-3.5-turbo,14324,60.0
0,1,CWE-79,gpt-3.5-turbo,15088,2026.0
0,1,CWE-79,gpt-3.5-turbo,15722,12723.0
0,1,CWE-79,gpt-3.5-turbo,9192,9061.0
0,1,CWE-79,gpt-3.5-turbo,14700,1176.0
0,1,CWE-79,gpt-3.5-turbo,9273,9139.0
0,1,CWE-79,gpt-3.5-turbo,14724,11322.0
0,1,CWE-79,gpt-3.5-turbo,11549,45.0
1,0,CWE-79,gpt-3.5-turbo,17278,9968.0
0,1,CWE-79,gpt-3.5-turbo,13820,13271.0
0,1,CWE-79,gpt-3.5-turbo,16549,3144.0
0,1,CWE-79,gpt-3.5-turbo,16622,3557.0
0,1,CWE-79,gpt-3.5-turbo,10086,5571.0
0,1,CWE-79,gpt-3.5-turbo,18419,1685.0
0,1,CWE-79,gpt-3.5-turbo,11178,7715.0
0,1,CWE-79,gpt-3.5-turbo,17445,4175.0
0,1,CWE-79,gpt-3.5-turbo,16460,745.0
0,1,CWE-79,gpt-3.5-turbo,16518,7058.0
0,1,CWE-79,gpt-3.5-turbo,18543,11217.0
0,1,CWE-79,gpt-3.5-turbo,18984,1014.0
0,1,CWE-79,gpt-3.5-turbo,10056,9419.0
0,1,CWE-79,gpt-3.5-turbo,10072,9443.0
0,1,CWE-79,gpt-3.5-turbo,10078,9671.0
0,1,CWE-79,gpt-3.5-turbo,16719,9.0
0,1,CWE-79,gpt-3.5-turbo,18125,4810.0
0,1,CWE-79,gpt-3.5-turbo,12686,11295.0
0,1,CWE-79,gpt-3.5-turbo,17734,295.0
1,0,CWE-79,gpt-3.5-turbo,20955,444.0
0,1,CWE-79,gpt-3.5-turbo,17261,6378.0
0,1,CWE-79,gpt-3.5-turbo,19325,2768.0
0,1,CWE-79,gpt-3.5-turbo,15973,4224.0
0,1,CWE-79,gpt-3.5-turbo,13044,1101.0
0,1,CWE-79,gpt-3.5-turbo,20386,3243.0
0,1,CWE-79,gpt-3.5-turbo,13594,1719.0
0,1,CWE-79,gpt-3.5-turbo,13300,2050.0
1,0,CWE-79,gpt-3.5-turbo,18484,188.0
0,1,CWE-79,gpt-3.5-turbo,17994,347.0
0,1,CWE-79,gpt-3.5-turbo,17680,2928.0
0,1,CWE-79,gpt-3.5-turbo,20454,19271.0
0,1,CWE-79,gpt-3.5-turbo,17895,7799.0
0,1,CWE-79,gpt-3.5-turbo,20137,651.0
0,1,CWE-79,gpt-3.5-turbo,17558,15862.0
0,1,CWE-79,gpt-3.5-turbo,17556,6854.0
0,1,CWE-79,gpt-3.5-turbo,18660,14725.0
0,1,CWE-79,gpt-3.5-turbo,21186,6488.0
0,1,CWE-79,gpt-3.5-turbo,20641,16350.0
0,1,CWE-79,gpt-3.5-turbo,21330,4761.0
0,1,CWE-79,gpt-3.5-turbo,18440,9455.0
0,1,CWE-79,gpt-3.5-turbo,13532,3856.0
0,1,CWE-79,gpt-3.5-turbo,24352,19409.0
0,1,CWE-79,gpt-3.5-turbo,19812,2741.0
0,1,CWE-79,gpt-3.5-turbo,18773,18340.0
0,1,CWE-79,gpt-3.5-turbo,14007,7444.0
0,1,CWE-79,gpt-3.5-turbo,20251,2774.0
1,0,CWE-79,gpt-3.5-turbo,25445,22398.0
0,1,CWE-79,gpt-3.5-turbo,20595,10037.0
0,1,CWE-79,gpt-3.5-turbo,18923,16003.0
0,1,CWE-79,gpt-3.5-turbo,20924,18717.0
0,1,CWE-79,gpt-3.5-turbo,15985,45.0
0,1,CWE-79,gpt-3.5-turbo,21360,3758.0
0,1,CWE-79,gpt-3.5-turbo,17005,13907.0
0,1,CWE-79,gpt-3.5-turbo,24486,2724.0
0,1,CWE-79,gpt-3.5-turbo,14444,5644.0
0,1,CWE-79,gpt-3.5-turbo,24420,8976.0
0,1,CWE-79,gpt-3.5-turbo,15941,13540.0
0,1,CWE-79,gpt-3.5-turbo,15760,5320.0
0,1,CWE-79,gpt-3.5-turbo,20606,16599.0
0,1,CWE-79,gpt-3.5-turbo,17384,9234.0
0,1,CWE-79,gpt-3.5-turbo,21281,3522.0
0,1,CWE-79,gpt-3.5-turbo,15694,12205.0
0,1,CWE-79,gpt-3.5-turbo,15720,12234.0
0,1,CWE-79,gpt-3.5-turbo,19589,8640.0
0,1,CWE-79,gpt-3.5-turbo,20235,5739.0
0,1,CWE-79,gpt-3.5-turbo,16639,1325.0
0,1,CWE-79,gpt-3.5-turbo,25016,3677.0
0,1,CWE-79,gpt-3.5-turbo,26677,11458.0
0,1,CWE-79,gpt-3.5-turbo,20189,409.0
0,1,CWE-79,gpt-3.5-turbo,23767,20069.0
0,1,CWE-79,gpt-3.5-turbo,28412,10444.0
0,1,CWE-79,gpt-3.5-turbo,22223,9765.0
0,1,CWE-79,gpt-3.5-turbo,23350,13520.0
0,1,CWE-79,gpt-3.5-turbo,19703,17365.0
0,1,CWE-79,gpt-3.5-turbo,27041,11206.0
0,1,CWE-79,gpt-3.5-turbo,18722,18610.0
1,0,CWE-79,gpt-3.5-turbo,25543,8719.0
0,1,CWE-79,gpt-3.5-turbo,24045,21156.0
1,0,CWE-79,gpt-3.5-turbo,19966,7784.0
0,1,CWE-79,gpt-3.5-turbo,22618,21825.0
1,0,CWE-79,gpt-3.5-turbo,23700,599.0
0,1,CWE-79,gpt-3.5-turbo,26363,128.0
0,1,CWE-79,gpt-3.5-turbo,20380,537.0
0,1,CWE-79,gpt-3.5-turbo,19879,12901.0
0,1,CWE-79,gpt-3.5-turbo,27565,2958.0
0,1,CWE-79,gpt-3.5-turbo,18771,12928.0
0,1,CWE-79,gpt-3.5-turbo,21762,16656.0
0,1,CWE-79,gpt-3.5-turbo,22925,15828.0
0,1,CWE-79,gpt-3.5-turbo,21866,4163.0
0,1,CWE-79,gpt-3.5-turbo,18873,2574.0
0,1,CWE-79,gpt-3.5-turbo,22097,20970.0
0,1,CWE-79,gpt-3.5-turbo,28908,8366.0
0,1,CWE-79,gpt-3.5-turbo,21266,6723.0
1,0,CWE-79,gpt-3.5-turbo,18932,2590.0
0,1,CWE-79,gpt-3.5-turbo,20767,19618.0
0,1,CWE-79,gpt-3.5-turbo,33598,1510.0
0,1,CWE-79,gpt-3.5-turbo,30757,6730.0
0,1,CWE-79,gpt-3.5-turbo,28450,13554.0
0,1,CWE-79,gpt-3.5-turbo,28527,21692.0
0,1,CWE-79,gpt-3.5-turbo,22177,22012.0
0,1,CWE-79,gpt-3.5-turbo,21081,3799.0
0,1,CWE-79,gpt-3.5-turbo,34420,19182.0
0,1,CWE-79,gpt-3.5-turbo,34481,32415.0
0,1,CWE-79,gpt-3.5-turbo,34685,518.0
0,1,CWE-79,gpt-3.5-turbo,22360,1164.0
0,1,CWE-79,gpt-3.5-turbo,24925,5.0
0,1,CWE-79,gpt-3.5-turbo,27441,22484.0
0,1,CWE-79,gpt-3.5-turbo,25148,1246.0
0,1,CWE-79,gpt-3.5-turbo,37364,28114.0
0,1,CWE-79,gpt-3.5-turbo,25269,1430.0
0,1,CWE-79,gpt-3.5-turbo,39234,868.0
0,1,CWE-79,gpt-3.5-turbo,33004,4109.0
0,1,CWE-79,gpt-3.5-turbo,22809,7729.0
0,1,CWE-79,gpt-3.5-turbo,36939,35144.0
1,0,CWE-79,gpt-3.5-turbo,22770,22117.0
0,1,CWE-79,gpt-3.5-turbo,25349,7813.0
0,1,CWE-79,gpt-3.5-turbo,28731,1513.0
0,1,CWE-79,gpt-3.5-turbo,38103,4188.0
0,1,CWE-79,gpt-3.5-turbo,41941,16623.0
0,1,CWE-79,gpt-3.5-turbo,40406,58.0
0,1,CWE-79,gpt-3.5-turbo,26644,9994.0
0,1,CWE-79,gpt-3.5-turbo,40779,39626.0
0,1,CWE-79,gpt-3.5-turbo,30861,1430.0
0,1,CWE-79,gpt-3.5-turbo,40844,39625.0
0,1,CWE-79,gpt-3.5-turbo,42680,284.0
0,1,CWE-79,gpt-3.5-turbo,41167,7811.0
0,1,CWE-79,gpt-3.5-turbo,45279,1923.0
0,1,CWE-79,gpt-3.5-turbo,27506,6105.0
0,1,CWE-79,gpt-3.5-turbo,38284,15248.0
0,1,CWE-79,gpt-3.5-turbo,34853,30724.0
0,1,CWE-79,gpt-3.5-turbo,35224,6.0
0,1,CWE-79,gpt-3.5-turbo,50809,8074.0
0,1,CWE-79,gpt-3.5-turbo,33945,196.0
0,1,CWE-79,gpt-3.5-turbo,48521,23138.0
0,1,CWE-79,gpt-3.5-turbo,33531,31710.0
0,1,CWE-79,gpt-3.5-turbo,32143,12690.0
0,1,CWE-79,gpt-3.5-turbo,30404,4583.0
0,1,CWE-79,gpt-3.5-turbo,42825,43.0
0,1,CWE-79,gpt-3.5-turbo,50446,19333.0
0,1,CWE-79,gpt-3.5-turbo,34304,15231.0
1,0,CWE-79,gpt-3.5-turbo,32680,2971.0
0,1,CWE-79,gpt-3.5-turbo,48220,30426.0
0,1,CWE-79,gpt-3.5-turbo,39433,11951.0
0,1,CWE-79,gpt-3.5-turbo,30908,325.0
0,1,CWE-79,gpt-3.5-turbo,46184,6692.0
0,1,CWE-79,gpt-3.5-turbo,51193,43253.0
0,1,CWE-79,gpt-3.5-turbo,56802,1986.0
0,1,CWE-79,gpt-3.5-turbo,30298,16902.0
0,1,CWE-79,gpt-3.5-turbo,45008,504.0
0,1,CWE-79,gpt-3.5-turbo,39338,28669.0
0,1,CWE-79,gpt-3.5-turbo,43638,1685.0
0,1,CWE-79,gpt-3.5-turbo,59582,291.0
1,0,CWE-22,gpt-4-turbo,1084,390.0
1,0,CWE-22,gpt-4-turbo,1480,33.0
1,0,CWE-22,gpt-4-turbo,1744,365.0
0,1,CWE-22,gpt-4-turbo,1455,515.0
0,1,CWE-22,gpt-4-turbo,1317,289.0
1,0,CWE-22,gpt-4-turbo,1572,1216.0
1,0,CWE-22,gpt-4-turbo,2024,1659.0
1,0,CWE-22,gpt-4-turbo,1392,61.0
1,0,CWE-22,gpt-4-turbo,2557,1452.0
1,0,CWE-22,gpt-4-turbo,2271,1012.0
1,0,CWE-22,gpt-4-turbo,2492,998.0
1,0,CWE-22,gpt-4-turbo,2522,1084.0
1,0,CWE-22,gpt-4-turbo,2893,885.0
1,0,CWE-22,gpt-4-turbo,1983,6.0
1,0,CWE-22,gpt-4-turbo,2874,1921.0
1,0,CWE-22,gpt-4-turbo,3166,2012.0
1,0,CWE-22,gpt-4-turbo,3225,2034.0
0,1,CWE-22,gpt-4-turbo,2291,537.0
1,0,CWE-22,gpt-4-turbo,3363,626.0
1,0,CWE-22,gpt-4-turbo,2896,903.0
0,1,CWE-22,gpt-4-turbo,3216,893.0
1,0,CWE-22,gpt-4-turbo,2895,23.0
1,0,CWE-22,gpt-4-turbo,3009,1750.0
0,1,CWE-22,gpt-4-turbo,3712,602.0
1,0,CWE-22,gpt-4-turbo,3172,1040.0
0,1,CWE-22,gpt-4-turbo,4116,904.0
1,0,CWE-22,gpt-4-turbo,3891,1023.0
1,0,CWE-22,gpt-4-turbo,4504,1394.0
1,0,CWE-22,gpt-4-turbo,4338,3446.0
0,1,CWE-22,gpt-4-turbo,3843,2602.0
1,0,CWE-22,gpt-4-turbo,3715,124.0
0,1,CWE-22,gpt-4-turbo,4281,2595.0
0,1,CWE-22,gpt-4-turbo,4079,38.0
1,0,CWE-22,gpt-4-turbo,4021,258.0
0,1,CWE-22,gpt-4-turbo,3936,910.0
1,0,CWE-22,gpt-4-turbo,3795,2417.0
1,0,CWE-22,gpt-4-turbo,5220,970.0
1,0,CWE-22,gpt-4-turbo,3323,121.0
1,0,CWE-22,gpt-4-turbo,4193,824.0
0,1,CWE-22,gpt-4-turbo,6141,11.0
0,1,CWE-22,gpt-4-turbo,4498,2507.0
1,0,CWE-22,gpt-4-turbo,6185,972.0
0,1,CWE-22,gpt-4-turbo,5613,63.0
0,1,CWE-22,gpt-4-turbo,7534,1786.0
0,1,CWE-22,gpt-4-turbo,5636,2647.0
1,0,CWE-22,gpt-4-turbo,5068,4307.0
0,1,CWE-22,gpt-4-turbo,7655,3339.0
1,0,CWE-22,gpt-4-turbo,6903,6527.0
1,0,CWE-22,gpt-4-turbo,5927,1001.0
1,0,CWE-22,gpt-4-turbo,6640,5302.0
1,0,CWE-22,gpt-4-turbo,7739,627.0
1,0,CWE-22,gpt-4-turbo,9182,7738.0
1,0,CWE-22,gpt-4-turbo,8857,4833.0
1,0,CWE-22,gpt-4-turbo,6476,594.0
1,0,CWE-22,gpt-4-turbo,6218,410.0
0,1,CWE-22,gpt-4-turbo,8123,1122.0
1,0,CWE-22,gpt-4-turbo,7390,1017.0
1,0,CWE-22,gpt-4-turbo,6119,5546.0
1,0,CWE-22,gpt-4-turbo,7674,1598.0
0,1,CWE-22,gpt-4-turbo,7941,19.0
1,0,CWE-22,gpt-4-turbo,9382,38.0
0,1,CWE-22,gpt-4-turbo,9131,2636.0
1,0,CWE-22,gpt-4-turbo,8270,15.0
0,1,CWE-22,gpt-4-turbo,9872,5390.0
1,0,CWE-22,gpt-4-turbo,8296,2421.0
1,0,CWE-22,gpt-4-turbo,8752,99.0
1,0,CWE-22,gpt-4-turbo,9691,89.0
0,1,CWE-22,gpt-4-turbo,7784,1697.0
0,1,CWE-22,gpt-4-turbo,10135,8548.0
1,0,CWE-22,gpt-4-turbo,9686,7430.0
1,0,CWE-22,gpt-4-turbo,14588,7689.0
0,1,CWE-22,gpt-4-turbo,13008,5049.0
1,0,CWE-22,gpt-4-turbo,13284,3973.0
0,1,CWE-22,gpt-4-turbo,14482,13452.0
1,0,CWE-22,gpt-4-turbo,12530,17.0
1,0,CWE-22,gpt-4-turbo,14438,4146.0
0,1,CWE-22,gpt-4-turbo,14954,1272.0
0,1,CWE-22,gpt-4-turbo,18606,12101.0
1,0,CWE-22,gpt-4-turbo,10285,100.0
1,0,CWE-22,gpt-4-turbo,15615,708.0
0,1,CWE-22,gpt-4-turbo,17419,10838.0
0,1,CWE-22,gpt-4-turbo,18301,15814.0
1,0,CWE-22,gpt-4-turbo,14839,5688.0
0,1,CWE-22,gpt-4-turbo,15596,13463.0
0,1,CWE-22,gpt-4-turbo,17678,8449.0
0,1,CWE-22,gpt-4-turbo,19511,1782.0
1,0,CWE-22,gpt-4-turbo,17921,13573.0
0,1,CWE-22,gpt-4-turbo,20824,8768.0
0,1,CWE-22,gpt-4-turbo,14677,1063.0
0,1,CWE-22,gpt-4-turbo,18134,8704.0
1,0,CWE-22,gpt-4-turbo,20066,64.0
0,1,CWE-22,gpt-4-turbo,22777,1762.0
0,1,CWE-22,gpt-4-turbo,26015,5643.0
0,1,CWE-22,gpt-4-turbo,26010,586.0
0,1,CWE-22,gpt-4-turbo,27315,14184.0
1,0,CWE-22,gpt-4-turbo,29339,2352.0
0,1,CWE-22,gpt-4-turbo,23723,6278.0
0,1,CWE-22,gpt-4-turbo,24713,16209.0
1,0,CWE-22,gpt-4-turbo,23979,6.0
1,0,CWE-22,gpt-4-turbo,25101,2392.0
1,0,CWE-22,gpt-4-turbo,27944,1259.0
0,1,CWE-22,gpt-4-turbo,48203,13224.0
1,0,CWE-22,gpt-4-turbo,46638,4543.0
1,0,CWE-22,gpt-4-turbo,35627,8876.0
0,1,CWE-22,gpt-4-turbo,56552,40308.0
1,0,CWE-89,gpt-4-turbo,345,45.0
1,0,CWE-89,gpt-4-turbo,678,80.0
1,0,CWE-89,gpt-4-turbo,942,773.0
1,0,CWE-89,gpt-4-turbo,850,5.0
1,0,CWE-89,gpt-4-turbo,1303,162.0
0,1,CWE-89,gpt-4-turbo,1265,183.0
1,0,CWE-89,gpt-4-turbo,1254,58.0
1,0,CWE-89,gpt-4-turbo,1296,58.0
0,1,CWE-89,gpt-4-turbo,1548,1376.0
1,0,CWE-89,gpt-4-turbo,1415,264.0
1,0,CWE-89,gpt-4-turbo,1625,1284.0
1,0,CWE-89,gpt-4-turbo,1970,911.0
1,0,CWE-89,gpt-4-turbo,1673,320.0
1,0,CWE-89,gpt-4-turbo,1828,1302.0
1,0,CWE-89,gpt-4-turbo,1608,959.0
0,1,CWE-89,gpt-4-turbo,1357,77.0
1,0,CWE-89,gpt-4-turbo,1749,881.0
0,1,CWE-89,gpt-4-turbo,1872,1202.0
1,0,CWE-89,gpt-4-turbo,2198,143.0
1,0,CWE-89,gpt-4-turbo,1894,1086.0
0,1,CWE-89,gpt-4-turbo,1952,233.0
1,0,CWE-89,gpt-4-turbo,1792,300.0
0,1,CWE-89,gpt-4-turbo,2173,710.0
1,0,CWE-89,gpt-4-turbo,2117,1086.0
1,0,CWE-89,gpt-4-turbo,2106,335.0
0,1,CWE-89,gpt-4-turbo,1930,349.0
1,0,CWE-89,gpt-4-turbo,2987,1798.0
0,1,CWE-89,gpt-4-turbo,2705,1520.0
0,1,CWE-89,gpt-4-turbo,2504,417.0
1,0,CWE-89,gpt-4-turbo,2723,1546.0
1,0,CWE-89,gpt-4-turbo,2523,454.0
0,1,CWE-89,gpt-4-turbo,2768,815.0
1,0,CWE-89,gpt-4-turbo,2725,952.0
0,1,CWE-89,gpt-4-turbo,3476,1221.0
1,0,CWE-89,gpt-4-turbo,3995,15.0
0,1,CWE-89,gpt-4-turbo,3344,2284.0
1,0,CWE-89,gpt-4-turbo,4755,877.0
0,1,CWE-89,gpt-4-turbo,3531,2879.0
1,0,CWE-89,gpt-4-turbo,2686,688.0
1,0,CWE-89,gpt-4-turbo,2936,1294.0
1,0,CWE-89,gpt-4-turbo,2735,713.0
1,0,CWE-89,gpt-4-turbo,4003,751.0
1,0,CWE-89,gpt-4-turbo,3170,687.0
1,0,CWE-89,gpt-4-turbo,3557,2264.0
0,1,CWE-89,gpt-4-turbo,3859,2456.0
0,1,CWE-89,gpt-4-turbo,3579,892.0
1,0,CWE-89,gpt-4-turbo,3687,1169.0
0,1,CWE-89,gpt-4-turbo,4001,2813.0
0,1,CWE-89,gpt-4-turbo,3538,895.0
0,1,CWE-89,gpt-4-turbo,4535,575.0
1,0,CWE-89,gpt-4-turbo,4000,33.0
1,0,CWE-89,gpt-4-turbo,4744,1464.0
1,0,CWE-89,gpt-4-turbo,3613,2767.0
0,1,CWE-89,gpt-4-turbo,4944,1550.0
1,0,CWE-89,gpt-4-turbo,5609,5.0
1,0,CWE-89,gpt-4-turbo,4988,1076.0
0,1,CWE-89,gpt-4-turbo,5612,3088.0
0,1,CWE-89,gpt-4-turbo,4211,1331.0
1,0,CWE-89,gpt-4-turbo,3801,212.0
1,0,CWE-89,gpt-4-turbo,4468,62.0
1,0,CWE-89,gpt-4-turbo,4537,1818.0
0,1,CWE-89,gpt-4-turbo,5360,1303.0
1,0,CWE-89,gpt-4-turbo,4286,1715.0
0,1,CWE-89,gpt-4-turbo,5691,2257.0
0,1,CWE-89,gpt-4-turbo,5654,1989.0
0,1,CWE-89,gpt-4-turbo,4259,2987.0
0,1,CWE-89,gpt-4-turbo,6093,5.0
1,0,CWE-89,gpt-4-turbo,6401,3654.0
0,1,CWE-89,gpt-4-turbo,7774,4742.0
0,1,CWE-89,gpt-4-turbo,7575,38.0
1,0,CWE-89,gpt-4-turbo,7226,3465.0
1,0,CWE-89,gpt-4-turbo,5526,2255.0
0,1,CWE-89,gpt-4-turbo,6109,2190.0
1,0,CWE-89,gpt-4-turbo,5921,3943.0
0,1,CWE-89,gpt-4-turbo,7632,1341.0
1,0,CWE-89,gpt-4-turbo,8002,823.0
1,0,CWE-89,gpt-4-turbo,5991,1926.0
1,0,CWE-89,gpt-4-turbo,6089,1862.0
1,0,CWE-89,gpt-4-turbo,6046,265.0
1,0,CWE-89,gpt-4-turbo,8543,5773.0
0,1,CWE-89,gpt-4-turbo,7108,2048.0
0,1,CWE-89,gpt-4-turbo,9687,8107.0
1,0,CWE-89,gpt-4-turbo,6869,586.0
0,1,CWE-89,gpt-4-turbo,9522,3320.0
0,1,CWE-89,gpt-4-turbo,7213,1352.0
0,1,CWE-89,gpt-4-turbo,7628,3945.0
1,0,CWE-89,gpt-4-turbo,10158,9627.0
1,0,CWE-89,gpt-4-turbo,7972,1329.0
1,0,CWE-89,gpt-4-turbo,9288,41.0
0,1,CWE-89,gpt-4-turbo,9378,5039.0
1,0,CWE-89,gpt-4-turbo,11293,3328.0
0,1,CWE-89,gpt-4-turbo,7639,7072.0
0,1,CWE-89,gpt-4-turbo,8902,1786.0
1,0,CWE-89,gpt-4-turbo,9911,12.0
1,0,CWE-89,gpt-4-turbo,10055,161.0
0,1,CWE-89,gpt-4-turbo,12806,10657.0
0,1,CWE-89,gpt-4-turbo,12549,4389.0
1,0,CWE-89,gpt-4-turbo,14292,8491.0
1,0,CWE-89,gpt-4-turbo,14941,5771.0
1,0,CWE-89,gpt-4-turbo,10301,246.0
0,1,CWE-89,gpt-4-turbo,11226,5372.0
0,1,CWE-89,gpt-4-turbo,12190,2666.0
0,1,CWE-89,gpt-4-turbo,18232,275.0
0,1,CWE-89,gpt-4-turbo,17419,4271.0
0,1,CWE-89,gpt-4-turbo,12936,4824.0
1,0,CWE-89,gpt-4-turbo,12371,874.0
0,1,CWE-89,gpt-4-turbo,14644,6634.0
0,1,CWE-89,gpt-4-turbo,15060,944.0
0,1,CWE-89,gpt-4-turbo,21818,6290.0
0,1,CWE-89,gpt-4-turbo,14500,7798.0
0,1,CWE-89,gpt-4-turbo,24043,2485.0
1,0,CWE-89,gpt-4-turbo,24733,1545.0
1,0,CWE-89,gpt-4-turbo,21618,2497.0
0,1,CWE-89,gpt-4-turbo,27612,17491.0
1,0,CWE-89,gpt-4-turbo,23528,1694.0
0,1,CWE-89,gpt-4-turbo,19266,16698.0
0,1,CWE-89,gpt-4-turbo,25768,7207.0
1,0,CWE-89,gpt-4-turbo,22558,20622.0
1,0,CWE-89,gpt-4-turbo,26763,14295.0
0,1,CWE-89,gpt-4-turbo,25033,16158.0
0,1,CWE-89,gpt-4-turbo,21874,16633.0
0,1,CWE-89,gpt-4-turbo,30192,25252.0
0,1,CWE-89,gpt-4-turbo,25289,11118.0
0,1,CWE-89,gpt-4-turbo,36046,25.0
0,1,CWE-89,gpt-4-turbo,31977,27516.0
0,1,CWE-89,gpt-4-turbo,26269,16786.0
0,1,CWE-89,gpt-4-turbo,37767,15137.0
0,1,CWE-89,gpt-4-turbo,26678,23625.0
1,0,CWE-89,gpt-4-turbo,37985,4351.0
0,1,CWE-89,gpt-4-turbo,36608,17685.0
0,1,CWE-89,gpt-4-turbo,37311,31839.0
0,1,CWE-89,gpt-4-turbo,40384,25052.0
0,1,CWE-89,gpt-4-turbo,30274,27589.0
0,1,CWE-89,gpt-4-turbo,38728,8194.0
0,1,CWE-89,gpt-4-turbo,36160,15452.0
0,1,CWE-89,gpt-4-turbo,39147,16941.0
1,0,CWE-89,gpt-4-turbo,26434,2905.0
0,1,CWE-89,gpt-4-turbo,37881,22087.0
0,1,CWE-89,gpt-4-turbo,41173,37421.0
0,1,CWE-89,gpt-4-turbo,33844,1786.0
0,1,CWE-89,gpt-4-turbo,46758,6865.0
0,1,CWE-89,gpt-4-turbo,32205,44.0
0,1,CWE-89,gpt-4-turbo,42141,23773.0
0,1,CWE-89,gpt-4-turbo,52833,42485.0
0,1,CWE-89,gpt-4-turbo,57308,25992.0
0,1,CWE-89,gpt-4-turbo,60447,16817.0
0,1,CWE-79,gpt-4-turbo,107,5.0
0,1,CWE-79,gpt-4-turbo,108,5.0
1,0,CWE-79,gpt-4-turbo,226,61.0
1,0,CWE-79,gpt-4-turbo,311,58.0
1,0,CWE-79,gpt-4-turbo,269,28.0
0,1,CWE-79,gpt-4-turbo,691,504.0
1,0,CWE-79,gpt-4-turbo,558,237.0
0,1,CWE-79,gpt-4-turbo,685,295.0
0,1,CWE-79,gpt-4-turbo,733,95.0
0,1,CWE-79,gpt-4-turbo,631,401.0
0,1,CWE-79,gpt-4-turbo,709,513.0
0,1,CWE-79,gpt-4-turbo,715,56.0
0,1,CWE-79,gpt-4-turbo,802,31.0
0,1,CWE-79,gpt-4-turbo,814,6.0
0,1,CWE-79,gpt-4-turbo,852,405.0
1,0,CWE-79,gpt-4-turbo,913,80.0
1,0,CWE-79,gpt-4-turbo,1024,881.0
1,0,CWE-79,gpt-4-turbo,903,285.0
1,0,CWE-79,gpt-4-turbo,1037,710.0
0,1,CWE-79,gpt-4-turbo,1171,1071.0
0,1,CWE-79,gpt-4-turbo,932,830.0
1,0,CWE-79,gpt-4-turbo,1139,724.0
0,1,CWE-79,gpt-4-turbo,1160,1134.0
0,1,CWE-79,gpt-4-turbo,1245,48.0
1,0,CWE-79,gpt-4-turbo,1344,657.0
1,0,CWE-79,gpt-4-turbo,1232,8.0
0,1,CWE-79,gpt-4-turbo,1331,38.0
1,0,CWE-79,gpt-4-turbo,1311,656.0
0,1,CWE-79,gpt-4-turbo,1064,1034.0
0,1,CWE-79,gpt-4-turbo,1544,698.0
0,1,CWE-79,gpt-4-turbo,1218,724.0
0,1,CWE-79,gpt-4-turbo,1656,1069.0
0,1,CWE-79,gpt-4-turbo,1326,639.0
1,0,CWE-79,gpt-4-turbo,1022,50.0
1,0,CWE-79,gpt-4-turbo,1654,1007.0
1,0,CWE-79,gpt-4-turbo,1542,382.0
1,0,CWE-79,gpt-4-turbo,1555,1250.0
0,1,CWE-79,gpt-4-turbo,1239,261.0
1,0,CWE-79,gpt-4-turbo,1547,517.0
1,0,CWE-79,gpt-4-turbo,1671,5.0
0,1,CWE-79,gpt-4-turbo,1438,695.0
0,1,CWE-79,gpt-4-turbo,1780,1538.0
1,0,CWE-79,gpt-4-turbo,1551,949.0
0,1,CWE-79,gpt-4-turbo,1752,1097.0
0,1,CWE-79,gpt-4-turbo,1671,101.0
0,1,CWE-79,gpt-4-turbo,1595,402.0
1,0,CWE-79,gpt-4-turbo,1760,1502.0
1,0,CWE-79,gpt-4-turbo,1855,275.0
1,0,CWE-79,gpt-4-turbo,1945,1735.0
0,1,CWE-79,gpt-4-turbo,1699,864.0
1,0,CWE-79,gpt-4-turbo,1432,359.0
0,1,CWE-79,gpt-4-turbo,1761,528.0
0,1,CWE-79,gpt-4-turbo,1758,39.0
1,0,CWE-79,gpt-4-turbo,1913,1070.0
0,1,CWE-79,gpt-4-turbo,1820,342.0
0,1,CWE-79,gpt-4-turbo,1882,1226.0
0,1,CWE-79,gpt-4-turbo,1855,29.0
1,0,CWE-79,gpt-4-turbo,1778,330.0
0,1,CWE-79,gpt-4-turbo,1647,1053.0
1,0,CWE-79,gpt-4-turbo,1600,35.0
1,0,CWE-79,gpt-4-turbo,1912,1647.0
1,0,CWE-79,gpt-4-turbo,1931,111.0
1,0,CWE-79,gpt-4-turbo,1914,950.0
1,0,CWE-79,gpt-4-turbo,1713,18.0
1,0,CWE-79,gpt-4-turbo,2070,898.0
1,0,CWE-79,gpt-4-turbo,2055,680.0
0,1,CWE-79,gpt-4-turbo,2001,690.0
0,1,CWE-79,gpt-4-turbo,1924,744.0
0,1,CWE-79,gpt-4-turbo,2817,1048.0
0,1,CWE-79,gpt-4-turbo,2959,866.0
1,0,CWE-79,gpt-4-turbo,1561,546.0
0,1,CWE-79,gpt-4-turbo,2634,1776.0
0,1,CWE-79,gpt-4-turbo,2440,31.0
0,1,CWE-79,gpt-4-turbo,2033,1097.0
0,1,CWE-79,gpt-4-turbo,2110,2.0
1,0,CWE-79,gpt-4-turbo,2542,1950.0
0,1,CWE-79,gpt-4-turbo,2743,1804.0
0,1,CWE-79,gpt-4-turbo,2033,554.0
1,0,CWE-79,gpt-4-turbo,2867,1946.0
1,0,CWE-79,gpt-4-turbo,2917,2464.0
1,0,CWE-79,gpt-4-turbo,2813,2590.0
0,1,CWE-79,gpt-4-turbo,2412,1430.0
1,0,CWE-79,gpt-4-turbo,2673,614.0
0,1,CWE-79,gpt-4-turbo,2448,2293.0
1,0,CWE-79,gpt-4-turbo,2037,135.0
0,1,CWE-79,gpt-4-turbo,3099,151.0
0,1,CWE-79,gpt-4-turbo,2877,1930.0
0,1,CWE-79,gpt-4-turbo,2934,796.0
0,1,CWE-79,gpt-4-turbo,2921,1494.0
0,1,CWE-79,gpt-4-turbo,2205,39.0
1,0,CWE-79,gpt-4-turbo,2611,672.0
0,1,CWE-79,gpt-4-turbo,2813,1067.0
0,1,CWE-79,gpt-4-turbo,2503,2047.0
0,1,CWE-79,gpt-4-turbo,3273,2245.0
1,0,CWE-79,gpt-4-turbo,3597,2517.0
1,0,CWE-79,gpt-4-turbo,3437,1636.0
0,1,CWE-79,gpt-4-turbo,2532,335.0
0,1,CWE-79,gpt-4-turbo,3578,1794.0
0,1,CWE-79,gpt-4-turbo,2948,917.0
0,1,CWE-79,gpt-4-turbo,4604,188.0
1,0,CWE-79,gpt-4-turbo,2854,537.0
0,1,CWE-79,gpt-4-turbo,4439,4011.0
1,0,CWE-79,gpt-4-turbo,3430,2315.0
1,0,CWE-79,gpt-4-turbo,3883,99.0
0,1,CWE-79,gpt-4-turbo,3495,5.0
1,0,CWE-79,gpt-4-turbo,3487,1129.0
0,1,CWE-79,gpt-4-turbo,3665,2536.0
0,1,CWE-79,gpt-4-turbo,3405,493.0
0,1,CWE-79,gpt-4-turbo,3376,482.0
0,1,CWE-79,gpt-4-turbo,3307,1695.0
0,1,CWE-79,gpt-4-turbo,3297,36.0
0,1,CWE-79,gpt-4-turbo,3761,2572.0
0,1,CWE-79,gpt-4-turbo,3734,52.0
0,1,CWE-79,gpt-4-turbo,2620,574.0
0,1,CWE-79,gpt-4-turbo,3959,1088.0
0,1,CWE-79,gpt-4-turbo,2901,308.0
1,0,CWE-79,gpt-4-turbo,3368,268.0
1,0,CWE-79,gpt-4-turbo,3010,2205.0
0,1,CWE-79,gpt-4-turbo,2603,338.0
0,1,CWE-79,gpt-4-turbo,3910,1460.0
1,0,CWE-79,gpt-4-turbo,3431,780.0
0,1,CWE-79,gpt-4-turbo,3845,5.0
0,1,CWE-79,gpt-4-turbo,3498,2707.0
1,0,CWE-79,gpt-4-turbo,3995,3508.0
1,0,CWE-79,gpt-4-turbo,3411,1737.0
0,1,CWE-79,gpt-4-turbo,3289,56.0
0,1,CWE-79,gpt-4-turbo,3732,611.0
1,0,CWE-79,gpt-4-turbo,3469,792.0
1,0,CWE-79,gpt-4-turbo,3821,3025.0
0,1,CWE-79,gpt-4-turbo,4439,325.0
0,1,CWE-79,gpt-4-turbo,4431,3180.0
1,0,CWE-79,gpt-4-turbo,3538,636.0
0,1,CWE-79,gpt-4-turbo,3623,2631.0
0,1,CWE-79,gpt-4-turbo,4066,2547.0
0,1,CWE-79,gpt-4-turbo,3802,224.0
0,1,CWE-79,gpt-4-turbo,4606,2592.0
1,0,CWE-79,gpt-4-turbo,3051,5.0
1,0,CWE-79,gpt-4-turbo,4187,1863.0
1,0,CWE-79,gpt-4-turbo,3184,6.0
0,1,CWE-79,gpt-4-turbo,4698,2864.0
0,1,CWE-79,gpt-4-turbo,3984,1363.0
0,1,CWE-79,gpt-4-turbo,2896,551.0
0,1,CWE-79,gpt-4-turbo,4397,3158.0
0,1,CWE-79,gpt-4-turbo,3674,1684.0
1,0,CWE-79,gpt-4-turbo,4414,3330.0
1,0,CWE-79,gpt-4-turbo,4778,582.0
1,0,CWE-79,gpt-4-turbo,3334,412.0
1,0,CWE-79,gpt-4-turbo,3119,1885.0
1,0,CWE-79,gpt-4-turbo,4667,3221.0
1,0,CWE-79,gpt-4-turbo,4680,3696.0
0,1,CWE-79,gpt-4-turbo,3235,2739.0
0,1,CWE-79,gpt-4-turbo,4411,38.0
0,1,CWE-79,gpt-4-turbo,5998,2811.0
1,0,CWE-79,gpt-4-turbo,3817,40.0
0,1,CWE-79,gpt-4-turbo,5045,888.0
0,1,CWE-79,gpt-4-turbo,4135,2306.0
0,1,CWE-79,gpt-4-turbo,4594,32.0
0,1,CWE-79,gpt-4-turbo,3960,1051.0
1,0,CWE-79,gpt-4-turbo,4266,537.0
0,1,CWE-79,gpt-4-turbo,4292,975.0
0,1,CWE-79,gpt-4-turbo,4770,385.0
0,1,CWE-79,gpt-4-turbo,5041,13.0
0,1,CWE-79,gpt-4-turbo,4401,1669.0
0,1,CWE-79,gpt-4-turbo,4200,1727.0
0,1,CWE-79,gpt-4-turbo,5203,4480.0
0,1,CWE-79,gpt-4-turbo,4948,1799.0
0,1,CWE-79,gpt-4-turbo,4376,685.0
0,1,CWE-79,gpt-4-turbo,5775,919.0
0,1,CWE-79,gpt-4-turbo,6463,550.0
0,1,CWE-79,gpt-4-turbo,4882,3056.0
0,1,CWE-79,gpt-4-turbo,4923,1665.0
0,1,CWE-79,gpt-4-turbo,4416,3015.0
0,1,CWE-79,gpt-4-turbo,3414,550.0
0,1,CWE-79,gpt-4-turbo,5502,2976.0
0,1,CWE-79,gpt-4-turbo,5316,3815.0
1,0,CWE-79,gpt-4-turbo,4201,1260.0
1,0,CWE-79,gpt-4-turbo,4458,3197.0
0,1,CWE-79,gpt-4-turbo,3634,3238.0
1,0,CWE-79,gpt-4-turbo,4919,682.0
0,1,CWE-79,gpt-4-turbo,5586,2941.0
1,0,CWE-79,gpt-4-turbo,5458,4158.0
0,1,CWE-79,gpt-4-turbo,5983,1939.0
0,1,CWE-79,gpt-4-turbo,4393,1052.0
0,1,CWE-79,gpt-4-turbo,5349,30.0
0,1,CWE-79,gpt-4-turbo,5349,4624.0
0,1,CWE-79,gpt-4-turbo,5576,3230.0
1,0,CWE-79,gpt-4-turbo,5108,1161.0
0,1,CWE-79,gpt-4-turbo,5347,3198.0
0,1,CWE-79,gpt-4-turbo,5259,1122.0
0,1,CWE-79,gpt-4-turbo,5458,4001.0
0,1,CWE-79,gpt-4-turbo,4338,3488.0
0,1,CWE-79,gpt-4-turbo,4698,1027.0
0,1,CWE-79,gpt-4-turbo,4330,286.0
0,1,CWE-79,gpt-4-turbo,5582,97.0
1,0,CWE-79,gpt-4-turbo,6164,2130.0
1,0,CWE-79,gpt-4-turbo,6435,491.0
1,0,CWE-79,gpt-4-turbo,5758,89.0
0,1,CWE-79,gpt-4-turbo,3798,758.0
0,1,CWE-79,gpt-4-turbo,5721,2473.0
1,0,CWE-79,gpt-4-turbo,4516,332.0
0,1,CWE-79,gpt-4-turbo,4978,980.0
0,1,CWE-79,gpt-4-turbo,4355,3283.0
0,1,CWE-79,gpt-4-turbo,5921,560.0
0,1,CWE-79,gpt-4-turbo,6470,4742.0
0,1,CWE-79,gpt-4-turbo,6758,1921.0
0,1,CWE-79,gpt-4-turbo,6140,2525.0
0,1,CWE-79,gpt-4-turbo,4562,1102.0
1,0,CWE-79,gpt-4-turbo,4534,2402.0
0,1,CWE-79,gpt-4-turbo,5862,1939.0
0,1,CWE-79,gpt-4-turbo,4951,3744.0
1,0,CWE-79,gpt-4-turbo,5121,1055.0
1,0,CWE-79,gpt-4-turbo,7080,3001.0
1,0,CWE-79,gpt-4-turbo,5158,2462.0
0,1,CWE-79,gpt-4-turbo,6785,3221.0
0,1,CWE-79,gpt-4-turbo,6378,1785.0
0,1,CWE-79,gpt-4-turbo,7255,1363.0
0,1,CWE-79,gpt-4-turbo,4972,4819.0
0,1,CWE-79,gpt-4-turbo,7012,5024.0
0,1,CWE-79,gpt-4-turbo,5477,533.0
1,0,CWE-79,gpt-4-turbo,4492,1690.0
0,1,CWE-79,gpt-4-turbo,6429,2579.0
0,1,CWE-79,gpt-4-turbo,7009,4070.0
0,1,CWE-79,gpt-4-turbo,5316,1989.0
0,1,CWE-79,gpt-4-turbo,7095,3668.0
0,1,CWE-79,gpt-4-turbo,6501,2701.0
0,1,CWE-79,gpt-4-turbo,7800,6631.0
1,0,CWE-79,gpt-4-turbo,5048,4682.0
1,0,CWE-79,gpt-4-turbo,7033,609.0
0,1,CWE-79,gpt-4-turbo,7987,2155.0
0,1,CWE-79,gpt-4-turbo,7495,3642.0
0,1,CWE-79,gpt-4-turbo,9021,1915.0
1,0,CWE-79,gpt-4-turbo,6885,1516.0
0,1,CWE-79,gpt-4-turbo,5404,1250.0
0,1,CWE-79,gpt-4-turbo,7297,6688.0
0,1,CWE-79,gpt-4-turbo,7438,3727.0
0,1,CWE-79,gpt-4-turbo,8250,960.0
1,0,CWE-79,gpt-4-turbo,6019,3322.0
0,1,CWE-79,gpt-4-turbo,5253,4550.0
0,1,CWE-79,gpt-4-turbo,5254,4333.0
0,1,CWE-79,gpt-4-turbo,6938,579.0
0,1,CWE-79,gpt-4-turbo,7674,3379.0
0,1,CWE-79,gpt-4-turbo,7928,2710.0
0,1,CWE-79,gpt-4-turbo,7440,4733.0
0,1,CWE-79,gpt-4-turbo,5493,1546.0
0,1,CWE-79,gpt-4-turbo,6049,537.0
0,1,CWE-79,gpt-4-turbo,8491,4518.0
0,1,CWE-79,gpt-4-turbo,6148,537.0
1,0,CWE-79,gpt-4-turbo,8654,3128.0
1,0,CWE-79,gpt-4-turbo,6274,3051.0
0,1,CWE-79,gpt-4-turbo,6293,3857.0
0,1,CWE-79,gpt-4-turbo,8697,5705.0
0,1,CWE-79,gpt-4-turbo,7864,1988.0
0,1,CWE-79,gpt-4-turbo,8296,6449.0
0,1,CWE-79,gpt-4-turbo,8308,6879.0
0,1,CWE-79,gpt-4-turbo,9376,819.0
0,1,CWE-79,gpt-4-turbo,8324,6359.0
1,0,CWE-79,gpt-4-turbo,6468,1052.0
0,1,CWE-79,gpt-4-turbo,8656,6276.0
0,1,CWE-79,gpt-4-turbo,5481,1550.0
0,1,CWE-79,gpt-4-turbo,5491,1560.0
0,1,CWE-79,gpt-4-turbo,7983,1721.0
0,1,CWE-79,gpt-4-turbo,5510,1581.0
0,1,CWE-79,gpt-4-turbo,6308,3717.0
1,0,CWE-79,gpt-4-turbo,6151,1535.0
0,1,CWE-79,gpt-4-turbo,7147,5224.0
0,1,CWE-79,gpt-4-turbo,8818,8516.0
0,1,CWE-79,gpt-4-turbo,9928,7108.0
0,1,CWE-79,gpt-4-turbo,10383,4777.0
0,1,CWE-79,gpt-4-turbo,8527,145.0
0,1,CWE-79,gpt-4-turbo,8922,7825.0
0,1,CWE-79,gpt-4-turbo,8750,6992.0
1,0,CWE-79,gpt-4-turbo,10338,9070.0
0,1,CWE-79,gpt-4-turbo,9294,1718.0
1,0,CWE-79,gpt-4-turbo,6599,537.0
0,1,CWE-79,gpt-4-turbo,8821,6225.0
0,1,CWE-79,gpt-4-turbo,9103,8877.0
0,1,CWE-79,gpt-4-turbo,8848,8072.0
0,1,CWE-79,gpt-4-turbo,9214,4887.0
0,1,CWE-79,gpt-4-turbo,9577,1210.0
0,1,CWE-79,gpt-4-turbo,5985,4127.0
0,1,CWE-79,gpt-4-turbo,8998,1924.0
0,1,CWE-79,gpt-4-turbo,9059,1588.0
0,1,CWE-79,gpt-4-turbo,9183,447.0
0,1,CWE-79,gpt-4-turbo,9798,9305.0
0,1,CWE-79,gpt-4-turbo,11462,8103.0
0,1,CWE-79,gpt-4-turbo,6912,2892.0
0,1,CWE-79,gpt-4-turbo,9753,985.0
0,1,CWE-79,gpt-4-turbo,9769,4874.0
0,1,CWE-79,gpt-4-turbo,9784,8184.0
0,1,CWE-79,gpt-4-turbo,9025,5486.0
0,1,CWE-79,gpt-4-turbo,10002,11.0
0,1,CWE-79,gpt-4-turbo,9836,5.0
1,0,CWE-79,gpt-4-turbo,9247,562.0
0,1,CWE-79,gpt-4-turbo,9014,1518.0
0,1,CWE-79,gpt-4-turbo,8120,7606.0
0,1,CWE-79,gpt-4-turbo,11004,4507.0
1,0,CWE-79,gpt-4-turbo,11710,3008.0
0,1,CWE-79,gpt-4-turbo,9997,2081.0
1,0,CWE-79,gpt-4-turbo,11004,883.0
0,1,CWE-79,gpt-4-turbo,10883,6988.0
0,1,CWE-79,gpt-4-turbo,10727,309.0
0,1,CWE-79,gpt-4-turbo,12018,433.0
1,0,CWE-79,gpt-4-turbo,8239,3092.0
1,0,CWE-79,gpt-4-turbo,7717,961.0
0,1,CWE-79,gpt-4-turbo,9571,8113.0
1,0,CWE-79,gpt-4-turbo,11468,971.0
1,0,CWE-79,gpt-4-turbo,7380,3935.0
1,0,CWE-79,gpt-4-turbo,9779,9181.0
1,0,CWE-79,gpt-4-turbo,10678,322.0
0,1,CWE-79,gpt-4-turbo,7781,2558.0
0,1,CWE-79,gpt-4-turbo,11019,2683.0
1,0,CWE-79,gpt-4-turbo,7928,4380.0
0,1,CWE-79,gpt-4-turbo,10940,1979.0
0,1,CWE-79,gpt-4-turbo,11693,267.0
0,1,CWE-79,gpt-4-turbo,11497,9015.0
0,1,CWE-79,gpt-4-turbo,11481,4104.0
1,0,CWE-79,gpt-4-turbo,10388,83.0
0,1,CWE-79,gpt-4-turbo,11453,734.0
0,1,CWE-79,gpt-4-turbo,9248,4503.0
1,0,CWE-79,gpt-4-turbo,11916,5531.0
0,1,CWE-79,gpt-4-turbo,12639,1845.0
1,0,CWE-79,gpt-4-turbo,10095,1112.0
0,1,CWE-79,gpt-4-turbo,9601,66.0
0,1,CWE-79,gpt-4-turbo,12080,9635.0
0,1,CWE-79,gpt-4-turbo,11732,7697.0
1,0,CWE-79,gpt-4-turbo,10423,3511.0
0,1,CWE-79,gpt-4-turbo,10998,9900.0
0,1,CWE-79,gpt-4-turbo,12354,2775.0
0,1,CWE-79,gpt-4-turbo,12429,1023.0
0,1,CWE-79,gpt-4-turbo,12605,8244.0
0,1,CWE-79,gpt-4-turbo,11569,9154.0
0,1,CWE-79,gpt-4-turbo,9908,7173.0
1,0,CWE-79,gpt-4-turbo,12624,2315.0
1,0,CWE-79,gpt-4-turbo,11982,856.0
0,1,CWE-79,gpt-4-turbo,11558,10917.0
1,0,CWE-79,gpt-4-turbo,13369,5538.0
0,1,CWE-79,gpt-4-turbo,11580,241.0
0,1,CWE-79,gpt-4-turbo,12648,6248.0
1,0,CWE-79,gpt-4-turbo,9149,3126.0
1,0,CWE-79,gpt-4-turbo,15057,600.0
0,1,CWE-79,gpt-4-turbo,13413,1182.0
1,0,CWE-79,gpt-4-turbo,12637,3312.0
0,1,CWE-79,gpt-4-turbo,9744,1367.0
0,1,CWE-79,gpt-4-turbo,13653,1131.0
0,1,CWE-79,gpt-4-turbo,15809,9600.0
0,1,CWE-79,gpt-4-turbo,9109,2038.0
0,1,CWE-79,gpt-4-turbo,14432,719.0
0,1,CWE-79,gpt-4-turbo,14984,14646.0
0,1,CWE-79,gpt-4-turbo,15207,3640.0
1,0,CWE-79,gpt-4-turbo,10550,65.0
0,1,CWE-79,gpt-4-turbo,10820,710.0
0,1,CWE-79,gpt-4-turbo,13894,9137.0
1,0,CWE-79,gpt-4-turbo,10139,7736.0
0,1,CWE-79,gpt-4-turbo,15105,9592.0
0,1,CWE-79,gpt-4-turbo,16127,10173.0
0,1,CWE-79,gpt-4-turbo,14160,10916.0
0,1,CWE-79,gpt-4-turbo,13080,3439.0
1,0,CWE-79,gpt-4-turbo,13553,5786.0
0,1,CWE-79,gpt-4-turbo,16527,4603.0
1,0,CWE-79,gpt-4-turbo,12730,44.0
0,1,CWE-79,gpt-4-turbo,12577,2233.0
0,1,CWE-79,gpt-4-turbo,12933,1296.0
0,1,CWE-79,gpt-4-turbo,8871,8744.0
0,1,CWE-79,gpt-4-turbo,8910,8705.0
0,1,CWE-79,gpt-4-turbo,15038,465.0
1,0,CWE-79,gpt-4-turbo,14619,1979.0
0,1,CWE-79,gpt-4-turbo,8950,8823.0
0,1,CWE-79,gpt-4-turbo,16733,3388.0
0,1,CWE-79,gpt-4-turbo,8993,8859.0
0,1,CWE-79,gpt-4-turbo,9035,8898.0
0,1,CWE-79,gpt-4-turbo,14324,60.0
0,1,CWE-79,gpt-4-turbo,15088,2026.0
0,1,CWE-79,gpt-4-turbo,15722,12723.0
0,1,CWE-79,gpt-4-turbo,9192,9061.0
0,1,CWE-79,gpt-4-turbo,14700,1176.0
0,1,CWE-79,gpt-4-turbo,9273,9139.0
0,1,CWE-79,gpt-4-turbo,14724,11322.0
0,1,CWE-79,gpt-4-turbo,11549,45.0
0,1,CWE-79,gpt-4-turbo,17278,9968.0
0,1,CWE-79,gpt-4-turbo,13820,13271.0
0,1,CWE-79,gpt-4-turbo,16549,3144.0
0,1,CWE-79,gpt-4-turbo,16622,3557.0
1,0,CWE-79,gpt-4-turbo,10086,5571.0
0,1,CWE-79,gpt-4-turbo,18419,1685.0
0,1,CWE-79,gpt-4-turbo,11178,7715.0
1,0,CWE-79,gpt-4-turbo,17445,4175.0
0,1,CWE-79,gpt-4-turbo,16460,745.0
0,1,CWE-79,gpt-4-turbo,16518,7058.0
0,1,CWE-79,gpt-4-turbo,18543,11217.0
0,1,CWE-79,gpt-4-turbo,18984,1014.0
0,1,CWE-79,gpt-4-turbo,10056,9419.0
0,1,CWE-79,gpt-4-turbo,10072,9443.0
0,1,CWE-79,gpt-4-turbo,10078,9671.0
0,1,CWE-79,gpt-4-turbo,16719,9.0
0,1,CWE-79,gpt-4-turbo,18125,4810.0
0,1,CWE-79,gpt-4-turbo,12686,11295.0
0,1,CWE-79,gpt-4-turbo,17734,295.0
0,1,CWE-79,gpt-4-turbo,20955,444.0
0,1,CWE-79,gpt-4-turbo,17261,6378.0
0,1,CWE-79,gpt-4-turbo,19325,2768.0
1,0,CWE-79,gpt-4-turbo,15973,4224.0
0,1,CWE-79,gpt-4-turbo,13044,1101.0
0,1,CWE-79,gpt-4-turbo,20386,3243.0
1,0,CWE-79,gpt-4-turbo,13594,1719.0
0,1,CWE-79,gpt-4-turbo,13300,2050.0
1,0,CWE-79,gpt-4-turbo,18484,188.0
0,1,CWE-79,gpt-4-turbo,17994,347.0
1,0,CWE-79,gpt-4-turbo,17680,2928.0
0,1,CWE-79,gpt-4-turbo,20454,19271.0
0,1,CWE-79,gpt-4-turbo,17895,7799.0
0,1,CWE-79,gpt-4-turbo,20137,651.0
0,1,CWE-79,gpt-4-turbo,17558,15862.0
1,0,CWE-79,gpt-4-turbo,17556,6854.0
0,1,CWE-79,gpt-4-turbo,18660,14725.0
0,1,CWE-79,gpt-4-turbo,21186,6488.0
0,1,CWE-79,gpt-4-turbo,20641,16350.0
0,1,CWE-79,gpt-4-turbo,21330,4761.0
0,1,CWE-79,gpt-4-turbo,18440,9455.0
0,1,CWE-79,gpt-4-turbo,13532,3856.0
0,1,CWE-79,gpt-4-turbo,24352,19409.0
0,1,CWE-79,gpt-4-turbo,19812,2741.0
0,1,CWE-79,gpt-4-turbo,18773,18340.0
0,1,CWE-79,gpt-4-turbo,14007,7444.0
0,1,CWE-79,gpt-4-turbo,20251,2774.0
0,1,CWE-79,gpt-4-turbo,25445,22398.0
0,1,CWE-79,gpt-4-turbo,20595,10037.0
0,1,CWE-79,gpt-4-turbo,18923,16003.0
0,1,CWE-79,gpt-4-turbo,20924,18717.0
0,1,CWE-79,gpt-4-turbo,15985,45.0
0,1,CWE-79,gpt-4-turbo,21360,3758.0
0,1,CWE-79,gpt-4-turbo,17005,13907.0
0,1,CWE-79,gpt-4-turbo,24486,2724.0
0,1,CWE-79,gpt-4-turbo,14444,5644.0
0,1,CWE-79,gpt-4-turbo,24420,8976.0
0,1,CWE-79,gpt-4-turbo,15941,13540.0
0,1,CWE-79,gpt-4-turbo,15760,5320.0
0,1,CWE-79,gpt-4-turbo,20606,16599.0
0,1,CWE-79,gpt-4-turbo,17384,9234.0
0,1,CWE-79,gpt-4-turbo,21281,3522.0
0,1,CWE-79,gpt-4-turbo,15694,12205.0
0,1,CWE-79,gpt-4-turbo,15720,12234.0
0,1,CWE-79,gpt-4-turbo,19589,8640.0
0,1,CWE-79,gpt-4-turbo,20235,5739.0
0,1,CWE-79,gpt-4-turbo,16639,1325.0
0,1,CWE-79,gpt-4-turbo,25016,3677.0
1,0,CWE-79,gpt-4-turbo,26677,11458.0
0,1,CWE-79,gpt-4-turbo,20189,409.0
0,1,CWE-79,gpt-4-turbo,23767,20069.0
0,1,CWE-79,gpt-4-turbo,28412,10444.0
0,1,CWE-79,gpt-4-turbo,22223,9765.0
0,1,CWE-79,gpt-4-turbo,23350,13520.0
0,1,CWE-79,gpt-4-turbo,19703,17365.0
0,1,CWE-79,gpt-4-turbo,27041,11206.0
0,1,CWE-79,gpt-4-turbo,18722,18610.0
1,0,CWE-79,gpt-4-turbo,25543,8719.0
0,1,CWE-79,gpt-4-turbo,24045,21156.0
0,1,CWE-79,gpt-4-turbo,19966,7784.0
0,1,CWE-79,gpt-4-turbo,22618,21825.0
1,0,CWE-79,gpt-4-turbo,23700,599.0
0,1,CWE-79,gpt-4-turbo,26363,128.0
0,1,CWE-79,gpt-4-turbo,20380,537.0
0,1,CWE-79,gpt-4-turbo,19879,12901.0
0,1,CWE-79,gpt-4-turbo,27565,2958.0
0,1,CWE-79,gpt-4-turbo,18771,12928.0
0,1,CWE-79,gpt-4-turbo,21762,16656.0
0,1,CWE-79,gpt-4-turbo,22925,15828.0
0,1,CWE-79,gpt-4-turbo,21866,4163.0
0,1,CWE-79,gpt-4-turbo,18873,2574.0
0,1,CWE-79,gpt-4-turbo,22097,20970.0
0,1,CWE-79,gpt-4-turbo,28908,8366.0
0,1,CWE-79,gpt-4-turbo,21266,6723.0
0,1,CWE-79,gpt-4-turbo,18932,2590.0
0,1,CWE-79,gpt-4-turbo,20767,19618.0
0,1,CWE-79,gpt-4-turbo,33598,1510.0
0,1,CWE-79,gpt-4-turbo,30757,6730.0
0,1,CWE-79,gpt-4-turbo,28450,13554.0
0,1,CWE-79,gpt-4-turbo,28527,21692.0
0,1,CWE-79,gpt-4-turbo,22177,22012.0
0,1,CWE-79,gpt-4-turbo,21081,3799.0
0,1,CWE-79,gpt-4-turbo,34420,19182.0
0,1,CWE-79,gpt-4-turbo,34481,32415.0
1,0,CWE-79,gpt-4-turbo,34685,518.0
0,1,CWE-79,gpt-4-turbo,22360,1164.0
0,1,CWE-79,gpt-4-turbo,24925,5.0
0,1,CWE-79,gpt-4-turbo,27441,22484.0
0,1,CWE-79,gpt-4-turbo,25148,1246.0
0,1,CWE-79,gpt-4-turbo,37364,28114.0
1,0,CWE-79,gpt-4-turbo,25269,1430.0
1,0,CWE-79,gpt-4-turbo,39234,868.0
0,1,CWE-79,gpt-4-turbo,33004,4109.0
0,1,CWE-79,gpt-4-turbo,22809,7729.0
0,1,CWE-79,gpt-4-turbo,36939,35144.0
0,1,CWE-79,gpt-4-turbo,22770,22117.0
0,1,CWE-79,gpt-4-turbo,25349,7813.0
0,1,CWE-79,gpt-4-turbo,28731,1513.0
0,1,CWE-79,gpt-4-turbo,38103,4188.0
1,0,CWE-79,gpt-4-turbo,41941,16623.0
0,1,CWE-79,gpt-4-turbo,40406,58.0
0,1,CWE-79,gpt-4-turbo,26644,9994.0
0,1,CWE-79,gpt-4-turbo,40779,39626.0
0,1,CWE-79,gpt-4-turbo,30861,1430.0
0,1,CWE-79,gpt-4-turbo,40844,39625.0
0,1,CWE-79,gpt-4-turbo,42680,284.0
0,1,CWE-79,gpt-4-turbo,41167,7811.0
1,0,CWE-79,gpt-4-turbo,45279,1923.0
0,1,CWE-79,gpt-4-turbo,27506,6105.0
0,1,CWE-79,gpt-4-turbo,38284,15248.0
0,1,CWE-79,gpt-4-turbo,34853,30724.0
1,0,CWE-79,gpt-4-turbo,35224,6.0
0,1,CWE-79,gpt-4-turbo,50809,8074.0
0,1,CWE-79,gpt-4-turbo,33945,196.0
0,1,CWE-79,gpt-4-turbo,48521,23138.0
0,1,CWE-79,gpt-4-turbo,33531,31710.0
0,1,CWE-79,gpt-4-turbo,32143,12690.0
0,1,CWE-79,gpt-4-turbo,30404,4583.0
0,1,CWE-79,gpt-4-turbo,42825,43.0
0,1,CWE-79,gpt-4-turbo,50446,19333.0
0,1,CWE-79,gpt-4-turbo,34304,15231.0
1,0,CWE-79,gpt-4-turbo,32680,2971.0
0,1,CWE-79,gpt-4-turbo,48220,30426.0
0,1,CWE-79,gpt-4-turbo,39433,11951.0
0,1,CWE-79,gpt-4-turbo,30908,325.0
0,1,CWE-79,gpt-4-turbo,46184,6692.0
0,1,CWE-79,gpt-4-turbo,51193,43253.0
0,1,CWE-79,gpt-4-turbo,56802,1986.0
0,1,CWE-79,gpt-4-turbo,30298,16902.0
1,0,CWE-79,gpt-4-turbo,45008,504.0
0,1,CWE-79,gpt-4-turbo,39338,28669.0
0,1,CWE-79,gpt-4-turbo,56151,44102.0
0,1,CWE-79,gpt-4-turbo,43638,1685.0
0,1,CWE-79,gpt-4-turbo,55855,4208.0
0,1,CWE-79,gpt-4-turbo,48324,25994.0
0,1,CWE-79,gpt-4-turbo,59582,291.0
0,1,CWE-79,gpt-4-turbo,56261,535.0
0,1,CWE-79,gpt-4-turbo,56322,23671.0
0,1,CWE-79,gpt-4-turbo,63598,14460.0
0,1,CWE-79,gpt-4-turbo,50848,20028.0
0,1,CWE-79,gpt-4-turbo,61019,1581.0
0,1,CWE-79,gpt-4-turbo,60804,176.0
0,1,CWE-79,gpt-4-turbo,59254,36147.0
0,1,CWE-79,gpt-4-turbo,60509,3793.0
0,1,CWE-79,gpt-4-turbo,58085,1468.0
1,0,CWE-22,gpt-4o,1084,390.0
1,0,CWE-22,gpt-4o,1480,33.0
1,0,CWE-22,gpt-4o,1744,365.0
0,1,CWE-22,gpt-4o,1455,515.0
1,0,CWE-22,gpt-4o,1317,289.0
1,0,CWE-22,gpt-4o,1572,1216.0
0,1,CWE-22,gpt-4o,2024,1659.0
1,0,CWE-22,gpt-4o,1392,61.0
1,0,CWE-22,gpt-4o,2557,1452.0
1,0,CWE-22,gpt-4o,2271,1012.0
1,0,CWE-22,gpt-4o,2492,998.0
1,0,CWE-22,gpt-4o,2522,1084.0
1,0,CWE-22,gpt-4o,2893,885.0
1,0,CWE-22,gpt-4o,1983,6.0
1,0,CWE-22,gpt-4o,2874,1921.0
1,0,CWE-22,gpt-4o,3166,2012.0
1,0,CWE-22,gpt-4o,3225,2034.0
0,1,CWE-22,gpt-4o,2291,537.0
1,0,CWE-22,gpt-4o,3363,626.0
1,0,CWE-22,gpt-4o,2896,903.0
0,1,CWE-22,gpt-4o,3216,893.0
1,0,CWE-22,gpt-4o,2895,23.0
1,0,CWE-22,gpt-4o,3009,1750.0
0,1,CWE-22,gpt-4o,3712,602.0
1,0,CWE-22,gpt-4o,3172,1040.0
0,1,CWE-22,gpt-4o,4116,904.0
1,0,CWE-22,gpt-4o,3891,1023.0
1,0,CWE-22,gpt-4o,4504,1394.0
1,0,CWE-22,gpt-4o,4338,3446.0
0,1,CWE-22,gpt-4o,3843,2602.0
1,0,CWE-22,gpt-4o,3715,124.0
1,0,CWE-22,gpt-4o,4281,2595.0
0,1,CWE-22,gpt-4o,4079,38.0
1,0,CWE-22,gpt-4o,4021,258.0
0,1,CWE-22,gpt-4o,3936,910.0
1,0,CWE-22,gpt-4o,3795,2417.0
1,0,CWE-22,gpt-4o,5220,970.0
1,0,CWE-22,gpt-4o,3323,121.0
1,0,CWE-22,gpt-4o,4193,824.0
0,1,CWE-22,gpt-4o,6141,11.0
0,1,CWE-22,gpt-4o,4498,2507.0
1,0,CWE-22,gpt-4o,6185,972.0
1,0,CWE-22,gpt-4o,5613,63.0
0,1,CWE-22,gpt-4o,7534,1786.0
1,0,CWE-22,gpt-4o,5636,2647.0
1,0,CWE-22,gpt-4o,5068,4307.0
0,1,CWE-22,gpt-4o,7655,3339.0
0,1,CWE-22,gpt-4o,6903,6527.0
1,0,CWE-22,gpt-4o,5927,1001.0
0,1,CWE-22,gpt-4o,6640,5302.0
0,1,CWE-22,gpt-4o,7739,627.0
1,0,CWE-22,gpt-4o,9182,7738.0
1,0,CWE-22,gpt-4o,8857,4833.0
0,1,CWE-22,gpt-4o,6476,594.0
1,0,CWE-22,gpt-4o,6218,410.0
0,1,CWE-22,gpt-4o,8123,1122.0
1,0,CWE-22,gpt-4o,7390,1017.0
1,0,CWE-22,gpt-4o,6119,5546.0
1,0,CWE-22,gpt-4o,7674,1598.0
0,1,CWE-22,gpt-4o,7941,19.0
1,0,CWE-22,gpt-4o,9382,38.0
0,1,CWE-22,gpt-4o,9131,2636.0
1,0,CWE-22,gpt-4o,8270,15.0
0,1,CWE-22,gpt-4o,9872,5390.0
1,0,CWE-22,gpt-4o,8296,2421.0
1,0,CWE-22,gpt-4o,8752,99.0
1,0,CWE-22,gpt-4o,9691,89.0
1,0,CWE-22,gpt-4o,7784,1697.0
0,1,CWE-22,gpt-4o,10135,8548.0
1,0,CWE-22,gpt-4o,9686,7430.0
1,0,CWE-22,gpt-4o,14588,7689.0
0,1,CWE-22,gpt-4o,13008,5049.0
1,0,CWE-22,gpt-4o,13284,3973.0
0,1,CWE-22,gpt-4o,14482,13452.0
1,0,CWE-22,gpt-4o,12530,17.0
0,1,CWE-22,gpt-4o,14438,4146.0
0,1,CWE-22,gpt-4o,14954,1272.0
0,1,CWE-22,gpt-4o,18606,12101.0
0,1,CWE-22,gpt-4o,10285,100.0
1,0,CWE-22,gpt-4o,15615,708.0
0,1,CWE-22,gpt-4o,17419,10838.0
0,1,CWE-22,gpt-4o,18301,15814.0
1,0,CWE-22,gpt-4o,14839,5688.0
0,1,CWE-22,gpt-4o,15596,13463.0
0,1,CWE-22,gpt-4o,17678,8449.0
0,1,CWE-22,gpt-4o,19511,1782.0
0,1,CWE-22,gpt-4o,17921,13573.0
0,1,CWE-22,gpt-4o,20824,8768.0
0,1,CWE-22,gpt-4o,14677,1063.0
0,1,CWE-22,gpt-4o,18134,8704.0
1,0,CWE-22,gpt-4o,20066,64.0
1,0,CWE-22,gpt-4o,22777,1762.0
1,0,CWE-22,gpt-4o,26015,5643.0
0,1,CWE-22,gpt-4o,26010,586.0
0,1,CWE-22,gpt-4o,27315,14184.0
0,1,CWE-22,gpt-4o,29339,2352.0
0,1,CWE-22,gpt-4o,23723,6278.0
0,1,CWE-22,gpt-4o,24713,16209.0
0,1,CWE-22,gpt-4o,23979,6.0
1,0,CWE-22,gpt-4o,25101,2392.0
0,1,CWE-22,gpt-4o,27944,1259.0
1,0,CWE-22,gpt-4o,48203,13224.0
1,0,CWE-22,gpt-4o,46638,4543.0
1,0,CWE-22,gpt-4o,35627,8876.0
0,1,CWE-22,gpt-4o,56552,40308.0
1,0,CWE-89,gpt-4o,345,45.0
1,0,CWE-89,gpt-4o,678,80.0
1,0,CWE-89,gpt-4o,942,773.0
1,0,CWE-89,gpt-4o,850,5.0
1,0,CWE-89,gpt-4o,1303,162.0
0,1,CWE-89,gpt-4o,1265,183.0
1,0,CWE-89,gpt-4o,1254,58.0
1,0,CWE-89,gpt-4o,1296,58.0
0,1,CWE-89,gpt-4o,1548,1376.0
1,0,CWE-89,gpt-4o,1415,264.0
1,0,CWE-89,gpt-4o,1625,1284.0
1,0,CWE-89,gpt-4o,1970,911.0
1,0,CWE-89,gpt-4o,1673,320.0
1,0,CWE-89,gpt-4o,1828,1302.0
1,0,CWE-89,gpt-4o,1608,959.0
1,0,CWE-89,gpt-4o,1357,77.0
1,0,CWE-89,gpt-4o,1749,881.0
0,1,CWE-89,gpt-4o,1872,1202.0
1,0,CWE-89,gpt-4o,2198,143.0
1,0,CWE-89,gpt-4o,1894,1086.0
0,1,CWE-89,gpt-4o,1952,233.0
1,0,CWE-89,gpt-4o,1792,300.0
0,1,CWE-89,gpt-4o,2173,710.0
1,0,CWE-89,gpt-4o,2117,1086.0
1,0,CWE-89,gpt-4o,2106,335.0
1,0,CWE-89,gpt-4o,1930,349.0
1,0,CWE-89,gpt-4o,2987,1798.0
0,1,CWE-89,gpt-4o,2705,1520.0
0,1,CWE-89,gpt-4o,2504,417.0
1,0,CWE-89,gpt-4o,2723,1546.0
1,0,CWE-89,gpt-4o,2523,454.0
1,0,CWE-89,gpt-4o,2768,815.0
1,0,CWE-89,gpt-4o,2725,952.0
0,1,CWE-89,gpt-4o,3476,1221.0
1,0,CWE-89,gpt-4o,3995,15.0
0,1,CWE-89,gpt-4o,3344,2284.0
1,0,CWE-89,gpt-4o,4755,877.0
1,0,CWE-89,gpt-4o,3531,2879.0
0,1,CWE-89,gpt-4o,2686,688.0
1,0,CWE-89,gpt-4o,2936,1294.0
1,0,CWE-89,gpt-4o,2735,713.0
0,1,CWE-89,gpt-4o,4003,751.0
1,0,CWE-89,gpt-4o,3170,687.0
1,0,CWE-89,gpt-4o,3557,2264.0
0,1,CWE-89,gpt-4o,3859,2456.0
0,1,CWE-89,gpt-4o,3579,892.0
0,1,CWE-89,gpt-4o,3687,1169.0
0,1,CWE-89,gpt-4o,4001,2813.0
0,1,CWE-89,gpt-4o,3538,895.0
0,1,CWE-89,gpt-4o,4535,575.0
0,1,CWE-89,gpt-4o,4000,33.0
1,0,CWE-89,gpt-4o,4744,1464.0
1,0,CWE-89,gpt-4o,3613,2767.0
0,1,CWE-89,gpt-4o,4944,1550.0
1,0,CWE-89,gpt-4o,5609,5.0
1,0,CWE-89,gpt-4o,4988,1076.0
0,1,CWE-89,gpt-4o,5612,3088.0
1,0,CWE-89,gpt-4o,4211,1331.0
1,0,CWE-89,gpt-4o,3801,212.0
1,0,CWE-89,gpt-4o,4468,62.0
1,0,CWE-89,gpt-4o,4537,1818.0
1,0,CWE-89,gpt-4o,5360,1303.0
1,0,CWE-89,gpt-4o,4286,1715.0
0,1,CWE-89,gpt-4o,5691,2257.0
1,0,CWE-89,gpt-4o,5654,1989.0
1,0,CWE-89,gpt-4o,4259,2987.0
0,1,CWE-89,gpt-4o,6093,5.0
1,0,CWE-89,gpt-4o,6401,3654.0
0,1,CWE-89,gpt-4o,7774,4742.0
0,1,CWE-89,gpt-4o,7575,38.0
1,0,CWE-89,gpt-4o,7226,3465.0
0,1,CWE-89,gpt-4o,5526,2255.0
0,1,CWE-89,gpt-4o,6109,2190.0
1,0,CWE-89,gpt-4o,5921,3943.0
0,1,CWE-89,gpt-4o,7632,1341.0
1,0,CWE-89,gpt-4o,8002,823.0
0,1,CWE-89,gpt-4o,5991,1926.0
1,0,CWE-89,gpt-4o,6089,1862.0
1,0,CWE-89,gpt-4o,6046,265.0
1,0,CWE-89,gpt-4o,8543,5773.0
0,1,CWE-89,gpt-4o,7108,2048.0
0,1,CWE-89,gpt-4o,9687,8107.0
1,0,CWE-89,gpt-4o,6869,586.0
0,1,CWE-89,gpt-4o,9522,3320.0
1,0,CWE-89,gpt-4o,7213,1352.0
1,0,CWE-89,gpt-4o,7628,3945.0
1,0,CWE-89,gpt-4o,10158,9627.0
0,1,CWE-89,gpt-4o,7972,1329.0
1,0,CWE-89,gpt-4o,9288,41.0
0,1,CWE-89,gpt-4o,9378,5039.0
0,1,CWE-89,gpt-4o,11293,3328.0
0,1,CWE-89,gpt-4o,7639,7072.0
1,0,CWE-89,gpt-4o,8902,1786.0
1,0,CWE-89,gpt-4o,9911,12.0
0,1,CWE-89,gpt-4o,10055,161.0
1,0,CWE-89,gpt-4o,12806,10657.0
0,1,CWE-89,gpt-4o,12549,4389.0
1,0,CWE-89,gpt-4o,14292,8491.0
1,0,CWE-89,gpt-4o,14941,5771.0
1,0,CWE-89,gpt-4o,10301,246.0
1,0,CWE-89,gpt-4o,11226,5372.0
0,1,CWE-89,gpt-4o,12190,2666.0
0,1,CWE-89,gpt-4o,18232,275.0
0,1,CWE-89,gpt-4o,17419,4271.0
0,1,CWE-89,gpt-4o,12936,4824.0
0,1,CWE-89,gpt-4o,12371,874.0
1,0,CWE-89,gpt-4o,14644,6634.0
0,1,CWE-89,gpt-4o,15060,944.0
0,1,CWE-89,gpt-4o,21818,6290.0
1,0,CWE-89,gpt-4o,14500,7798.0
0,1,CWE-89,gpt-4o,24043,2485.0
1,0,CWE-89,gpt-4o,24733,1545.0
1,0,CWE-89,gpt-4o,21618,2497.0
1,0,CWE-89,gpt-4o,27612,17491.0
1,0,CWE-89,gpt-4o,23528,1694.0
0,1,CWE-89,gpt-4o,19266,16698.0
1,0,CWE-89,gpt-4o,25768,7207.0
1,0,CWE-89,gpt-4o,22558,20622.0
1,0,CWE-89,gpt-4o,26763,14295.0
0,1,CWE-89,gpt-4o,25033,16158.0
0,1,CWE-89,gpt-4o,21874,16633.0
0,1,CWE-89,gpt-4o,30192,25252.0
0,1,CWE-89,gpt-4o,25289,11118.0
0,1,CWE-89,gpt-4o,36046,25.0
0,1,CWE-89,gpt-4o,31977,27516.0
0,1,CWE-89,gpt-4o,26269,16786.0
0,1,CWE-89,gpt-4o,37767,15137.0
0,1,CWE-89,gpt-4o,26678,23625.0
0,1,CWE-89,gpt-4o,37985,4351.0
0,1,CWE-89,gpt-4o,36608,17685.0
1,0,CWE-89,gpt-4o,37311,31839.0
0,1,CWE-89,gpt-4o,40384,25052.0
0,1,CWE-89,gpt-4o,30274,27589.0
0,1,CWE-89,gpt-4o,38728,8194.0
0,1,CWE-89,gpt-4o,36160,15452.0
0,1,CWE-89,gpt-4o,39147,16941.0
1,0,CWE-89,gpt-4o,26434,2905.0
0,1,CWE-89,gpt-4o,37881,22087.0
0,1,CWE-89,gpt-4o,41173,37421.0
0,1,CWE-89,gpt-4o,33844,1786.0
0,1,CWE-89,gpt-4o,46758,6865.0
0,1,CWE-89,gpt-4o,32205,44.0
0,1,CWE-89,gpt-4o,42141,23773.0
0,1,CWE-89,gpt-4o,52833,42485.0
0,1,CWE-89,gpt-4o,57308,25992.0
0,1,CWE-89,gpt-4o,60447,16817.0
0,1,CWE-79,gpt-4o,107,5.0
0,1,CWE-79,gpt-4o,108,5.0
1,0,CWE-79,gpt-4o,226,61.0
1,0,CWE-79,gpt-4o,311,58.0
1,0,CWE-79,gpt-4o,269,28.0
0,1,CWE-79,gpt-4o,691,504.0
0,1,CWE-79,gpt-4o,558,237.0
0,1,CWE-79,gpt-4o,685,295.0
1,0,CWE-79,gpt-4o,733,95.0
0,1,CWE-79,gpt-4o,631,401.0
0,1,CWE-79,gpt-4o,709,513.0
0,1,CWE-79,gpt-4o,715,56.0
0,1,CWE-79,gpt-4o,802,31.0
1,0,CWE-79,gpt-4o,814,6.0
0,1,CWE-79,gpt-4o,852,405.0
0,1,CWE-79,gpt-4o,913,80.0
1,0,CWE-79,gpt-4o,1024,881.0
1,0,CWE-79,gpt-4o,903,285.0
1,0,CWE-79,gpt-4o,1037,710.0
0,1,CWE-79,gpt-4o,1171,1071.0
0,1,CWE-79,gpt-4o,932,830.0
1,0,CWE-79,gpt-4o,1139,724.0
0,1,CWE-79,gpt-4o,1160,1134.0
0,1,CWE-79,gpt-4o,1245,48.0
1,0,CWE-79,gpt-4o,1344,657.0
1,0,CWE-79,gpt-4o,1232,8.0
0,1,CWE-79,gpt-4o,1331,38.0
1,0,CWE-79,gpt-4o,1311,656.0
0,1,CWE-79,gpt-4o,1064,1034.0
1,0,CWE-79,gpt-4o,1544,698.0
1,0,CWE-79,gpt-4o,1218,724.0
1,0,CWE-79,gpt-4o,1656,1069.0
1,0,CWE-79,gpt-4o,1326,639.0
1,0,CWE-79,gpt-4o,1022,50.0
0,1,CWE-79,gpt-4o,1654,1007.0
1,0,CWE-79,gpt-4o,1542,382.0
1,0,CWE-79,gpt-4o,1555,1250.0
0,1,CWE-79,gpt-4o,1239,261.0
1,0,CWE-79,gpt-4o,1547,517.0
1,0,CWE-79,gpt-4o,1671,5.0
1,0,CWE-79,gpt-4o,1438,695.0
1,0,CWE-79,gpt-4o,1780,1538.0
0,1,CWE-79,gpt-4o,1551,949.0
0,1,CWE-79,gpt-4o,1752,1097.0
0,1,CWE-79,gpt-4o,1671,101.0
1,0,CWE-79,gpt-4o,1595,402.0
1,0,CWE-79,gpt-4o,1760,1502.0
1,0,CWE-79,gpt-4o,1855,275.0
1,0,CWE-79,gpt-4o,1945,1735.0
0,1,CWE-79,gpt-4o,1699,864.0
1,0,CWE-79,gpt-4o,1432,359.0
0,1,CWE-79,gpt-4o,1761,528.0
1,0,CWE-79,gpt-4o,1758,39.0
1,0,CWE-79,gpt-4o,1913,1070.0
0,1,CWE-79,gpt-4o,1820,342.0
1,0,CWE-79,gpt-4o,1882,1226.0
0,1,CWE-79,gpt-4o,1855,29.0
1,0,CWE-79,gpt-4o,1778,330.0
0,1,CWE-79,gpt-4o,1647,1053.0
1,0,CWE-79,gpt-4o,1600,35.0
1,0,CWE-79,gpt-4o,1912,1647.0
1,0,CWE-79,gpt-4o,1931,111.0
0,1,CWE-79,gpt-4o,1914,950.0
1,0,CWE-79,gpt-4o,1713,18.0
1,0,CWE-79,gpt-4o,2070,898.0
1,0,CWE-79,gpt-4o,2055,680.0
0,1,CWE-79,gpt-4o,2001,690.0
0,1,CWE-79,gpt-4o,1924,744.0
0,1,CWE-79,gpt-4o,2817,1048.0
0,1,CWE-79,gpt-4o,2959,866.0
1,0,CWE-79,gpt-4o,1561,546.0
0,1,CWE-79,gpt-4o,2634,1776.0
0,1,CWE-79,gpt-4o,2440,31.0
1,0,CWE-79,gpt-4o,2033,1097.0
0,1,CWE-79,gpt-4o,2110,2.0
1,0,CWE-79,gpt-4o,2542,1950.0
0,1,CWE-79,gpt-4o,2743,1804.0
1,0,CWE-79,gpt-4o,2033,554.0
1,0,CWE-79,gpt-4o,2867,1946.0
1,0,CWE-79,gpt-4o,2917,2464.0
1,0,CWE-79,gpt-4o,2813,2590.0
0,1,CWE-79,gpt-4o,2412,1430.0
1,0,CWE-79,gpt-4o,2673,614.0
0,1,CWE-79,gpt-4o,2448,2293.0
1,0,CWE-79,gpt-4o,2037,135.0
0,1,CWE-79,gpt-4o,3099,151.0
0,1,CWE-79,gpt-4o,2877,1930.0
0,1,CWE-79,gpt-4o,2934,796.0
1,0,CWE-79,gpt-4o,2921,1494.0
0,1,CWE-79,gpt-4o,2205,39.0
0,1,CWE-79,gpt-4o,2611,672.0
0,1,CWE-79,gpt-4o,2813,1067.0
0,1,CWE-79,gpt-4o,2503,2047.0
0,1,CWE-79,gpt-4o,3273,2245.0
1,0,CWE-79,gpt-4o,3597,2517.0
1,0,CWE-79,gpt-4o,3437,1636.0
0,1,CWE-79,gpt-4o,2532,335.0
1,0,CWE-79,gpt-4o,3578,1794.0
0,1,CWE-79,gpt-4o,2948,917.0
0,1,CWE-79,gpt-4o,4604,188.0
1,0,CWE-79,gpt-4o,2854,537.0
1,0,CWE-79,gpt-4o,4439,4011.0
0,1,CWE-79,gpt-4o,3430,2315.0
1,0,CWE-79,gpt-4o,3883,99.0
0,1,CWE-79,gpt-4o,3495,5.0
1,0,CWE-79,gpt-4o,3487,1129.0
0,1,CWE-79,gpt-4o,3665,2536.0
0,1,CWE-79,gpt-4o,3405,493.0
1,0,CWE-79,gpt-4o,3376,482.0
0,1,CWE-79,gpt-4o,3307,1695.0
0,1,CWE-79,gpt-4o,3297,36.0
0,1,CWE-79,gpt-4o,3761,2572.0
0,1,CWE-79,gpt-4o,3734,52.0
0,1,CWE-79,gpt-4o,2620,574.0
0,1,CWE-79,gpt-4o,3959,1088.0
0,1,CWE-79,gpt-4o,2901,308.0
1,0,CWE-79,gpt-4o,3368,268.0
1,0,CWE-79,gpt-4o,3010,2205.0
1,0,CWE-79,gpt-4o,2603,338.0
0,1,CWE-79,gpt-4o,3910,1460.0
1,0,CWE-79,gpt-4o,3431,780.0
0,1,CWE-79,gpt-4o,3845,5.0
1,0,CWE-79,gpt-4o,3498,2707.0
1,0,CWE-79,gpt-4o,3995,3508.0
1,0,CWE-79,gpt-4o,3411,1737.0
0,1,CWE-79,gpt-4o,3289,56.0
0,1,CWE-79,gpt-4o,3732,611.0
1,0,CWE-79,gpt-4o,3469,792.0
1,0,CWE-79,gpt-4o,3821,3025.0
0,1,CWE-79,gpt-4o,4439,325.0
0,1,CWE-79,gpt-4o,4431,3180.0
1,0,CWE-79,gpt-4o,3538,636.0
0,1,CWE-79,gpt-4o,3623,2631.0
0,1,CWE-79,gpt-4o,4066,2547.0
0,1,CWE-79,gpt-4o,3802,224.0
0,1,CWE-79,gpt-4o,4606,2592.0
1,0,CWE-79,gpt-4o,3051,5.0
1,0,CWE-79,gpt-4o,4187,1863.0
0,1,CWE-79,gpt-4o,3184,6.0
0,1,CWE-79,gpt-4o,4698,2864.0
1,0,CWE-79,gpt-4o,3984,1363.0
0,1,CWE-79,gpt-4o,2896,551.0
0,1,CWE-79,gpt-4o,4397,3158.0
1,0,CWE-79,gpt-4o,3674,1684.0
1,0,CWE-79,gpt-4o,4414,3330.0
1,0,CWE-79,gpt-4o,4778,582.0
1,0,CWE-79,gpt-4o,3334,412.0
1,0,CWE-79,gpt-4o,3119,1885.0
0,1,CWE-79,gpt-4o,4667,3221.0
1,0,CWE-79,gpt-4o,4680,3696.0
0,1,CWE-79,gpt-4o,3235,2739.0
0,1,CWE-79,gpt-4o,4411,38.0
0,1,CWE-79,gpt-4o,5998,2811.0
1,0,CWE-79,gpt-4o,3817,40.0
0,1,CWE-79,gpt-4o,5045,888.0
0,1,CWE-79,gpt-4o,4135,2306.0
0,1,CWE-79,gpt-4o,4594,32.0
1,0,CWE-79,gpt-4o,3960,1051.0
1,0,CWE-79,gpt-4o,4266,537.0
1,0,CWE-79,gpt-4o,4292,975.0
0,1,CWE-79,gpt-4o,4770,385.0
0,1,CWE-79,gpt-4o,5041,13.0
0,1,CWE-79,gpt-4o,4401,1669.0
0,1,CWE-79,gpt-4o,4200,1727.0
1,0,CWE-79,gpt-4o,5203,4480.0
0,1,CWE-79,gpt-4o,4948,1799.0
0,1,CWE-79,gpt-4o,4376,685.0
0,1,CWE-79,gpt-4o,5775,919.0
0,1,CWE-79,gpt-4o,6463,550.0
0,1,CWE-79,gpt-4o,4882,3056.0
1,0,CWE-79,gpt-4o,4923,1665.0
0,1,CWE-79,gpt-4o,4416,3015.0
0,1,CWE-79,gpt-4o,3414,550.0
0,1,CWE-79,gpt-4o,5502,2976.0
0,1,CWE-79,gpt-4o,5316,3815.0
1,0,CWE-79,gpt-4o,4201,1260.0
1,0,CWE-79,gpt-4o,4458,3197.0
0,1,CWE-79,gpt-4o,3634,3238.0
1,0,CWE-79,gpt-4o,4919,682.0
0,1,CWE-79,gpt-4o,5586,2941.0
0,1,CWE-79,gpt-4o,5458,4158.0
0,1,CWE-79,gpt-4o,5983,1939.0
1,0,CWE-79,gpt-4o,4393,1052.0
0,1,CWE-79,gpt-4o,5349,30.0
0,1,CWE-79,gpt-4o,5349,4624.0
1,0,CWE-79,gpt-4o,5576,3230.0
1,0,CWE-79,gpt-4o,5108,1161.0
1,0,CWE-79,gpt-4o,5347,3198.0
0,1,CWE-79,gpt-4o,5259,1122.0
0,1,CWE-79,gpt-4o,5458,4001.0
0,1,CWE-79,gpt-4o,4338,3488.0
0,1,CWE-79,gpt-4o,4698,1027.0
0,1,CWE-79,gpt-4o,4330,286.0
0,1,CWE-79,gpt-4o,5582,97.0
1,0,CWE-79,gpt-4o,6164,2130.0
1,0,CWE-79,gpt-4o,6435,491.0
1,0,CWE-79,gpt-4o,5758,89.0
1,0,CWE-79,gpt-4o,3798,758.0
0,1,CWE-79,gpt-4o,5721,2473.0
1,0,CWE-79,gpt-4o,4516,332.0
0,1,CWE-79,gpt-4o,4978,980.0
0,1,CWE-79,gpt-4o,4355,3283.0
1,0,CWE-79,gpt-4o,5921,560.0
0,1,CWE-79,gpt-4o,6470,4742.0
0,1,CWE-79,gpt-4o,6758,1921.0
0,1,CWE-79,gpt-4o,6140,2525.0
0,1,CWE-79,gpt-4o,4562,1102.0
1,0,CWE-79,gpt-4o,4534,2402.0
0,1,CWE-79,gpt-4o,5862,1939.0
0,1,CWE-79,gpt-4o,4951,3744.0
1,0,CWE-79,gpt-4o,5121,1055.0
1,0,CWE-79,gpt-4o,7080,3001.0
1,0,CWE-79,gpt-4o,5158,2462.0
0,1,CWE-79,gpt-4o,6785,3221.0
0,1,CWE-79,gpt-4o,6378,1785.0
1,0,CWE-79,gpt-4o,7255,1363.0
0,1,CWE-79,gpt-4o,4972,4819.0
1,0,CWE-79,gpt-4o,7012,5024.0
1,0,CWE-79,gpt-4o,5477,533.0
1,0,CWE-79,gpt-4o,4492,1690.0
0,1,CWE-79,gpt-4o,6429,2579.0
1,0,CWE-79,gpt-4o,7009,4070.0
0,1,CWE-79,gpt-4o,5316,1989.0
0,1,CWE-79,gpt-4o,7095,3668.0
0,1,CWE-79,gpt-4o,6501,2701.0
0,1,CWE-79,gpt-4o,7800,6631.0
1,0,CWE-79,gpt-4o,5048,4682.0
1,0,CWE-79,gpt-4o,7033,609.0
0,1,CWE-79,gpt-4o,7987,2155.0
0,1,CWE-79,gpt-4o,7495,3642.0
0,1,CWE-79,gpt-4o,9021,1915.0
0,1,CWE-79,gpt-4o,6885,1516.0
1,0,CWE-79,gpt-4o,5404,1250.0
0,1,CWE-79,gpt-4o,7297,6688.0
0,1,CWE-79,gpt-4o,7438,3727.0
0,1,CWE-79,gpt-4o,8250,960.0
1,0,CWE-79,gpt-4o,6019,3322.0
0,1,CWE-79,gpt-4o,5253,4550.0
0,1,CWE-79,gpt-4o,5254,4333.0
0,1,CWE-79,gpt-4o,6938,579.0
0,1,CWE-79,gpt-4o,7674,3379.0
0,1,CWE-79,gpt-4o,7928,2710.0
1,0,CWE-79,gpt-4o,7440,4733.0
0,1,CWE-79,gpt-4o,5493,1546.0
1,0,CWE-79,gpt-4o,6049,537.0
0,1,CWE-79,gpt-4o,8491,4518.0
1,0,CWE-79,gpt-4o,6148,537.0
1,0,CWE-79,gpt-4o,8654,3128.0
0,1,CWE-79,gpt-4o,6274,3051.0
0,1,CWE-79,gpt-4o,6293,3857.0
0,1,CWE-79,gpt-4o,8697,5705.0
0,1,CWE-79,gpt-4o,7864,1988.0
0,1,CWE-79,gpt-4o,8296,6449.0
0,1,CWE-79,gpt-4o,8308,6879.0
0,1,CWE-79,gpt-4o,9376,819.0
0,1,CWE-79,gpt-4o,8324,6359.0
1,0,CWE-79,gpt-4o,6468,1052.0
0,1,CWE-79,gpt-4o,8656,6276.0
0,1,CWE-79,gpt-4o,5481,1550.0
0,1,CWE-79,gpt-4o,5491,1560.0
0,1,CWE-79,gpt-4o,7983,1721.0
0,1,CWE-79,gpt-4o,5510,1581.0
0,1,CWE-79,gpt-4o,6308,3717.0
0,1,CWE-79,gpt-4o,6151,1535.0
0,1,CWE-79,gpt-4o,7147,5224.0
0,1,CWE-79,gpt-4o,8818,8516.0
0,1,CWE-79,gpt-4o,9928,7108.0
0,1,CWE-79,gpt-4o,10383,4777.0
0,1,CWE-79,gpt-4o,8527,145.0
0,1,CWE-79,gpt-4o,8922,7825.0
0,1,CWE-79,gpt-4o,8750,6992.0
1,0,CWE-79,gpt-4o,10338,9070.0
1,0,CWE-79,gpt-4o,9294,1718.0
1,0,CWE-79,gpt-4o,6599,537.0
0,1,CWE-79,gpt-4o,8821,6225.0
0,1,CWE-79,gpt-4o,9103,8877.0
0,1,CWE-79,gpt-4o,8848,8072.0
0,1,CWE-79,gpt-4o,9214,4887.0
1,0,CWE-79,gpt-4o,9577,1210.0
0,1,CWE-79,gpt-4o,5985,4127.0
0,1,CWE-79,gpt-4o,8998,1924.0
0,1,CWE-79,gpt-4o,9059,1588.0
0,1,CWE-79,gpt-4o,9183,447.0
0,1,CWE-79,gpt-4o,9798,9305.0
1,0,CWE-79,gpt-4o,11462,8103.0
1,0,CWE-79,gpt-4o,6912,2892.0
1,0,CWE-79,gpt-4o,9753,985.0
0,1,CWE-79,gpt-4o,9769,4874.0
0,1,CWE-79,gpt-4o,9784,8184.0
0,1,CWE-79,gpt-4o,9025,5486.0
0,1,CWE-79,gpt-4o,10002,11.0
0,1,CWE-79,gpt-4o,9836,5.0
0,1,CWE-79,gpt-4o,9247,562.0
0,1,CWE-79,gpt-4o,9014,1518.0
1,0,CWE-79,gpt-4o,8120,7606.0
1,0,CWE-79,gpt-4o,11004,4507.0
1,0,CWE-79,gpt-4o,11710,3008.0
0,1,CWE-79,gpt-4o,9997,2081.0
1,0,CWE-79,gpt-4o,11004,883.0
0,1,CWE-79,gpt-4o,10883,6988.0
0,1,CWE-79,gpt-4o,10727,309.0
0,1,CWE-79,gpt-4o,12018,433.0
1,0,CWE-79,gpt-4o,8239,3092.0
1,0,CWE-79,gpt-4o,7717,961.0
0,1,CWE-79,gpt-4o,9571,8113.0
1,0,CWE-79,gpt-4o,11468,971.0
0,1,CWE-79,gpt-4o,7380,3935.0
0,1,CWE-79,gpt-4o,9779,9181.0
1,0,CWE-79,gpt-4o,10678,322.0
0,1,CWE-79,gpt-4o,7781,2558.0
0,1,CWE-79,gpt-4o,11019,2683.0
0,1,CWE-79,gpt-4o,7928,4380.0
0,1,CWE-79,gpt-4o,10940,1979.0
0,1,CWE-79,gpt-4o,11693,267.0
0,1,CWE-79,gpt-4o,11497,9015.0
1,0,CWE-79,gpt-4o,11481,4104.0
0,1,CWE-79,gpt-4o,10388,83.0
0,1,CWE-79,gpt-4o,11453,734.0
0,1,CWE-79,gpt-4o,9248,4503.0
0,1,CWE-79,gpt-4o,11916,5531.0
0,1,CWE-79,gpt-4o,12639,1845.0
1,0,CWE-79,gpt-4o,10095,1112.0
0,1,CWE-79,gpt-4o,9601,66.0
1,0,CWE-79,gpt-4o,12080,9635.0
0,1,CWE-79,gpt-4o,11732,7697.0
1,0,CWE-79,gpt-4o,10423,3511.0
0,1,CWE-79,gpt-4o,10998,9900.0
0,1,CWE-79,gpt-4o,12354,2775.0
1,0,CWE-79,gpt-4o,12429,1023.0
0,1,CWE-79,gpt-4o,12605,8244.0
0,1,CWE-79,gpt-4o,11569,9154.0
0,1,CWE-79,gpt-4o,9908,7173.0
1,0,CWE-79,gpt-4o,12624,2315.0
1,0,CWE-79,gpt-4o,11982,856.0
0,1,CWE-79,gpt-4o,11558,10917.0
1,0,CWE-79,gpt-4o,13369,5538.0
0,1,CWE-79,gpt-4o,11580,241.0
0,1,CWE-79,gpt-4o,12648,6248.0
0,1,CWE-79,gpt-4o,9149,3126.0
0,1,CWE-79,gpt-4o,15057,600.0
0,1,CWE-79,gpt-4o,13413,1182.0
1,0,CWE-79,gpt-4o,12637,3312.0
0,1,CWE-79,gpt-4o,9744,1367.0
0,1,CWE-79,gpt-4o,13653,1131.0
0,1,CWE-79,gpt-4o,15809,9600.0
0,1,CWE-79,gpt-4o,9109,2038.0
0,1,CWE-79,gpt-4o,14432,719.0
0,1,CWE-79,gpt-4o,14984,14646.0
1,0,CWE-79,gpt-4o,15207,3640.0
1,0,CWE-79,gpt-4o,10550,65.0
1,0,CWE-79,gpt-4o,10820,710.0
0,1,CWE-79,gpt-4o,13894,9137.0
0,1,CWE-79,gpt-4o,10139,7736.0
0,1,CWE-79,gpt-4o,15105,9592.0
0,1,CWE-79,gpt-4o,16127,10173.0
0,1,CWE-79,gpt-4o,14160,10916.0
0,1,CWE-79,gpt-4o,13080,3439.0
0,1,CWE-79,gpt-4o,13553,5786.0
0,1,CWE-79,gpt-4o,16527,4603.0
1,0,CWE-79,gpt-4o,12730,44.0
0,1,CWE-79,gpt-4o,12577,2233.0
0,1,CWE-79,gpt-4o,12933,1296.0
0,1,CWE-79,gpt-4o,8871,8744.0
0,1,CWE-79,gpt-4o,8910,8705.0
0,1,CWE-79,gpt-4o,15038,465.0
1,0,CWE-79,gpt-4o,14619,1979.0
0,1,CWE-79,gpt-4o,8950,8823.0
0,1,CWE-79,gpt-4o,16733,3388.0
0,1,CWE-79,gpt-4o,8993,8859.0
0,1,CWE-79,gpt-4o,9035,8898.0
0,1,CWE-79,gpt-4o,14324,60.0
0,1,CWE-79,gpt-4o,15088,2026.0
0,1,CWE-79,gpt-4o,15722,12723.0
0,1,CWE-79,gpt-4o,9192,9061.0
0,1,CWE-79,gpt-4o,14700,1176.0
0,1,CWE-79,gpt-4o,9273,9139.0
0,1,CWE-79,gpt-4o,14724,11322.0
1,0,CWE-79,gpt-4o,11549,45.0
1,0,CWE-79,gpt-4o,17278,9968.0
0,1,CWE-79,gpt-4o,13820,13271.0
0,1,CWE-79,gpt-4o,16549,3144.0
0,1,CWE-79,gpt-4o,16622,3557.0
1,0,CWE-79,gpt-4o,10086,5571.0
0,1,CWE-79,gpt-4o,18419,1685.0
0,1,CWE-79,gpt-4o,11178,7715.0
0,1,CWE-79,gpt-4o,17445,4175.0
0,1,CWE-79,gpt-4o,16460,745.0
1,0,CWE-79,gpt-4o,16518,7058.0
1,0,CWE-79,gpt-4o,18543,11217.0
0,1,CWE-79,gpt-4o,18984,1014.0
0,1,CWE-79,gpt-4o,10056,9419.0
0,1,CWE-79,gpt-4o,10072,9443.0
0,1,CWE-79,gpt-4o,10078,9671.0
0,1,CWE-79,gpt-4o,16719,9.0
0,1,CWE-79,gpt-4o,18125,4810.0
0,1,CWE-79,gpt-4o,12686,11295.0
0,1,CWE-79,gpt-4o,17734,295.0
1,0,CWE-79,gpt-4o,20955,444.0
0,1,CWE-79,gpt-4o,17261,6378.0
0,1,CWE-79,gpt-4o,19325,2768.0
1,0,CWE-79,gpt-4o,15973,4224.0
0,1,CWE-79,gpt-4o,13044,1101.0
0,1,CWE-79,gpt-4o,20386,3243.0
1,0,CWE-79,gpt-4o,13594,1719.0
0,1,CWE-79,gpt-4o,13300,2050.0
1,0,CWE-79,gpt-4o,18484,188.0
0,1,CWE-79,gpt-4o,17994,347.0
1,0,CWE-79,gpt-4o,17680,2928.0
0,1,CWE-79,gpt-4o,20454,19271.0
0,1,CWE-79,gpt-4o,17895,7799.0
0,1,CWE-79,gpt-4o,20137,651.0
0,1,CWE-79,gpt-4o,17558,15862.0
0,1,CWE-79,gpt-4o,17556,6854.0
0,1,CWE-79,gpt-4o,18660,14725.0
1,0,CWE-79,gpt-4o,21186,6488.0
0,1,CWE-79,gpt-4o,20641,16350.0
1,0,CWE-79,gpt-4o,21330,4761.0
0,1,CWE-79,gpt-4o,18440,9455.0
0,1,CWE-79,gpt-4o,13532,3856.0
0,1,CWE-79,gpt-4o,24352,19409.0
0,1,CWE-79,gpt-4o,19812,2741.0
0,1,CWE-79,gpt-4o,18773,18340.0
0,1,CWE-79,gpt-4o,14007,7444.0
0,1,CWE-79,gpt-4o,20251,2774.0
0,1,CWE-79,gpt-4o,25445,22398.0
0,1,CWE-79,gpt-4o,20595,10037.0
0,1,CWE-79,gpt-4o,18923,16003.0
1,0,CWE-79,gpt-4o,20924,18717.0
0,1,CWE-79,gpt-4o,15985,45.0
0,1,CWE-79,gpt-4o,21360,3758.0
0,1,CWE-79,gpt-4o,17005,13907.0
0,1,CWE-79,gpt-4o,24486,2724.0
1,0,CWE-79,gpt-4o,14444,5644.0
0,1,CWE-79,gpt-4o,24420,8976.0
0,1,CWE-79,gpt-4o,15941,13540.0
0,1,CWE-79,gpt-4o,15760,5320.0
0,1,CWE-79,gpt-4o,20606,16599.0
0,1,CWE-79,gpt-4o,17384,9234.0
0,1,CWE-79,gpt-4o,21281,3522.0
0,1,CWE-79,gpt-4o,15694,12205.0
0,1,CWE-79,gpt-4o,15720,12234.0
0,1,CWE-79,gpt-4o,19589,8640.0
0,1,CWE-79,gpt-4o,20235,5739.0
0,1,CWE-79,gpt-4o,16639,1325.0
0,1,CWE-79,gpt-4o,25016,3677.0
1,0,CWE-79,gpt-4o,26677,11458.0
0,1,CWE-79,gpt-4o,20189,409.0
0,1,CWE-79,gpt-4o,23767,20069.0
0,1,CWE-79,gpt-4o,28412,10444.0
0,1,CWE-79,gpt-4o,22223,9765.0
0,1,CWE-79,gpt-4o,23350,13520.0
0,1,CWE-79,gpt-4o,19703,17365.0
0,1,CWE-79,gpt-4o,27041,11206.0
0,1,CWE-79,gpt-4o,18722,18610.0
0,1,CWE-79,gpt-4o,25543,8719.0
0,1,CWE-79,gpt-4o,24045,21156.0
0,1,CWE-79,gpt-4o,19966,7784.0
0,1,CWE-79,gpt-4o,22618,21825.0
1,0,CWE-79,gpt-4o,23700,599.0
0,1,CWE-79,gpt-4o,26363,128.0
0,1,CWE-79,gpt-4o,20380,537.0
0,1,CWE-79,gpt-4o,19879,12901.0
0,1,CWE-79,gpt-4o,27565,2958.0
0,1,CWE-79,gpt-4o,18771,12928.0
0,1,CWE-79,gpt-4o,21762,16656.0
0,1,CWE-79,gpt-4o,22925,15828.0
1,0,CWE-79,gpt-4o,21866,4163.0
0,1,CWE-79,gpt-4o,18873,2574.0
0,1,CWE-79,gpt-4o,22097,20970.0
0,1,CWE-79,gpt-4o,28908,8366.0
0,1,CWE-79,gpt-4o,21266,6723.0
0,1,CWE-79,gpt-4o,18932,2590.0
0,1,CWE-79,gpt-4o,20767,19618.0
1,0,CWE-79,gpt-4o,33598,1510.0
0,1,CWE-79,gpt-4o,30757,6730.0
0,1,CWE-79,gpt-4o,28450,13554.0
0,1,CWE-79,gpt-4o,28527,21692.0
0,1,CWE-79,gpt-4o,22177,22012.0
0,1,CWE-79,gpt-4o,21081,3799.0
0,1,CWE-79,gpt-4o,34420,19182.0
0,1,CWE-79,gpt-4o,34481,32415.0
1,0,CWE-79,gpt-4o,34685,518.0
1,0,CWE-79,gpt-4o,22360,1164.0
0,1,CWE-79,gpt-4o,24925,5.0
0,1,CWE-79,gpt-4o,27441,22484.0
0,1,CWE-79,gpt-4o,25148,1246.0
0,1,CWE-79,gpt-4o,37364,28114.0
1,0,CWE-79,gpt-4o,25269,1430.0
1,0,CWE-79,gpt-4o,39234,868.0
0,1,CWE-79,gpt-4o,33004,4109.0
0,1,CWE-79,gpt-4o,22809,7729.0
0,1,CWE-79,gpt-4o,36939,35144.0
0,1,CWE-79,gpt-4o,22770,22117.0
0,1,CWE-79,gpt-4o,25349,7813.0
0,1,CWE-79,gpt-4o,28731,1513.0
0,1,CWE-79,gpt-4o,38103,4188.0
1,0,CWE-79,gpt-4o,41941,16623.0
0,1,CWE-79,gpt-4o,40406,58.0
0,1,CWE-79,gpt-4o,26644,9994.0
0,1,CWE-79,gpt-4o,40779,39626.0
0,1,CWE-79,gpt-4o,30861,1430.0
0,1,CWE-79,gpt-4o,40844,39625.0
0,1,CWE-79,gpt-4o,42680,284.0
0,1,CWE-79,gpt-4o,41167,7811.0
0,1,CWE-79,gpt-4o,45279,1923.0
0,1,CWE-79,gpt-4o,27506,6105.0
0,1,CWE-79,gpt-4o,38284,15248.0
0,1,CWE-79,gpt-4o,34853,30724.0
1,0,CWE-79,gpt-4o,35224,6.0
0,1,CWE-79,gpt-4o,50809,8074.0
0,1,CWE-79,gpt-4o,33945,196.0
0,1,CWE-79,gpt-4o,48521,23138.0
0,1,CWE-79,gpt-4o,33531,31710.0
0,1,CWE-79,gpt-4o,32143,12690.0
0,1,CWE-79,gpt-4o,30404,4583.0
0,1,CWE-79,gpt-4o,42825,43.0
0,1,CWE-79,gpt-4o,50446,19333.0
0,1,CWE-79,gpt-4o,34304,15231.0
0,1,CWE-79,gpt-4o,32680,2971.0
0,1,CWE-79,gpt-4o,48220,30426.0
0,1,CWE-79,gpt-4o,39433,11951.0
0,1,CWE-79,gpt-4o,30908,325.0
1,0,CWE-79,gpt-4o,46184,6692.0
0,1,CWE-79,gpt-4o,51193,43253.0
0,1,CWE-79,gpt-4o,56802,1986.0
0,1,CWE-79,gpt-4o,30298,16902.0
0,1,CWE-79,gpt-4o,45008,504.0
0,1,CWE-79,gpt-4o,39338,28669.0
0,1,CWE-79,gpt-4o,56151,44102.0
0,1,CWE-79,gpt-4o,43638,1685.0
0,1,CWE-79,gpt-4o,55855,4208.0
0,1,CWE-79,gpt-4o,48324,25994.0
1,0,CWE-79,gpt-4o,59582,291.0
0,1,CWE-79,gpt-4o,56261,535.0
0,1,CWE-79,gpt-4o,56322,23671.0
0,1,CWE-79,gpt-4o,63598,14460.0
0,1,CWE-79,gpt-4o,50848,20028.0
1,0,CWE-79,gpt-4o,61019,1581.0
0,1,CWE-79,gpt-4o,60804,176.0
0,1,CWE-79,gpt-4o,59254,36147.0
0,1,CWE-79,gpt-4o,60509,3793.0
0,1,CWE-79,gpt-4o,58085,1468.0
