file_id,model_output
161," SE: There is no direct user input being concatenated into HTML content without sanitation in the provided code.
BL: none
BUG FOUND: NO

The provided PHP code does not contain any Cross-Site Scripting (CWE-79) vulnerabilities as per the given example. The code handles data aggregation, defines some classes for string processing and data reduction, and includes common.inc.php, header.inc.php, and footer.inc.php files. However, it does not include any user input in HTML content without proper sanitation."
13," SE: The 'output' value from the 'result' array is directly outputted in the HTML without proper sanitization.
BL: `echo ""<div class='calculation-result'>{$this->result['output']}</div>"";`
BUG FOUND: YES

Explanation:
The 'output' value in the 'result' array could potentially contain user input that has not been sanitized, making it vulnerable to Cross-Site Scripting (XSS) attacks. In this case, the 'output' value is directly echoed in the HTML, which could execute malicious JavaScript code if the 'output' value is not properly sanitized. To prevent XSS attacks, it is recommended to sanitize user inputs and use functions that automatically escape output for HTML context such as `htmlspecialchars()` in PHP."
0," SE: The '{$this->result['output']}' is directly concatenated into HTML content without sanitation which may contain user input.
BL: `echo ""<div class='calculation-result'>{$this->result['output']}</div>"";`
BUG FOUND: YES

Explanation:
Even though it might not be clear where the 'output' key in the 'result' array comes from, it is set in the 'processRequest' method of the 'Integrator' class with a value that could potentially come from user input. This value is then directly used in the 'displayResult' method to generate HTML content, which could lead to Cross-Site Scripting (XSS) vulnerabilities if the input is not properly sanitized."
1," SE: The 'output' from $this->result is directly inserted into HTML content without any sanitation.
BL: `echo ""<div class='calculation-result'>{$this->result['output']}</div>"";`
BUG FOUND: YES

Explanation:
The value of 'output' in $this->result is being directly inserted into the HTML content using echo. If the 'output' value contains any user-supplied data that is not properly sanitized, it could lead to Cross-Site Scripting (XSS) vulnerabilities. In this case, it is recommended to sanitize the 'output' value before inserting it into the HTML content to prevent potential security issues."
203," SE: There is no user input being directly used in HTML content generation in the provided code, so there is no possibility of a Cross-Site Scripting (CWE-79) vulnerability.

BL: none

BUG FOUND: NO"
160," SE: The 'value' attribute of the input element takes user input directly which is not properly sanitized before being inserted into HTML content.
BL: `value=""<?= $_POST['username'] ?? '' ?>""`
BUG FOUND: YES

Explanation:
The code is vulnerable to Cross-Site Scripting (XSS) attacks because it directly includes user input in the HTML content without proper sanitization. In this case, the user input is included in the 'value' attribute of the input element. If an attacker provides malicious JavaScript code as input, it will be executed in the browser of any user viewing the page. To prevent XSS attacks, always sanitize user input and consider using functions that automatically escape output for you, like the 'htmlspecialchars' function in PHP."
18," SE: The 'input' value from requestHandler is directly concatenated into the HTML content without sanitation.
BL: `$this->result['output'] = $this->calculator->operate($operation, $input, $operation === 'add' ? 10 : 5) ?? ""Invalid operation"";` in the `processRequest()` method of the `Integrator` class.
BUG FOUND: YES

Explanation:
The 'input' value from requestHandler is directly used in the output without any sanitation or encoding which can lead to Cross-Site Scripting (XSS) attacks if the input is not properly validated and sanitized. An attacker can inject malicious scripts that can steal user data or perform other malicious activities."
14," SE: There is no direct concatenation of user input into HTML content in the provided code. The user input is processed and sanitized through the operate() method of the calculator object, and the result is then displayed using echo. However, since we cannot see the implementation of the calculator class and its operate() method, it is unclear if and how user input is sanitized.

BL: None
BUG FOUND: NO

Note: It is good practice to sanitize user input before using it in any operations, especially when it will be used in a security-sensitive context such as HTML content generation. It is recommended to review the implementation of the calculator class and its operate() method to ensure that user input is properly sanitized before it is used."
165," SE: There is no usage of user input in generating web page content in the provided code, so there is no possibility of Cross-Site Scripting (XSS) vulnerability.
BL: none
BUG FOUND: NO"
146," SE: The 'username' input value is directly echoed into HTML content without proper sanitation, potentially allowing cross-site scripting (XSS) attacks if the input is not properly sanitized.
BL: `<input type=""text"" name=""username"" id=""inputUser"" class=""form-control"" value=""<?= $_POST['username'] ?? '' ?>"" required autofocus>`
BUG FOUND: YES

Please note that the same issue exists for the 'password' input field, but it is not as risky since it is a password field and the input is not displayed to the user. However, it's still a good practice to sanitize all user inputs."
347," SE: The user input from the $_GET parameter is directly echoed into a JavaScript alert without sanitation, which can lead to Cross-Site Scripting (XSS) attacks.
BL: `alert('Hello, <?php echo $name; ?>!');`
BUG FOUND: YES

Explanation:
The code takes the 'name' parameter from the GET request and directly uses it in the JavaScript alert. If an attacker provides malicious JavaScript code as the 'name' parameter, it will be executed in the user's browser. To prevent XSS attacks, always sanitize user inputs by encoding or validating them before using them in any generated content, especially in JavaScript or HTML contexts."
315," SE: The user input 'name' is directly echoed into JavaScript code without sanitation, which can lead to Cross-Site Scripting (XSS) attacks.
BL: `alert('Hello, <?php echo $name; ?>!');`
BUG FOUND: YES

Explanation:
The user input 'name' is directly used in the JavaScript code as a string. If an attacker provides malicious JavaScript code as input, it will get executed in other users' browsers, leading to a Cross-Site Scripting (XSS) vulnerability. To prevent XSS attacks, always sanitize user inputs and use functions that automatically escape output for you, like `htmlspecialchars()` in PHP. In this case, you should use `htmlspecialchars($name)` when echoing the $name variable in the JavaScript code."
191," SE: The 'username' value from user input is directly echoed into the HTML content without proper sanitation.
BL: `<input type=""text"" name=""username"" id=""inputUser"" class=""form-control"" value=""<?= $_POST['username'] ?? '' ?>"" required autofocus>`
BUG FOUND: YES

Explanation:
An attacker can inject malicious JavaScript code into the 'username' field, which will be executed in the browser of any user viewing the page. This is because the input value is not sanitized before being included in the HTML. To prevent this, you should always sanitize any user input before using it in an HTML context, for example by using the `htmlspecialchars()` function in PHP."
54," SE: The 'output' property of the 'result' array is directly outputted into HTML without proper sanitation, which may lead to Cross-Site Scripting (XSS) attacks if the data contains user-supplied input.
BL: `echo ""<div class='calculation-result'>{$this->result['output']}</div>"";`
BUG FOUND: YES

Explanation:
The 'output' property of the 'result' array is directly used in an echo statement to generate HTML content. If the 'output' property contains user-supplied input that is not properly sanitized, it may lead to Cross-Site Scripting (XSS) attacks. To prevent this, you should sanitize the user-supplied input before assigning it to the 'output' property or use a secure method to output the data, such as using the `htmlspecialchars()` function in PHP."
257," SE: There is no user input being directly used in the provided PHP code, so there is no risk of Cross-Site Scripting (XSS) attacks by not neutralizing user input.
BL: none
BUG FOUND: NO"
316," SE: The $name variable, which comes from user input through the URL, is directly inserted into the JavaScript alert box without any sanitation. This can lead to Cross-Site Scripting (XSS) attacks.
BL: `alert('Hello, <?php echo $name; ?>!');`
BUG FOUND: YES

Explanation:
The user can provide any input in the 'name' parameter of the URL. This input is directly used in the JavaScript alert box without any sanitation or validation. An attacker can exploit this by injecting malicious JavaScript code in the 'name' parameter, which will be executed in the user's browser. To prevent XSS attacks, always sanitize user inputs and never directly insert them into HTML or JavaScript code."
348," SE: The user input 'name' from GET request is directly echoed into JavaScript code without sanitation.
BL: `alert('Hello, <?php echo $name; ?>!');`
BUG FOUND: YES

Explanation:
The value of the variable $name, which comes from user input, is inserted into a JavaScript alert statement without any sanitization. This can lead to Cross-Site Scripting (XSS) attacks if an attacker provides malicious JavaScript code as the 'name' parameter. The malicious code would then be executed in the browser of any user viewing the page."
147," SE: The 'value' attribute of the input element directly uses the user-provided value from $_POST['username'] without any sanitation or neutralization.
BL: `value=""<?= $_POST['username'] ?? '' ?>""`
BUG FOUND: YES

Explanation:
An attacker can exploit this by providing a username containing a cross-site scripting (XSS) payload. Since the user input is directly embedded into the HTML, the payload will be executed in the user's browser, leading to potential security vulnerabilities such as stealing user session cookies or performing phishing attacks. To prevent XSS attacks, always sanitize or neutralize user inputs by using functions that escape or remove malicious characters before embedding them into HTML."
12," SE: The '{$this->result['output']}' is directly echoed into HTML content without proper output encoding or sanitation.
BL: `echo ""<div class='calculation-result'>{$this->result['output']}</div>"";`
BUG FOUND: YES

Explanation:
The given PHP code is vulnerable to Cross-Site Scripting (XSS) due to the lack of output encoding or sanitation when echoing the '{$this->result['output']}' variable directly into the HTML content. An attacker can potentially inject malicious JavaScript code by manipulating the 'input' and 'operation' values sent via the request. To mitigate this issue, use a proper encoding function like htmlspecialchars() before echoing the variable."
41," SE: The 'output' data from the request handler is directly echoed into HTML content without proper sanitation. If the data contains user input, it could lead to Cross-Site Scripting (XSS) vulnerabilities.
BL: `echo ""<div class='calculation-result'>{$this->result['output']}</div>"";`
BUG FOUND: YES

Note: The code does not show where or how the 'output' data is generated or if it includes user input. However, the potential for a Cross-Site Scripting (XSS) vulnerability exists in the given line if 'output' includes user input that is not properly sanitized."
106," SE: The 'output' property of the 'result' array is directly outputted into an HTML div without proper sanitation.
BL: `echo ""<div class='calculation-result'>{$this->result['output']}</div>""`;
BUG FOUND: YES"
300," SE: The user input '$name' is directly concatenated into the JavaScript code without sanitation, which can lead to Cross-Site Scripting (XSS) attacks.
BL: `alert('Hello, <?php echo $name; ?>!');`
BUG FOUND: YES

Explanation:
The input from the user (in this case, the 'name' variable from the GET request) is directly used in the JavaScript code that gets executed on the client side. An attacker can exploit this by injecting malicious JavaScript code into the 'name' parameter, which will then be executed in the user's browser. To prevent XSS attacks, it is essential to sanitize any user input before using it in the context of HTML or JavaScript. In this case, you can use functions like htmlspecialchars() or json_encode() to sanitize the user input before using it in the JavaScript code."
195," SE: There is no user input being directly concatenated into HTML content without sanitation in the provided code, so there is no instance of Cross-Site Scripting (XSS) vulnerability.

BL: none
BUG FOUND: NO

Although there are input fields for username and password, they are not directly outputted to the HTML without proper sanitization. Therefore, there is no risk of Cross-Site Scripting (XSS) vulnerability in this code."
361," SE: The user input 'name' from GET request is directly concatenated into JavaScript code without sanitation.
BL: `alert('Hello, <?php echo $name; ?>!');`
BUG FOUND: YES

Explanation:
The input from the user (in this case, 'name' from GET request) is directly used in the JavaScript code. If an attacker provides malicious JavaScript code as the input, it can lead to Cross-Site Scripting (XSS) attacks. To prevent this, always sanitize user inputs and never directly concatenate them into JavaScript or HTML content."
409," SE: The 'name' variable from user input is directly concatenated into HTML content without sanitation and used in a JavaScript context.
BL: `alert('Hello, <?php echo $name; ?>!');`
BUG FOUND: YES

Explanation:
The user input 'name' is inserted into the JavaScript alert function without proper sanitization. This can lead to Cross-Site Scripting (XSS) attacks if the attacker provides malicious JavaScript code as the 'name' input."
145," SE: The '$_POST['username']' is directly concatenated into HTML content without sanitation.
BL: `<input type=""text"" name=""username"" id=""inputUser"" class=""form-control"" value=""<?= $_POST['username'] ?? '' ?>"" required autofocus>`
BUG FOUND: YES

Explanation:
Cross-site scripting (XSS) attacks occur when an attacker can inject malicious scripts into web pages viewed by other users. In this case, the user input from `$_POST['username']` is directly embedded into the HTML response without proper sanitization, which could allow an attacker to inject malicious scripts. These scripts could potentially steal session cookies or other sensitive information from other users viewing the page. To prevent XSS attacks, always sanitize any user input before embedding it into HTML responses."
349," SE: The user input $name is directly echoed into a JavaScript code which can lead to Cross-Site Scripting (XSS) attack.
BL: `alert('Hello, <?php echo $name; ?>!');`
BUG FOUND: YES

Explanation:
The user input $name is not properly sanitized before being used in the JavaScript code. An attacker can exploit this by providing malicious JavaScript code as the input. This can lead to XSS attacks where the attacker can steal session tokens, perform actions on behalf of the user, or even gain control over the user's browser. To prevent this, always sanitize user inputs and never directly echo user inputs into JavaScript codes. You can use functions like htmlspecialchars() or json_encode() to sanitize the user inputs."
317," SE: The '$_GET['name']' input is directly concatenated into HTML content without sanitation and used in a JavaScript context, which can lead to Cross-Site Scripting (XSS) attacks.
BL: `alert('Hello, <?php echo $name; ?>!');`
BUG FOUND: YES

To prevent XSS attacks, you should always sanitize any user-provided input before using it in the response. In this case, you can use the `htmlspecialchars()` function to sanitize the $name variable like this:

```php
alert('Hello, <?php echo htmlspecialchars($name, ENT_QUOTES, 'UTF-8'); ?>!');
```

This will ensure that any special characters in the input are properly escaped, preventing any potential XSS attacks."
2," SE: The 'output' value is directly concatenated into HTML content without proper sanitation, potentially allowing for Cross-Site Scripting (XSS) attacks if the 'output' value is derived from user input.
BL: `echo ""<div class='calculation-result'>{$this->result['output']}</div>"";`
BUG FOUND: YES

Note: Although the example does not show user input being assigned to 'output', if user input is used in the 'operate' function and returned as 'output', this would represent a Cross-Site Scripting (XSS) vulnerability. To mitigate this, ensure proper sanitation of user input before it is displayed or concatenated into HTML content."
321," SE: The user input from the $_GET['name'] variable is directly concatenated into the JavaScript code without sanitation.
BL: `alert('Hello, <?php echo $name; ?>!');`
BUG FOUND: YES

Explanation:
The input from the user (in this case, through the URL parameter) is not being sanitized before being used in the JavaScript alert function. This can potentially allow an attacker to inject malicious JavaScript code, leading to a Cross-Site Scripting (XSS) vulnerability. To mitigate this, always sanitize user inputs and consider using functions that automatically escape output for you, depending on the context (HTML, JavaScript, etc.). In this specific case, you can use the json_encode function in PHP to safely output the user-supplied data in a JavaScript context:

`alert('Hello, <?php echo json_encode($name); ?>!');`"
353," SE: The $name variable, which comes from user input through GET request, is directly concatenated into HTML content without sanitation inside a JavaScript context.
BL: `alert('Hello, <?php echo $name; ?>!');`
BUG FOUND: YES

Explanation:
Cross-Site Scripting (XSS) is a type of security vulnerability that enables attackers to inject malicious scripts into web pages viewed by other users. In this case, the $name variable, which is obtained from user input, is directly inserted into the HTML content without proper sanitation. This can lead to XSS attacks if an attacker provides malicious JavaScript code as the $name value. The code would then be executed in the browser of any user viewing the page, allowing the attacker to steal session cookies, manipulate the page, or perform other malicious actions. To prevent XSS attacks, it is essential to sanitize any user input before using it in the context of HTML or JavaScript."
190," SE: The 'username' input value is directly echoed into HTML content without proper sanitation, potentially allowing Cross-Site Scripting (XSS) attacks if the input is not properly sanitized.
BL: `<input type=""text"" name=""username"" id=""inputUser"" class=""form-control"" value=""<?= $_POST['username'] ?? '' ?>"" required autofocus>`
BUG FOUND: YES

Please note that the vulnerability exists because the user input ($_POST['username']) is directly output to the HTML without any sanitization or encoding. This can lead to XSS attacks if an attacker provides malicious JavaScript code as the username. To mitigate this issue, you should always sanitize or encode user inputs before outputting them to the HTML."
299," SE: The user input from the $_GET['name'] variable is directly inserted into the JavaScript code, which can lead to Cross-Site Scripting (XSS) if the input is not properly sanitized.
BL: `alert('Hello, <?php echo $name; ?>!');`
BUG FOUND: YES

Explanation:
The code is vulnerable to Cross-Site Scripting (XSS) attacks because it directly echoes the user input ($_GET['name']) into the JavaScript alert function without proper sanitization. An attacker can exploit this by providing malicious JavaScript code as input, which will be executed in the user's browser when the alert is displayed. To prevent XSS attacks, you should always sanitize user inputs and use functions that automatically escape output for you, such as htmlspecialchars() in PHP.

In this case, you can fix the issue by changing the line to:
`alert('Hello, <?php echo htmlspecialchars($name, ENT_QUOTES, 'UTF-8'); ?>!');`

This will ensure that any special characters in the input are properly escaped, preventing any potential XSS attacks."
235," SE: The 'username' input value is directly echoed into HTML content without sanitation.
BL: `value=""<?= $_POST['username'] ?? '' ?>""`
BUG FOUND: YES

Explanation:
This code takes the 'username' input from the POST request and directly puts it into the HTML content. If an attacker can control the 'username' input, they could inject malicious JavaScript code, leading to a Cross-Site Scripting (XSS) attack. To fix this issue, you should sanitize the 'username' input, for example, by using the htmlspecialchars() function in PHP before echoing it into the HTML content."
42," SE: The 'output' value is directly echoed into HTML content without proper sanitation or escaping.
BL: `echo ""<div class='calculation-result'>{$this->result['output']}</div>"";`
BUG FOUND: YES

Explanation:

The code is directly outputting the 'output' value from the result array into the HTML content using the echo statement. If the 'output' value is derived from user input or any untrusted source, it can lead to Cross-Site Scripting (XSS) vulnerabilities. An attacker can inject malicious scripts as user input, which will be executed in the user's browser when they view the generated HTML page. To prevent XSS attacks, it is recommended to sanitize or escape user inputs before rendering them in the HTML content."
86," SE: There is no direct concatenation of user input into HTML content in the provided code.
BL: none
BUG FOUND: NO"
46," SE: The '{$this->result['output']}' is directly outputted into HTML without proper sanitation, which may lead to Cross-Site Scripting (XSS) if it contains user-supplied data.
BL: `echo ""<div class='calculation-result'>{$this->result['output']}</div>"";`
BUG FOUND: YES

Explanation:
The '{$this->result['output']}' in the echo statement is directly outputted into HTML without any sanitation. If the 'output' value contains user-supplied data, it may lead to Cross-Site Scripting (XSS) attacks. To prevent this, you should always sanitize any user-supplied data before outputting it into HTML. You can use functions like htmlspecialchars() in PHP to sanitize the output."
159," SE: The '$_POST['username""]' is directly concatenated into HTML content without sanitation. This can potentially lead to Cross-Site Scripting (XSS) attacks if user input is not properly sanitized.
BL: `<input type=""text"" name=""username"" id=""inputUser"" class=""form-control"" value=""<?= $_POST['username'] ?? '' ?>""`
BUG FOUND: YES

Please note that the same issue exists for the password input, although it is less likely to be exploited due to the nature of the input.

<input type=""password"" name=""password"" id=""inputPassword"" class=""form-control"" placeholder=""Password"" required>

To prevent XSS attacks, consider using a function to sanitize the user input before concatenating it into the HTML content. For example, in PHP, you can use the `htmlspecialchars()` function to convert special characters to their HTML entities.

<input type=""text"" name=""username"" id=""inputUser"" class=""form-control"" value=""<?= htmlspecialchars($_POST['username'] ?? '', ENT_QUOTES, 'UTF-8') ?>"">"
189," SE: The '$_POST['username']' is directly concatenated into HTML content without sanitation.
BL: `<input type=""text"" name=""username"" id=""inputUser"" class=""form-control"" value=""<?= $_POST['username'] ?? '' ?>""`
BUG FOUND: YES

Explanation:
The input value of 'username' from the $_POST array is being directly output in the HTML using the shorthand echo syntax (<?= ... ?>). If the 'username' input contains any user-supplied data that is not properly sanitized, it could lead to Cross-Site Scripting (XSS) vulnerabilities. An attacker could inject malicious scripts that would be executed in the user's browser, leading to unintended behavior, data theft, or other malicious actions. To prevent XSS attacks, always sanitize user-supplied data and consider using functions that automatically escape output for HTML context."
40," SE: The 'output' value is directly echoed into HTML content without proper sanitation, making it potentially vulnerable to Cross-Site Scripting (XSS) attacks if the 'output' value is derived from user input.
BL: `echo ""<div class='calculation-result'>{$this->result['output']}</div>"";`
BUG FOUND: YES

Explanation:

The code takes user input from the 'input' and 'operation' keys of the `$data` array in the `RequestHandler` class. This input is then used in the `processRequest` method of the `Integrator` class to perform some calculations and store the result in `$this->result['output']`.

Later, in the `displayResult` method, this `$this->result['output']` value is directly echoed into HTML content without proper sanitation. If an attacker can manipulate the 'input' or 'operation' values to introduce Cross-Site Scripting (XSS) payloads, they could execute arbitrary JavaScript code in the user's browser.

To prevent this, you should sanitize the 'output' value before echoing it into HTML content. You can use a library like `htmlspecialchars()` in PHP to sanitize the output.

Example:
```php
echo ""<div class='calculation-result'>"" . htmlspecialchars($this->result['output']) . ""</div>"";
```"
397," SE: The user input from the $_GET parameter is directly echoed into JavaScript code without sanitation.
BL: `alert('Hello, <?php echo $name; ?>!');`
BUG FOUND: YES

Explanation:

The issue lies in the line where the JavaScript alert function uses the PHP variable $name, which is derived from the user input through the $_GET['name'] parameter. This input is not sanitized before being used in the JavaScript code, making it vulnerable to Cross-Site Scripting (XSS) attacks. An attacker could inject malicious JavaScript code by providing specially crafted input as the 'name' parameter. To mitigate this vulnerability, always sanitize user inputs and consider using functions that automatically escape or sanitize output for specific contexts, such as htmlspecialchars() for HTML context or json_encode() for JSON context."
249," SE: There is no user input being directly used in HTML content generation in the provided code, so there is no possibility of Cross-Site Scripting (XSS) vulnerabilities of type CWE-79.
BL: None
BUG FOUND: NO

While the code does include a form for user login, the user input is not directly concatenated into HTML content. Instead, it is properly handled using PHP's input methods and does not pose a risk for XSS vulnerabilities."
85," SE: The 'output' property of the 'result' array is directly output to HTML without proper sanitation, which may lead to Cross-Site Scripting (XSS) if the data contains user-supplied input.
BL: `echo ""<div class='calculation-result'>{$this->result['output']}</div>"";`
BUG FOUND: YES

Explanation:
In the 'Integrator' class, the 'displayResult()' method directly echoes the 'output' property of the 'result' array into an HTML div element. If the 'output' property contains user-supplied input that is not properly sanitized, it may lead to Cross-Site Scripting (XSS) attacks. To prevent this, always sanitize user-supplied input and use secure methods like 'htmlspecialchars()' to output user-supplied data into HTML.

The provided file content does not show any user-supplied input being assigned to the 'output' property, but if it ever happens, this would be a potential security issue."
633," SE: There is no generation of web page content in the provided code, so there is no possibility of Cross-Site Scripting (XSS) vulnerabilities through neutralization of input during web page generation.

BL: None.

BUG FOUND: NO."
1318," SE: There is no generation of web pages using user input in the provided code, so there is no possibility of Cross-Site Scripting (XSS) vulnerabilities of type CWE-79.

BL: None

BUG FOUND: NO"
241," SE: There is no user input being directly concatenated into HTML content without sanitation in the provided code, so there is no instance of Cross-Site Scripting (CWE-79) vulnerability.
BL: none
BUG FOUND: NO"
395," SE: The user input from the GET request is directly echoed into a JavaScript alert without sanitation, which can lead to Cross-Site Scripting (XSS) attacks.
BL: `alert('Hello, <?php echo $name; ?>!');`
BUG FOUND: YES
</solution>

The bug exists because the $name variable, which comes from user input, is directly used in the JavaScript alert without any sanitization. This can allow an attacker to inject malicious scripts into the alert box by manipulating the 'name' parameter in the URL. To fix this issue, you should always sanitize any user input before using it in dynamic content generation. In this case, you can use the htmlspecialchars() function to sanitize the $name variable before using it in the JavaScript alert.

Corrected code:

<script>
$(document).ready(function() {
    $('h1').click(function() {
        alert('Hello, ' + <?php echo htmlspecialchars($name, ENT_QUOTES, 'UTF-8'); ?> + '!');
    });
});
</script>"
1302," SE: There is no user input being directly used in HTML content generation in the provided code, so there is no risk of Cross-Site Scripting (XSS) vulnerabilities.

BL: None.

BUG FOUND: NO."
301," SE: The '$_GET['name']' variable is directly echoed into JavaScript code without proper sanitation, which can lead to Cross-Site Scripting (XSS).
BL: `alert('Hello, <?php echo $name; ?>!');`
BUG FOUND: YES

Explanation:
The user input from the URL parameter 'name' is directly used in the JavaScript alert function. If an attacker provides malicious JavaScript code as input, it will be executed in the user's browser. To prevent XSS attacks, always sanitize user inputs and use functions that automatically escape output for you, such as the `htmlspecialchars()` function in PHP.

Corrected code:

```php
alert('Hello, <?php echo htmlspecialchars($name); ?>!');
```

or even better, avoid using user input in JavaScript code by setting the value in a DOM element instead:

```php
<body>
    <h1 id=""welcome-message"">Welcome, on our website</h1>
    <script src=""https://code.jquery.com/jquery-3.6.0.min.js""></script>
    <script>
        $(document).ready(function() {
            $('h1').click(function() {
                alert('Hello, <?php echo htmlspecialchars($name); ?>!'); 
            });
        });
    </script>
</body>
```

and then update the JavaScript code:

```php
alert('Hello, ' + $('#welcome-message').text().slice(10) + '!');
```"
396," SE: The user input $name is directly echoed into a JavaScript code block without sanitation, which can lead to Cross-Site Scripting (XSS) attacks.
BL: `alert('Hello, <?php echo $name; ?>!');`
BUG FOUND: YES

Explanation:
The issue lies in the fact that the $name variable, which comes from user input, is not sanitized before being used in the JavaScript code. This means that an attacker could potentially inject malicious JavaScript code into the application by manipulating the 'name' parameter in the URL. To prevent this, you should always sanitize any user input before using it in an unsafe context such as HTML or JavaScript. In this case, you could use the json_encode function with JSON_HEX_TAG and JSON_HEX_AMP options to sanitize the $name variable before using it in the JavaScript code."
1310," SE: There is no user input being directly used in HTML content generation in the provided code, so there is no possibility of Cross-Site Scripting (XSS) bugs of type CWE-79.
BL: none
BUG FOUND: NO"
401," SE: The $name variable, which comes from user input through GET request, is directly concatenated into the JavaScript code without sanitation.
BL: `alert('Hello, <?php echo $name; ?>!');`
BUG FOUND: YES

Explanation:
The $name variable is directly used in the JavaScript code that gets executed on the client side. An attacker can inject malicious JavaScript code in the $name variable, which will be executed in the user's browser. This is a Cross-Site Scripting (XSS) vulnerability. To prevent XSS attacks, always sanitize user inputs and never directly concatenate user inputs into HTML, CSS, or JavaScript code."
237," SE: The 'value' attribute of the 'input' element is directly set from the user input from the global $_POST array without any sanitation, which could potentially allow for Cross-Site Scripting (XSS) attacks if the user input is not properly sanitized.
BL: `<input type=""text"" name=""username"" id=""inputUser"" class=""form-control"" value=""<?= $_POST['username'] ?? '' ?>"" required autofocus>`
BUG FOUND: YES

Please note that this vulnerability exists because the user input from $_POST['username'] is directly used in the HTML response without proper sanitization. In order to prevent potential Cross-Site Scripting (XSS) attacks, it is recommended to sanitize the user input before using it in the HTML response. This can be done using functions like htmlspecialchars() in PHP."
236," SE: The 'username' value from user input is directly echoed into the HTML content without proper sanitation.
BL: `<input type=""text"" name=""username"" id=""inputUser"" class=""form-control"" value=""<?= $_POST['username'] ?? '' ?>"" required autofocus>`
BUG FOUND: YES

Explanation:
The code is directly outputting the 'username' value from the user input into the HTML content using the 'value' attribute in the input field. This behavior can be exploited to perform Cross-Site Scripting (XSS) attacks if the user input is not properly sanitized. An attacker could inject malicious scripts as the 'username' value, which would then be executed in the browser of other users viewing the page. To prevent XSS attacks, it is essential to sanitize any user input before rendering it to the HTML content."
605," SE: The 'output' property of the 'result' array is directly concatenated into HTML content without sanitation in the 'displayResult' method of the 'Integrator' class.
BL: `echo ""<div class='calculation-result'>{$this->result['output']}</div>"";`
BUG FOUND: YES"
2030," SE: The $name variable, which comes from user input through GET request, is directly inserted into the JavaScript code. This can lead to Cross-Site Scripting (XSS) attacks if the input is not properly sanitized.
BL: `alert('Hello, <?php echo $name; ?>!');`
BUG FOUND: YES

Please note that the rest of the code does not appear to have any instances of CWE-79. However, it is always important to validate and sanitize all user inputs, not just those that are visibly inserted into HTML or JavaScript."
1412," SE: There is no direct concatenation of user input into HTML content in the provided code.
BL: None
BUG FOUND: NO"
417," SE: The user input from the '$name' variable is directly concatenated into the HTML content without proper sanitation, which can lead to Cross-Site Scripting (XSS) attacks.
BL: `alert('Hello, <?php echo $name; ?>!');`
BUG FOUND: YES

Explanation:
The code takes the 'name' parameter from the GET request and directly uses it in the HTML content without any sanitation or escaping. This behavior is risky as it allows an attacker to inject malicious scripts into the application by manipulating the 'name' parameter. To prevent Cross-Site Scripting (XSS) attacks, always sanitize or escape user inputs before using them in the HTML context. In this case, you can use the `htmlspecialchars()` function to sanitize the $name variable like this: `alert('Hello, <?php echo htmlspecialchars($name, ENT_QUOTES, 'UTF-8'); ?>!');`"
2010," SE: The $name variable, which comes from user input through GET request, is directly echoed into JavaScript code without sanitation.
BL: `alert('Hello, <?php echo $name; ?>!');`
BUG FOUND: YES

Explanation:

The variable $name, which is obtained from the user input through the GET request, is used in the JavaScript code without any sanitation. This can lead to Cross-Site Scripting (XSS) attacks if an attacker provides malicious JavaScript code as the input for the 'name' parameter. The provided code snippet needs to sanitize the $name variable before using it in the JavaScript code."
90," SE: The 'code' property of the 'Product' class is directly concatenated into HTML content without sanitation.
BL: `echo ""<div class='product-code'>{$product->code}</div>"";` (this line is within the 'displayProductCode' function of the 'ProductDisplay' class)
BUG FOUND: YES

Explanation:
The 'code' property of the 'Product' class can be influenced by user input, for example when creating a new product. If the 'code' property is directly outputted into HTML, it can lead to Cross-Site Scripting (XSS) vulnerabilities if the input is not sanitized. An attacker could inject malicious JavaScript code into the 'code' property, which would then be executed in the user's browser. To prevent this, user input should always be sanitized before being outputted into HTML."
84," SE: The '{$this->result['output']}' is directly concatenated into HTML content without sanitation which could potentially contain user input.
BL: `echo ""<div class='calculation-result'>{$this->result['output']}</div>"";`
BUG FOUND: YES

Explanation:
Even though it may not be obvious where user input is introduced in the provided code, the 'processRequest' method in the 'Integrator' class calls the 'operate' method of the 'calculator' object with user-provided input. If the 'calculator' object does not properly sanitize this input, it could lead to a Cross-Site Scripting (XSS) vulnerability when the result is displayed using 'displayResult' method. Always ensure to sanitize any user-provided input before using it in the HTML context."
2009," SE: The user input from the $_GET parameter is directly echoed into a JavaScript alert without sanitation, which can lead to Cross-Site Scripting (XSS) attacks.
BL: `alert('Hello, <?php echo $name; ?>!');`
BUG FOUND: YES

Explanation:

The code takes the 'name' parameter from the GET request and directly uses it in the JavaScript alert without any sanitization. This means that an attacker could inject malicious JavaScript code into the 'name' parameter, which would then be executed by the victim's browser when the alert is displayed. To prevent this, you should always sanitize any user input before using it in a dynamic context like this. In this case, you can use the htmlspecialchars() function to sanitize the input before using it in the JavaScript code."
1326," SE: The 'username' input value is directly echoed back into the HTML content without sanitation.
BL: `<input type=""text"" name=""username"" id=""inputUser"" class=""form-control"" value=""<?= $_POST['username'] ?? '' ?>"" required autofocus>`
BUG FOUND: YES

Explanation:
This code is vulnerable to Cross-Site Scripting (XSS) attacks because it directly echoes the 'username' input value back into the HTML content. An attacker can exploit this by providing a malicious JavaScript code as the 'username' value, which will be executed in the browser when the page is rendered. To prevent XSS attacks, the input value should be sanitized before being echoed back into the HTML content."
98," SE: The '{$this->result['output']}' is directly outputted into HTML without proper sanitation, which may lead to Cross-Site Scripting (XSS) if it contains user-supplied data.
BL: `echo ""<div class='calculation-result'>{$this->result['output']}</div>"";`
BUG FOUND: YES

Explanation:
The given PHP code is vulnerable to Cross-Site Scripting (XSS) attacks due to the lack of input validation and sanitization. The '{$this->result['output']}' variable is directly outputted into the HTML content without proper sanitation. If the 'output' value contains user-supplied data, an attacker could inject malicious scripts that would be executed in the user's browser. To prevent XSS attacks, always sanitize user-supplied data and use secure methods for outputting user content in HTML."
1376," SE: There is no user input being directly concatenated into HTML content without sanitation in the provided file content.
BL: none
BUG FOUND: NO"
2008," SE: The user input from the $_GET['name'] variable is directly echoed into a JavaScript string which is then executed. This can lead to Cross-Site Scripting (XSS) attacks if the input is not properly sanitized.
BL: `alert('Hello, <?php echo $name; ?>!');`
BUG FOUND: YES

Explanation:

The code is vulnerable to Cross-Site Scripting (XSS) attacks because it directly echoes the user input from the $_GET['name'] variable into a JavaScript string without proper sanitization. An attacker can exploit this by providing malicious JavaScript code as the 'name' parameter in the URL, which will then be executed in the user's browser. To prevent XSS attacks, always sanitize user inputs and use functions like htmlspecialchars() or json_encode() to escape output that is displayed to the user."
2038," SE: The user input from the $_GET['name'] variable is directly inserted into the JavaScript code without sanitation, which can lead to Cross-Site Scripting (XSS) attacks.
BL: `alert('Hello, <?php echo $name; ?>!');`
BUG FOUND: YES

Explanation:
The code takes the user input from the URL parameter named 'name' and inserts it directly into the JavaScript alert function. An attacker can exploit this by injecting malicious JavaScript code into the 'name' parameter, which will be executed in the user's browser. To prevent XSS attacks, always sanitize user inputs and consider using functions that automatically escape output for you, such as htmlspecialchars() in PHP."
1396," SE: There is no user input being directly used in HTML content generation in the provided code, so there is no possibility of Cross-Site Scripting (XSS) vulnerabilities.
BL: None
BUG FOUND: NO"
625," SE: The 'result['output']' is directly outputted without proper sanitation, potentially allowing cross-site scripting if 'result['output']' contains user input.
BL: `echo ""<div class='calculation-result'>{$this->result['output']}</div>""`;
BUG FOUND: YES

The other parts of the code do not appear to contain any instances of CWE-79. They either generate PDFs or define classes and functions without directly outputting user input. However, without knowing the source of 'result['output']', it's impossible to rule out the possibility of a bug in the code that generates or handles 'result['output']'."
603," SE: The 'output' property of the 'result' array is directly concatenated into HTML content without sanitation in the 'displayResult' method.
BL: `echo ""<div class='calculation-result'>{$this->result['output']}</div>"";`
BUG FOUND: YES

Explanation:

The 'output' property of the 'result' array is directly outputted to an HTML div using echo in the 'displayResult' method. If the 'output' property contains user input that is not properly sanitized, it could lead to Cross-Site Scripting (XSS) vulnerabilities. For example, if a malicious user provides a script as input, it could be executed in the browser of someone viewing the page. To prevent this, the user input should be sanitized before being outputted to the HTML."
1297," SE: The 'username' value from user input is directly echoed into the HTML content without proper sanitation.
BL: `<input type=""text"" name=""username"" id=""inputUser"" class=""form-control"" value=""<?= $_POST['username'] ?? '' ?>"" required autofocus>`
BUG FOUND: YES

Explanation:
The code takes the 'username' value from the user input (through the $_POST superglobal) and directly includes it in the HTML content as the value attribute of an input field. This behavior can lead to Cross-Site Scripting (XSS) attacks if the user input contains malicious JavaScript code, as it will be executed in the user's browser. To prevent XSS attacks, it is essential to sanitize user inputs and encode special characters before rendering them in the HTML content. In this case, using the htmlspecialchars() function would help mitigate the risk.

Corrected code:
`<input type=""text"" name=""username"" id=""inputUser"" class=""form-control"" value=""<?= htmlspecialchars($_POST['username'] ?? '', ENT_QUOTES, 'UTF-8') ?>"" required autofocus>`"
1298," SE: The 'username' value from POST data is directly echoed into HTML content without proper sanitation in the 'value' attribute of the input element.
BL: `value=""<?= $_POST['username'] ?? '' ?>""`
BUG FOUND: YES

Explanation:
This code is vulnerable to Cross-Site Scripting (XSS) attacks because it directly outputs the 'username' value from the POST data into the HTML content without any sanitation. An attacker can exploit this by providing malicious JavaScript code as the 'username' value, which will be executed in the browser of any user viewing the page. To prevent XSS attacks, always sanitize any user input before outputting it into HTML content. In this case, you can use the 'htmlspecialchars' function to sanitize the 'username' value before outputting it."
2022," SE: The user input 'name' from GET request is directly inserted into the JavaScript alert box without sanitation.
BL: `alert('Hello, <?php echo $name; ?>!');`
BUG FOUND: YES

Explanation:
The PHP variable $name, which is obtained from the GET request parameter 'name', is directly used in the JavaScript alert box without any sanitation or proper encoding. This can lead to Cross-Site Scripting (XSS) attacks if an attacker provides malicious JavaScript code as the 'name' parameter value. To prevent XSS attacks, always sanitize or encode user inputs before using them in any generated content, especially in HTML, CSS, or JavaScript contexts. In this case, you can use the `htmlspecialchars()` function to sanitize the $name variable before using it in the JavaScript alert box. For example:

```javascript
alert('Hello, <?php echo htmlspecialchars($name, ENT_QUOTES, 'UTF-8'); ?>!');
```"
2118," SE: The $name variable, which appears to be user-provided, is directly concatenated into HTML content without sanitation in the alert box.
BL: `alert('Hello, <?php echo $name; ?>!');`
BUG FOUND: YES

Explanation:
The user can control the $name variable through the URL parameter, and it is directly used in the JavaScript code that generates an alert box. This can lead to Cross-Site Scripting (XSS) attacks if the attacker manages to inject malicious JavaScript code into the $name variable. To prevent this, always sanitize user inputs and consider using functions that encode special characters to prevent JavaScript execution."
617," SE: The 'output' property of the 'result' array is directly outputted into HTML content without proper sanitation.
BL: `echo ""<div class='calculation-result'>{$this->result['output']}</div>"";`
BUG FOUND: YES

Explanation:
The 'output' property of the 'result' array is directly used in the echo statement which generates HTML content. If the 'output' value contains any user-supplied data that is not properly sanitized, it could lead to Cross-Site Scripting (XSS) vulnerabilities. An attacker could inject malicious scripts into the HTML, which could lead to stealing user data, performing unauthorized actions, or causing the application to behave unexpectedly. To prevent XSS attacks, always sanitize user-supplied data and use functions that automatically escape output for HTML context."
1296," SE: The 'username' value from POST data is directly echoed into HTML content without proper sanitation, which may lead to Cross-Site Scripting (XSS) attacks if the input is not properly sanitized.
BL: `<input type=""text"" name=""username"" id=""inputUser"" class=""form-control"" value=""<?= $_POST['username'] ?? '' ?>""`
BUG FOUND: YES

Explanation:

The code takes the 'username' value from the POST data and directly inserts it into the HTML content as the value of an input field. If the 'username' value contains any malicious script, it will be executed in the user's browser, leading to a Cross-Site Scripting (XSS) attack. To prevent this, the 'username' value should be properly sanitized before being inserted into the HTML content."
1388," SE: There is no user input being directly concatenated into HTML content without sanitation in the provided file content.
BL: None
BUG FOUND: NO

The file content you've given is a PHP script that contains various classes and functions, but it does not include any Cross-Site Scripting (XSS) vulnerabilities of type CWE-79. The script does not take user input and directly insert it into HTML content without proper sanitation. Therefore, there is no bug of type CWE-79 found in the provided file content."
2014," SE: The user input 'name' is directly concatenated into a JavaScript string which is then inserted into an HTML document without proper sanitation. This can lead to Cross-Site Scripting (XSS) attacks if the input is not properly validated and sanitized.
BL: `alert('Hello, <?php echo $name; ?>!');`
BUG FOUND: YES

Explanation:
An attacker can inject malicious JavaScript code into the 'name' parameter, which will be executed in the browser of any user viewing the page. This can lead to a variety of attacks, such as stealing session cookies, redirecting users to phishing sites, or performing actions on behalf of the user. To prevent this, you should always sanitize any user input that is displayed to the user or used in the context of HTML or JavaScript. This can be done using functions that escape or remove any special characters that have meaning in HTML or JavaScript."
609," SE: The 'output' variable is directly concatenated into HTML content without sanitation in the displayResult method.
BL: `echo ""<div class='calculation-result'>{$this->result['output']}</div>"";`
BUG FOUND: YES

Explanation:

The input value is being directly outputted in the HTML content without proper sanitization. This can lead to Cross-Site Scripting (XSS) attacks if the input is not properly sanitized. An attacker can inject malicious scripts that can steal user data or perform other malicious activities. In this case, the 'output' variable in the $this->result array is directly concatenated into the HTML content using double quotes, which can lead to XSS if the 'output' variable contains user-supplied data that is not sanitized."
2090," SE: The user input 'name' is directly echoed into a JavaScript string which is then executed on user interaction. This can lead to Cross-Site Scripting (XSS) attacks if the input is not properly sanitized.
BL: `alert('Hello, <?php echo $name; ?>!');`
BUG FOUND: YES

Explanation:
An attacker can inject malicious JavaScript code into the 'name' parameter, which will be executed when the h1 element is clicked. To prevent this, always sanitize any user input before using it in a dynamic JavaScript context. You can use functions like `json_encode()`, `htmlspecialchars()` or a library that provides context-aware escaping to prevent XSS attacks."
1380," SE: There is no user input being directly concatenated into HTML content without sanitation in the provided file content.
BL: none
BUG FOUND: NO

Explanation:
The given PHP code does not contain any instances of Cross-Site Scripting (XSS) vulnerabilities. The user input is handled securely by using functions like htmlspecialchars() to sanitize the input before using it in HTML context. Therefore, there is no bug of type CWE-79 found in this code."
681," SE: There is no user input being directly concatenated into HTML content without sanitation in the provided code, so there is no instance of Cross-Site Scripting (XSS) vulnerability.
BL: None
BUG FOUND: NO

While the code does include functions for outputting data (such as the echo statement in the displayResult method), there is no evidence of user-supplied data being included in these outputs without proper sanitation. Therefore, the risk of Cross-Site Scripting (XSS) attacks is minimal in this code."
1374," SE: The 'value' attribute of the input element directly concatenates user input from $_POST['username'] without sanitation.
BL: `value=""<?= $_POST['username'] ?? '' ?>""`
BUG FOUND: YES"
604," SE: The '{$this->result['output']}' in the echo statement of the displayResult method is directly outputted without proper sanitation, which may lead to Cross-Site Scripting (XSS) attacks if the output contains user-supplied data.
BL: `echo ""<div class='calculation-result'>{$this->result['output']}</div>""`
BUG FOUND: YES

The provided PHP code contains a potential security vulnerability related to Cross-Site Scripting (XSS) attacks in the Integrator class's displayResult method. The '{$this->result['output']}' variable is directly outputted without proper sanitation. If the 'output' key in the $this->result array contains user-supplied data, an attacker could inject malicious scripts, leading to XSS attacks.

To mitigate this vulnerability, you should sanitize the 'output' value before displaying it. For example, you can use the htmlspecialchars() function in PHP to sanitize the output:

```php
echo ""<div class='calculation-result'>"" . htmlspecialchars($this->result['output']) . ""</div>"";
```

This will ensure that any special characters in the output are properly escaped, preventing potential XSS attacks."
2088," SE: The user input from the $_GET['name'] variable is directly echoed into a JavaScript string which can lead to Cross-Site Scripting (XSS) attacks if the input is not sanitized.
BL: `alert('Hello, <?php echo $name; ?>!');`
BUG FOUND: YES

To prevent XSS attacks, you should always sanitize any user input that is going to be displayed to the user or included in HTML or JavaScript code. In this case, you can use the `htmlspecialchars()` function to sanitize the $name variable before echoing it into the JavaScript alert. Here's an example:

`alert('Hello, <?php echo htmlspecialchars($name); ?>!');`

This will convert any special characters in the $name variable to their HTML entities, preventing any potential XSS attacks."
680," SE: There is no direct concatenation of user input into HTML content without sanitation in the provided code.
BL: none
BUG FOUND: NO"
2089," SE: The user input 'name' is directly concatenated into a JavaScript string without sanitation, which can lead to Cross-Site Scripting (XSS) attacks.
BL: `alert('Hello, <?php echo $name; ?>!');`
BUG FOUND: YES

Explanation:
The variable $name, which is obtained from user input through GET request, is directly used in the JavaScript alert function. If an attacker provides malicious JavaScript code as the 'name' input, it will be executed in the user's browser. To prevent XSS attacks, always sanitize user inputs and consider using functions that automatically escape output for you, such as htmlspecialchars() in PHP."
709," SE: There is no usage of user input in the provided PHP code, so there is no risk of Cross-Site Scripting (XSS) attacks through neutralization of input during web page generation.
BL: None
BUG FOUND: NO

The code you provided is a collection of classes for data processing, machine learning, vector and matrix calculations, and a simple 3D rendering pipeline. There is no generation of HTML content or handling of user inputs, so there is no risk of XSS attacks."
2102," SE: The user input from the GET request is directly concatenated into the JavaScript code without sanitation, which can lead to Cross-Site Scripting (XSS) attacks.
BL: `alert('Hello, <?php echo $name; ?>!');`
BUG FOUND: YES

Explanation:
The code takes the 'name' parameter from the GET request and inserts it directly into the JavaScript alert function. If an attacker provides malicious JavaScript code as the 'name' parameter, it will be executed in the user's browser. To prevent XSS attacks, always sanitize user inputs and consider using functions that automatically escape or sanitize user input for you, such as `htmlspecialchars()` in PHP."
1375," SE: The 'value' attribute of the input field for the username is directly set to the content of the $_POST['username'] variable, which may contain user input without proper sanitation.
BL: `<input type=""text"" name=""username"" id=""inputUser"" class=""form-control"" value=""<?= $_POST['username'] ?? '' ?>"" required autofocus>`
BUG FOUND: YES

Explanation:
This code is vulnerable to Cross-Site Scripting (XSS) attacks because it directly includes user input in the HTML content without proper sanitation. In this case, the 'value' attribute of the input field for the username is set to the content of the $_POST['username'] variable, which may contain user input. If an attacker can provide malicious JavaScript code as part of the 'username' input, this code will be executed in the browser of any user viewing the page. To prevent XSS attacks, user input should always be sanitized before being included in HTML content."
693," SE: There is no user input being directly concatenated into HTML content without sanitation in the provided code, so there is no instance of Cross-Site Scripting (XSS) vulnerability.
BL: None
BUG FOUND: NO

While the code does contain PHP classes for various functionalities, it does not include any that generate web pages with user input. Therefore, there is no risk of Cross-Site Scripting (XSS) vulnerabilities in this code."
679," SE: The 'output' is directly echoed without proper sanitation and it appears to be constructed from user input.
BL: `echo ""<div class='calculation-result'>{$this->result['output']}</div>"";`
BUG FOUND: YES

Explanation:
The 'output' variable in the 'displayResult' method of the 'Integrator' class is directly echoed without any sanitation. This can be a security vulnerability as 'output' seems to be constructed from user input ($input variable). An attacker can potentially inject malicious scripts through user input, leading to Cross-Site Scripting (XSS) attacks."
701," SE: The 'output' property of the 'result' array is directly outputted into an HTML div without proper sanitation. This can potentially lead to Cross-Site Scripting (XSS) attacks if the 'output' value is derived from user input.
BL: `echo ""<div class='calculation-result'>{$this->result['output']}</div>"";`
BUG FOUND: YES

The rest of the code does not appear to contain any instances of CWE-79. However, it is always important to validate and sanitize user inputs, especially when they are going to be displayed to the user or used in security-sensitive operations."
1490," SE: There is no usage of user input in generating web page content in the provided code, hence there is no possibility of Cross-Site Scripting (XSS) vulnerability.
BL: None
BUG FOUND: NO

Please note that the code you provided does not contain any functionality for handling user input or generating web page content directly. It mainly consists of class definitions and some require statements for including other PHP files. Therefore, it is not possible to find a bug of type CWE-79 in this provided code."
1404," SE: The 'username' input value is directly echoed into HTML content without sanitation.
BL: `<input type=""text"" name=""username"" id=""inputUser"" class=""form-control"" value=""<?= $_POST['username'] ?? '' ?>"" required autofocus>`
BUG FOUND: YES

Explanation:
The code is vulnerable to Cross-Site Scripting (XSS) attacks because it directly outputs the 'username' value from the POST request into the HTML content. An attacker can exploit this by sending a malicious payload within the 'username' field, which will be executed in the user's browser when the page is rendered. To prevent XSS attacks, you should always sanitize user inputs and use functions that automatically escape output, such as `htmlspecialchars()`."
817," SE: N/A
BL: N/A
BUG FOUND: NO

Explanation:
The provided code does not contain any instances of user input being directly concatenated into HTML content without sanitation, which is the primary cause of Cross-Site Scripting (XSS) vulnerabilities. Therefore, there are no bugged lines to report."
685," SE: The 'output' property of the 'result' array is directly outputted into HTML without proper sanitation.
BL: `echo ""<div class='calculation-result'>{$this->result['output']}</div>"";`
BUG FOUND: YES

Explanation:
The 'output' property of the 'result' array in the 'displayResult' method of the 'Integrator' class is directly echoed into HTML. If the 'output' property contains user-supplied data that hasn't been properly sanitized, it could lead to Cross-Site Scripting (XSS) vulnerabilities. To mitigate this, you should sanitize the 'output' property before echoing it into HTML or use a secure method to output user-supplied data, such as using the 'htmlspecialchars' function."
2110," SE: The 'name' variable, which comes from user input through GET request, is directly used in the HTML content without proper sanitation or encoding.
BL: `alert('Hello, <?php echo $name; ?>!');`
BUG FOUND: YES

Explanation:
The 'name' variable is directly echoed into the JavaScript code that is embedded in the HTML. If the 'name' variable contains any special characters (like '<', '>', etc.), it could lead to Cross-Site Scripting (XSS) attacks. The attacker could inject malicious JavaScript code which could lead to stealing user's cookies, session hijacking, or other malicious activities. 

To prevent this, always sanitize or encode user inputs before using them in HTML, CSS, or JavaScript context. In PHP, you can use functions like htmlspecialchars() to sanitize the user input. For example, `alert('Hello, <?php echo htmlspecialchars($name); ?>!');`"
2094," SE: The user input 'name' is directly concatenated into HTML content without sanitation and used in a JavaScript context, which can lead to Cross-Site Scripting (XSS) attacks.
BL: `alert('Hello, <?php echo $name; ?>!');`
BUG FOUND: YES

Explanation:
The variable $name, which is obtained from the GET request parameter 'name', is directly used in the JavaScript code within the HTML body. If an attacker provides malicious JavaScript code as the 'name' parameter value, it will be executed in the user's browser, leading to a Cross-Site Scripting (XSS) vulnerability. To prevent this, always sanitize user inputs and consider using functions like htmlspecialchars() or json_encode() to safely insert user-provided data into JavaScript code."
2126," SE: The 'name' variable, which contains user input from the GET request, is directly inserted into the JavaScript alert without sanitation.
BL: `alert('Hello, <?php echo $name; ?>!');`
BUG FOUND: YES

Explanation:
This code is vulnerable to Cross-Site Scripting (XSS) attacks due to the lack of sanitation on user-supplied input. In this case, the 'name' variable, which comes from the GET request, is used in an alert box without proper sanitization. A malicious user could exploit this by injecting malicious JavaScript code into the 'name' parameter, which would then be executed by any user viewing the page. To prevent XSS attacks, always sanitize user input and consider using functions that automatically escape output for you, such as the `htmlspecialchars()` function in PHP."
1506," SE: The code does not contain any lines that directly concatenate user input into HTML content without sanitation, therefore it is unlikely to contain a Cross-Site Scripting (XSS) vulnerability of type CWE-79.
BL: none
BUG FOUND: NO"
2186," SE: The $name variable, which comes from user input through the URL parameter, is directly inserted into the HTML content without proper sanitation or encoding, leading to a potential Cross-Site Scripting (XSS) vulnerability.
BL: `alert('Hello, <?php echo $name; ?>!');`
BUG FOUND: YES"
1514," SE: There is no user input being directly concatenated into HTML content without sanitation in the provided file, so there are no instances of Cross-Site Scripting (XSS) vulnerabilities.
BL: none
BUG FOUND: NO"
717," SE: There is no direct concatenation of user input into HTML content in the provided code. However, if the 'message' parameter in the EmailSender class contains user input that is not properly sanitized, it could potentially lead to Cross-Site Scripting (XSS) vulnerabilities when the email is displayed in a client's email application.

BL: In the EmailSender class, the 'message' parameter is directly used in the $headers variable without any sanitization:
```php
$headers .= ""Content-Type: text/html; charset=UTF-8\r\n"";
```
BUG FOUND: NO, but potential XSS vulnerability exists if 'message' contains user input that is not properly sanitized."
2184," SE: The user input from the $_GET['name'] variable is directly echoed into a JavaScript alert without sanitation, which can lead to Cross-Site Scripting (XSS) attacks if an attacker provides malicious JavaScript code as the 'name' input.
BL: `alert('Hello, <?php echo $name; ?>!');`
BUG FOUND: YES."
2185," SE: The user input '$name' is directly echoed into JavaScript code, which can lead to Cross-Site Scripting (XSS) attacks if the input is not properly sanitized.
BL: `alert('Hello, <?php echo $name; ?>!');`
BUG FOUND: YES

Explanation:

The issue lies in the line `alert('Hello, <?php echo $name; ?>!');` within the JavaScript code. Here, the PHP variable $name, which can be influenced by user input, is directly inserted into the JavaScript code without any sanitization. This makes it vulnerable to XSS attacks if a malicious user provides specially crafted input containing JavaScript code. To mitigate this, you should always sanitize any user input that will be included in dynamic code generation. In this case, you can use the `htmlspecialchars()` function to sanitize the $name variable before using it in the JavaScript code."
801," SE: There is no generation of web page content using user input found in the provided code, so there is no risk of Cross-Site Scripting (XSS) attacks through improper neutralization of input.
BL: none
BUG FOUND: NO"
2222," SE: The $name variable, which contains user input from GET request, is directly outputted into the JavaScript code without sanitation. This can lead to Cross-Site Scripting (XSS) attacks.
BL: `alert('Hello, <?php echo $name; ?>!');`
BUG FOUND: YES

Explanation:
The user input from the GET request is stored in the $name variable and then used in the JavaScript code without any sanitation. An attacker can inject malicious JavaScript code into the $name variable, which will be executed when the h1 element is clicked. To prevent XSS attacks, always sanitize user inputs and consider using functions that escape output for different contexts (HTML, JavaScript, etc.). In this case, you can use the json_encode function to safely output the $name variable in the JavaScript code."
1470," SE: The 'username' input value is directly echoed into HTML content without sanitation.
BL: `<input type=""text"" name=""username"" id=""inputUser"" class=""form-control"" value=""<?= $_POST['username'] ?? '' ?>""`
BUG FOUND: YES

Explanation:
The 'username' input value is directly outputted using the short echo syntax (<?= ... ?>) which can be vulnerable to Cross-Site Scripting (XSS) attacks if the input is not properly sanitized. An attacker could inject malicious JavaScript code into the 'username' field, and it would be executed in the user's browser when the page is rendered. To prevent this, you should always sanitize user inputs before outputting them to the HTML."
2190," SE: The user input 'name' is directly concatenated into a JavaScript string that is output in an HTML document without proper sanitation, which can lead to Cross-Site Scripting (XSS) attacks.
BL: `alert('Hello, <?php echo $name; ?>!');`
BUG FOUND: YES"
772," SE: The 'output' value is directly concatenated into HTML content without sanitation in the echo statement of displayResult method.
BL: `echo ""<div class='calculation-result'>{$this->result['output']}</div>"";`
BUG FOUND: YES

Explanation:
The 'output' value in the echo statement is directly output to the HTML, and if it contains user input that isn't properly sanitized, it can lead to Cross-Site Scripting (XSS) vulnerabilities. In this case, if the 'output' value contains any user-supplied data, an attacker could inject malicious scripts, which would be executed in the user's browser. To prevent XSS attacks, always sanitize user inputs and use functions that automatically escape output for you, like Twig or other templating engines."
1468," SE: The 'username' value from user input is directly echoed into the HTML content without proper sanitation.
BL: `value=""<?= $_POST['username'] ?? '' ?>""`
BUG FOUND: YES

Explanation:
This code is at risk of Cross-Site Scripting (XSS) attacks because it directly outputs user-supplied data (in this case, the 'username' value from a POST request) into the HTML content without proper sanitation or escaping. An attacker could potentially inject malicious scripts into the input, which would then be executed in the user's browser. To mitigate this risk, you should always sanitize user-supplied data, for example, by using the `htmlspecialchars()` function in PHP."
773," SE: N/A as the provided file content does not contain any lines with user input that is directly concatenated into HTML content without sanitation.
BL: N/A
BUG FOUND: NO

Explanation: Cross-Site Scripting (XSS) vulnerabilities occur when user input is not properly sanitized before being included in HTML content. This can allow an attacker to inject malicious scripts into the application. In the provided file content, there are no instances of user input being directly concatenated into HTML content without sanitation. Therefore, there are no potential XSS vulnerabilities of type CWE-79 in the provided code."
2198," SE: The user input '$name' is directly concatenated into the JavaScript code without sanitation, which can lead to Cross-Site Scripting (XSS) attacks.
BL: `alert('Hello, <?php echo $name; ?>!');`
BUG FOUND: YES

Explanation:
The variable $name, which is obtained from the GET request, is directly used in the JavaScript code. If an attacker provides malicious JavaScript code as the value of 'name', it will be executed in the user's browser. To prevent XSS attacks, always sanitize user inputs and consider using functions like htmlspecialchars() to escape special characters."
1482," SE: The 'username' input value is directly echoed into HTML content without sanitation in the 'inputUser' field.
BL: `<input type=""text"" name=""username"" id=""inputUser"" class=""form-control"" value=""<?= $_POST['username'] ?? '' ?>"" required autofocus>`
BUG FOUND: YES

Although this code is not directly related to the provided classes, it's important to point out that the 'username' input value is directly output to the HTML, which could potentially lead to Cross-Site Scripting (XSS) vulnerabilities if the input is not properly sanitized."
1474," SE: There is no user input being directly concatenated into HTML content without sanitation in the provided code, so there are no lines that contain a bug of type CWE-79 (Improper Neutralization of Input During Web Page Generation: Cross-Site Scripting).
BL: none
BUG FOUND: NO"
785," SE: N/A
BL: N/A
BUG FOUND: NO

Explanation:
The provided code does not contain any instances of user input being directly concatenated into HTML content without proper sanitation, which is the condition for Cross-Site Scripting (CWE-79) vulnerabilities. Therefore, no bugged lines were found in the code."
777," SE: The 'input' value is directly concatenated into the HTML content without sanitation in the displayResult method of Integrator class.
BL: `echo ""<div class='calculation-result'>{$this->result['output']}</div>"";`
BUG FOUND: YES

Explanation:
The 'input' value is obtained from user input or external sources and directly used in the HTML content. An attacker can exploit this by injecting malicious scripts which can lead to Cross-Site Scripting (XSS) attacks. To prevent this, always sanitize user inputs and ensure proper encoding before using them in HTML content."
2214," SE: The user input from the 'name' GET parameter is directly inserted into an HTML attribute without proper sanitization, which could lead to Cross-Site Scripting (XSS) attacks.
BL: `<script> $(document).ready(function() { $('h1').click(function() { alert('Hello, <?php echo $name; ?>!'); }); }); </script>`
BUG FOUND: YES

Explanation:
The code takes the 'name' parameter from the GET request and inserts it directly into the alert box in the JavaScript code. If an attacker can manipulate the 'name' parameter, they could inject malicious JavaScript code into the alert box, leading to XSS attacks. To prevent this, you should always sanitize user inputs, especially when they are inserted into HTML or JavaScript code."
2230," SE: The 'name' variable, which contains user input from the GET request, is directly inserted into the JavaScript alert without sanitation.
BL: `alert('Hello, <?php echo $name; ?>!');`
BUG FOUND: YES

Explanation:
The user input from the 'name' variable is being used in the JavaScript alert function without proper sanitation. This can potentially lead to Cross-Site Scripting (XSS) attacks if the user input contains malicious scripts. To prevent this, always sanitize user inputs and use functions that automatically escape output for you when inserting user input into HTML or JavaScript contexts."
1632," SE: There is no user input being directly used in HTML content in the provided file, so there is no instance of a Cross-Site Scripting (XSS) bug of type CWE-79.

BL: none

BUG FOUND: NO"
933," SE: N/A
BL: N/A
BUG FOUND: NO

Explanation:
The provided file content does not contain any instances of Cross-Site Scripting (XSS) vulnerabilities. The code does not directly concatenate user input into HTML content without proper sanitation. Therefore, there is no possibility of a CWE-79 type bug in the given file content."
1469," SE: The 'username' input value is directly echoed into HTML content without sanitation.
BL: `value=""<?= $_POST['username'] ?? '' ?>""`
BUG FOUND: YES

Explanation:
This code is vulnerable to Cross-Site Scripting (XSS) attacks because it directly echoes the 'username' input value from the POST request into the HTML content without any sanitation. An attacker can exploit this by sending a malicious payload within the 'username' field, which will be executed in the user's browser when the page is rendered. To prevent XSS attacks, always sanitize user inputs and use functions like htmlspecialchars() to escape special characters before rendering them in the HTML content."
771," SE: The '{$this->result['output']}' in the HTML content is directly concatenated from user input without proper sanitation, which could potentially contain cross-site scripting (XSS) payloads.
BL: `echo ""<div class='calculation-result'>{$this->result['output']}</div>"";`
BUG FOUND: YES

Explanation:
The code is dynamically generating HTML content using user-provided data ($this->result['output']) without proper sanitation. An attacker can exploit this by providing a cross-site scripting (XSS) payload as input, which would be rendered as part of the HTML content and executed in the user's browser. To prevent XSS attacks, it is recommended to sanitize user inputs and use functions that automatically escape output for HTML context like htmlspecialchars() in PHP."
880," SE: The 'output' property of the 'result' array is directly outputted into an HTML div without sanitation.
BL: `echo ""<div class='calculation-result'>{$this->result['output']}</div>"";`
BUG FOUND: YES"
1592," SE: N/A
BL: None of the lines in the provided code contain a bug of type CWE-79 (Improper Neutralization of Input During Web Page Generation: Cross-Site Scripting).
BUG FOUND: NO

Explanation:
The code does not concatenate any user input directly into HTML content without proper sanitation. Therefore, there is no risk of Cross-Site Scripting (XSS) attacks."
1600," SE: There is no usage of user input in this file that could be vulnerable to Cross-Site Scripting (CWE-79). The provided code only contains PHP classes and functions, but it does not concatenate any user-provided data into HTML content without proper sanitation.

BL: None
BUG FOUND: NO"
1578," SE: The 'username' input value is directly echoed into HTML content without sanitation.
BL: `value=""<?= $_POST['username'] ?? '' ?>""`
BUG FOUND: YES"
2310," SE: The user input from the $_GET['name'] variable is directly inserted into the JavaScript code without proper sanitization, which can lead to Cross-Site Scripting (XSS) attacks.
BL: `alert('Hello, <?php echo $name; ?>!');`
BUG FOUND: YES"
2206," SE: The user input from the $_GET['name'] variable is directly concatenated into the HTML content without sanitation.
BL: `echo ""<script> alert('Hello, <?php echo $name; ?>!'); </script>"";`
BUG FOUND: YES

Explanation:
The code is at risk of Cross-Site Scripting (XSS) attacks because it directly echoes the user input ($_GET['name']) into the JavaScript code that is embedded in the HTML content. An attacker can exploit this by providing malicious JavaScript code as the value of the 'name' parameter in the URL, which will be executed in the user's browser. To mitigate this risk, the application should sanitize the user input by encoding or removing any special characters that have meaning in the HTML or JavaScript context."
793," SE: The 'output' property of the 'result' array is directly outputted without sanitation, which may lead to Cross-Site Scripting (XSS) if the input contains malicious scripts.
BL: `echo ""<div class='calculation-result'>{$this->result['output']}</div>"";`
BUG FOUND: YES

Note: The file content contains PHP code which has a class named `Integrator`. Inside this class, there is a method named `displayResult()` which directly echoes the 'output' property of the 'result' array. If the 'output' property contains user-supplied data that is not properly sanitized, it could lead to Cross-Site Scripting (XSS) vulnerabilities."
1584," SE: There is no user input being directly concatenated into HTML content without sanitation in the provided file, so there are no lines that contain a bug of type CWE-79 (Improper Neutralization of Input During Web Page Generation: Cross-Site Scripting).
BL: none
BUG FOUND: NO"
2342," SE: The $name variable, which comes from user input through GET request, is directly inserted into the HTML content without proper sanitation.
BL: `alert('Hello, <?php echo $name; ?>!');`
BUG FOUND: YES

Explanation:
The code creates an alert box with the message ""Hello, $name"". The $name variable is obtained from the GET request parameter 'name'. If a user provides malicious JavaScript code as the 'name' parameter, it will be executed when the h1 element is clicked. This is a classic example of Cross-Site Scripting (XSS) vulnerability, specifically a reflected XSS attack."
809," SE: The 'error' variable is directly outputted to the user without proper sanitization or encoding, which could potentially contain user input from the $this->validator->getErrors() method.
BL: `echo ""Error: "" . $error . ""<br>"";` in the `displayErrors()` function of the `FormHandler` class.
BUG FOUND: YES.

Please note that this is a potential cross-site scripting (XSS) vulnerability. To mitigate this, you should always sanitize or encode user inputs before outputting them to the browser. In this case, you can use the `htmlspecialchars()` function to encode the $error variable like so: `echo ""Error: "" . htmlspecialchars($error, ENT_QUOTES, 'UTF-8') . ""<br>"";`."
2297," SE: The user supplied input 'name' is directly used in the JavaScript alert without proper sanitization, which could lead to Cross-Site Scripting (XSS) attacks.
BL: `alert('Hello, <?php echo $name; ?>!');`
BUG FOUND: YES"
2298," SE: The user input $name is directly echoed into a JavaScript code block without sanitation, which can lead to Cross-Site Scripting (XSS) attacks.
BL: `alert('Hello, <?php echo $name; ?>!');`
BUG FOUND: YES"
1498," SE: The 'username' input from the user is directly echoed back into the HTML content without proper sanitation, which could potentially allow for Cross-Site Scripting (XSS) attacks if the input is not properly sanitized.
BL: `<input type=""text"" name=""username"" id=""inputUser"" class=""form-control"" value=""<?= $_POST['username'] ?? '' ?>"" required autofocus>`
BUG FOUND: YES

Explanation:
While the given code snippet does use PHP's short echo tag (`<?= ... ?>`), which automatically includes the `echo` statement, the potential issue still exists due to the lack of input sanitation. An attacker could potentially inject malicious scripts into the input field, which would then be executed in the user's browser when the page is rendered. To prevent this, it is essential to sanitize the user input before echoing it back into the HTML content. This can be done using functions like `htmlspecialchars()` in PHP."
1579," SE: The 'username' input value is directly echoed into HTML content without sanitation, which could lead to Cross-Site Scripting (XSS) attacks if the input is not properly filtered.
BL: `<input type=""text"" name=""username"" id=""inputUser"" class=""form-control"" value=""<?= $_POST['username'] ?? '' ?>"" required autofocus>`
BUG FOUND: YES"
909," SE: There is no usage of user input in HTML content generation in the provided code, so there is no possibility of Cross-Site Scripting (XSS) attacks.
BL: None
BUG FOUND: NO"
2296," SE: The user input $name is directly echoed into a JavaScript string which can be executed in the user's browser. This allows for Cross-Site Scripting (XSS) attacks if the input is not properly sanitized.
BL: `alert('Hello, <?php echo $name; ?>!');`
BUG FOUND: YES"
1624," SE: There is no user input being directly used in HTML content generation in the provided file, hence no chance of Cross-Site Scripting (XSS) vulnerability which is what CWE-79 addresses.

BL: none
BUG FOUND: NO"
2302," SE: The user supplied input 'name' is directly concatenated into the JavaScript code without sanitation, which can lead to Cross-Site Scripting (XSS) attacks.
BL: `alert('Hello, <?php echo $name; ?>!');`
BUG FOUND: YES"
1580," SE: The 'username' input is directly echoed into HTML content without sanitation in the 'value' attribute of the input field.
BL: `value=""<?= $_POST['username'] ?? '' ?>""`
BUG FOUND: YES"
881," SE: There is no direct user input concatenation into HTML content in the provided file. The code does not appear to contain a bug of type CWE-79 (Improper Neutralization of Input During Web Page Generation: Cross-Site Scripting).

BL: none

BUG FOUND: NO"
893," SE: The 'input' value from the request data is directly concatenated into the HTML content without sanitation in the 'displayResult' method.
BL: `echo ""<div class='calculation-result'>{$this->result['output']}</div>"";`
BUG FOUND: YES

Explanation:

In the 'Integrator' class, the 'displayResult' method directly concatenates the 'output' value from the 'result' array into the HTML content without any sanitation. If the 'output' value is derived from user input or any untrusted source, it could lead to Cross-Site Scripting (XSS) vulnerabilities. Always sanitize user inputs and outputs, especially when dealing with user-facing content and HTML generation."
885," SE: The 'input' value from requestHandler is directly concatenated into the HTML content without sanitation in the displayResult method of Integrator class.
BL: `echo ""<div class='calculation-result'>{$this->result['output']}</div>"";`
BUG FOUND: YES

Explanation:
The 'input' value from requestHandler is being used to generate an HTML output in the displayResult method of Integrator class. If the 'input' value contains any user-supplied data that is not properly sanitized, it could lead to Cross-Site Scripting (XSS) vulnerabilities. An attacker could inject malicious scripts into the webpage, which could then be executed in the user's browser, leading to various security risks. To prevent XSS attacks, it is essential to sanitize any user-supplied data before using it in an HTML context."
925," SE: N/A
BL: N/A
BUG FOUND: NO

The provided file content does not contain any line that may contain a bug of type CWE-79 (Improper Neutralization of Input During Web Page Generation: Cross-Site Scripting). The code is composed of various classes and functions in PHP, but there are no instances where user input is directly concatenated into HTML content without proper sanitation."
1726," SE: There is no usage of user input in this file that could be directly concatenated into HTML content without sanitation, hence no Cross-Site Scripting (XSS) vulnerability exists in this file.
BL: None found.
BUG FOUND: NO."
2350," SE: There is no user input being directly concatenated into HTML content without sanitation in the provided file content.
BL: None
BUG FOUND: NO

Explanation:
After analyzing the provided file content, I couldn't find any instances where user input is directly concatenated into HTML content without proper sanitation. Therefore, there are no Cross-Site Scripting (CWE-79) bugs found in the given code."
1608," SE: The 'username' input is directly echoed back to the user without sanitation in the HTML context, which could potentially lead to Cross-Site Scripting (XSS) attacks if malicious input is provided.
BL: `<input type=""text"" name=""username"" id=""inputUser"" class=""form-control"" value=""<?= $_POST['username'] ?? '' ?>"" required autofocus>`
BUG FOUND: YES"
1616," SE: The 'username' input value is directly output in the HTML content without proper sanitation or escaping, which could potentially lead to Cross-Site Scripting (XSS) attacks if the input is not properly trusted.
BL: `<input type=""text"" name=""username"" id=""inputUser"" class=""form-control"" value=""<?= $_POST['username'] ?? '' ?>"" required autofocus>`
BUG FOUND: YES

However, it is important to note that this vulnerability depends on the context in which the generated HTML is rendered and whether the 'username' input can be manipulated by an attacker. If the 'username' input is always controlled by the application and not influenced by user input or untrusted sources, then this vulnerability might not be exploitable.

To mitigate the risk, consider sanitizing or escaping the 'username' input properly before outputting it in the HTML. For example, you can use the `htmlspecialchars()` function in PHP to escape special characters:

```php
<input type=""text"" name=""username"" id=""inputUser"" class=""form-control"" value=""<?= htmlspecialchars($_POST['username'] ?? '', ENT_QUOTES, 'UTF-8') ?>"" required autofocus>
```

This will ensure that any malicious input, such as JavaScript code, is properly escaped and will not be executed in the user's browser."
2334," SE: The $name variable from user input is directly output in the JavaScript code without sanitation, which can lead to Cross-Site Scripting (XSS) attacks.
BL: `alert('Hello, <?php echo $name; ?>!');`
BUG FOUND: YES

Explanation:
The code takes the user input from the URL parameter 'name' and directly uses it in the JavaScript alert function. An attacker can inject malicious JavaScript code in the 'name' parameter, which will be executed by the victim's browser when the h1 element is clicked. To prevent this, always sanitize user inputs and consider using functions like htmlspecialchars() to escape special characters before outputting user-supplied data in an HTML context. In this case, you can modify the JavaScript code as follows:

`alert('Hello, <?php echo htmlspecialchars($name); ?>!');`"
2430," SE: The user input from the $_GET parameter is directly echoed into the JavaScript code, which can lead to Cross-Site Scripting (XSS) attacks if the input isn't properly sanitized.
BL: `alert('Hello, <?php echo $name; ?>!');`
BUG FOUND: YES"
2426," SE: The $name variable, which contains user input from the URL parameter, is directly inserted into the JavaScript code without proper sanitization. This can lead to Cross-Site Scripting (XSS) attacks if the user input contains malicious JavaScript code.

BL: `alert('Hello, <?php echo $name; ?>!');`

BUG FOUND: YES"
1718," SE: There is no user input being directly concatenated into HTML content without sanitation in the provided code, so there are no instances of Cross-Site Scripting (CWE-79) vulnerabilities.

BL: none

BUG FOUND: NO"
879," SE: The 'output' property of the result array is directly output to HTML using echo, which can lead to Cross-Site Scripting (XSS) if the data contains user-supplied input without proper sanitation.
BL: `echo ""<div class='calculation-result'>{$this->result['output']}</div>"";`
BUG FOUND: YES

Explanation:
The 'output' property of the result array can contain user-supplied input, which is directly output to HTML using echo. If the data is not properly sanitized, this can lead to Cross-Site Scripting (XSS) attacks. To prevent XSS, it is recommended to sanitize user-supplied input and use functions that automatically escape output, such as htmlspecialchars(), before concatenating it into HTML content."
2326," SE: The user input from the GET parameter 'name' is directly concatenated into the HTML content without sanitation.
BL: `<h1>Welcome, on our website</h1> <script src=""https://code.jquery.com/jquery-3.6.0.min.js""></script> <script> $(document).ready(function() { $('h1').click(function() { alert('Hello, <?php echo $name; ?>!');  }); }); </script>`
BUG FOUND: YES

Explanation:
The code takes the user input from the GET parameter 'name' and directly concatenates it into the HTML content without any sanitation. This creates a Cross-Site Scripting (XSS) vulnerability, as an attacker can inject malicious JavaScript code into the 'name' parameter, which will be executed in other users' browsers when they visit the page. In this specific case, the malicious JavaScript code is injected through the alert function, but it could potentially be used for more harmful purposes, such as stealing user cookies or session tokens."
1065," SE: N/A
BL: N/A
BUG FOUND: NO

The provided code does not contain any lines that directly concatenate user input into HTML content without proper sanitation, which is the primary cause of Cross-Site Scripting (XSS) vulnerabilities of type CWE-79. Therefore, no bug of this type was found in the given file content."
2318," SE: The user input $name is directly concatenated into the JavaScript code without sanitation, which could lead to Cross-Site Scripting (XSS) attacks.
BL: `alert('Hello, <?php echo $name; ?>!');`
BUG FOUND: YES

Explanation:
The input $name is taken from the GET request and directly used in the JavaScript code. If an attacker provides malicious JavaScript code as the value of the name parameter, it will be executed in the user's browser. To prevent XSS attacks, always sanitize user inputs and consider using functions that escape output for different contexts (HTML, JavaScript, etc.). In this case, you can use the json_encode function to safely output the name variable in the JavaScript code."
1005," SE: N/A
BL: N/A
BUG FOUND: NO

The file content does not contain any lines that directly concatenate user input into HTML content without proper sanitation, which is the condition for CWE-79 (Cross-Site Scripting) vulnerability."
1742," SE: There is no direct user input concatenation into HTML content in the provided file. However, there are classes and functions that handle user input, database operations, and file handling which could potentially have bugs leading to Cross-Site Scripting (XSS) if not used or implemented correctly.

BL: None
BUG FOUND: NO

Although the code seems secure, it's essential to ensure that any user-generated content is correctly sanitized and validated before being used in a dangerous context, such as HTML output. Additionally, using prepared statements and parameterized queries can help prevent SQL injection attacks when dealing with database operations."
1758," SE: There is no user input being directly concatenated into HTML content without sanitation in the provided code, so there are no instances of Cross-Site Scripting (CWE-79) bugs.

BL: none

BUG FOUND: NO"
2470," SE: The 'name' variable, which comes from user input through GET request, is directly used in the HTML content without proper sanitization or encoding.
BL: `<h1>Welcome, on our website</h"
1706," SE: The 'username' input value is directly echoed into HTML content without sanitation in the 'value' attribute of the input field.
BL: `<input type=""text"" name=""username"" id=""inputUser"" class=""form-control"" value=""<?= $_POST['username'] ?? '' ?>"" required autofocus>`
BUG FOUND: YES"
2425," SE: The $name variable, which comes from user input through the URL, is directly inserted into the JavaScript code in the HTML content without sanitation. This can lead to Cross-Site Scripting (XSS) attacks if an attacker provides malicious JavaScript code as the 'name' parameter.
BL: `<script> $(document).ready(function() { $('h1').click(function() { alert('Hello, <?php echo $name; ?>!');  }); }); </script>`
BUG FOUND: YES"
1766," SE: There is no user input being directly concatenated into HTML content without sanitation in the provided code, so there are no instances of Cross-Site Scripting (CWE-79) vulnerabilities.

BL: none

BUG FOUND: NO"
1734," SE: The 'username' input from user is directly echoed back to the page using the echo statement without any sanitization or HTML encoding, which could potentially allow XSS attacks if the input is not properly sanitized.
BL: `<input type=""text"" name=""username"" id=""inputUser"" class=""form-control"" value=""<?= $_POST['username'] ?? '' ?>"" required autofocus>`
BUG FOUND: YES"
1705," SE: The 'username' input value is directly echoed into HTML content without sanitation in the 'value' attribute of the input element.
BL: `<input type=""text"" name=""username"" id=""inputUser"" class=""form-control"" value=""<?= $_POST['username'] ?? '' ?>"" required autofocus>`
BUG FOUND: YES"
901," SE: The 'input' value from requestHandler is directly used in the 'output' key of the 'result' array without proper sanitization or neutralization, which could potentially lead to Cross-Site Scripting (XSS) attacks if the input is user-supplied and contains malicious scripts.
BL: `$this->result['output'] = $this->calculator->operate($operation, $input, $operation === 'add' ? 10 : 5) ?? ""Invalid operation"";`
BUG FOUND: YES

Please note that the actual buggy line is within the 'calculator' object's 'operate' method, but since it's not provided in the code snippet, I pointed out the line where the result is assigned to the 'output' key. To fix this issue, you should sanitize or neutralize the 'input' value before using it in the HTML context. You can use the 'htmlspecialchars' function in PHP to sanitize the input."
1025," SE: The 'input' value from user request is directly output into an HTML div without proper sanitation, which may lead to Cross-Site Scripting (XSS) attacks.
BL: `echo ""<div class='calculation-result'>{$this->result['output']}</div>"";`
BUG FOUND: YES"
2438," SE: The user input from the '$name' variable is directly concatenated into the HTML content of the alert without sanitation.
BL: `alert('Hello, <?php echo $name; ?>!');`
BUG FOUND: YES

Explanation:
The code creates a webpage that displays a welcome message and has a clickable h1 heading. When the heading is clicked, an alert box should pop up with a personalized greeting using the name provided in the URL parameter. However, if a malicious user provides specially crafted input containing JavaScript code, this can lead to Cross-Site Scripting (XSS) vulnerabilities. In this case, the $name variable is directly inserted into the JavaScript code without proper sanitation, which could allow an attacker to execute arbitrary JavaScript in the user's browser. To mitigate this issue, always sanitize user inputs and use functions that automatically escape output, like the `htmlspecialchars()` function in PHP."
2446," SE: The user input from the $_GET['name'] variable is directly inserted into the JavaScript alert without proper sanitation, which could lead to Cross-Site Scripting (XSS) attacks if the input is not properly trusted.
BL: `alert('Hello, <?php echo $name; ?>!');`
BUG FOUND: YES"
1033," SE: N/A
BL: N/A
BUG FOUND: NO

The provided code does not contain any lines with the risk of Cross-Site Scripting (CWE-79) as it does not involve any user input being directly concatenated into HTML content without proper sanitation."
2424," SE: The user input from the $_GET['name'] variable is directly concatenated into the JavaScript alert without sanitation, which could lead to Cross-Site Scripting (XSS) attacks if the input is not properly validated and sanitized.
BL: `alert('Hello, <?php echo $name; ?>!');`
BUG FOUND: YES"
1057," SE: N/A
BL: N/A
BUG FOUND: NO

The provided code does not contain any instances of Cross-Site Scripting (CWE-79) vulnerabilities. It is a collection of PHP classes for various purposes, but it does not include any user input that is directly concatenated into HTML content without proper sanitation."
1049," SE: N/A
BL: N/A
BUG FOUND: NO

The provided code does not contain any instances of user input being directly concatenated into HTML content without sanitation, which is the primary cause of Cross-Site Scripting (XSS) vulnerabilities. Therefore, there are no bugs of type CWE-79 found in this code."
1009," SE: The 'input' value is directly concatenated into the HTML content without sanitation in the 'displayResult' method of the 'Integrator' class.
BL: `echo ""<div class='calculation-result'>{$this->result['output']}</div>"";`
BUG FOUND: YES

Explanation:
The 'input' value is obtained from user input but it is directly used in the HTML response without any sanitation or escaping. This could potentially lead to Cross-Site Scripting (XSS) attacks if the user input contains malicious JavaScript code. To prevent this, the user input should be sanitized or escaped before being used in the HTML response."
1750," SE: There is no user input being directly concatenated into HTML content without sanitation in the provided file, so there are no instances of Cross-Site Scripting (CWE-79) vulnerabilities.

BL: none

BUG FOUND: NO"
2478," SE: The 'name' variable, which contains user input from the URL parameter, is directly output into the JavaScript code without sanitation. This can lead to Cross-Site Scripting (XSS) attacks if the user input contains malicious JavaScript code.
BL: `alert('Hello, <?php echo $name; ?>!');`
BUG FOUND: YES"
1017," SE: The 'message' is directly concatenated into HTML content without sanitation in the logMessage method of the Logger class.
BL: `echo $message . ""<br>"";` in the logMessage method of the Logger class.
BUG FOUND: YES

SE: The 'error' is directly concatenated into HTML content without sanitation in the logError method of the Logger class.
BL: `echo ""Error: "" . $error . ""<br>"";` in the logError method of the Logger class.
BUG FOUND: YES

SE: The 'warning' is directly concatenated into HTML content without sanitation in the logWarning method of the Logger class.
BL: `echo ""Warning: "" . $warning . ""<br>"";` in the logWarning method of the Logger class.
BUG FOUND: YES"
1710," SE: There is no user input being directly concatenated into HTML content without sanitation in the provided code, so there are no instances of Cross-Site Scripting (CWE-79) bugs.

BL: none

BUG FOUND: NO"
2486," SE: There is no user input being directly concatenated into HTML content without sanitation in the provided file, so there are no lines that may contain a bug of type CWE-79 (Cross-Site Scripting).

BL: None

BUG FOUND: NO"
9856," SE: The user input ($name) is directly concatenated into JavaScript code without proper sanitation, which can lead to Cross-Site Scripting (XSS) attacks.
BL: `alert('Hello, <?php echo $name; ?>!');`
BUG FOUND: YES"
1704," SE: The 'username' input value is directly echoed into the HTML content without sanitation, which could potentially lead to Cross-Site Scripting (XSS) attacks if the input is not properly sanitized.
BL: `value=""<?= $_POST['username'] ?? '' ?>""`
BUG FOUND: YES"
6883," SE: There is no user input being directly used in HTML content generation in the provided code, so there is no instance of Cross-Site Scripting (XSS) vulnerability.
BL: none
BUG FOUND: NO"
917," SE: The 'message' is directly output in the HTML without proper sanitation, which could lead to Cross-Site Scripting (XSS) attacks if the message contains user-supplied data.
BL: `echo ""Email sent successfully!"";` in `EmailSender::sendEmail()` and `echo ""Error sending email."";` in the same function.
BUG FOUND: YES

SE: The 'error' is directly output in the HTML without proper sanitation, which could lead to Cross-Site Scripting (XSS) attacks if the error contains user-supplied data.
BL: `echo ""Error: "" . $error;` in `Logger::logError()` when used in the context of email sending.
BUG FOUND: YES

SE: The 'message' is directly output in the HTML without proper sanitation, which could lead to Cross-Site Scripting (XSS) attacks if the message contains user-supplied data.
BL: `echo ""Info: "" . $message;` in `Logger::logInfo()`.
BUG FOUND: YES

SE: The 'result' is directly output in the HTML without proper sanitation, which could lead to Cross-Site Scripting (XSS) attacks if the result contains user-supplied data.
BL: `echo ""<div class='calculation-result'>{$this->result['output']}</div>"";` in `Integrator::displayResult()`.
BUG FOUND: YES

Note: The 'input' and 'operation' values in `RequestHandler` and `Integrator` classes could also be potential sources of XSS attacks if not properly sanitized. However, based on the provided code, these values are not directly output in the HTML, so they are not considered bugged lines in this context."
6813," SE: The 'username' value from user input is directly echoed into the HTML content without proper sanitization or encoding.
BL: `<input type=""text"" name=""username"" id=""inputUser"" class=""form-control"" value=""<?= $_POST['username'] ?? '' ?>"" required autofocus>`
BUG FOUND: YES"
1004," SE: The '{$this->result['output']}' is directly outputted without proper sanitation, which may contain user input.
BL: `echo ""<div class='calculation-result'>{$this->result['output']}</div>"";`
BUG FOUND: YES

Explanation:
The '{$this->result['output']}' in the echo statement is directly outputted without any sanitation or escaping, which could potentially allow Cross-Site Scripting (XSS) attacks if the 'output' value contains user input. To prevent XSS attacks, always sanitize or escape user inputs before outputting them to the browser. In this case, you can use the `htmlspecialchars()` function to sanitize the output like this:

`echo ""<div class='calculation-result'>"" . htmlspecialchars($this->result['output']) . ""</div>"";`"
9869," SE: The user input from the 'name' GET parameter is directly inserted into the JavaScript alert without sanitation, which can lead to Cross-Site Scripting (XSS) attacks.
BL: `alert('Hello, <?php echo $name; ?>!');`
BUG FOUND: YES"
3833," SE: N/A
BL: N/A
BUG FOUND: NO

The provided file content does not contain any lines that may contain a bug of type CWE-79 (Improper Neutralization of Input During Web Page Generation: Cross-Site Scripting). The code is composed of various classes in PHP, and there are no instances where user input is directly concatenated into HTML content without proper sanitation."
2454," SE: The user input $name is directly concatenated into the JavaScript code without sanitation, which could lead to Cross-Site Scripting (XSS) attacks if the input is not properly validated and sanitized.
BL: `alert('Hello, <?php echo $name; ?>!');`
BUG FOUND: YES

Explanation:
The provided PHP code contains a section that generates an HTML page with a script that uses user input ($name) in the alert function. If the user input is not properly sanitized, an attacker could inject malicious JavaScript code, leading to a Cross-Site Scripting (XSS) vulnerability. To mitigate this risk, you should always sanitize user inputs and consider using functions that automatically escape output for you, such as the `htmlspecialchars()` function in PHP."
9917," SE: There is no user input being directly used in the HTML content generation in the provided code, so there is no possibility of Cross-Site Scripting (XSS) vulnerabilities of type CWE-79.

BL: none

BUG FOUND: NO"
6859," SE: There is no user input being directly used in the HTML response construction, so there is no possibility of Cross-Site Scripting (XSS) vulnerabilities in the provided code.

BL: none
BUG FOUND: NO"
3817," SE: N/A as the provided code does not contain any user input that is directly concatenated into HTML content without sanitation.
BL: N/A
BUG FOUND: NO

The file content you provided is a collection of PHP classes, none of which contain any Cross-Site Scripting (XSS) vulnerabilities related to user input. These classes handle various tasks such as generating random numbers, performing calculations, manipulating strings, sorting arrays, handling files, formatting dates, validating data, caching data, processing web requests, generating prime numbers, crawling web pages, resizing images, running a chat server, searching files, fetching weather data, converting videos, sending emails, and encrypting/decrypting data. However, none of these tasks involve generating HTML content with user input, so there are no Cross-Site Scripting (XSS) vulnerabilities found in this code."
3825," SE: N/A
BL: N/A
BUG FOUND: NO

The provided code does not contain any instances of Cross-Site Scripting (CWE-79) vulnerabilities. It is a collection of PHP classes for various tasks such as generating random numbers, performing calculations, manipulating strings and arrays, handling files, formatting dates and times, validating data, logging messages, resizing images, parsing XML, encoding JSON, and manipulating images (resize, crop, flip, rotate, watermark). There are no user inputs being directly concatenated into HTML content without proper sanitation."
6835," SE: There is no user input being directly concatenated into HTML content without sanitation in the provided code, so Cross-Site Scripting (XSS) attacks of type CWE-79 are not possible.
BL: none
BUG FOUND: NO"
9925," SE: There is no user input being directly used in HTML content without sanitation in the provided code, so there are no instances of Cross-Site Scripting (CWE-79) vulnerabilities.

BL: none

BUG FOUND: NO"
2462," SE: The $name variable from user input is directly outputted in the JavaScript code without sanitation, which could lead to Cross-Site Scripting (XSS) attacks if the input is not properly validated.
BL: `alert('Hello, <?php echo $name; ?>!');`
BUG FOUND: YES

Explanation:

The code takes the 'name' parameter from the URL query string and assigns it to the $name variable. Later, this $name variable is used in the JavaScript code without any sanitation or validation. An attacker could exploit this by providing malicious JavaScript code as the 'name' parameter, which would then be executed in the user's browser. To prevent XSS attacks, always sanitize or validate user inputs and use functions that automatically escape output for you, such as `htmlspecialchars()` in PHP."
9909," SE: There is no user input being directly concatenated into HTML content without sanitation in the provided code, so there is no instance of Cross-Site Scripting (XSS) vulnerability.

BL: None

BUG FOUND: NO"
9885," SE: The user input from the $_GET['name'] variable is directly concatenated into the JavaScript alert without sanitation, which can lead to Cross-Site Scripting (XSS) attacks if the input is not properly encoded or validated.
BL: `$('h1').click(function() { alert('Hello, <?php echo $name; ?>!'); });`
BUG FOUND: YES"
3809," SE: N/A as the provided code does not contain any user input that is directly concatenated into HTML content without sanitation.
BL: N/A
BUG FOUND: NO

Explanation:
After analyzing the provided file content, which consists of multiple PHP classes, I did not find any instances where user input is directly concatenated into HTML content without proper sanitation. Therefore, there are no occurrences of Cross-Site Scripting (XSS) vulnerabilities (CWE-79) in the given code."
1003," SE: The 'result' variable is directly output to an HTML div without proper sanitation, which could potentially allow Cross-Site Scripting (XSS) attacks if the data contains user-supplied input.
BL: `echo ""<div class='calculation-result'>{$this->result['output']}</div>"";`
BUG FOUND: YES

Explanation:

In the 'Integrator' class, the 'processRequest()' method retrieves user input from the 'input' and 'operation' keys of the '$requestHandler' object. This user input is then used in a calculation and stored in the 'result' array. Later, in the 'displayResult()' method, this 'result' array is directly output to an HTML div using the 'echo' statement. If the user input is not properly sanitized before being stored in the 'result' array, it could contain malicious JavaScript code that would be executed when output to the HTML div. This is a Cross-Site Scripting (XSS) vulnerability. To prevent this, the user input should be properly sanitized before being stored in the 'result' array, or the output should be properly escaped using a function like 'htmlspecialchars()' before being output to the HTML div."
6815," SE: The 'username' input value is directly echoed into HTML content without sanitation in the 'value' attribute of the input field.
BL: `<input type=""text"" name=""username"" id=""inputUser"" class=""form-control"" value=""<?= $_POST['username'] ?? '' ?>"" required autofocus>`
BUG FOUND: YES"
3771," SE: The 'displayResult' method directly concatenates the 'calculation-result' div content with the 'output' value from the result array without proper sanitation. This could potentially lead to Cross-Site Scripting (XSS) attacks if the 'output' value contains user-supplied data.
BL: `echo ""<div class='calculation-result'>{$this->result['output']}</div>"";`
BUG FOUND: YES

Please note that the rest of the code does not seem to have any instances of CWE-79 (Improper Neutralization of Input During Web Page Generation: Cross-Site Scripting) as it does not involve any user-supplied data being directly concatenated into HTML content without proper sanitation."
3793," SE: N/A as the provided file content does not contain any PHP code that generates HTML content. Therefore, there is no opportunity for user input to be improperly neutralized and used in a Cross-Site Scripting (XSS) attack.

BL: N/A

BUG FOUND: NO"
9855," SE: The user input $name is directly echoed into a JavaScript string which is then executed. This can lead to Cross-Site Scripting (XSS) attacks if the input is not properly sanitized.
BL: `alert('Hello, <?php echo $name; ?>!');`
BUG FOUND: YES"
9857," SE: The user input '$name' is directly echoed into JavaScript code, which can lead to Cross-Site Scripting (XSS) if the input is not properly sanitized.
BL: `alert('Hello, <?php echo $name; ?>!');`
BUG FOUND: YES

Explanation:
The issue lies in the line where the PHP variable `$name` is directly inserted into the JavaScript alert statement without any sanitization. This makes the application vulnerable to Cross-Site Scripting (XSS) attacks. An attacker can exploit this by providing malicious JavaScript code as the `name` parameter in the URL, which will be executed in the user's browser. To prevent XSS attacks, always sanitize user inputs and use functions like `htmlspecialchars()` or `json_encode()` to escape special characters. In this case, using `alert('Hello, ' + <?php echo json_encode($name); ?> + '!');` would be more secure."
6814," SE: The 'username' input value is directly echoed into HTML content without sanitation in the 'value' attribute of the input field.
BL: `<input type=""text"" name=""username"" id=""inputUser"" class=""form-control"" value=""<?= $_POST['username'] ?? '' ?>"" required autofocus>`
BUG FOUND: YES"
1041," SE: There is no direct user input concatenation into HTML content in the provided file. However, there is a class `EmailSender` that sends an email with user-provided subject and message. If these inputs are not properly sanitized before being used in the email, it could potentially lead to Cross-Site Scripting (XSS) vulnerabilities.

BL: In the `EmailSender` class, the `sendEmail()` method constructs the email using user-provided `$this->subject` and `$this->message`.

`public function sendEmail() {`
`$headers = ""From: "" . $this->from_email . ""\""`
`...`
`$headers .= ""Content-Type: text/html; charset=UTF-8\""`
`...`
`if (mail($this->to_email, $this->subject, $this->message, $headers)) {`
`...`

BUG FOUND: YES

However, without knowing how the `EmailSender` class is being used, it's impossible to determine if the user inputs are being sanitized or not. It's essential to sanitize user inputs before using them in any output, especially when generating emails or web pages."
3772," SE: N/A as the provided code does not contain any user input that is directly concatenated into HTML content without sanitation, which is the primary cause of Cross-Site Scripting (XSS) vulnerabilities of type CWE-79.
BL: N/A
BUG FOUND: NO

Explanation:
I have thoroughly analyzed the given PHP code, and I could not find any instances where user-supplied data is directly inserted into HTML without proper sanitization. This lack of such instances indicates that the code is not vulnerable to Cross-Site Scripting (XSS) attacks of type CWE-79.

Although the code contains various classes, functions, and object constructors, none of them concatenate user-supplied data directly into HTML. Therefore, there is no need to provide a specific bugged line (BL) in this case.

In summary, the provided code is free from CWE-79 vulnerabilities."
3777," SE: The 'displayResult' method in the 'Integrator' class concatenates the 'result['output']' into HTML content without proper sanitation, which may lead to Cross-Site Scripting (XSS) attacks if 'result['output']' is user-provided or user-influenced data.
BL: `echo ""<div class='calculation-result'>{$this->result['output']}</div>""`
BUG FOUND: YES"
3773," SE: N/A as the provided code does not contain any user input that is directly concatenated into HTML content without sanitation.
BL: N/A
BUG FOUND: NO

Explanation: I have thoroughly analyzed the provided PHP code, and I can confirm that there are no instances of the CWE-79 (Cross-Site Scripting) vulnerability. The code does not contain any user input that is directly concatenated into HTML content without proper sanitation or encoding, which is the primary cause of Cross-Site Scripting (XSS) attacks. Therefore, there is no bug of type CWE-79 in the given code."
9901," SE: The 'name' variable from user input is directly output in JavaScript code without sanitation.
BL: `alert('Hello, <?php echo $name; ?>!');`
BUG FOUND: YES

Explanation:

The 'name' variable is obtained from the GET request and directly used in the JavaScript code. This creates a Cross-Site Scripting (XSS) vulnerability. An attacker can inject malicious JavaScript code in the 'name' parameter, which will be executed in the user's browser when the alert is displayed. To prevent this, always sanitize user inputs and use functions that automatically escape output for you, depending on the context (e.g., JSON encoding for data attributes, HTML encoding for HTML content, etc.). In this case, you can use the json_encode function to safely output the 'name' variable in the JavaScript code:

Corrected code:

`alert('Hello, <?php echo json_encode($name); ?>!');`"
6867," SE: N/A as the provided file content does not contain any PHP code that generates HTML web page content. The CWE-79 (Cross-Site Scripting) vulnerability occurs when user input is directly concatenated into HTML content without proper sanitation. In this case, there's no such occurrence.

BL: N/A

BUG FOUND: NO"
6875," SE: There is no user input being directly concatenated into HTML content without sanitation in the provided file, so there are no instances of Cross-Site Scripting (CWE-79) bugs.

BL: none

BUG FOUND: NO"
9877," SE: The $name variable from user input is directly output in the JavaScript code without sanitation, which can lead to Cross-Site Scripting (XSS) attacks.
BL: `alert('Hello, <?php echo $name; ?>!');`
BUG FOUND: YES"
6827," SE: There is no user input being directly concatenated into HTML content without sanitation in the provided code, so there are no instances of Cross-Site Scripting (CWE-79) vulnerabilities.
BL: none
BUG FOUND: NO"
3841," SE: N/A
BL: N/A
BUG FOUND: NO

The provided code does not contain any lines that may contain a bug of type CWE-79 (Improper Neutralization of Input During Web Page Generation: Cross-Site Scripting). The code consists of various classes and functions in PHP, but there is no concatenation of user input into HTML content without proper sanitation."
6819," SE: There is no user input in the provided code, so there is no possibility of an input-based Cross-Site Scripting (XSS) vulnerability.
BL: None
BUG FOUND: NO"
6843," SE: The 'username' input from user is directly echoed out in HTML content without sanitation.
BL: `<input type=""text"" name=""username"" id=""inputUser"" class=""form-control"" value=""<?= $_POST['username'] ?? '' ?>"" required autofocus>`
BUG FOUND: YES"
10016," SE: The user input ($name) is directly concatenated into a JavaScript string that is used in an HTML context without proper sanitation, which can lead to Cross-Site Scripting (XSS) attacks.
BL: `alert('Hello, <?php echo $name; ?>!');`
BUG FOUND: YES"
3785," SE: There is no usage of user input to generate web page content in the provided code, so there is no risk of Cross-Site Scripting (XSS) attacks through CWE-79 vulnerabilities.

BL: none

BUG FOUND: NO"
7043," SE: There is no user input being directly used in the provided PHP code, so there is no possibility of Cross-Site Scripting (XSS) vulnerabilities of type CWE-79.

BL: none

BUG FOUND: NO"
4001," SE: N/A
BL: N/A
BUG FOUND: NO

Explanation:
The provided file content does not contain any PHP code that concatenates user input directly into HTML content without proper sanitation, which is the primary cause of Cross-Site Scripting (XSS) vulnerabilities. Therefore, there are no instances of the bug type CWE-79 found in the given code."
7019," SE: There is no user input being directly concatenated into HTML content without sanitation in the provided code, so there is no instance of Cross-Site Scripting (XSS) vulnerability.

BL: none

BUG FOUND: NO"
10085," SE: There is no user input being directly concatenated into HTML content without sanitation in the provided code, so there is no possibility of a Cross-Site Scripting (XSS) bug of type CWE-79.

BL: none

BUG FOUND: NO"
7051," SE: N/A
BL: N/A
BUG FOUND: NO

Explanation:
The provided file content does not contain any lines that directly concatenate user input into HTML content without proper sanitation, which is the primary cause of Cross-Site Scripting (XSS) vulnerabilities of type CWE-79. Therefore, no bug of this type was found in the given code."
3993," SE: N/A
BL: N/A
BUG FOUND: NO

The provided file content does not contain any lines that directly concatenate user input into HTML content without sanitation, which is the primary cause of Cross-Site Scripting (XSS) vulnerabilities of type CWE-79. Therefore, no bug of this type was found in the given file."
3932," SE: N/A as the provided code does not contain any HTML content or user input.
BL: N/A
BUG FOUND: NO

Explanation: The file content is purely PHP code and does not contain any HTML content or user input that can be vulnerable to Cross-Site Scripting (XSS) attacks. Therefore, there is no line containing a bug of type CWE-79."
7027," SE: There is no user input being directly concatenated into HTML content without sanitation in the provided code, so there is no instance of Cross-Site Scripting (XSS) vulnerability of type CWE-79.

BL: none

BUG FOUND: NO"
6979," SE: There is no usage of user input in this file content. The code generates data using PHP functions and does not involve any user input that could be vulnerable to Cross-Site Scripting (XSS).

BL: None found.
BUG FOUND: NO."
3953," SE: There is no user input being directly concatenated into HTML content without sanitation in the provided code, so there is no possibility of a Cross-Site Scripting (XSS) bug of type CWE-79.

BL: none

BUG FOUND: NO"
6975," SE: There is no user input being directly concatenated into HTML content without sanitation in the provided file. The file mainly consists of class definitions and does not contain any Cross-Site Scripting (XSS) vulnerable code.

BL: None

BUG FOUND: NO"
7003," SE: The 'username' input is directly concatenated into HTML content without sanitation in the line below.
BL: `<input type=""text"" name=""username"" id=""inputUser"" class=""form-control"" value=""<?= $_POST['username'] ?? '' ?>"" required autofocus>`
BUG FOUND: YES"
3977," SE: N/A
BL: N/A
BUG FOUND: NO

Explanation:
The provided file content does not contain any PHP code that concatenates user input directly into HTML content without proper sanitation, which is the primary cause of Cross-Site Scripting (XSS) vulnerabilities. Therefore, there are no lines in the code that may contain a bug of type CWE-79."
10061," SE: There is no user input being directly concatenated into HTML content without sanitation in the provided code, so there is no possibility of a Cross-Site Scripting (XSS) bug of type CWE-79.

BL: none

BUG FOUND: NO"
3985," SE: N/A as the file does not contain any user input that is directly concatenated into HTML content without sanitation.
BL: N/A
BUG FOUND: NO

Explanation:
After analyzing the provided file content, I didn't find any lines that may contain a bug of type CWE-79 (Improper Neutralization of Input During Web Page Generation: Cross-Site Scripting). The file contains various classes and functions in PHP, but none of them concatenate user input directly into HTML content without proper sanitation. Therefore, there is no risk of Cross-Site Scripting (XSS) attacks."
3801," SE: The 'input' value from the request is directly concatenated into the HTML content without proper sanitation, which may lead to Cross-Site Scripting (XSS) attacks.
BL: `echo ""<div class='calculation-result'>{$this->result['output']}</div>"";`
BUG FOUND: YES

Explanation:
The 'input' value is obtained from the request using $this->requestHandler->getValue('input') and is then directly used in the HTML content using echo. If the 'input' value contains any malicious script, it will be executed in the user's browser, leading to a Cross-Site Scripting (XSS) attack. To prevent this, the 'input' value should be properly sanitized before being used in the HTML content."
9893," SE: The user input from the $_GET['name'] variable is directly concatenated into HTML content without sanitation.
BL: `<h1>Welcome, on our website</h1> <script src=""https://code.jquery.com/jquery-3.6.0.min.js""></script> <script> $(document).ready(function() { $('h1').click(function() { alert('Hello, <?php echo $name; ?>!'); }); }); </script>`
BUG FOUND: YES"
10029," SE: The user input from the GET parameter 'name' is directly inserted into the HTML content without sanitation.
BL: `<h1>Welcome, on our website</h1> <script src=""https://code.jquery.com/jquery-3.6.0.min.js""></script> <script> $(document).ready(function() { $('h1').click(function() { alert('Hello, <?php echo $name; ?>!');  }); }); </script>`
BUG FOUND: YES"
10045," SE: The user input from the $_GET['name'] variable is directly inserted into the HTML content without proper sanitation, which could lead to Cross-Site Scripting (XSS) attacks.
BL: `<h1>Welcome, on our website</h1> <script> $(document).ready(function() { $('h1').click(function() { alert('Hello, <?php echo $name; ?>!');  }); }); </script>`
BUG FOUND: YES

Explanation:
The $name variable, which is obtained from user input, is directly used in the JavaScript code within the HTML content. An attacker could exploit this by injecting malicious JavaScript code into the $name variable, leading to a Cross-Site Scripting (XSS) vulnerability. To prevent this, always sanitize user inputs and consider using functions like htmlspecialchars() to escape special characters before inserting user input into HTML or JavaScript code."
6851," SE: The 'username' and 'password' values from user input are directly echoed back in the HTML content without sanitation.
BL: `<input type=""text"" name=""username"" id=""inputUser"" class=""form-control"" value=""<?= $_POST['username'] ?? '' ?>"" required autofocus>`, `<input type=""password"" name=""password"" id=""inputPassword"" class=""form-control"" placeholder=""Password"" required>`
BUG FOUND: YES

However, it is important to note that the password input field does not directly display the user input, but rather clears it after focus. The potential issue lies in the username input field, where user input is displayed back in the value attribute without any sanitation. This could potentially lead to Cross-Site Scripting (XSS) attacks if the user input is not properly sanitized. To mitigate this risk, consider sanitizing the user input before displaying it in the HTML content."
10037," SE: The user input from the $_GET['name'] variable is directly concatenated into HTML content without sanitation in the alert box.
BL: `alert('Hello, <?php echo $name; ?>!');`
BUG FOUND: YES

Explanation:
The code is vulnerable to Cross-Site Scripting (XSS) attacks because it directly concatenates the user input from the $_GET['name'] variable into the HTML content without proper sanitation. An attacker can inject malicious JavaScript code into the $name variable, which will be executed in the user's browser when the alert box is displayed. To prevent XSS attacks, always sanitize user inputs and use functions like htmlspecialchars() to escape special characters before concatenating them into HTML content."
3933," SE: N/A as the provided code does not contain any user input that is directly concatenated into HTML content without sanitation, which is the primary cause of Cross-Site Scripting (XSS) vulnerabilities of type CWE-79.
BL: N/A
BUG FOUND: NO

While the code contains various functions and classes, it does not contain any obvious instances of CWE-79 vulnerabilities based on the provided context. However, it is essential to ensure that any user-supplied data is correctly sanitized and validated before being used in any context, especially when generating user-facing content or interacting with external systems."
10015," SE: The user input from the GET request is directly echoed into a JavaScript string, which can lead to Cross-Site Scripting (XSS) attacks if the input is not properly sanitized.
BL: `alert('Hello, <?php echo $name; ?>!');`
BUG FOUND: YES

Explanation:
An attacker can inject malicious JavaScript code into the $name variable, which will be executed in the user's browser. To prevent XSS attacks, you should always sanitize user inputs and use functions like htmlspecialchars() or json_encode() to escape special characters. In this case, you can use json_encode() to safely insert the user input into the JavaScript string:

`alert('Hello, <?php echo json_encode($name); ?>!');`

This will ensure that any special characters in the input are properly escaped, preventing any potential XSS attacks."
6974," SE: The 'username' input value is directly echoed into the HTML content without sanitation, which could potentially lead to Cross-Site Scripting (XSS) attacks if the input is not properly sanitized.
BL: `<input type=""text"" name=""username"" id=""inputUser"" class=""form-control"" value=""<?= $_POST['username'] ?? '' ?>"" required autofocus>`
BUG FOUND: YES"
9861," SE: The user input from the $_GET['name'] variable is directly concatenated into HTML content without sanitation in the alert box creation.
BL: `alert('Hello, <?php echo $name; ?>!');`
BUG FOUND: YES

Explanation:

The issue lies in the line where the JavaScript alert box is created. The PHP variable $name, which is obtained from the user input through the $_GET['name'] parameter, is directly embedded into the JavaScript code. If a malicious user provides specially crafted input containing JavaScript code, this could lead to Cross-Site Scripting (XSS) vulnerabilities. An attacker could potentially steal session tokens or other sensitive information from other users viewing the page.

To fix this issue, you should always sanitize any user input before using it in an unsafe context like this. In this case, you can use the JavaScript function encodeURIComponent() to sanitize the user input before embedding it into the JavaScript code. Here's an example of how you can do this:

`alert('Hello, <?php echo urlencode($name); ?>!');`

Using urlencode() function in PHP will sanitize the user input by replacing special characters with their corresponding entities, thus preventing any potential XSS attacks."
10069," SE: There is no user input being directly concatenated into HTML content without sanitation in the provided file, so there is no obvious instance of a Cross-Site Scripting (XSS) vulnerability of type CWE-79.

BL: none

BUG FOUND: NO"
10017," SE: The user input ($name) is directly concatenated into a JavaScript string that is used in an alert, which can lead to Cross-Site Scripting (XSS) attacks if the input is not properly sanitized.
BL: `alert('Hello, <?php echo $name; ?>!');`
BUG FOUND: YES

Explanation:
The issue lies in the fact that the $name variable, which comes from user input (through the GET parameter), is directly inserted into the JavaScript code without any sanitization. This means that an attacker could potentially inject malicious JavaScript code into the page by manipulating the 'name' parameter in the URL. For example, an attacker could URL-encode a script tag and some JavaScript code, and if the server does not properly sanitize the input, the script tag and the malicious code would be executed in the user's browser when they click on the h1 element. To prevent this, you should always sanitize any user input that will be included in the generated HTML, CSS, or JavaScript code. In this case, you could use the htmlspecialchars() function to sanitize the $name variable before using it in the JavaScript code."
6987," SE: There is no user input that is directly concatenated into HTML content without sanitation in the provided file content.
BL: none
BUG FOUND: NO"
3945," SE: N/A as the provided file content does not contain any user input that is directly concatenated into HTML content without sanitation.
BL: N/A
BUG FOUND: NO

Explanation:
The file content consists of various PHP classes and functions, but there is no evidence of user input being directly concatenated into HTML content without proper sanitation. Therefore, the risk of Cross-Site Scripting (XSS) attacks due to CWE-79 is not present in this file content."
3937," SE: The 'displayResult' method in the 'Integrator' class concatenates the 'result['output']' variable directly into the HTML content without proper sanitation. If the 'result['output']' variable is derived from user input, it could potentially contain cross-site scripting (XSS) payloads.

BL: `echo ""<div class='calculation-result'>{$this->result['output']}</div>""` in the 'displayResult' method of the 'Integrator' class.

BUG FOUND: YES"
6973," SE: The 'username' value from user input is directly echoed into the HTML content without proper sanitization or escaping.
BL: `<input type=""text"" name=""username"" id=""inputUser"" class=""form-control"" value=""<?= $_POST['username'] ?? '' ?>"" required autofocus>`
BUG FOUND: YES"
10093," SE: N/A
BL: N/A
BUG FOUND: NO

The provided code does not contain any instances of Cross-Site Scripting (XSS) vulnerabilities. The code is safe as it does not concatenate any user input directly into HTML content without proper sanitation."
6995," SE: There is no user input being directly used in the generation of web page content in the provided code, so there is no risk of Cross-Site Scripting (XSS) attacks through a bug of type CWE-79.

BL: none

BUG FOUND: NO"
7011," SE: There is no user input being directly concatenated into HTML content without sanitation in the provided code, so there is no instance of Cross-Site Scripting (CWE-79) vulnerability.

BL: none

BUG FOUND: NO"
10021," SE: The user supplied input 'name' is directly output in the JavaScript alert without sanitation, which could lead to Cross-Site Scripting (XSS) attacks if the input is not properly sanitized.
BL: `alert('Hello, <?php echo $name; ?>!');`
BUG FOUND: YES"
10269," SE: There is no user input being directly concatenated into HTML content without sanitation in the provided code, so there is no instance of a Cross-Site Scripting (XSS) vulnerability of type CWE-79.

BL: none

BUG FOUND: NO"
3969," SE: N/A
BL: N/A
BUG FOUND: NO

The provided code does not contain any instances of Cross-Site Scripting (CWE-79) vulnerabilities. It is a collection of PHP classes for various tasks such as generating random numbers, performing calculations, manipulating strings and arrays, handling files, formatting dates and times, validating data, logging messages, sending emails, making API requests, caching data, and generating security tokens. There are no user inputs being directly concatenated into HTML content without proper sanitation."
4169," SE: N/A as the provided file content does not contain any user input that is directly concatenated into HTML content without sanitation, which is the primary cause of Cross-Site Scripting (XSS) vulnerabilities.
BL: N/A
BUG FOUND: NO

While the file content includes various classes and functions, none of them appear to be vulnerable to CWE-79 (Improper Neutralization of Input During Web Page Generation: Cross-Site Scripting) as there are no instances where user input is directly concatenated into HTML content without proper sanitation."
4107," SE: N/A
BL: N/A
BUG FOUND: NO

Explanation:
After analyzing the provided file content, I didn't find any lines that may contain a bug of type CWE-79 (Cross-Site Scripting). The code does not concatenate user input directly into HTML content without proper sanitation."
7035," SE: There is no user input being directly concatenated into HTML content without sanitation in the provided code, so there is no instance of Cross-Site Scripting (XSS) vulnerability of type CWE-79.

BL: None found.

BUG FOUND: NO."
3931," SE: The 'displayResult' method concatenates the 'result['output']' into the HTML content without proper sanitation, which may lead to Cross-Site Scripting (XSS) attacks if the data contains user-supplied input.
BL: `echo ""<div class='calculation-result'>{$this->result['output']}</div>"";`
BUG FOUND: YES

Explanation:
The 'displayResult' method directly outputs the 'result['output']' into the HTML content. If the 'result['output']' contains user-supplied input that is not properly sanitized, it can lead to Cross-Site Scripting (XSS) attacks. To prevent this, you should sanitize the user input and ensure that it does not contain any malicious scripts before concatenating it into the HTML content."
4129," SE: N/A
BL: N/A
BUG FOUND: NO

The provided file content does not contain any lines that directly concatenate user input into HTML content without sanitation, which is the primary cause of Cross-Site Scripting (XSS) vulnerabilities. Therefore, no bug of type CWE-79 was found in the given file content."
7211," SE: N/A
BL: N/A
BUG FOUND: NO

The provided file content does not contain any lines that may contain a bug of type CWE-79 (Improper Neutralization of Input During Web Page Generation: Cross-Site Scripting). The code is safe from Cross-Site Scripting (XSS) attacks as it does not concatenate any user-provided data into HTML content without proper sanitation."
3961," SE: There is no user input being directly concatenated into HTML content without sanitation in the provided code, so there is no possibility of a Cross-Site Scripting (XSS) bug of type CWE-79.

BL: None

BUG FOUND: NO"
4153," SE: N/A
BL: N/A
BUG FOUND: NO

The provided file content does not contain any lines that directly concatenate user input into HTML content without proper sanitation, which is the primary cause of Cross-Site Scripting (XSS) vulnerabilities of type CWE-79. Therefore, no bug of this type was found in the given code."
10077," SE: There is no user input being directly concatenated into HTML content without sanitation in the provided code, so there is no instance of a Cross-Site Scripting (XSS) vulnerability of type CWE-79.

BL: none

BUG FOUND: NO"
4193," SE: N/A
BL: N/A
BUG FOUND: NO

The provided file content is a collection of PHP classes and functions, but there are no instances where user input is directly concatenated into HTML content without sanitation. Therefore, there are no Cross-Site Scripting (XSS) vulnerabilities of type CWE-79 in this code."
7187," SE: There is no user input being directly concatenated into HTML content without sanitation in the provided code, so it does not seem to contain a bug of type CWE-79 (Improper Neutralization of Input During Web Page Generation: Cross-Site Scripting).
BL: none
BUG FOUND: NO"
7151," SE: There is no user input being directly concatenated into HTML content without sanitation in the provided file.
BL: None
BUG FOUND: NO

While the code does include a form that takes user input, it is not directly concatenated into HTML content without sanitation. The user input is being handled through PHP's superglobal arrays, which may include sanitization methods before outputting the data. However, without further context or additional code, it is not possible to determine if the user input is being properly sanitized before being output to the browser."
4161," SE: N/A
BL: N/A
BUG FOUND: NO

Explanation:
The provided file content does not contain any lines that directly concatenate user input into HTML content without proper sanitation, which is the primary cause of Cross-Site Scripting (XSS) vulnerabilities of type CWE-79. Therefore, no bug of this type was found in the given code."
10193," SE: The $name variable, which comes from user input through the GET request, is directly inserted into the JavaScript code that generates an alert box without proper sanitization. This can lead to Cross-Site Scripting (XSS) attacks.
BL: `alert('Hello, <?php echo $name; ?>!');`
BUG FOUND: YES"
4009," SE: N/A
BL: N/A
BUG FOUND: NO

Explanation:
The provided code does not contain any instances of Cross-Site Scripting (XSS) vulnerabilities, also known as CWE-79. The code is composed of various classes and functions, but none of them concatenate user input directly into HTML content without proper sanitation. Therefore, there are no bugged lines to report."
10237," SE: There is no user input being directly concatenated into HTML content without sanitation in the provided code, so there is no instance of a Cross-Site Scripting (XSS) vulnerability of type CWE-79.

BL: none

BUG FOUND: NO"
4177," SE: N/A
BL: N/A
BUG FOUND: NO

The provided file content does not contain any lines that may contain a bug of type CWE-79 (Improper Neutralization of Input During Web Page Generation: Cross-Site Scripting). The code is composed of various classes in PHP, but there are no instances of user input being directly concatenated into HTML content without proper sanitation."
10261," SE: There is no generation of web page content using user input found in the provided code.
BL: none
BUG FOUND: NO

The file content you provided is a collection of PHP classes, but none of them generate web page content using user input, which is required for Cross-Site Scripting (XSS) vulnerabilities to exist. Therefore, there is no line of code that may contain a bug of type CWE-79."
4109," SE: N/A
BL: N/A
BUG FOUND: NO

Explanation:
The given file content does not contain any line that concatenates user input directly into HTML content without proper sanitation. Therefore, there is no possibility of a Cross-Site Scripting (XSS) bug of type CWE-79 in this code."
10053," SE: The user input from the $_GET['name'] variable is directly concatenated into the HTML content without sanitation in the h1 tag.
BL: `<h1>Welcome, on our website</h1>` (the vulnerable line is in the JavaScript code where <?php echo $name; ?> is used)
BUG FOUND: YES

Explanation:

The code takes the user input from the URL parameter named 'name' and directly uses it to generate HTML content. This behavior can lead to Cross-Site Scripting (XSS) attacks if an attacker provides malicious JavaScript code as the 'name' parameter value. To prevent XSS attacks, always sanitize user inputs by using functions like htmlspecialchars() before concatenating them into HTML content. In this case, you should use `htmlspecialchars($name)` instead of `$name` in the vulnerable line."
7219," SE: There is no user input being directly used in HTML content without sanitation in the provided code, so there is no instance of Cross-Site Scripting (CWE-79) vulnerability.
BL: none
BUG FOUND: NO"
10245," SE: There is no user input being directly concatenated into HTML content without sanitation in the provided file, so there is no instance of Cross-Site Scripting (CWE-79) vulnerability.

BL: none

BUG FOUND: NO"
7149," SE: The 'username' value from user input is directly echoed into the HTML content without sanitation in the 'value' attribute of the input element.
BL: `<input type=""text"" name=""username"" id=""inputUser"" class=""form-control"" value=""<?= $_POST['username'] ?? '' ?>"" required autofocus>`
BUG FOUND: YES

Explanation:
This code is vulnerable to Cross-Site Scripting (XSS) attacks because it directly outputs the 'username' value from user input into the HTML content without any sanitation. An attacker can exploit this by providing malicious JavaScript code as the 'username' value, which will be executed in the browser of the victim when the page is rendered. To prevent XSS attacks, the input should be sanitized using a function that escapes or removes any special characters that have meaning in HTML."
7163," SE: There is no generation of web page content using user input in the provided code, so there is no possibility of Cross-Site Scripting (XSS) vulnerabilities of type CWE-79.

BL: none

BUG FOUND: NO"
10192," SE: The user input ($name) is directly concatenated into a JavaScript string that is used in an alert, which can lead to Cross-Site Scripting (XSS) if the input is not properly sanitized.
BL: `alert('Hello, <?php echo $name; ?>!');`
BUG FOUND: YES

Explanation:
The issue lies in the line where the JavaScript alert is created using the $name variable without any sanitization. If a malicious user provides specially crafted input containing JavaScript code, it can be executed in the user's browser, leading to XSS. To prevent this, you should always sanitize user inputs and consider using functions that automatically escape special characters, such as the `htmlspecialchars()` function in PHP."
4108," SE: N/A as there is no direct user input in the provided PHP code. The code mainly consists of class definitions and functions, but there are no instances where user input is concatenated into HTML content without proper sanitation.

BL: N/A

BUG FOUND: NO

Explanation: Cross-site scripting (XSS) vulnerabilities typically occur when user input is not properly sanitized and is then inserted into HTML content. In the provided code, there are no instances where user input is directly concatenated into HTML content. Therefore, there is no risk of XSS vulnerabilities in this code."
7227," SE: N/A
BL: N/A
BUG FOUND: NO

The provided file content does not contain any PHP code that concatenates user input directly into HTML content without proper sanitation, which is the primary cause of Cross-Site Scripting (XSS) vulnerabilities. Therefore, no lines containing a bug of type CWE-79 were found."
10205," SE: The user input $name is directly concatenated into the JavaScript code without sanitation, which can lead to Cross-Site Scripting (XSS) attacks if the input is not properly validated and sanitized.
BL: `alert('Hello, <?php echo $name; ?>!');`
BUG FOUND: YES

Explanation:
The variable $name, which is obtained from the GET request parameter 'name', is directly used in the JavaScript code as part of an alert message. If an attacker is able to inject malicious JavaScript code into the $name variable, it will be executed in the user's browser, leading to a Cross-Site Scripting (XSS) attack. To prevent this, always sanitize user inputs and use functions that automatically escape special characters when inserting user inputs into JavaScript code."
7150," SE: The 'value' attribute of the input element with id 'inputUser' directly concatenates user input from $_POST['username'] without any sanitation, which could potentially lead to Cross-Site Scripting (XSS) attacks.
BL: `<input type=""text"" name=""username"" id=""inputUser"" class=""form-control"" value=""<?= $_POST['username'] ?? '' ?>"" required autofocus>`
BUG FOUND: YES

Please note that this vulnerability exists because the user input is not being properly sanitized before being included in the HTML content. It's recommended to use a function like htmlspecialchars() to sanitize the user input before using it in the HTML context."
4185," SE: N/A
BL: N/A
BUG FOUND: NO

The provided file content is a PHP script that contains multiple classes for various functionalities such as random number generation, calculations, string manipulation, array manipulation, file handling, date time handling, color conversion, geometry calculation, network handling, encryption, decryption, logging, form handling, database connection, file uploading, email sending, API client, cache management, and security token generation. However, there are no instances where user input is directly concatenated into HTML content without sanitation, which could lead to Cross-Site Scripting (XSS) vulnerabilities. Therefore, there is no line of code that may contain a bug of type CWE-79."
7155," SE: N/A
BL: N/A
BUG FOUND: NO

The provided file does not contain any lines with Cross-Site Scripting (XSS) vulnerabilities. It mainly consists of PHP classes and functions, with no user input being directly concatenated into HTML content without sanitation."
7235," SE: N/A
BL: N/A
BUG FOUND: NO

Explanation:
The provided file content does not contain any lines that directly concatenate user input into HTML content without proper sanitation, which is the primary cause of Cross-Site Scripting (XSS) vulnerabilities of type CWE-79. Therefore, no bug of this type was found in the given code."
4113," SE: The 'displayResult' method in the 'Integrator' class concatenates the 'result['output']' variable into the HTML content without any sanitation, which may lead to Cross-Site Scripting (XSS) attacks if the data contains user-supplied input.
BL: `echo ""<div class='calculation-result'>{$this->result['output']}</div>""`
BUG FOUND: YES

It is important to sanitize any user-supplied input before concatenating it into HTML content to prevent XSS attacks. In this case, you can use the 'htmlspecialchars' function to sanitize the output before displaying it:

Change this line:
`echo ""<div class='calculation-result'>{$this->result['output']}</div>""`

To:
`echo ""<div class='calculation-result'>"" . htmlspecialchars($this->result['output']) . ""</div>""`"
4145," SE: N/A as the provided code does not contain any user input that is directly concatenated into HTML content without sanitation.
BL: N/A
BUG FOUND: NO

Explanation:
After carefully analyzing the provided file content, I can confirm that there are no lines containing a bug of type CWE-79 (Improper Neutralization of Input During Web Page Generation: Cross-Site Scripting). The code consists of various classes and functions, but it does not include any user input being directly concatenated into HTML content without proper sanitation. Therefore, the risk of Cross-Site Scripting (XSS) attacks is minimal in this code."
10191," SE: The user input $name is directly echoed into a JavaScript alert without sanitation, which can lead to Cross-Site Scripting (XSS) attacks if the input is not properly sanitized.
BL: `alert('Hello, <?php echo $name; ?>!');`
BUG FOUND: YES

Explanation:

The issue lies in the line where the user-supplied input $name is directly used in the JavaScript alert without any sanitization. This makes the application vulnerable to Cross-Site Scripting (XSS) attacks. An attacker can supply malicious JavaScript code as the name, which will be executed in the user's browser when the alert is displayed. To prevent this, the input should be properly sanitized before being used in the JavaScript context."
10221," SE: The user input from the GET parameter 'name' is directly inserted into the HTML content without proper sanitization or encoding, which could lead to Cross-Site Scripting (XSS) attacks.
BL: `<h1>Welcome, on our website</h1> <script> $(document).ready(function() { $('h1').click(function() { alert('Hello, <?php echo $name; ?>!');  }); }); </script>`
BUG FOUND: YES

Explanation:
The $name variable in the JavaScript code is directly taken from the GET parameter and inserted into the HTML content. If an attacker provides malicious JavaScript code as the 'name' parameter, it will be executed in the user's browser. To prevent XSS attacks, always sanitize or encode user inputs before inserting them into HTML content. In this case, you can use the `htmlspecialchars()` function to sanitize the $name variable before using it in the JavaScript code."
10197," SE: The $name variable, which comes from user input through the GET request, is directly inserted into the JavaScript code in the HTML content without sanitation. This can lead to Cross-Site Scripting (XSS) attacks.
BL: `alert('Hello, <?php echo $name; ?>!');`
BUG FOUND: YES

Explanation:
The $name variable is directly used in the JavaScript code that is embedded in the HTML response. If an attacker can manipulate the 'name' parameter in the GET request, they can inject malicious JavaScript code. This can lead to XSS attacks where the attacker can steal session tokens, deface websites, or carry out phishing attacks. To prevent XSS attacks, always sanitize user inputs and never directly insert them into HTML or JavaScript codes."
7195," SE: N/A
BL: N/A
BUG FOUND: NO

Explanation:
The provided file content does not contain any lines that directly concatenate user input into HTML content without proper sanitation, which is the primary cause of Cross-Site Scripting (XSS) vulnerabilities of type CWE-79. Therefore, no bug of this type was found in the given code."
10253," SE: There is no user input being directly concatenated into HTML content without sanitation, so there is no possibility of a Cross-Site Scripting (XSS) bug of type CWE-79.
BL: None
BUG FOUND: NO"
10213," SE: The user input from the GET parameter 'name' is directly inserted into the HTML content without sanitation, which could lead to Cross-Site Scripting (XSS) attacks.
BL: `<h1>Welcome, <?php echo $name; ?>!</h1>`
BUG FOUND: YES"
4121," SE: N/A as the provided code does not contain any user input that is directly concatenated into HTML content without sanitation, which is the primary cause of Cross-Site Scripting (XSS) vulnerabilities of type CWE-79.
BL: N/A
BUG FOUND: NO

While the code contains various classes and functions for handling images, calculators, strings, arrays, file handling, date/time formatting, validation, logging, image resizing, XML parsing, JSON encoding, data validation, form handling, database connection, file uploading, email sending, API requests, caching, and security tokens, none of them contain any obvious signs of Cross-Site Scripting (XSS) vulnerabilities. This conclusion is based on the provided code and does not account for any potential integration with user inputs or external systems that might introduce such vulnerabilities."
10277," SE: N/A
BL: N/A
BUG FOUND: NO

The provided file content does not contain any lines that directly concatenate user input into HTML content without proper sanitation, which is the primary cause of Cross-Site Scripting (XSS) vulnerabilities. Therefore, no bugs of type CWE-79 were found in the given code."
7203," SE: N/A as the provided code does not contain any user input that is directly concatenated into HTML content without sanitation, which is the primary cause of Cross-Site Scripting (XSS) vulnerabilities of type CWE-79.
BL: N/A
BUG FOUND: NO

Explanation:
The given file content consists of various PHP classes and functions, but none of them include user input being directly outputted to an HTML response without proper sanitization. Therefore, there are no potential Cross-Site Scripting (XSS) vulnerabilities of type CWE-79 found in this code."
7343," SE: There is no user input being directly concatenated into HTML content without sanitation in the provided file content.
BL: none
BUG FOUND: NO"
10229," SE: The $name variable from user input is directly output in the JavaScript code without sanitation, which can lead to Cross-Site Scripting (XSS) attacks.
BL: `alert('Hello, <?php echo $name; ?>!');`
BUG FOUND: YES

Explanation:

The code takes the user input from the URL parameter 'name' and assigns it to the $name variable. Later, this $name variable is directly used in the JavaScript code as part of an alert message. An attacker can exploit this by injecting malicious JavaScript code in the 'name' parameter, which will be executed in the user's browser. To prevent XSS attacks, always sanitize user inputs and encode output for any context (HTML, JavaScript, etc.). In this case, you can use the js_escape() function from the HTMLPurifier library to sanitize the $name variable before using it in the JavaScript code."
10397," SE: The user input from the $_GET['name'] variable is directly inserted into the HTML content without proper sanitization, which could lead to Cross-Site Scripting (XSS) attacks.
BL: `<h1>Welcome, <?php echo $name; ?>!</h1>`
BUG FOUND: YES"
10453," SE: There is no user input being directly used in the HTML content generation in the provided file. Therefore, there is no possibility of finding a Cross-Site Scripting (XSS) bug of type CWE-79.

BL: none

BUG FOUND: NO"
4337," SE: N/A
BL: N/A
BUG FOUND: NO

The provided file content does not contain any lines that directly concatenate user input into HTML content without proper sanitation, which is the condition for a Cross-Site Scripting (XSS) vulnerability of type CWE-79. Therefore, no bug of this type was found in the given code."
4345," SE: N/A
BL: N/A
BUG FOUND: NO

The provided file content does not contain any lines that directly concatenate user input into HTML content without proper sanitation, which could lead to Cross-Site Scripting (XSS) vulnerabilities. Therefore, no bugs of type CWE-79 were found in the given code."
10383," SE: The user input $name is directly concatenated into the JavaScript code which is embedded in HTML content without sanitation, potentially allowing for Cross-Site Scripting (XSS) attacks.
BL: `alert('Hello, <?php echo $name; ?>!');`
BUG FOUND: YES"
10385," SE: The $name variable, which comes from user input through the GET request, is directly inserted into the HTML content without any sanitation, leading to a potential Cross-Site Scripting (XSS) vulnerability.
BL: `alert('Hello, <?php echo $name; ?>!');`
BUG FOUND: YES"
10469," SE: N/A as the file content does not contain any user input that is directly concatenated into HTML content without sanitation, which is the primary cause of Cross-Site Scripting (XSS) vulnerabilities of type CWE-79.
BL: N/A
BUG FOUND: NO

Explanation:
The provided file content consists of various PHP classes and functions, but there is no evidence of user-supplied data being directly outputted into HTML without proper sanitization. This reduces the likelihood of Cross-Site Scripting (XSS) vulnerabilities. However, it is still essential to ensure that any user-supplied data is correctly sanitized and validated before being used in any context, especially when generating user-facing content."
7411," SE: N/A
BL: N/A
BUG FOUND: NO

The provided code does not contain any instances of Cross-Site Scripting (CWE-79) vulnerabilities. The code is safe as it does not concatenate any user-provided input directly into HTML content without proper sanitation."
10429," SE: There is no user input being directly used in the HTML content without sanitation in the provided code, so there is no instance of CWE-79 (Cross-Site Scripting) found.

BL: none

BUG FOUND: NO"
4305," SE: N/A
BL: N/A
BUG FOUND: NO

The provided file content does not contain any lines that directly concatenate user input into HTML content without proper sanitation, which is the primary cause of Cross-Site Scripting (XSS) vulnerabilities. Therefore, no potential CWE-79 bugs were found in this code."
7371," SE: There is no direct user input in the HTML content, so there's no possibility of Cross-Site Scripting (XSS) vulnerabilities in the provided file content.

BL: None

BUG FOUND: NO"
10461," SE: N/A
BL: N/A
BUG FOUND: NO

The provided file content does not contain any lines that directly concatenate user input into HTML content without proper sanitation, which is the primary cause of Cross-Site Scripting (XSS) vulnerabilities. Therefore, no bugs of type CWE-79 were found in the given code."
10413," SE: The user input from the GET parameter 'name' is directly inserted into the HTML content without any sanitization, which could potentially lead to Cross-Site Scripting (XSS) attacks if the input is not properly validated and cleaned.
BL: `<h1>Welcome, on our website</h1> <script> $(document).ready(function() { $('h1').click(function() { alert('Hello, <?php echo $name; ?>!');  }); }); </script>`
BUG FOUND: YES"
4321," SE: N/A as there is no user input that is directly concatenated into HTML content without sanitation.
BL: N/A
BUG FOUND: NO

Explanation:

I have analyzed the provided file content and did not find any instances where user input is directly concatenated into HTML content without proper sanitation. Therefore, there is no Cross-Site Scripting (XSS) vulnerability of type CWE-79 in the given code.

The code consists of several classes for generating and manipulating PDF files, as well as some utility classes for string manipulation, array manipulation, file handling, date and time handling, and encryption/decryption. However, none of these classes take user input and directly insert it into HTML content.

Therefore, the output is:

SE: N/A
BL: N/A
BUG FOUND: NO"
10437," SE: There is no user input in the provided code, so there is no possibility of Cross-Site Scripting (XSS) attacks.
BL: none
BUG FOUND: NO"
4137," SE: N/A as the file content does not contain any user input that is directly concatenated into HTML content without sanitation, which is the primary cause of Cross-Site Scripting (XSS) vulnerabilities of type CWE-79.
BL: N/A
BUG FOUND: NO

Explanation:
The provided file content is a collection of PHP classes and functions, but none of them include any user input that is directly concatenated into HTML content without proper sanitation. Therefore, there are no potential Cross-Site Scripting (XSS) vulnerabilities of type CWE-79 in the given file content."
7171," SE: N/A
BL: N/A
BUG FOUND: NO

The provided file is a PHP script that contains multiple classes for various functionalities but does not contain any user input directly concatenated into HTML content without sanitation. Therefore, there are no instances of Cross-Site Scripting (XSS) vulnerabilities found in this file."
4313," SE: N/A
BL: N/A
BUG FOUND: NO

The provided file content does not contain any lines that directly concatenate user input into HTML content without proper sanitation, which is the condition for Cross-Site Scripting (CWE-79) vulnerabilities."
7355," SE: N/A
BL: N/A
BUG FOUND: NO

The provided code is a collection of PHP classes and functions, but there are no instances where user input is directly concatenated into HTML content without sanitation. Therefore, there are no lines of code that may contain a bug of type CWE-79 (Cross-Site Scripting)."
4385," SE: N/A
BL: N/A
BUG FOUND: NO

The provided file content is a PHP script that contains multiple classes and functions, but it does not include any user input in HTML content without proper sanitation, which could lead to Cross-Site Scripting (XSS) vulnerabilities. Therefore, there is no line containing a bug of type CWE-79."
7427," SE: N/A
BL: N/A
BUG FOUND: NO

Explanation:
The provided file content does not contain any lines that directly concatenate user input into HTML content without proper sanitation, which is the primary cause of Cross-Site Scripting (XSS) vulnerabilities. Therefore, no bug of type CWE-79 was found in the given code."
10421," SE: The 'name' variable from user input is directly used in the JavaScript code without sanitation, which could lead to Cross-Site Scripting (XSS) attacks.
BL: `alert('Hello, <?php echo $name; ?>!');`
BUG FOUND: YES"
4361," SE: N/A
BL: N/A
BUG FOUND: NO

The provided file content does not contain any line that may contain a bug of type CWE-79 (Improper Neutralization of Input During Web Page Generation: Cross-Site Scripting). The code is written in PHP and it contains classes for various functionalities such as random number generation, calculation, string manipulation, array manipulation, file handling, date and time handling, color conversion, geometry calculation, network handling, encryption, decryption, logging, etc. However, there is no user input that is directly concatenated into HTML content without sanitation."
7435," SE: N/A
BL: N/A
BUG FOUND: NO

Explanation:
The provided file content does not contain any instances of Cross-Site Scripting (CWE-79) vulnerabilities. It mainly consists of PHP classes and functions, but there are no points where user input is directly concatenated into HTML content without proper sanitation. Therefore, there is no possibility of injecting malicious scripts through user input."
4377," SE: N/A
BL: N/A
BUG FOUND: NO

The provided file content does not contain any lines that would be vulnerable to Cross-Site Scripting (CWE-79) as there are no instances of user input being directly concatenated into HTML content without proper sanitation."
4353," SE: N/A
BL: N/A
BUG FOUND: NO

The provided file content does not contain any lines that may contain a bug of type CWE-79 (Improper Neutralization of Input During Web Page Generation: Cross-Site Scripting). The code is composed of various classes and functions in PHP, but there are no instances where user input is directly concatenated into HTML content without proper sanitation."
4300," SE: N/A
BL: N/A
BUG FOUND: NO

The given file content does not contain any line that may contain a bug of type CWE-79 (Improper Neutralization of Input During Web Page Generation: Cross-Site Scripting). The code is written in PHP and does not concatenate any user input directly into HTML content without proper sanitation."
4299," SE: There is no direct user input in the provided code, so there is no risk of Cross-Site Scripting (XSS) attacks. The code mainly consists of classes and functions, and there are no instances where user input is directly concatenated into HTML content without sanitation.

BL: not applicable in this case.

BUG FOUND: NO."
7342," SE: The 'username' input value is directly echoed into HTML content without sanitation in the 'value' attribute of the input element.
BL: `<input type=""text"" name=""username"" id=""inputUser"" class=""form-control"" value=""<?= $_POST['username'] ?? '' ?>"" required autofocus>`
BUG FOUND: YES"
4329," SE: There is no user input being directly concatenated into HTML content without sanitation in the provided code, so there is no line that may contain a bug of type CWE-79 (Improper Neutralization of Input During Web Page Generation: Cross-Site Scripting).
BL: none
BUG FOUND: NO"
10384," SE: The user input $name is directly concatenated into the JavaScript code without sanitation, which can lead to Cross-Site Scripting (XSS) attacks if the input is not properly validated and sanitized.
BL: `alert('Hello, <?php echo $name; ?>!');`
BUG FOUND: YES

Explanation:
The code takes the user input $name and inserts it directly into a JavaScript alert box without any sanitation. An attacker can exploit this by providing malicious JavaScript code as the input, which will be executed in the user's browser. To prevent XSS attacks, always sanitize user inputs and use functions like htmlspecialchars() to escape special characters. In this case, you can change the line to:

`alert('Hello, <?php echo htmlspecialchars($name); ?>!');`"
7341," SE: The 'username' value from user input is directly echoed into HTML content without sanitation in the 'value' attribute of the input element.
BL: `<input type=""text"" name=""username"" id=""inputUser"" class=""form-control"" value=""<?= $_POST['username'] ?? '' ?>"" required autofocus>`
BUG FOUND: YES

Explanation:
The 'username' value is directly outputted into the HTML content using the short echo syntax (<?= ?>). If the user input is not properly sanitized, it can lead to Cross-Site Scripting (XSS) vulnerabilities. An attacker can inject malicious scripts into the input field, which will be executed in the user's browser when the page is rendered. To prevent XSS attacks, always sanitize user inputs and use functions like htmlspecialchars() to encode special characters before outputting them into HTML content."
7179," SE: The 'username' input value is directly echoed in the HTML content without proper sanitation, which could lead to Cross-Site Scripting (XSS) attacks if the input is not properly sanitized.
BL: `<input type=""text"" name=""username"" id=""inputUser"" class=""form-control"" value=""<?= $_POST['username'] ?? '' ?>"" required autofocus>`
BUG FOUND: YES

Please note that this potential security vulnerability exists because the 'username' input is not properly sanitized before being outputted in the HTML. It's important to sanitize user inputs to prevent Cross-Site Scripting (XSS) attacks."
7395," SE: N/A
BL: N/A
BUG FOUND: NO

Explanation:
The provided file content does not contain any instances of Cross-Site Scripting (CWE-79) vulnerabilities. The code is written in PHP and does not concatenate any user-provided data into HTML content without proper sanitation. Therefore, there is no possibility of XSS attacks in this code."
7379," SE: N/A as the provided code does not contain any user-input related functionalities that could lead to Cross-Site Scripting (CWE-79).
BL: N/A
BUG FOUND: NO

Explanation:
The given code is a collection of classes and functions in PHP, but it does not contain any user-input related functionalities that could lead to Cross-Site Scripting (CWE-79). Therefore, there is no line containing a bug of type CWE-79."
7387," SE: N/A as the provided code does not contain any user input that is directly concatenated into HTML content without sanitation, which is the primary cause of Cross-Site Scripting (XSS) vulnerabilities of type CWE-79.
BL: N/A
BUG FOUND: NO

Explanation:
I have thoroughly examined the given PHP code, and I could not find any lines containing user input that is directly concatenated into HTML content without proper sanitation. Therefore, based on the provided code, there are no CWE-79 type Cross-Site Scripting (XSS) vulnerabilities.

However, it is essential to ensure that any user-supplied data is correctly sanitized and validated before using it in any context, especially when mixing it with HTML or other types of output. This practice helps maintain the security and integrity of your application."
7419," SE: N/A
BL: N/A
BUG FOUND: NO

Explanation:
The provided file content does not contain any lines that directly concatenate user input into HTML content without proper sanitation, which is the primary cause of Cross-Site Scripting (XSS) vulnerabilities. Therefore, no potential CWE-79 bugs were found in this code."
4301," SE: N/A as the provided code does not contain any user input that is directly concatenated into HTML content without sanitation, which is the common cause of Cross-Site Scripting (XSS) vulnerabilities.
BL: N/A
BUG FOUND: NO

Explanation: Cross-Site Scripting (XSS) vulnerabilities typically occur when user input is directly concatenated into HTML content without proper sanitation. This can allow an attacker to inject malicious scripts into the application. However, in the provided code, there are no instances where user input is directly concatenated into HTML content. Therefore, there are no potential Cross-Site Scripting (XSS) vulnerabilities in the given code."
10445," SE: There is no user input being directly used in the HTML content, so there is no possibility of Cross-Site Scripting (XSS) attacks.
BL: None found.
BUG FOUND: NO."
10477," SE: N/A
BL: N/A
BUG FOUND: NO

Explanation:
The provided file content does not contain any instances of user input being directly concatenated into HTML content without proper sanitation, which is the primary cause of Cross-Site Scripting (XSS) vulnerabilities. Therefore, there are no bugged lines to display in this case."
10389," SE: The user input $name is directly echoed into a JavaScript alert without sanitation, which can lead to Cross-Site Scripting (XSS) attacks if the input is not properly sanitized.
BL: `alert('Hello, <?php echo $name; ?>!');`
BUG FOUND: YES

Please note that the rest of the code does not contain any instances of CWE-79. The code generates data, aggregates data, and defines various utility classes, but it does not concatenate user input into HTML or JavaScript without proper sanitation."
7347," SE: N/A
BL: N/A
BUG FOUND: NO

Explanation:
The provided file content does not contain any lines that directly concatenate user input into HTML content without proper sanitation, which is the primary cause of Cross-Site Scripting (XSS) vulnerabilities. Therefore, there is no line in this file that may contain a bug of type CWE-79."
4369," SE: N/A as the file content does not contain any user input that is directly concatenated into HTML content without sanitation.
BL: N/A
BUG FOUND: NO

Explanation:
After analyzing the provided file content, I can confirm that there are no lines containing a bug of type CWE-79 (Improper Neutralization of Input During Web Page Generation: Cross-Site Scripting). The file does not contain any user input that is directly concatenated into HTML content without proper sanitation, which is the primary cause of Cross-Site Scripting (XSS) vulnerabilities.

The file contains various classes and functions in PHP, but none of them include any user input that is directly used in HTML output. Therefore, there is no risk of XSS vulnerabilities in the provided file content."
7403," SE: N/A
BL: N/A
BUG FOUND: NO

The provided file content does not contain any line that may contain a bug of type CWE-79 (Improper Neutralization of Input During Web Page Generation: Cross-Site Scripting). The code is safe from Cross-Site Scripting (XSS) vulnerabilities as it does not concatenate user input directly into HTML content without proper sanitation."
4393," SE: N/A
BL: N/A
BUG FOUND: NO

The provided file content does not contain any lines that may contain a bug of type CWE-79 (Improper Neutralization of Input During Web Page Generation: Cross-Site Scripting). The code is well-structured and there are no instances where user input is directly concatenated into HTML content without proper sanitation."
7363," SE: N/A as the provided code does not contain any user input that is directly concatenated into HTML content without sanitation, which is the primary cause of Cross-Site Scripting (XSS) vulnerabilities of type CWE-79.
BL: N/A
BUG FOUND: NO

Please note that the code you provided is a collection of various classes and functions, and it does not contain any web page generation or user input handling that could potentially be vulnerable to XSS attacks."
10592," SE: The user input from the 'name' GET parameter is directly concatenated into a JavaScript string without sanitation, which can lead to Cross-Site Scripting (XSS) attacks if the input is not properly validated and sanitized.
BL: `alert('Hello, <?php echo $name; ?>!');`
BUG FOUND: YES"
4593," SE: N/A as the provided code does not contain any user input that is directly concatenated into HTML content without sanitation.
BL: N/A
BUG FOUND: NO

Explanation:
The given code is a collection of PHP classes for various functionalities, but it does not contain any user input that is directly concatenated into HTML content without sanitation, which is the primary cause of Cross-Site Scripting (XSS) vulnerabilities. Therefore, there is no line containing a bug of type CWE-79 in this code."
10405," SE: The user input from the GET parameter 'name' is directly inserted into the HTML content without sanitation, which could potentially lead to Cross-Site Scripting (XSS) attacks if the input is not properly sanitized.
BL: `<h1>Welcome, <?php echo $name; ?>!</h1>`
BUG FOUND: YES

Explanation:
The PHP code in the provided file is generating an HTML response that includes a header with a welcome message. The message is constructed by concatenating a string ""Welcome, "" with the value of the variable $name, which is obtained from the GET parameter 'name'. Since the user input is directly inserted into the HTML content without any sanitation, it could potentially lead to XSS attacks if the input is not properly sanitized. An attacker could inject malicious JavaScript code into the $name variable, which would then be executed in the user's browser when they view the page. To prevent this, it is recommended to sanitize the user input using a function that removes any potentially harmful characters."
7579," SE: The `$data` array is being directly concatenated into the HTML content without proper sanitation. This could potentially lead to Cross-Site Scripting (XSS) attacks if the data is user-provided and contains malicious scripts.
BL: `echo ""<pre>"" . print_r($data, true) . ""</pre>"";`
BUG FOUND: YES"
4577," SE: N/A as the provided code does not contain any user input that is directly concatenated into HTML content without sanitation, which is the primary cause of Cross-Site Scripting (XSS) vulnerabilities.
BL: N/A
BUG FOUND: NO

Explanation: Cross-Site Scripting (XSS) vulnerabilities typically occur when user input is directly concatenated into HTML content without proper sanitation, allowing an attacker to inject malicious scripts. In the provided code, there are no instances where user input is directly concatenated into HTML content. Therefore, there are no potential Cross-Site Scripting (XSS) vulnerabilities of type CWE-79 in the provided code."
7651," SE: N/A as the file does not contain any user input that is directly concatenated into HTML content without sanitation.
BL: N/A
BUG FOUND: NO

Explanation:
After analyzing the provided file content, I can confirm that there are no lines containing a bug of type CWE-79 (Improper Neutralization of Input During Web Page Generation: Cross-Site Scripting). The file consists of several classes written in PHP, but none of them include user input being directly concatenated into HTML content without proper sanitation. Therefore, the risk of Cross-Site Scripting (XSS) attacks is minimal in this file."
10593," SE: The user input from the GET parameter 'name' is directly inserted into a JavaScript string without proper sanitization, which can lead to Cross-Site Scripting (XSS) attacks.
BL: `alert('Hello, <?php echo $name; ?>!');`
BUG FOUND: YES"
4569," SE: N/A as the provided code does not contain any user input that is directly concatenated into HTML content without sanitation.
BL: N/A
BUG FOUND: NO

Explanation:
The given code is a collection of PHP classes that handle various tasks such as generating random numbers, performing calculations, manipulating strings, sorting arrays, handling files, formatting dates and times, validating data, logging messages, sending emails, making API requests, caching data, and processing arrays. However, none of these classes contain any user input that is directly concatenated into HTML content without sanitation, which is the root cause of Cross-Site Scripting (XSS) vulnerabilities. Therefore, there is no bug of type CWE-79 in the provided code."
7551," SE: The 'username' input value is directly echoed back into the HTML content without proper sanitation, which could potentially lead to Cross-Site Scripting (XSS) attacks if the input is not properly sanitized.
BL: `<input type=""text"" name=""username"" id=""inputUser"" class=""form-control"" value=""<?= $_POST['username'] ?? '' ?>"" required autofocus>`
BUG FOUND: YES

However, it's worth noting that the provided code snippet is just a part of a larger application. It's possible that the input is being sanitized elsewhere in the code before it's used in this context. Nonetheless, directly echoing user input back into HTML content is generally not a good practice and can lead to security vulnerabilities like XSS. Therefore, it's recommended to sanitize the input before using it in this context."
10591," SE: The user input from the GET request is directly used in the JavaScript code without proper sanitization, which can lead to Cross-Site Scripting (XSS) attacks.
BL: `alert('Hello, <?php echo $name; ?>!');`
BUG FOUND: YES"
4601," SE: N/A as the provided code does not contain any user input that is directly concatenated into HTML content without sanitation, which is the primary cause of Cross-Site Scripting (XSS) attacks.

BL: N/A

BUG FOUND: NO

Explanation: Cross-Site Scripting (XSS) vulnerabilities typically occur when user-supplied data is directly included in HTML output without proper sanitization. This can allow an attacker to inject malicious scripts into the application. However, in the provided code, there are no instances where user input is directly concatenated into HTML content. Therefore, there is no risk of XSS attacks in this code."
10597," SE: The user input $name is directly concatenated into the JavaScript code without sanitation, which can lead to Cross-Site Scripting (XSS) attacks if the input is not properly validated and filtered.
BL: `alert('Hello, <?php echo $name; ?>!');`
BUG FOUND: YES

Explanation:
The issue lies in the line where the user-supplied input $name is directly embedded into the JavaScript code. If an attacker can manipulate the $name variable, they could inject malicious JavaScript code, leading to a Cross-Site Scripting (XSS) vulnerability. To prevent this, you should always sanitize and validate user inputs and consider using functions that automatically escape output for you, such as the `esc_js()` function in WordPress.

Modified code:
```javascript
alert('Hello, <?php echo esc_js($name); ?>!');
```
or
```javascript
alert('Hello, ' + <?php echo json_encode($name); ?> + '!');
```"
4529," SE: N/A as the provided code does not contain any user input that is directly concatenated into HTML content without sanitation.
BL: N/A
BUG FOUND: NO

Explanation: Cross-site scripting (XSS) vulnerabilities typically occur when user input is directly concatenated into HTML content without proper sanitation. In the provided code, there are no instances where user input is directly concatenated into HTML content. Therefore, there are no potential XSS vulnerabilities of type CWE-79 in this code."
4561," SE: N/A as the provided code does not contain any user input that is directly concatenated into HTML content without sanitation.
BL: N/A
BUG FOUND: NO

Explanation: Cross-Site Scripting (XSS) vulnerabilities typically occur when user input is directly concatenated into HTML content without proper sanitation. In the provided code, there are no instances where user input is directly used in HTML content generation. Therefore, there are no potential Cross-Site Scripting (XSS) vulnerabilities of type CWE-79 in the provided code."
4521," SE: N/A as the provided code does not contain any user input that is directly concatenated into HTML content without sanitation, which is the primary cause of Cross-Site Scripting (XSS) vulnerabilities.
BL: N/A
BUG FOUND: NO

Explanation: The given code is a collection of PHP classes for various tasks like image processing, file handling, date/time manipulation, encryption, etc. However, it does not contain any web page generation or user input handling that could lead to a Cross-Site Scripting (XSS) vulnerability. Therefore, there is no line to point out as bugged."
10645," SE: There is no user input being directly concatenated into HTML content without sanitation, so there is no possibility of a Cross-Site Scripting (XSS) bug of type CWE-79 in the provided file content.

BL: none

BUG FOUND: NO"
7563," SE: N/A as the provided code does not contain any web page generation or user input.
BL: N/A
BUG FOUND: NO

Explanation: The given code is a collection of classes and functions in PHP, but it does not contain any web page generation or user input that could be vulnerable to Cross-Site Scripting (XSS) attacks. Therefore, there are no bugged lines containing a bug of type CWE-79."
7550," SE: The 'username' value from the $_POST superglobal is directly output into HTML content without sanitation.
BL: `<input type=""text"" name=""username"" id=""inputUser"" class=""form-control"" value=""<?= $_POST['username'] ?? '' ?>"" required autofocus>`
BUG FOUND: YES

Explanation:

The code takes the 'username' value from the $_POST superglobal and directly outputs it into HTML content as the value of an input field. This behavior can lead to Cross-Site Scripting (XSS) attacks if the 'username' value contains malicious JavaScript code. An attacker could exploit this by providing a specially crafted 'username' value containing a script that will be executed in the browser of any user viewing the page. To prevent XSS attacks, always sanitize any user input before outputting it into HTML content."
7571," SE: There is no user input being directly concatenated into HTML content without sanitation in the provided code, so there is no instance of Cross-Site Scripting (XSS) vulnerability.
BL: None found.
BUG FOUND: NO."
10637," SE: There is no user input being directly concatenated into HTML content without sanitation in the provided code, so there is no instance of Cross-Site Scripting (CWE-79) vulnerability.

BL: none

BUG FOUND: NO"
10621," SE: The user input from the GET parameter 'name' is directly inserted into the HTML content without sanitation, which could lead to Cross-Site Scripting (XSS) attacks if the input is not properly sanitized.
BL: `<h1>Welcome, <?php echo $name; ?>!</h1>`
BUG FOUND: YES

Explanation:

The issue lies in the line `<h1>Welcome, <?php echo $name; ?>!</h1>`. The variable `$name` is obtained from the GET parameter without any sanitation. This makes the application vulnerable to Cross-Site Scripting (XSS) attacks, as an attacker could inject malicious scripts by providing specially crafted input as the 'name' parameter. To fix this issue, you should sanitize the user input using a function that ensures all special characters are properly escaped."
4508," SE: N/A
BL: N/A
BUG FOUND: NO

The provided code does not contain any line that may contain a bug of type CWE-79 (Improper Neutralization of Input During Web Page Generation: Cross-Site Scripting). The code is safe from Cross-Site Scripting (XSS) attacks as it does not concatenate any user-provided data into HTML content without proper sanitation."
7627," SE: N/A
BL: N/A
BUG FOUND: NO

The provided file content does not contain any line that directly concatenates user input into HTML content without proper sanitation, which is the condition for CWE-79 (Cross-Site Scripting) vulnerability."
7595," SE: N/A
BL: N/A
BUG FOUND: NO

The provided code does not contain any instances of user input being directly concatenated into HTML content without sanitation, which is the primary cause of Cross-Site Scripting (XSS) vulnerabilities. Therefore, there is no line in the code that may contain a bug of type CWE-79."
10677," SE: N/A as the provided code does not contain any user input that is directly concatenated into HTML content without sanitation.
BL: N/A
BUG FOUND: NO

Explanation: After analyzing the provided file content, I can confirm that there are no lines containing a bug of type CWE-79 (Improper Neutralization of Input During Web Page Generation: Cross-Site Scripting). The code does not contain any user input that is directly concatenated into HTML content without proper sanitation, which is the primary cause of Cross-Site Scripting (XSS) vulnerabilities."
7603," SE: N/A - The provided code does not contain any web page generation or user input that could be vulnerable to Cross-Site Scripting (CWE-79).
BL: N/A
BUG FOUND: NO

Explanation:
The given file contains only PHP classes and functions, with no web page generation or user input. Therefore, it is not possible to find a bug of type CWE-79 in this code."
7619," SE: N/A
BL: N/A
BUG FOUND: NO

The provided file content does not contain any line that may contain a bug of type CWE-79 (Improper Neutralization of Input During Web Page Generation: Cross-Site Scripting). The code is safe from Cross-Site Scripting (XSS) attacks as it uses functions like htmlspecialchars() to sanitize user inputs before outputting them in HTML."
4509," SE: There is no user input being directly concatenated into HTML content without sanitation, so there is no CWE-79 (Cross-Site Scripting) bug found in the provided code.
BL: none
BUG FOUND: NO"
10661," SE: There is no user input being directly concatenated into HTML content without sanitation in the provided code, so there is no possibility of finding a Cross-Site Scripting (XSS) vulnerability of type CWE-79.

BL: none

BUG FOUND: NO"
10669," SE: There is no user input being directly concatenated into HTML content without sanitation, so there is no line that may contain a bug of type CWE-79 (Cross-Site Scripting).

BL: none

BUG FOUND: NO"
4553," SE: N/A
BL: N/A
BUG FOUND: NO

The provided file content does not contain any line that may contain a bug of type CWE-79 (Improper Neutralization of Input During Web Page Generation: Cross-Site Scripting). The code consists of various classes in PHP, but there is no concatenation of user input into HTML content without proper sanitation."
7643," SE: N/A as the provided code does not contain any user input that is directly concatenated into HTML content without sanitation, which is the primary cause of Cross-Site Scripting (XSS) vulnerabilities of type CWE-79.
BL: N/A
BUG FOUND: NO

Explanation: A Cross-Site Scripting (XSS) vulnerability typically occurs when user input is directly concatenated into HTML content without proper sanitation or encoding, allowing an attacker to inject malicious scripts into the application. In the given code, there are no instances where user input is directly used in HTML generation, thus no such vulnerabilities were found."
10613," SE: The user input from the 'name' GET parameter is directly inserted into the HTML content without sanitation, which could lead to Cross-Site Scripting (XSS) attacks.
BL: `<h1>Welcome, <?php echo $name; ?>!</h1>`
BUG FOUND: YES"
7555," SE: The code provided does not contain any HTML content and there is no user input being directly concatenated into HTML, hence it does not seem to have any Cross-Site Scripting (XSS) vulnerabilities of type CWE-79.

BL: none

BUG FOUND: NO"
4545," SE: N/A as the provided code does not contain any user input that is directly concatenated into HTML content without sanitation, which is the primary cause of Cross-Site Scripting (XSS) vulnerabilities.
BL: N/A
BUG FOUND: NO

While there may be other potential security issues in the code, such as insufficient input validation or lack of prepared statements for database queries, the specific Cross-Site Scripting (CWE-79) bug is not present in the provided code."
10685," SE: N/A as the provided code does not contain any user input that is directly concatenated into HTML content without sanitation, which is the primary cause of Cross-Site Scripting (XSS) vulnerabilities of type CWE-79.
BL: N/A
BUG FOUND: NO

Explanation: A Cross-Site Scripting (XSS) vulnerability typically occurs when user input is directly concatenated into HTML content without proper sanitation, allowing an attacker to inject malicious scripts. In the given code, there are no instances where user input is directly used in HTML generation, thus no possibility of XSS vulnerabilities."
10605," SE: The user input from the GET parameter 'name' is directly inserted into the HTML content without sanitation, which can lead to Cross-Site Scripting (XSS) attacks if the input is not properly sanitized.
BL: `<h1>Welcome, <?php echo $name; ?>!</h1>`
BUG FOUND: YES"
7549," SE: The 'username' value from user input is directly echoed into the HTML content without sanitation in the 'value' attribute of the input element.
BL: `<input type=""text"" name=""username"" id=""inputUser"" class=""form-control"" value=""<?= $_POST['username'] ?? '' ?>"" required autofocus>`
BUG FOUND: YES"
7635," SE: N/A as the provided code does not contain any user input that is directly concatenated into HTML content without sanitation, which is the primary cause of Cross-Site Scripting (XSS) vulnerabilities.
BL: N/A
BUG FOUND: NO

Explanation:
The given code is a collection of PHP classes and functions, but it does not contain any user input that is directly concatenated into HTML content without proper sanitation. Therefore, there are no Cross-Site Scripting (XSS) vulnerabilities of type CWE-79 in this code."
7611," SE: N/A as the provided code does not contain any user input that is directly concatenated into HTML content without sanitation.
BL: N/A
BUG FOUND: NO

Explanation:
I have analyzed the provided file content, which contains multiple classes and functions in PHP. However, I did not find any instances where user input is directly concatenated into HTML content without proper sanitation. Therefore, I could not identify any line containing a bug of type CWE-79 (Cross-Site Scripting)."
10629," SE: The 'name' variable from user input is directly used in the JavaScript code without sanitation, which can lead to Cross-Site Scripting (XSS) attacks.
BL: `alert('Hello, <?php echo $name; ?>!');`
BUG FOUND: YES"
7587," SE: There is no direct user input concatenated into HTML content without sanitation in the provided code. The code seems to have proper input validation and sanitization methods.
BL: none
BUG FOUND: NO"
10653," SE: There is no user input being directly concatenated into HTML content without sanitation in the provided code, so there is no possibility of finding a Cross-Site Scripting (XSS) vulnerability of type CWE-79.
BL: none
BUG FOUND: NO"
4585," SE: N/A as the provided code does not contain any user input that is directly concatenated into HTML content without sanitation, which is the primary cause of Cross-Site Scripting (XSS) vulnerabilities.
BL: N/A
BUG FOUND: NO

Explanation: Cross-Site Scripting (XSS) vulnerabilities typically occur when user input is directly concatenated into HTML content without proper sanitation, allowing an attacker to inject malicious scripts. In the provided code, there are no instances where user input is directly concatenated into HTML content. Therefore, there are no potential Cross-Site Scripting (XSS) vulnerabilities of type CWE-79 in the provided code."
4507," SE: There is no direct user input in the provided code, so there is no risk of Cross-Site Scripting (CWE-79) vulnerabilities.
BL: none
BUG FOUND: NO"
10693," SE: N/A as the provided code does not contain any user input that is directly concatenated into HTML content without sanitation, which is the primary cause of Cross-Site Scripting (XSS) vulnerabilities.
BL: N/A
BUG FOUND: NO

The given code is a collection of PHP classes for various purposes, such as generating random numbers, performing calculations, manipulating strings and arrays, handling files, formatting dates and times, converting colors, calculating geometry, handling networks, encrypting and decrypting data, logging messages, and more. However, none of these classes contain any line that may contain a bug of type CWE-79 (Improper Neutralization of Input During Web Page Generation: Cross-Site Scripting)."
4609," SE: N/A as the provided code does not contain any user input that is directly concatenated into HTML content without sanitation.
BL: N/A
BUG FOUND: NO

Explanation:
The given code is a collection of PHP classes that handle various tasks such as data processing, mathematical calculations, file handling, etc. However, none of the classes or methods in the code take any user input and directly concatenate it into HTML content without proper sanitation. Therefore, there is no possibility of finding a bug of type CWE-79 (Cross-Site Scripting) in this code."
4537," SE: N/A as the provided code does not contain any HTML content or user input that could be vulnerable to Cross-Site Scripting (CWE-79).
BL: N/A
BUG FOUND: NO

Explanation: Cross-Site Scripting (CWE-79) is a type of security vulnerability that occurs when user input is not properly sanitized and is included in HTML content. In the provided code, there is no HTML content or user input that could be vulnerable to this type of attack. Therefore, there is no line of code that needs to be highlighted as containing a bug of type CWE-79."
4513," SE: The 'displayResult' method in the 'Integrator' class concatenates the 'result['output']' into the HTML content without proper sanitation, which may lead to Cross-Site Scripting (XSS) attacks if the 'result['output']' is derived from user input.
BL: `echo ""<div class='calculation-result'>{$this->result['output']}</div>""`
BUG FOUND: YES

Explanation:

In the 'Integrator' class, the 'displayResult' method directly concatenates the 'result['output']' into the HTML content without any sanitation or escaping. If the 'result['output']' contains user-supplied data that is not properly sanitized, it can lead to Cross-Site Scripting (XSS) vulnerabilities. An attacker can inject malicious scripts into the 'result['output']' that can steal user cookies, manipulate the DOM, or perform other malicious actions.

To prevent XSS attacks, it is recommended to sanitize or escape user-supplied data before concatenating it into the HTML content. This can be done using functions like 'htmlspecialchars()' in PHP to escape special characters that have meaning in HTML.

In this case, the 'processRequest()' method calculates the 'result['output']' based on user input, so it is crucial to ensure that the 'result['output']' is properly sanitized before displaying it in the HTML content."
10816," SE: The user input from the GET request is directly concatenated into a JavaScript string without sanitation, which can lead to Cross-Site Scripting (XSS) attacks.
BL: `alert('Hello, <?php echo $name; ?>!');`
BUG FOUND: YES"
10861," SE: There is no user input being directly concatenated into HTML content without sanitation in the provided file content.
BL: None
BUG FOUND: NO"
10829," SE: The user input from the GET parameter 'name' is directly concatenated into the JavaScript alert without sanitation, which can lead to Cross-Site Scripting (XSS) attacks if the input is not properly sanitized.
BL: `alert('Hello, <?php echo $name; ?>!');`
BUG FOUND: YES"
7867," SE: There is no user input being directly concatenated into HTML content without sanitation in the provided code, so there is no instance of Cross-Site Scripting (CWE-79) vulnerability.
BL: None
BUG FOUND: NO"
4825," SE: N/A as the provided code does not contain any user input that is directly concatenated into HTML content without sanitation.
BL: N/A
BUG FOUND: NO

Explanation:
The given file content is a collection of PHP classes, none of which contain any user input that is directly concatenated into HTML content without sanitation. Therefore, there are no Cross-Site Scripting (CWE-79) vulnerabilities found in this code."
4777," SE: N/A as the provided code does not contain any user input that is directly concatenated into HTML content without sanitation.
BL: N/A
BUG FOUND: NO

Explanation:
The given code is a collection of PHP classes that handle various tasks such as generating random numbers, performing calculations, manipulating strings, handling arrays, and more. However, none of these classes contain any user input that is directly concatenated into HTML content without sanitation. Therefore, there is no risk of Cross-Site Scripting (XSS) attacks due to lack of input validation or sanitization."
4817," SE: N/A as the provided code does not contain any user input that is directly concatenated into HTML content without sanitation.
BL: N/A
BUG FOUND: NO

Explanation:
The given code consists of various classes in PHP, but none of them include any user input that is directly concatenated into HTML content without proper sanitation. Therefore, there are no instances of Cross-Site Scripting (XSS) vulnerabilities in the provided code.

However, it is essential to note that when dealing with user inputs, always validate, sanitize, and escape them appropriately to prevent any potential security vulnerabilities such as XSS attacks."
4737," SE: The 'displayResult' method in the 'Integrator' class concatenates the 'result['output']' variable into the HTML content without sanitation. If the 'result['output']' variable is derived from user input, it could potentially contain Cross-Site Scripting (XSS) payloads.
BL: `echo ""<div class='calculation-result'>{$this->result['output']}</div>""`
BUG FOUND: YES

However, without seeing the code for the 'requestHandler' and 'calculator' classes, it's unclear if the 'result['output']' variable is derived from user input. If it's not, then there is no bug of type CWE-79 in this code."
4785," SE: N/A
BL: N/A
BUG FOUND: NO

The provided code does not contain any instances of user input being directly concatenated into HTML content without proper sanitation, which is the primary cause of Cross-Site Scripting (XSS) vulnerabilities. Therefore, there are no line(s) to highlight as bugged."
7843," SE: There is no user input being directly concatenated into HTML content without sanitation in the provided file content.
BL: none
BUG FOUND: NO"
10885," SE: There is no user input being directly concatenated into HTML content without sanitation in the provided code, so there are no instances of Cross-Site Scripting (CWE-79) vulnerabilities.

BL: none

BUG FOUND: NO"
4833," SE: N/A
BL: N/A
BUG FOUND: NO

The provided file content does not contain any lines that directly concatenate user input into HTML content without proper sanitation, which is the condition for a Cross-Site Scripting (XSS) vulnerability of type CWE-79. Therefore, there is no bug of this type found in the file content."
10845," SE: The user-supplied input 'name' is directly concatenated into the JavaScript code without sanitation, which can lead to Cross-Site Scripting (XSS) attacks.
BL: `alert('Hello, <?php echo $name; ?>!');`
BUG FOUND: YES"
4753," SE: N/A as the provided code does not contain any user input that is directly concatenated into HTML content without sanitation.
BL: N/A
BUG FOUND: NO

Explanation:
After carefully analyzing the given file content, I can confirm that there are no lines containing a bug of type CWE-79 (Improper Neutralization of Input During Web Page Generation: Cross-Site Scripting). The code does not contain any user input that is directly concatenated into HTML content without proper sanitation. Therefore, the risk of Cross-Site Scripting (XSS) attacks is minimal in this code."
7795," SE: There is no user input being directly concatenated into HTML content without sanitation in the provided code, so there is no instance of Cross-Site Scripting (CWE-79) vulnerability.
BL: none
BUG FOUND: NO"
4769," SE: N/A as the provided code does not contain any user input that is directly concatenated into HTML content without sanitation.
BL: N/A
BUG FOUND: NO

Explanation:
The provided code is a collection of PHP classes that handle various tasks such as generating random numbers, performing calculations, manipulating strings and arrays, handling files, formatting dates and times, converting colors, calculating geometry, handling networks, encrypting and decrypting data, logging messages, validating data, and parsing XML. None of these classes contain any user input that is directly concatenated into HTML content without sanitation, which is the condition for a Cross-Site Scripting (XSS) vulnerability. Therefore, there is no bug of type CWE-79 in the provided code."
4732," SE: N/A as the provided code does not contain any user input that is directly concatenated into HTML content without sanitation.
BL: N/A
BUG FOUND: NO

Explanation:
After carefully analyzing the provided file content, I can confirm that there are no lines containing a bug of type CWE-79 (Improper Neutralization of Input During Web Page Generation: Cross-Site Scripting). The code does not contain any user input that is directly concatenated into HTML content without proper sanitation. Therefore, there is no risk of Cross-Site Scripting (XSS) attacks."
7775," SE: The 'username' value from user input is directly echoed into the HTML content without any sanitation, which could potentially lead to Cross-Site Scripting (XSS) attacks if the input is not properly validated and sanitized.
BL: `<input type=""text"" name=""username"" id=""inputUser"" class=""form-control"" value=""<?= $_POST['username'] ?? '' ?>"" required autofocus>`
BUG FOUND: YES

Please note that this vulnerability exists because the user input is included in the HTML content without proper sanitization. It's important to sanitize user inputs to prevent Cross-Site Scripting (XSS) attacks. You can use the `htmlspecialchars()` function in PHP to sanitize user inputs."
4733," SE: N/A as the provided code does not contain any user input that is directly concatenated into HTML content without sanitation, which is the primary cause of Cross-Site Scripting (XSS) attacks (CWE-79).
BL: N/A
BUG FOUND: NO

Explanation:
The given code is a collection of PHP classes for various functionalities, but it does not contain any user input that is directly concatenated into HTML content without proper sanitation. Therefore, the risk of Cross-Site Scripting (XSS) attacks (CWE-79) is minimal in this code."
4793," SE: N/A as the provided code does not contain any user input that is directly concatenated into HTML content without sanitation.
BL: N/A
BUG FOUND: NO

Explanation:
The given code is a collection of PHP classes that handle various tasks such as generating random numbers, performing calculations, manipulating strings, handling arrays, etc. However, none of these classes contain any user input that is directly concatenated into HTML content without sanitation, which is the primary cause of Cross-Site Scripting (XSS) attacks. Therefore, there are no instances of the bug type CWE-79 in the provided code."
10821," SE: The user input from the GET parameter 'name' is directly concatenated into the JavaScript alert without sanitation, which can lead to Cross-Site Scripting (XSS) attacks if the input is not properly sanitized.
BL: `alert('Hello, <?php echo $name; ?>!');`
BUG FOUND: YES"
7803," SE: The 'username' input value is directly echoed in the HTML content without sanitation.
BL: `<input type=""text"" name=""username"" id=""inputUser"" class=""form-control"" value=""<?= $_POST['username'] ?? '' ?>"" required autofocus>`
BUG FOUND: YES"
10917," SE: N/A as the provided code does not contain any user input that is directly concatenated into HTML content without sanitation.
BL: N/A
BUG FOUND: NO

Explanation:
After carefully analyzing the provided file content, I can confirm that there are no lines containing a bug of type CWE-79 (Improper Neutralization of Input During Web Page Generation: Cross-Site Scripting). The code does not contain any user input that is directly concatenated into HTML content without proper sanitation. Therefore, the risk of Cross-Site Scripting (XSS) attacks is minimal in this code."
7883," SE: N/A as the provided code does not contain any user input that is directly concatenated into HTML content without sanitation.
BL: N/A
BUG FOUND: NO

Explanation:
The given code is a collection of PHP classes for various functionalities, but it does not contain any user input that is directly concatenated into HTML content without sanitation, which is the primary cause of Cross-Site Scripting (XSS) vulnerabilities. Therefore, there is no line in this code that may contain a bug of type CWE-79."
10815," SE: The user input from the GET request is directly echoed into the JavaScript code without sanitation, which can lead to Cross-Site Scripting (XSS) attacks if the input is not properly sanitized.
BL: `alert('Hello, <?php echo $name; ?>!');`
BUG FOUND: YES"
7787," SE: The 'username' and 'password' inputs are directly concatenated into HTML content without sanitation in the 'inputUser' and 'inputPassword' variables.
BL: `<input type=""text"" name=""username"" id=""inputUser"" class=""form-control"" value=""<?= $_POST['username'] ?? '' ?>"" required autofocus>`,
`<input type=""password"" name=""password"" id=""inputPassword"" class=""form-control"" placeholder=""Password"" required>`
BUG FOUND: YES

However, it is important to note that the potential Cross-Site Scripting (XSS) vulnerability in this case might not be exploitable since the input is not reflected back to the user immediately and the input fields are not dynamically generated based on user input. But it's still a good practice to sanitize user inputs and use parameterized queries or prepared statements to prevent any potential security issues."
10893," SE: There is no user input being directly concatenated into HTML content without sanitation in the provided code, so there is no CWE-79 (Cross-Site Scripting) vulnerability.
BL: None found.
BUG FOUND: NO."
7779," SE: There is no user input being directly concatenated into HTML content without sanitation in the provided code, so there is no instance of Cross-Site Scripting (CWE-79) vulnerability.
BL: none
BUG FOUND: NO"
10817," SE: The user input $name is directly concatenated into a JavaScript string that is used in an alert, without proper sanitation. This can lead to Cross-Site Scripting (XSS) attacks if the input is not properly sanitized.
BL: `alert('Hello, <?php echo $name; ?>!');`
BUG FOUND: YES

Please note that the rest of the code does not seem to have any instances of CWE-79. However, it is always important to validate and sanitize user inputs, especially when they are used in dynamic content generation or SQL queries."
7819," SE: There is no user input being directly concatenated into HTML content without sanitation in the provided code, so there is no instance of Cross-Site Scripting (CWE-79) vulnerability.
BL: none
BUG FOUND: NO"
10869," SE: There is no user input being directly concatenated into HTML content without sanitation in the provided file content.
BL: None
BUG FOUND: NO

The file content consists of various PHP classes for different functionalities such as generating random numbers, calculating averages, performing string manipulations, sorting arrays, handling files, formatting dates and times, validating data, logging messages, resizing images, parsing XML, encoding JSON, and more. However, there is no code that directly concatenates user input into HTML content without proper sanitation, which could lead to a Cross-Site Scripting (XSS) vulnerability."
10909," SE: There is no direct user input in the provided code, so there is no possibility of Cross-Site Scripting (XSS) attacks.
BL: none
BUG FOUND: NO"
4809," SE: N/A as the provided code does not contain any user input that is directly concatenated into HTML content without sanitation.
BL: N/A
BUG FOUND: NO

Explanation:
After carefully analyzing the provided file content, I can confirm that there are no lines containing a bug of type CWE-79 (Improper Neutralization of Input During Web Page Generation: Cross-Site Scripting). The code consists of various classes and functions, but it does not include any user input that is directly concatenated into HTML content without proper sanitation. Therefore, the risk of Cross-Site Scripting (XSS) attacks is minimal in this code."
7859," SE: N/A as the provided code does not contain any user input that is directly concatenated into HTML content without sanitation.
BL: N/A
BUG FOUND: NO

Explanation:
After analyzing the provided file content, which consists of multiple PHP classes, I did not find any instances where user input is directly concatenated into HTML content without proper sanitation. Therefore, there are no Cross-Site Scripting (XSS) vulnerabilities of type CWE-79 in this code.

The code includes various classes for different purposes, such as generating random numbers, performing calculations, manipulating strings, handling arrays, and working with dates and times. However, none of these classes contain any HTML output or handle user input in a way that could lead to XSS vulnerabilities.

In conclusion, the provided code is free from Cross-Site Scripting (XSS) vulnerabilities of type CWE-79."
10925," SE: N/A
BL: N/A
BUG FOUND: NO

The provided file content does not contain any lines that directly concatenate user input into HTML content without proper sanitation, which is the condition for a Cross-Site Scripting (XSS) vulnerability of type CWE-79."
4745," SE: There is no direct HTML output or user input concatenation in the provided code, hence it doesn't seem to contain a bug of type CWE-79 (Cross-Site Scripting).

BL: none

BUG FOUND: NO"
7774," SE: The 'username' value from the $_POST superglobal is directly concatenated into the HTML content without sanitation.
BL: `<input type=""text"" name=""username"" id=""inputUser"" class=""form-control"" value=""<?= $_POST['username'] ?? '' ?>"" required autofocus>`
BUG FOUND: YES

Explanation:
The 'username' value from the $_POST superglobal is used in the creation of an HTML input element without any sanitation or escaping, which could potentially lead to Cross-Site Scripting (XSS) vulnerabilities if the input is not properly sanitized. An attacker could inject malicious scripts into the input field, which would then be executed in the user's browser when the page is rendered. To prevent XSS attacks, it is recommended to sanitize or escape user inputs before using them in the creation of HTML content."
7875," SE: N/A as the provided code does not contain any user input that is directly concatenated into HTML content without sanitation.
BL: N/A
BUG FOUND: NO

Explanation:
After analyzing the provided file content, I did not find any instances where user input is directly concatenated into HTML content without proper sanitation. Therefore, there are no Cross-Site Scripting (XSS) vulnerabilities of type CWE-79 in the provided code.

The code mainly consists of class definitions and functions for various purposes, such as generating random numbers, performing calculations, manipulating strings, handling arrays, and working with files, dates, colors, geometry, networks, encryption, logging, and more. However, none of these classes or functions contain any security vulnerabilities related to XSS attacks.

Please let me know if you have any further questions or concerns."
7773," SE: The 'username' value from $_POST is directly outputted using the echo shortcut '<?= ... ?>' without any sanitation or escaping.
BL: `<input type=""text"" name=""username"" id=""inputUser"" class=""form-control"" value=""<?= $_POST['username'] ?? '' ?>""`
BUG FOUND: YES

Explanation:
The code includes a form where the user's username is requested. The value of the 'username' field is directly outputted from the $_POST superglobal using the echo shortcut '<?= ... ?>'. This behavior can lead to Cross-Site Scripting (XSS) attacks if the input is not properly sanitized or escaped. An attacker could inject malicious JavaScript code in the 'username' field, which would then be executed in the user's browser when the page is rendered. To prevent XSS attacks, the input should be sanitized or escaped before being outputted."
4761," SE: There is no user input being directly concatenated into HTML content without sanitation, so there is no possibility of a Cross-Site Scripting (XSS) bug of type CWE-79 in the provided code.

BL: none

BUG FOUND: NO"
7835," SE: There is no user input being directly concatenated into HTML content without sanitation in the provided file content.
BL: None
BUG FOUND: NO"
4801," SE: N/A as the provided code does not contain any user input that is directly concatenated into HTML content without sanitation.
BL: N/A
BUG FOUND: NO

Explanation:
The provided code is a collection of PHP classes that perform various functions, such as generating random numbers, calculating averages and standard deviations, manipulating strings, sorting arrays, handling files, and more. However, none of the code contains any user input that is directly concatenated into HTML content without sanitation, which is the primary vector for Cross-Site Scripting (XSS) attacks. Therefore, there is no bug of type CWE-79 in the provided code."
10901," SE: There is no user input being directly concatenated into HTML content without sanitation, so there is no CWE-79 (Cross-Site Scripting) vulnerability in this code.

BL: None found.

BUG FOUND: NO."
7851," SE: N/A as the provided code does not contain any user input that is directly concatenated into HTML content without sanitation.
BL: N/A
BUG FOUND: NO

Explanation:
After carefully analyzing the provided file content, I can confirm that there are no lines containing a bug of type CWE-79 (Improper Neutralization of Input During Web Page Generation: Cross-Site Scripting). The code does not contain any user input that is directly concatenated into HTML content without proper sanitation. Therefore, the risk of Cross-Site Scripting (XSS) attacks is minimal in this code."
10877," SE: There is no user input being directly concatenated into HTML content without sanitation in the provided file content.
BL: None
BUG FOUND: NO"
11055," SE: The user input from the GET parameter 'name' is directly used in the JavaScript code without any sanitation, which can lead to Cross-Site Scripting (XSS) attacks if the input is not properly sanitized.
BL: `alert('Hello, <?php echo $name; ?>!');`
BUG FOUND: YES"
7827," SE: N/A as the file content does not contain any user input that is directly concatenated into HTML content without sanitation.
BL: N/A
BUG FOUND: NO

Explanation:
After analyzing the provided file content, I can confirm that there are no lines containing a bug of type CWE-79 (Improper Neutralization of Input During Web Page Generation: Cross-Site Scripting). The file consists of several classes and functions written in PHP, but there is no user input being directly concatenated into HTML content without proper sanitation. Therefore, the risk of Cross-Site Scripting (XSS) attacks is minimal in this file."
10853," SE: The 'name' variable from user input is directly used in the JavaScript code without any sanitization, which could lead to Cross-Site Scripting (XSS) attacks if the input is not properly validated.
BL: `alert('Hello, <?php echo $name; ?>!');`
BUG FOUND: YES"
4731," SE: The `displayResult` method concatenates the `$this->result['output']` into the HTML content without proper sanitation, which may lead to Cross-Site Scripting (XSS) attacks.
BL: `echo ""<div class='calculation-result'>{$this->result['output']}</div>"";`
BUG FOUND: YES"
10837," SE: The user input from the $_GET['name'] variable is directly concatenated into the HTML content without sanitation.
BL: `echo ""<h1>Welcome, <?php echo $name; ?>!</h1>""`
BUG FOUND: YES

Explanation:

The code is generating an HTML response and directly concatenating the user input from the `$_GET['name']` variable into the HTML content without proper sanitation. This creates a Cross-Site Scripting (XSS) vulnerability. An attacker can inject malicious JavaScript code into the `$name` variable, which will be executed in the user's browser when they open the page. To prevent this, always sanitize user inputs and use functions like `htmlspecialchars()` to escape special characters before concatenating them into HTML content."
11101," SE: There is no user input being directly concatenated into HTML content without sanitation in the provided code.
BL: none
BUG FOUND: NO"
11069," SE: The user input from the GET parameter 'name' is directly concatenated into the JavaScript alert without sanitation, which can lead to Cross-Site Scripting (XSS) attacks if the input is not properly sanitized.
BL: `alert('Hello, <?php echo $name; ?>!');`
BUG FOUND: YES"
4841," SE: N/A as the provided code does not contain any user input that is directly concatenated into HTML content without sanitation.
BL: N/A
BUG FOUND: NO

Explanation:
The given code is a collection of PHP classes for various functionalities such as random number generation, calculation, string manipulation, array manipulation, file handling, date and time handling, color conversion, geometry calculation, network handling, encryption, logging, etc. However, none of these classes contain any user input that is directly concatenated into HTML content without sanitation, which is the condition for Cross-Site Scripting (CWE-79) vulnerability. Therefore, there is no bug of type CWE-79 found in the provided code."
11057," SE: The user input $name is directly concatenated into the JavaScript code which is inserted into the HTML content without sanitation. This can lead to Cross-Site Scripting (XSS) attacks if the input is not properly sanitized.
BL: `alert('Hello, <?php echo $name; ?>!');`
BUG FOUND: YES"
5017," SE: N/A as the provided file content does not contain any web page generation or user input.
BL: N/A
BUG FOUND: NO

Explanation: The file content provided is a collection of PHP classes, none of which contain any web page generation or user input. Therefore, there is no possibility of Cross-Site Scripting (XSS) bugs of type CWE-79."
5025," SE: N/A as the file content does not contain any user input that is directly concatenated into HTML content without sanitation.
BL: N/A
BUG FOUND: NO

Explanation:
After analyzing the provided file content, I can confirm that there are no lines containing a bug of type CWE-79 (Improper Neutralization of Input During Web Page Generation: Cross-Site Scripting). The file consists of several classes written in PHP, but it does not contain any user input that is directly concatenated into HTML content without proper sanitation. Therefore, there is no risk of Cross-Site Scripting (XSS) attacks."
11165," SE: There is no user input being directly concatenated into HTML content without sanitation, so there is no possibility of a Cross-Site Scripting (XSS) bug of type CWE-79.

BL: none

BUG FOUND: NO"
8027," SE: There is no user input being directly concatenated into HTML content without sanitation in the provided file content.
BL: None
BUG FOUND: NO"
8107," SE: N/A as the file content does not include any user input that is directly concatenated into HTML content without sanitation.
BL: N/A
BUG FOUND: NO

Explanation:
After analyzing the provided file content, I can confirm that there are no lines containing a bug of type CWE-79 (Improper Neutralization of Input During Web Page Generation: Cross-Site Scripting). The file consists of multiple classes written in PHP, but none of them include user input being directly concatenated into HTML content without proper sanitation. Therefore, the risk of Cross-Site Scripting (XSS) attacks is minimal in this file."
8123," SE: N/A as the provided file content does not contain any web page generation or user input. Cross-site scripting (XSS) vulnerabilities typically occur in web applications where user input is directly concatenated into HTML content without proper sanitization. In this case, there are no such instances in the given file content.

BL: N/A
BUG FOUND: NO"
5033," SE: N/A
BL: N/A
BUG FOUND: NO

The provided file content does not contain any line that may contain a bug of type CWE-79 (Improper Neutralization of Input During Web Page Generation: Cross-Site Scripting). The code is written in PHP and does not contain any functions for generating HTML content or handling user input in a way that could lead to Cross-Site Scripting (XSS) attacks."
4977," SE: The 'displayResult' method in the 'Integrator' class concatenates the 'result['output']' value into an HTML string without proper sanitation, potentially allowing Cross-Site Scripting (XSS) attacks if the value contains user-supplied data.
BL: `echo ""<div class='calculation-result'>{$this->result['output']}</div>""`
BUG FOUND: YES"
4985," SE: N/A as the provided code does not contain any user input that is directly concatenated into HTML content without sanitation, which is the primary cause of Cross-Site Scripting (XSS) vulnerabilities.
BL: N/A
BUG FOUND: NO

Explanation:
The given code is a collection of PHP classes for image processing, data manipulation, and various utility functions. There is no user input being handled or displayed directly in the HTML context without proper sanitization. Therefore, there are no potential Cross-Site Scripting (XSS) vulnerabilities of type CWE-79 found in this code."
5073," SE: N/A
BL: N/A
BUG FOUND: NO

The provided file content does not contain any line that may contain a bug of type CWE-79 (Improper Neutralization of Input During Web Page Generation: Cross-Site Scripting). The code is composed of various classes and functions in PHP, but there is no concatenation of user input into HTML content without proper sanitation."
11077," SE: The user input from the GET parameter 'name' is directly concatenated into the HTML content without sanitation.
BL: `echo ""<h1>Welcome, <?php echo $name; ?>!</h1>""`
BUG FOUND: YES"
8014," SE: The 'username' value from the superglobal array $_POST is directly concatenated into HTML content without sanitation.
BL: `<input type=""text"" name=""username"" id=""inputUser"" class=""form-control"" value=""<?= $_POST['username'] ?? '' ?>"" required autofocus>`
BUG FOUND: YES"
11109," SE: There is no user input being directly concatenated into HTML content without sanitation in the provided code, so there is no possibility of a Cross-Site Scripting (XSS) bug of type CWE-79.

BL: none
BUG FOUND: NO"
4973," SE: The code provided does not contain any HTML content and does not perform any web page generation. Therefore, it is not possible to find a bug of type CWE-79 (Cross-Site Scripting) in this code.

BL: none
BUG FOUND: NO"
4971," SE: There is no direct user input in the provided code, so there is no risk of Cross-Site Scripting (CWE-79) vulnerabilities.
BL: none
BUG FOUND: NO"
5057," SE: N/A as the provided code does not contain any user input that is directly concatenated into HTML content without sanitation.
BL: N/A
BUG FOUND: NO

Explanation:
The given code is a collection of PHP classes for various functionalities, but it does not contain any user input that is directly concatenated into HTML content without sanitation. Therefore, there is no possibility of Cross-Site Scripting (XSS) vulnerabilities of type CWE-79 in this code."
8083," SE: N/A as the file content does not contain any user input that is directly concatenated into HTML content without sanitation.
BL: N/A
BUG FOUND: NO

Explanation:
After analyzing the provided file content, I can confirm that there are no lines containing a bug of type CWE-79 (Improper Neutralization of Input During Web Page Generation: Cross-Site Scripting). The reason is that there are no instances where user input is directly concatenated into HTML content without proper sanitation or encoding, which could lead to Cross-Site Scripting (XSS) vulnerabilities."
11056," SE: The user input $name is directly concatenated into a JavaScript alert without sanitation, which can lead to Cross-Site Scripting (XSS) attacks if the input is not properly validated and sanitized.
BL: `alert('Hello, <?php echo $name; ?>!');`
BUG FOUND: YES"
11125," SE: N/A
BL: N/A
BUG FOUND: NO

The provided file content does not contain any lines that may contain a bug of type CWE-79 (Improper Neutralization of Input During Web Page Generation: Cross-Site Scripting). The code is safe from Cross-Site Scripting (XSS) attacks as it does not concatenate any user-provided input directly into HTML content without proper sanitation."
4972," SE: The 'user_input' is directly output in an HTML attribute without sanitation, which could lead to Cross-Site Scripting (XSS) attacks if 'user_input' contains malicious JavaScript code.
BL: `echo ""<div class='calculation-result'>{$this->result['output']}</div>"";`
BUG FOUND: YES

Explanation:

In the line `echo ""<div class='calculation-result'>{$this->result['output']}</div>"";`, the variable `$this->result['output']` is directly output in an HTML attribute without any sanitation. This could potentially allow an attacker to inject malicious JavaScript code into the 'output' data, leading to a Cross-Site Scripting (XSS) attack. To prevent this, you should sanitize 'output' data before outputting it in the HTML. You can use the `htmlspecialchars()` function to sanitize the output.

Example:

`echo ""<div class='calculation-result'>"" . htmlspecialchars($this->result['output']) . ""</div>"";`"
5049," SE: There is no user input in the provided code, so there is no possibility of Cross-Site Scripting (XSS) attacks.
BL: None
BUG FOUND: NO"
4993," SE: N/A as the provided code does not contain any user input that is directly concatenated into HTML content without sanitation, which is the primary cause of Cross-Site Scripting (XSS) vulnerabilities.
BL: N/A
BUG FOUND: NO

The file content you provided is a PHP script that defines several classes, but it does not contain any user input that is directly concatenated into HTML content without sanitation. Therefore, there are no potential Cross-Site Scripting (XSS) vulnerabilities of type CWE-79 in this code."
5081," SE: N/A as the file content does not contain any user input that is directly concatenated into HTML content without sanitation.
BL: N/A
BUG FOUND: NO

Explanation:
After analyzing the provided file content, I can confirm that there are no lines containing a bug of type CWE-79 (Improper Neutralization of Input During Web Page Generation: Cross-Site Scripting). The file consists of several classes written in PHP, but none of them include any user input that is directly concatenated into HTML content without proper sanitation. Therefore, there is no risk of Cross-Site Scripting (XSS) attacks."
8131," SE: There is no user input being directly concatenated into HTML content without sanitation in the provided code.
BL: none
BUG FOUND: NO"
8115," SE: N/A as the provided file content does not contain any web page generation or user input. Cross-site scripting (XSS) vulnerabilities typically occur in the context of user-provided data being included in HTML output without proper sanitization. In this case, there is no HTML output or user input.

BL: N/A

BUG FOUND: NO"
11061," SE: The user input is directly concatenated into a JavaScript string that is later executed, which can lead to Cross-Site Scripting (XSS) attacks if the input is not properly sanitized.
BL: `alert('Hello, <?php echo $name; ?>!');`
BUG FOUND: YES

Explanation:
The provided PHP code contains a potential security vulnerability related to Cross-Site Scripting (XSS) attacks. In the JavaScript code within the HTML, the `$name` variable is directly concatenated into the string that is later executed by the browser. If an attacker can control the `$name` variable, they could inject malicious JavaScript code into the page. To prevent XSS attacks, it is essential to sanitize any user input before concatenating it into HTML or JavaScript strings. In this case, you can use the `htmlspecialchars()` function to sanitize the `$name` variable before using it in the JavaScript string."
11117," SE: There is no user input being directly concatenated into HTML content without sanitation in the provided file content.
BL: None
BUG FOUND: NO"
8015," SE: The 'username' input value is directly echoed back to the user without any sanitation, which could potentially allow Cross-Site Scripting (XSS) attacks if the input is not properly sanitized.
BL: `<input type=""text"" name=""username"" id=""inputUser"" class=""form-control"" value=""<?= $_POST['username'] ?? '' ?>"" required autofocus>`
BUG FOUND: YES

However, it's important to note that the provided code snippet is just a part of a larger application. The actual Cross-Site Scripting (XSS) vulnerability may depend on other factors, such as whether the input is properly sanitized elsewhere in the application. It's always a good practice to sanitize any user input before echoing it back to the user."
5009," SE: There is no user input being directly concatenated into HTML content without sanitation in the provided code, so there is no instance of Cross-Site Scripting (CWE-79) vulnerability.

BL: none

BUG FOUND: NO"
8091," SE: There is no user input being directly concatenated into HTML content without sanitation in the provided code, so there is no instance of Cross-Site Scripting (CWE-79) vulnerability.

BL: none

BUG FOUND: NO"
5001," SE: There is no user input being directly used in HTML content without sanitation, so there is no risk of Cross-Site Scripting (XSS) attacks.
BL: None
BUG FOUND: NO"
5065," SE: There is no direct user input in the provided code, so there is no risk of Cross-Site Scripting (CWE-79) vulnerabilities.
BL: none
BUG FOUND: NO"
11157," SE: N/A
BL: N/A
BUG FOUND: NO

The provided file content does not contain any line which may contain a bug of type CWE-79 (Improper Neutralization of Input During Web Page Generation: Cross-Site Scripting). The code is safe from Cross-Site Scripting (XSS) attacks as it does not concatenate any user-provided data into HTML content without proper sanitation."
11133," SE: N/A
BL: N/A
BUG FOUND: NO

The provided file content does not contain any line that may contain a bug of type CWE-79 (Improper Neutralization of Input During Web Page Generation: Cross-Site Scripting). The code is written in PHP and there are no instances where user input is directly concatenated into HTML content without proper sanitation."
8059," SE: There is no user input being directly concatenated into HTML content without sanitation in the provided code, so there is no instance of Cross-Site Scripting (CWE-79) vulnerability.

BL: none

BUG FOUND: NO"
8067," SE: There is no user input being directly concatenated into HTML content without sanitation in the provided code, so there is no instance of Cross-Site Scripting (XSS) vulnerability.

BL: none

BUG FOUND: NO"
11093," SE: The user input from the GET parameter 'name' is directly concatenated into the JavaScript alert without sanitation, which can lead to Cross-Site Scripting (XSS) attacks if the input is not properly sanitized.
BL: `alert('Hello, <?php echo $name; ?>!');`
BUG FOUND: YES

Explanation:

The code takes the value of the 'name' parameter from the GET request and assigns it to the variable $name. Later, this variable is used in a JavaScript alert inside a script tag. If an attacker provides malicious JavaScript code as the value of the 'name' parameter, it will be executed by the user's browser when the alert is displayed. To prevent this, the $name variable should be sanitized before being used in the JavaScript code. For example, you can use the htmlspecialchars() function to sanitize the input:

`alert('Hello, <?php echo htmlspecialchars($name); ?>!');`"
8019," SE: There is no user input being directly concatenated into HTML content without sanitation in the provided code, so there is no instance of Cross-Site Scripting (XSS) vulnerability.

BL: none

BUG FOUND: NO

The file content you provided is a PHP script that contains several classes and functions, but it does not include any user input being directly outputted to the HTML. Therefore, there is no possibility of Cross-Site Scripting (XSS) vulnerability in this code."
11149," SE: There is no user input being directly concatenated into HTML content without sanitation, so there is no CWE-79 (Cross-Site Scripting) vulnerability in this code.

BL: none

BUG FOUND: NO"
8099," SE: There is no user input being directly concatenated into HTML content without sanitation in the provided code, so there is no instance of Cross-Site Scripting (CWE-79) vulnerability.
BL: none
BUG FOUND: NO"
11085," SE: The user input from the GET parameter 'name' is directly concatenated into the HTML content without sanitation.
BL: `<h1>Welcome, on our website</h1> <script src=""https://code.jquery.com/jquery-3.6.0.min.js""></script> <script> $(document).ready(function() { $('h1').click(function() { alert('Hello, <?php echo $name; ?>!');  }); }); </script>`
BUG FOUND: YES

Explanation:

The code takes the 'name' parameter from the GET request and directly concatenates it into the JavaScript code, which is then embedded into the HTML response. This poses a risk for Cross-Site Scripting (XSS) attacks since an attacker can provide malicious JavaScript code as the 'name' parameter value. To prevent XSS attacks, the user input should be sanitized before being embedded into the HTML content."
8013," SE: The 'username' value from user input is directly echoed into HTML content without sanitation.
BL: `<input type=""text"" name=""username"" id=""inputUser"" class=""form-control"" value=""<?= $_POST['username'] ?? '' ?>"" required autofocus>`
BUG FOUND: YES

Explanation:
The 'username' value from user input is directly used in the 'value' attribute of the input element. If the user input is not properly sanitized, it can lead to Cross-Site Scripting (XSS) attacks. An attacker can inject malicious scripts that can steal session cookies or other sensitive information from the users. To prevent XSS attacks, always sanitize user inputs and use functions like 'htmlspecialchars()' to encode special characters before echoing them into HTML content."
11141," SE: N/A
BL: N/A
BUG FOUND: NO

The provided code does not contain any lines that may contain a bug of type CWE-79 (Improper Neutralization of Input During Web Page Generation: Cross-Site Scripting). The code is safe from Cross-Site Scripting (XSS) attacks as it does not concatenate any user-provided data into HTML content without proper sanitation."
7811," SE: The `$error` variable is directly concatenated into the HTML content without sanitation in the `displayErrors()` function.
BL: `echo ""Error: "" . $error . ""<br>"";`
BUG FOUND: YES

SE: The `$message` variable is directly concatenated into the HTML content without sanitation in the `logMessage()` function of the `Logger` class.
BL: `fwrite($fp, date(""Y-m-d H:i:s"") . "" - "" . $message . ""
"");`
BUG FOUND: YES

SE: The `$error` variable is directly concatenated into the HTML content without sanitation in the `logError()` function of the `Logger` class.
BL: `$this->logMessage(""Error: "" . $error);`
BUG FOUND: YES

SE: The `$message` variable is directly concatenated into the HTML content without sanitation in the `logInfo()` function of the `Logger` class.
BL: `$this->logMessage(""Info: "" . $message);`
BL: `echo ""Email sent successfully!"";` and `echo ""Error sending email."";`
BUG FOUND: YES

SE: The `$message` variable is directly concatenated into the HTML content without sanitation in the `logMessage()` function of the `EmailSender` class.
BL: `$headers = ""From: "" . $this->from_email . ""\\r\\n"";`
BL: `$headers .= ""Reply-To: "" . $this->from_email . ""\\r\\n"";`
BL: `$headers .= ""MIME-Version: 1.0\\r\\n"";`
BL: `$headers .= ""Content-Type: text/html; charset=UTF-8\\r\\n"";`
BUG FOUND: YES

SE: The `$message` variable is directly concatenated into the HTML content without sanitation in the `sendEmail()` function of the `EmailSender` class.
BL: `$message = ""Please click the link below to reset your password:\n\n"" . $link . ""\n\n"";`
BL: `$message .= ""If you did not request a password reset, please ignore this email."";`
BUG FOUND: YES

SE: The `$endpoint` and `$data` variables are directly concatenated into the HTTP request without sanitation in the `makeRequest()` function of the `ApiClient` class.
BL: `curl_setopt($curl, CURLOPT_POSTFIELDS, http_build_query($data));`
BUG FOUND: YES

SE: The `$key` variable is directly concatenated into the filename without sanitation in the `getCache()` function of the `CacheManager` class.
BL: `$cache_file = $this->cache_dir . $key . "".txt"";`
BUG FOUND: YES

SE: The `$token` variable is directly concatenated into the filename without sanitation in the `set"
8075," SE: There is no user input being directly concatenated into HTML content without sanitation in the provided code, so there is no instance of Cross-Site Scripting (CWE-79) vulnerability.
BL: none
BUG FOUND: NO"
5089," SE: There is no user input being directly concatenated into HTML content without sanitation in the provided code, so there is no instance of Cross-Site Scripting (CWE-79) vulnerability.

BL: none

BUG FOUND: NO"
8035," SE: There is no user input being directly concatenated into HTML content without sanitation in the provided file content.
BL: none
BUG FOUND: NO"
11173," SE: N/A
BL: N/A
BUG FOUND: NO

The provided file content does not contain any line that may contain a bug of type CWE-79 (Improper Neutralization of Input During Web Page Generation: Cross-Site Scripting). The code is written in PHP and there are no instances where user input is directly concatenated into HTML content without proper sanitation."
5249," SE: N/A
BL: N/A
BUG FOUND: NO

The provided file content does not contain any lines that may contain a bug of type CWE-79 (Improper Neutralization of Input During Web Page Generation: Cross-Site Scripting). The code is written in PHP and generates PDF files using the FPDF library, but there are no instances where user input is directly concatenated into HTML content without sanitation."
5289," SE: N/A
BL: N/A
BUG FOUND: NO

The provided file content does not contain any lines that may contain a bug of type CWE-79 (Improper Neutralization of Input During Web Page Generation: Cross-Site Scripting). The code is written in PHP and does not contain any obvious concatenation of user input into HTML content without proper sanitation. However, it is still important to ensure that any user input used in dynamic content is properly sanitized and validated to prevent potential security vulnerabilities."
8043," SE: The 'username' input value is directly concatenated into HTML content without sanitation.
BL: `<input type=""text"" name=""username"" id=""inputUser"" class=""form-control"" value=""<?= $_POST['username'] ?? '' ?>"" required autofocus>`
BUG FOUND: YES

Please note that this is a potential Cross-Site Scripting (XSS) vulnerability. An attacker could potentially inject malicious JavaScript code into the 'username' input field, which would then be executed in the user's browser. To prevent this, you should sanitize the 'username' input before displaying it in the HTML content. For example, you can use the `htmlspecialchars()` function in PHP to sanitize the input."
5313," SE: N/A
BL: N/A
BUG FOUND: NO

The provided file content does not contain any lines that may contain a bug of type CWE-79 (Improper Neutralization of Input During Web Page Generation: Cross-Site Scripting). The code is composed of various classes in PHP, but there are no instances of user input being directly concatenated into HTML content without proper sanitation."
11357," SE: There is no user input being directly concatenated into HTML content without sanitation in the provided file content.
BL: none
BUG FOUND: NO"
11381," SE: There is no user input being directly concatenated into HTML content without sanitation, so there is no line that may contain a bug of type CWE-79 (Improper Neutralization of Input During Web Page Generation: Cross-Site Scripting).

BL: none

BUG FOUND: NO"
8051," SE: The `$message` variable is directly concatenated into HTML content without sanitation in the `logMessage()` method.
BL: `echo ""Error: "" . $error . ""
"";` in `logError()` method and `echo ""Info: "" . $message . ""
"";` in `logInfo()` method of `Logger` class.
BUG FOUND: YES.

SE: The `$error` and `$warning` variables are directly concatenated into HTML content without sanitation in the `logError()` and `logWarning()` methods.
BL: `echo ""Error: "" . $error . ""
"";` in `logError()` method and `echo ""Warning: "" . $warning . ""
"";` in `logWarning()` method of `Logger` class.
BUG FOUND: YES.

SE: The `$message` variable is directly concatenated into HTML content without sanitation in the `echo` statement.
BL: `echo $message . ""
"";` in `displayErrors()` method of `FormHandler` class.
BUG FOUND: YES.

SE: The `$filename` variable is directly concatenated into HTML content without sanitation in the `echo` statement.
BL: `echo ""Error: "" . $filename . "" does not exist!"";` in `readFile()` method of `FileHandler` class.
BUG FOUND: YES.

SE: The `$message` variable is directly concatenated into HTML content without sanitation in the `echo` statement.
BL: `echo $message . ""
"";` in `log()` method of `Logger` class.
BUG FOUND: YES."
11325," SE: The user input from the GET parameter 'name' is directly concatenated into the JavaScript alert without sanitation, which can lead to Cross-Site Scripting (XSS) attacks.
BL: `alert('Hello, <?php echo $name; ?>!');`
BUG FOUND: YES

Explanation:
The issue lies in the line where the PHP variable $name is directly outputted in the JavaScript code without any sanitization. An attacker can exploit this by injecting malicious JavaScript code in the $name parameter, which will be executed in the user's browser. To prevent XSS attacks, always sanitize user inputs and use functions like htmlspecialchars() or jsencode() to escape special characters. In this case, you can use htmlspecialchars() to sanitize the $name variable before outputting it in the JavaScript code."
5041," SE: N/A as the provided code does not contain any user input that is directly concatenated into HTML content without sanitation.
BL: N/A
BUG FOUND: NO

Explanation:
The given code is a collection of PHP classes that provide various functionalities, such as generating random numbers, performing calculations, manipulating strings, handling arrays, and so on. However, none of these classes contain any user input that is directly concatenated into HTML content without sanitation, which is the primary cause of Cross-Site Scripting (XSS) vulnerabilities. Therefore, there are no lines in the provided code that may contain a bug of type CWE-79 (Improper Neutralization of Input During Web Page Generation: Cross-Site Scripting)."
5265," SE: N/A
BL: N/A
BUG FOUND: NO

The provided file content does not contain any lines that may contain a bug of type CWE-79 (Improper Neutralization of Input During Web Page Generation: Cross-Site Scripting). The code is composed of various classes and functions in PHP, but there are no instances where user input is directly concatenated into HTML content without proper sanitation."
11333," SE: The user input from the GET parameter 'name' is directly concatenated into the JavaScript alert without sanitation, which can lead to Cross-Site Scripting (XSS) attacks.
BL: `alert('Hello, <?php echo $name; ?>!');`
BUG FOUND: YES"
5241," SE: N/A
BL: N/A
BUG FOUND: NO

The provided file content does not contain any PHP code that concatenates user input directly into HTML content without proper sanitation, which is the condition for Cross-Site Scripting (CWE-79) vulnerabilities."
5281," SE: N/A
BL: N/A
BUG FOUND: NO

The provided file content does not contain any lines that may contain a bug of type CWE-79 (Improper Neutralization of Input During Web Page Generation: Cross-Site Scripting). The code is written in PHP and contains various classes and functions, but there are no instances where user input is directly concatenated into HTML content without proper sanitation."
11341," SE: The user input from the GET parameter 'name' is directly concatenated into the HTML content without sanitation.
BL: `<h1>Welcome, on our website</h1> <script src=""https://code.jquery.com/jquery-3.6.0.min.js""></script> <script> $(document).ready(function() { $('h1').click(function() { alert('Hello, <?php echo $name; ?>!');  }); }); </script>`
BUG FOUND: YES"
5337," SE: N/A
BL: N/A
BUG FOUND: NO

The provided file content does not contain any lines that may contain a bug of type CWE-79 (Improper Neutralization of Input During Web Page Generation: Cross-Site Scripting). The code is composed of various classes in PHP, but there are no instances of user input being directly concatenated into HTML content without proper sanitation."
8379," SE: N/A
BL: N/A
BUG FOUND: NO

The provided file content does not contain any lines that may contain a bug of type CWE-79 (Improper Neutralization of Input During Web Page Generation: Cross-Site Scripting). The code is written in PHP and there are no instances where user input is directly concatenated into HTML content without proper sanitation."
11312," SE: The user input from the GET request is directly used in the JavaScript code that generates an alert box without proper sanitization.
BL: `alert('Hello, <?php echo $name; ?>!');`
BUG FOUND: YES

Explanation:
The issue lies in the line `alert('Hello, <?php echo $name; ?>!');`. The PHP variable `$name` is directly concatenated into the JavaScript code that generates an alert box. If the `$name` variable contains any user-supplied data, it can lead to Cross-Site Scripting (XSS) attacks. An attacker can inject malicious JavaScript code into the `$name` variable, which will be executed when the alert box is displayed. To prevent this, always sanitize user inputs and use functions like `json_encode()` to safely insert data into JavaScript code."
8387," SE: N/A
BL: N/A
BUG FOUND: NO

The provided file content does not contain any lines that construct HTML responses directly from user input, which is the primary vector for Cross-Site Scripting (XSS) attacks. Therefore, there are no instances of the bug of type CWE-79 (Improper Neutralization of Input During Web Page Generation: Cross-Site Scripting) found in the file content."
5229," SE: N/A
BL: N/A
BUG FOUND: NO

The provided code does not contain any lines that may contain a bug of type CWE-79 (Improper Neutralization of Input During Web Page Generation: Cross-Site Scripting). The code is composed of class definitions and does not contain any user input that is directly concatenated into HTML content without sanitation."
8323," SE: N/A
BL: N/A
BUG FOUND: NO

The provided file content does not contain any lines that may contain a bug of type CWE-79 (Improper Neutralization of Input During Web Page Generation: Cross-Site Scripting). The code is written in PHP and consists of various classes and functions, but there are no instances where user input is directly concatenated into HTML content without proper sanitation."
11373," SE: N/A
BL: N/A
BUG FOUND: NO

The provided file content does not contain any lines that may contain a bug of type CWE-79 (Improper Neutralization of Input During Web Page Generation: Cross-Site Scripting). The code is written in PHP and there are no instances where user input is directly concatenated into HTML content without proper sanitation."
5305," SE: N/A
BL: N/A
BUG FOUND: NO

The provided file content is a PHP script that defines several classes, but it does not contain any lines that may contain a Cross-Site Scripting (XSS) vulnerability of type CWE-79. The script does not concatenate user input directly into HTML content without proper sanitation."
5228," SE: N/A as the provided code does not contain any user input that is directly concatenated into HTML content without sanitation, which is the primary cause of Cross-Site Scripting (XSS) vulnerabilities.
BL: N/A
BUG FOUND: NO

Explanation:
Cross-Site Scripting (XSS) vulnerabilities typically occur when user input is directly concatenated into HTML content without proper sanitation. This can allow an attacker to inject malicious scripts into the application, which can then be executed in the user's browser.

In the provided code, there are no instances where user input is directly concatenated into HTML content. Therefore, there are no Cross-Site Scripting (XSS) vulnerabilities in the code.

It is important to note that this analysis is based on the provided code only and does not take into account any external factors such as user input from other sources or potential vulnerabilities in third-party libraries or frameworks used in the application."
5353," SE: N/A
BL: N/A
BUG FOUND: NO

The provided file content is a PHP script that contains multiple classes for various functionalities, but it does not include any user input that is directly concatenated into HTML content without sanitation. Therefore, there are no instances of Cross-Site Scripting (CWE-79) bugs found in this file."
8363," SE: N/A
BL: N/A
BUG FOUND: NO

The provided file content does not contain any lines that may contain a bug of type CWE-79 (Improper Neutralization of Input During Web Page Generation: Cross-Site Scripting). The code is written in PHP and there are no instances where user input is directly concatenated into HTML content without proper sanitation."
11313," SE: The user input $name is directly concatenated into the JavaScript code without sanitation, which can lead to Cross-Site Scripting (XSS) attacks if the input is not properly validated and filtered.
BL: `alert('Hello, <?php echo $name; ?>!');`
BUG FOUND: YES"
5273," SE: N/A
BL: N/A
BUG FOUND: NO

The provided file content does not contain any lines that may contain a bug of type CWE-79 (Improper Neutralization of Input During Web Page Generation: Cross-Site Scripting). The code is composed of various classes in PHP, but there are no instances of user input being directly concatenated into HTML content without proper sanitation."
11311," SE: The user input from the GET request is directly echoed into the JavaScript alert without sanitation, which can lead to Cross-Site Scripting (XSS) attacks if the input is not properly sanitized.
BL: `alert('Hello, <?php echo $name; ?>!');`
BUG FOUND: YES"
5345," SE: N/A
BL: N/A
BUG FOUND: NO

The provided file content is a PHP script that contains multiple classes for various functionalities such as generating random numbers, performing calculations, manipulating strings and arrays, handling files, formatting dates, converting colors, calculating geometry, handling networks, encrypting and decrypting data, logging messages, and more. However, there are no instances where user input is directly concatenated into HTML content without sanitation, which is the condition for Cross-Site Scripting (CWE-79) vulnerabilities. Therefore, there are no lines in the provided code that may contain a bug of this type."
8275," SE: N/A
BL: N/A
BUG FOUND: NO

The provided file content does not contain any lines that may contain a bug of type CWE-79 (Improper Neutralization of Input During Web Page Generation: Cross-Site Scripting). The code is safe from Cross-Site Scripting (XSS) attacks as it does not concatenate any user-provided input directly into HTML content without proper sanitation."
8315," SE: N/A
BL: N/A
BUG FOUND: NO

The provided file content does not contain any lines that may contain a bug of type CWE-79 (Improper Neutralization of Input During Web Page Generation: Cross-Site Scripting). The code is safe from Cross-Site Scripting (XSS) attacks as it does not concatenate any user-provided input directly into HTML content without proper sanitation."
5297," SE: N/A
BL: N/A
BUG FOUND: NO

The provided file content does not contain any lines that may contain a bug of type CWE-79 (Improper Neutralization of Input During Web Page Generation: Cross-Site Scripting). The code is composed of various classes and functions in PHP, but there are no instances where user input is directly concatenated into HTML content without proper sanitation."
8270," SE: The 'value' attribute of the 'inputUser' field is directly outputting the content of the $_POST['username'] variable without any sanitation, which could potentially lead to Cross-Site Scripting (XSS) attacks if the input is not properly sanitized.
BL: `<input type=""text"" name=""username"" id=""inputUser"" class=""form-control"" value=""<?= $_POST['username'] ?? '' ?>"" required autofocus>`
BUG FOUND: YES

It's important to note that the vulnerability exists because the input is being output directly into HTML content without any sanitization. To prevent XSS attacks, you should always sanitize any user input before outputting it into HTML. In this case, you can use the `htmlspecialchars()` function to sanitize the input before outputting it.

Here's an example of how you can modify the code to sanitize the input:
```php
<input type=""text"" name=""username"" id=""inputUser"" class=""form-control"" value=""<?= htmlspecialchars($_POST['username'] ?? '', ENT_QUOTES, 'UTF-8') ?>"" required autofocus>
```
In this example, the `htmlspecialchars()` function is used to sanitize the input by converting special characters to their HTML entities. The `ENT_QUOTES` flag is used to ensure that both single and double quotes are converted to their HTML entities, and the `UTF-8` charset is used to ensure that the input is encoded correctly."
8339," SE: N/A
BL: N/A
BUG FOUND: NO

The provided file content does not contain any lines that may contain a bug of type CWE-79 (Improper Neutralization of Input During Web Page Generation: Cross-Site Scripting). The code is written in PHP and there are no instances where user input is directly concatenated into HTML content without proper sanitation."
8291," SE: There is no user input being directly concatenated into HTML content without sanitation in the provided file content.
BL: none
BUG FOUND: NO"
8269," SE: The user input from the 'username' field is directly echoed back into the HTML content without any sanitization, which could potentially lead to Cross-Site Scripting (XSS) attacks if the user input contains malicious JavaScript code.
BL: `<input type=""text"" name=""username"" id=""inputUser"" class=""form-control"" value=""<?= $_POST['username'] ?? '' ?>"" required autofocus>`
BUG FOUND: YES"
8395," SE: N/A
BL: N/A
BUG FOUND: NO

The provided file content does not contain any lines that may contain a bug of type CWE-79 (Improper Neutralization of Input During Web Page Generation: Cross-Site Scripting). The code is written in PHP and does not contain any direct concatenation of user input into HTML content without sanitation."
8271," SE: The 'username' is directly concatenated into HTML content without sanitation in the 'value' attribute of the input element.
BL: `<input type=""text"" name=""username"" id=""inputUser"" class=""form-control"" value=""<?= $_POST['username'] ?? '' ?>"" required autofocus>`
BUG FOUND: YES"
8283," SE: N/A
BL: N/A
BUG FOUND: NO

Explanation:
The provided file content does not contain any web page generation or user input handling code, so it is not possible to evaluate if there is a Cross-Site Scripting (XSS) vulnerability. The code mainly consists of classes and functions in PHP, which do not directly relate to the CWE-79 type of bug."
11437," SE: N/A
BL: N/A
BUG FOUND: NO

The provided file content does not contain any lines that may contain a bug of type CWE-79 (Improper Neutralization of Input During Web Page Generation: Cross-Site Scripting). The code is safe from Cross-Site Scripting (XSS) attacks as it does not concatenate any user-provided input directly into HTML content without proper sanitation."
5321," SE: N/A
BL: N/A
BUG FOUND: NO

The provided file content does not contain any lines that may contain a bug of type CWE-79 (Improper Neutralization of Input During Web Page Generation: Cross-Site Scripting). The code is written in PHP and does not contain any direct concatenation of user input into HTML content without sanitation."
8299," SE: There is no user input being directly concatenated into HTML content without sanitation in the provided file content.
BL: None
BUG FOUND: NO"
8347," SE: N/A
BL: N/A
BUG FOUND: NO

The provided file content does not contain any lines that may contain a bug of type CWE-79 (Improper Neutralization of Input During Web Page Generation: Cross-Site Scripting). The code is well-structured and there are no instances where user input is directly concatenated into HTML content without proper sanitation."
5233," SE: The 'displayResult' method in the 'Integrator' class concatenates the 'result['output']' into the HTML content without proper sanitation, which may lead to Cross-Site Scripting (XSS) attacks.
BL: `echo ""<div class='calculation-result'>{$this->result['output']}</div>""`
BUG FOUND: YES"
11317," SE: The user input $name is directly concatenated into a JavaScript alert without sanitation, which can lead to Cross-Site Scripting (XSS) attacks.
BL: `alert('Hello, <?php echo $name; ?>!');`
BUG FOUND: YES"
11421," SE: N/A
BL: N/A
BUG FOUND: NO

The provided file content does not contain any line that may contain a bug of type CWE-79 (Improper Neutralization of Input During Web Page Generation: Cross-Site Scripting). The code is safe from Cross-Site Scripting (XSS) attacks as it does not concatenate user input directly into HTML content without proper sanitation."
5329," SE: N/A
BL: N/A
BUG FOUND: NO

The provided file content is a collection of PHP classes and functions, but there are no instances where user input is directly concatenated into HTML content without sanitation. Therefore, there are no Cross-Site Scripting (XSS) vulnerabilities of type CWE-79 in this code."
11397," SE: N/A
BL: N/A
BUG FOUND: NO

The provided file content does not contain any lines that may contain a bug of type CWE-79 (Improper Neutralization of Input During Web Page Generation: Cross-Site Scripting). The code is safe from Cross-Site Scripting (XSS) attacks as it does not concatenate any user-provided data into HTML content without proper sanitation."
11349," SE: There is no direct user input being concatenated into HTML content without sanitation in the provided code.
BL: none
BUG FOUND: NO

The code seems to be secure and does not contain any Cross-Site Scripting (XSS) vulnerabilities related to CWE-79. The provided PHP script handles user input using functions like htmlspecialchars() for sanitization, which helps prevent XSS attacks."
11365," SE: There is no user input being directly concatenated into HTML content without sanitation in the provided file content.
BL: None
BUG FOUND: NO

Explanation:
After analyzing the provided file content, I did not find any instances where user input is directly concatenated into HTML content without proper sanitation. Therefore, there are no Cross-Site Scripting (XSS) vulnerabilities of type CWE-79 in the provided code.

The code mainly consists of class definitions and utility functions, with no direct interaction with user input or HTML content generation. Thus, the risk of XSS attacks is minimal in this context."
8371," SE: N/A
BL: N/A
BUG FOUND: NO

The provided file content does not contain any lines that may contain a bug of type CWE-79 (Improper Neutralization of Input During Web Page Generation: Cross-Site Scripting). The code is written in PHP and there are no instances where user input is directly concatenated into HTML content without proper sanitation."
11389," SE: N/A
BL: N/A
BUG FOUND: NO

The provided file content does not contain any line that may contain a bug of type CWE-79 (Improper Neutralization of Input During Web Page Generation: Cross-Site Scripting). The code is safe from Cross-Site Scripting (XSS) vulnerabilities as it does not concatenate user input directly into HTML content without proper sanitation."
8355," SE: N/A
BL: N/A
BUG FOUND: NO

The provided file content does not contain any lines that may contain a bug of type CWE-79 (Improper Neutralization of Input During Web Page Generation: Cross-Site Scripting). The code is written in PHP and does not contain any direct concatenation of user input into HTML content without sanitation."
11413," SE: N/A
BL: N/A
BUG FOUND: NO

The provided file content does not contain any lines that may contain a bug of type CWE-79 (Improper Neutralization of Input During Web Page Generation: Cross-Site Scripting). The code is written in PHP and there are no instances where user input is directly concatenated into HTML content without proper sanitation."
8331," SE: N/A as the provided file does not contain any user input that is directly concatenated into HTML content without sanitation, which is the primary cause of Cross-Site Scripting (XSS) vulnerabilities.
BL: N/A
BUG FOUND: NO

Explanation:
The file contains various classes and functions in PHP, but there are no instances where user input is directly used in generating HTML responses without proper sanitation. Therefore, the possibility of a Cross-Site Scripting (XSS) vulnerability is negligible."
11429," SE: N/A
BL: N/A
BUG FOUND: NO

The provided file content does not contain any lines that may contain a bug of type CWE-79 (Improper Neutralization of Input During Web Page Generation: Cross-Site Scripting). The code is written in PHP and does not contain any direct concatenation of user input into HTML content without sanitation."
8307," SE: There is no direct user input concatenated into HTML content without sanitation in the provided code. The code sanitizes user input using the `sanitizeInput()` method of the `DataValidator` class.

BL: None

BUG FOUND: NO"
11405," SE: N/A
BL: N/A
BUG FOUND: NO

The provided file content does not contain any lines that may contain a bug of type CWE-79 (Improper Neutralization of Input During Web Page Generation: Cross-Site Scripting). The code is written in PHP and there are no instances where user input is directly concatenated into HTML content without proper sanitation."
11653," SE: There is no user input being directly concatenated into HTML content without sanitation in the provided file content.
BL: none
BUG FOUND: NO"
5257," SE: There is no generation of web page content in the provided code, so there is no opportunity for Cross-Site Scripting (CWE-79) bugs.
BL: none
BUG FOUND: NO"
5500," SE: N/A
BL: N/A
BUG FOUND: NO

The provided file content is a PHP script that defines several classes, but it does not contain any lines with user input that could be vulnerable to Cross-Site Scripting (CWE-79). The script only contains class definitions and does not generate any web pages or handle user input directly."
5227," SE: There is no direct user input in the provided code, so there is no risk of Cross-Site Scripting (CWE-79) vulnerabilities.
BL: none
BUG FOUND: NO"
8651," SE: N/A
BL: N/A
BUG FOUND: NO

The provided file content does not contain any lines that may contain a bug of type CWE-79 (Improper Neutralization of Input During Web Page Generation: Cross-Site Scripting). The code is written in PHP and does not contain any direct concatenation of user input into HTML content without sanitation."
5585," SE: N/A
BL: N/A
BUG FOUND: NO

Explanation:
The provided file content is a collection of PHP classes and functions, but there is no user input being directly concatenated into HTML content without sanitation, which is the condition for Cross-Site Scripting (CWE-79) vulnerabilities. Therefore, there are no bugged lines in this file."
11585," SE: The PHP echo statement is inserting user-supplied data directly into a JavaScript string, which can lead to Cross-Site Scripting (XSS) attacks if the data is not properly sanitized.
BL: `alert('Hello, <?php echo $name; ?>!');`
BUG FOUND: YES"
11584," SE: The user input from the GET request is directly concatenated into the JavaScript alert without sanitation, which can lead to Cross-Site Scripting (XSS) attacks.
BL: `alert('Hello, <?php echo $name; ?>!');`
BUG FOUND: YES"
5521," SE: N/A
BL: N/A
BUG FOUND: NO

Explanation:
The provided file content does not contain any web page generation or user input that could be vulnerable to Cross-Site Scripting (CWE-79). The code consists of PHP classes and functions, but there are no instances of user input being directly concatenated into HTML content without proper sanitation."
5625," SE: N/A
BL: N/A
BUG FOUND: NO

The provided file content is a PHP script that contains multiple classes for various functionalities, but it does not include any user input that is directly concatenated into HTML content without sanitation. Therefore, there are no Cross-Site Scripting (XSS) vulnerabilities of type CWE-79 found in this code."
5561," SE: N/A
BL: N/A
BUG FOUND: NO

The provided file content is a PHP script that contains multiple classes for various functionalities, but it does not include any user input that is directly concatenated into HTML content without sanitation. Therefore, there are no Cross-Site Scripting (XSS) vulnerabilities of type CWE-79 found in this file."
5501," SE: N/A
BL: N/A
BUG FOUND: NO

Explanation:
After analyzing the provided file content, I did not find any lines that may contain a bug of type CWE-79 (Improper Neutralization of Input During Web Page Generation: Cross-Site Scripting). The code appears to be safe from Cross-Site Scripting (XSS) vulnerabilities as it does not concatenate user input directly into HTML content without proper sanitation. However, it is essential to ensure that any user-provided data is appropriately sanitized and validated before using it in a different context."
11709," SE: N/A
BL: N/A
BUG FOUND: NO

The provided file content is a PHP script that contains multiple classes for various functionalities, but it does not contain any user input that is directly concatenated into HTML content without sanitation. Therefore, there are no Cross-Site Scripting (XSS) vulnerabilities of type CWE-79 in this code."
8555," SE: N/A
BL: N/A
BUG FOUND: NO

The provided file content does not contain any lines that may contain a bug of type CWE-79 (Improper Neutralization of Input During Web Page Generation: Cross-Site Scripting). The code is written in PHP and contains classes for various purposes, but there are no instances where user input is directly concatenated into HTML content without proper sanitation."
8542," SE: The 'username' value in the input field is not properly sanitized before being output, which could potentially allow Cross-Site Scripting (XSS) attacks if the user input contains malicious script code.
BL: `<input type=""text"" name=""username"" id=""inputUser"" class=""form-control"" value=""<?= $_POST['username'] ?? '' ?>"" required autofocus>`
BUG FOUND: YES

Please note that this is a potential security vulnerability and should be addressed by properly sanitizing the user input before outputting it. This can be done using functions like `htmlspecialchars()` in PHP to convert special characters to their HTML entities."
11583," SE: The user input from the GET request is directly used in the JavaScript code without proper sanitization, which can lead to Cross-Site Scripting (XSS) attacks.
BL: `alert('Hello, <?php echo $name; ?>!');`
BUG FOUND: YES

Explanation:
The issue lies in the line where the PHP variable `$name` is directly concatenated into the JavaScript code without any sanitization. An attacker can exploit this by injecting malicious JavaScript code into the `$name` variable, which will be executed in the user's browser. To prevent XSS attacks, always sanitize user inputs and use functions like `htmlspecialchars()` to escape special characters. In this case, you can change the line to `alert('Hello, <?php echo htmlspecialchars($name); ?>!');` to sanitize the user input."
11637," SE: N/A
BL: N/A
BUG FOUND: NO

The provided file content does not contain any line that may contain a bug of type CWE-79 (Improper Neutralization of Input During Web Page Generation: Cross-Site Scripting). The code is written in PHP and contains various classes for different functionalities, but there are no instances where user input is directly concatenated into HTML content without proper sanitation."
11597," SE: The user-supplied input is directly concatenated into a JavaScript string that is later executed, which can lead to Cross-Site Scripting (XSS) attacks if the input is not properly sanitized.
BL: `alert('Hello, <?php echo $name; ?>!');`
BUG FOUND: YES"
8675," SE: N/A
BL: N/A
BUG FOUND: NO

The provided file content does not contain any line that may contain a bug of type CWE-79 (Improper Neutralization of Input During Web Page Generation: Cross-Site Scripting). The code is written in PHP and there are no instances where user input is directly concatenated into HTML content without proper sanitation."
5545," SE: N/A
BL: N/A
BUG FOUND: NO

Explanation:
The provided file content does not contain any lines that directly concatenate user input into HTML content without proper sanitation, which is the primary cause of Cross-Site Scripting (XSS) vulnerabilities. Therefore, no bug of type CWE-79 was found in the given code."
11645," SE: There is no user input being directly concatenated into HTML content without sanitation in the provided file content.
BL: None
BUG FOUND: NO"
8635," SE: N/A
BL: N/A
BUG FOUND: NO

The provided file content does not contain any lines that construct HTML responses directly from user input, which is the primary vector for Cross-Site Scripting (XSS) attacks. Therefore, there are no lines that may contain a bug of type CWE-79."
5617," SE: N/A
BL: N/A
BUG FOUND: NO

The provided file content is a PHP script that contains multiple classes and functions, but it does not include any user input that is directly concatenated into HTML content without sanitation. Therefore, there are no Cross-Site Scripting (XSS) vulnerabilities of type CWE-79 in this code."
8571," SE: There is no user input being directly concatenated into HTML content without sanitation in the provided file content.
BL: None
BUG FOUND: NO"
8543," SE: There is no user input being directly concatenated into HTML content without sanitation in the provided file content.
BL: None
BUG FOUND: NO"
11661," SE: N/A
BL: N/A
BUG FOUND: NO

The provided file content does not contain any lines that may contain a bug of type CWE-79 (Improper Neutralization of Input During Web Page Generation: Cross-Site Scripting). The code is written in PHP and there are no instances where user input is directly concatenated into HTML content without proper sanitation."
5569," SE: N/A
BL: N/A
BUG FOUND: NO

The provided code does not contain any lines that may contain a bug of type CWE-79 (Improper Neutralization of Input During Web Page Generation: Cross-Site Scripting). The code is composed of various classes and functions, but none of them concatenate user input directly into HTML content without proper sanitation."
11717," SE: N/A
BL: N/A
BUG FOUND: NO

The provided file content does not contain any lines that directly concatenate user input into HTML content without proper sanitation, which is the primary cause of Cross-Site Scripting (XSS) vulnerabilities. Therefore, no bug of type CWE-79 was found in the given code."
8541," SE: There is no user input being directly concatenated into HTML content without sanitation in the provided file content.
BL: None
BUG FOUND: NO"
5593," SE: N/A
BL: N/A
BUG FOUND: NO

The provided file content is a collection of PHP classes that do not contain any Cross-Site Scripting (XSS) vulnerabilities. These classes handle various tasks such as generating random numbers, performing calculations, manipulating strings, handling arrays, and more. However, none of them concatenate user input directly into HTML content without proper sanitation, which is the primary cause of XSS vulnerabilities. Therefore, there is no line of code that needs to be highlighted as bugged."
8619," SE: N/A
BL: N/A
BUG FOUND: NO

The provided file content does not contain any lines that may contain a bug of type CWE-79 (Improper Neutralization of Input During Web Page Generation: Cross-Site Scripting). The code is written in PHP and there are no instances where user input is directly concatenated into HTML content without proper sanitation."
5537," SE: N/A
BL: N/A
BUG FOUND: NO

Explanation:
The provided file content does not contain any lines that directly concatenate user input into HTML content without proper sanitation, which is the primary cause of Cross-Site Scripting (XSS) vulnerabilities. Therefore, no bug of type CWE-79 was found in the given code."
8579," SE: N/A
BL: N/A
BUG FOUND: NO

This PHP code does not contain any lines that may contain a bug of type CWE-79 (Improper Neutralization of Input During Web Page Generation: Cross-Site Scripting). The code uses functions such as htmlspecialchars() to sanitize user input and prevent cross-site scripting attacks."
8667," SE: N/A
BL: N/A
BUG FOUND: NO

The provided file content does not contain any line that may contain a bug of type CWE-79 (Improper Neutralization of Input During Web Page Generation: Cross-Site Scripting). The code is written in PHP and there are no instances where user input is directly concatenated into HTML content without proper sanitation."
5553," SE: N/A
BL: N/A
BUG FOUND: NO

The provided file content is a PHP script that defines several classes, but it does not contain any lines that directly concatenate user input into HTML content without sanitation. Therefore, there are no instances of Cross-Site Scripting (CWE-79) bugs in this code."
11701," SE: N/A
BL: N/A
BUG FOUND: NO

The provided file content is a PHP script that contains multiple classes and functions, but it does not contain any user input that is directly concatenated into HTML content without sanitation. Therefore, there are no instances of Cross-Site Scripting (CWE-79) bugs found in this file."
8659," SE: N/A
BL: N/A
BUG FOUND: NO

The provided file content is a collection of PHP classes and functions, but there are no instances where user input is directly concatenated into HTML content without sanitation. Therefore, there are no Cross-Site Scripting (XSS) vulnerabilities of type CWE-79 in this code."
8611," SE: N/A
BL: N/A
BUG FOUND: NO

The provided file content does not contain any lines that may contain a bug of type CWE-79 (Improper Neutralization of Input During Web Page Generation: Cross-Site Scripting). The code is written in PHP and consists of various classes for different functionalities such as random number generation, calculator, string manipulation, array manipulation, file handling, date time handling, color conversion, geometry calculation, network handling, encryption, decryption, logging, and more. However, there are no instances where user input is directly concatenated into HTML content without sanitation."
11613," SE: The user input from the GET parameter 'name' is directly concatenated into the HTML content without sanitation.
BL: `<h1>Welcome, on our website</h1> <script src=""https://code.jquery.com/jquery-3.6.0.min.js""></script> <script> $(document).ready(function() { $('h1').click(function() { alert('Hello, <?php echo $name; ?>!'); }); }); </script>`
BUG FOUND: YES

Explanation:

The file contains PHP code that handles a GET request with a 'name' parameter and directly concatenates it into the HTML content to display a welcome message. If a user provides malicious JavaScript code as the 'name' parameter, it would lead to Cross-Site Scripting (XSS) vulnerability. An attacker could exploit this vulnerability to steal session cookies, manipulate the site, or phish users. To prevent XSS attacks, always sanitize user inputs by using functions like htmlspecialchars() in PHP before concatenating them into HTML content."
8587," SE: There is no user input being directly concatenated into HTML content without sanitation in the provided file content.
BL: None
BUG FOUND: NO"
5609," SE: N/A
BL: N/A
BUG FOUND: NO

The provided file content is a collection of PHP classes and functions, but there are no instances where user input is directly concatenated into HTML content without sanitation. Therefore, there are no Cross-Site Scripting (XSS) vulnerabilities of type CWE-79 in this code."
5505," SE: N/A
BL: N/A
BUG FOUND: NO

The provided file content does not contain any line that may contain a bug of type CWE-79 (Improper Neutralization of Input During Web Page Generation: Cross-Site Scripting). The code is written in PHP and does not concatenate any user input directly into HTML content without sanitation."
5601," SE: N/A
BL: N/A
BUG FOUND: NO

The provided file content is a collection of PHP classes and functions, but there are no instances where user input is directly concatenated into HTML content without sanitation. Therefore, there are no Cross-Site Scripting (XSS) vulnerabilities of type CWE-79 in this code."
8595," SE: N/A
BL: N/A
BUG FOUND: NO

The provided file content does not contain any lines that directly concatenate user input into HTML content without proper sanitation, which is the primary cause of Cross-Site Scripting (XSS) vulnerabilities. The code consists of various classes and functions for different purposes, but there are no instances where user input is directly used in generating web page content."
11693," SE: N/A
BL: N/A
BUG FOUND: NO

The provided file content is a collection of PHP classes and functions, but there are no instances where user input is directly concatenated into HTML content without sanitation. Therefore, there are no Cross-Site Scripting (XSS) vulnerabilities of type CWE-79 in this code."
5577," SE: N/A
BL: N/A
BUG FOUND: NO

Explanation:
The provided file content does not contain any lines that directly concatenate user input into HTML content without proper sanitation, which is the primary cause of Cross-Site Scripting (XSS) vulnerabilities. Therefore, no bug of type CWE-79 was found in the given file content."
5633," SE: N/A
BL: N/A
BUG FOUND: NO

Explanation:
The provided file content does not contain any lines that directly concatenate user input into HTML content without proper sanitation, which is the primary cause of Cross-Site Scripting (XSS) vulnerabilities. Therefore, no bug of type CWE-79 was found in the given code."
11677," SE: N/A
BL: N/A
BUG FOUND: NO

The provided file content does not contain any lines that directly concatenate user input into HTML content without proper sanitation, which is the condition for a Cross-Site Scripting (XSS) vulnerability of type CWE-79."
11605," SE: The user input from the GET parameter 'name' is directly concatenated into the HTML content without sanitation.
BL: `echo ""<h1>Welcome, <?php echo $name; ?>!</h1>"";`
BUG FOUND: YES"
8627," SE: N/A
BL: N/A
BUG FOUND: NO

The provided file content does not contain any lines that directly concatenate user input into HTML content without proper sanitation, which is the primary cause of Cross-Site Scripting (XSS) vulnerabilities. The code consists of various classes and functions in PHP, and there are no instances where user input is included in HTML without proper sanitation."
8563," SE: N/A as the file content does not contain any user input that is directly concatenated into HTML content without sanitation.
BL: N/A
BUG FOUND: NO

Explanation:
After analyzing the provided file content, I didn't find any lines that may contain a bug of type CWE-79 (Cross-Site Scripting). The code consists of PHP classes and functions, but there are no instances where user input is directly concatenated into HTML content without proper sanitation. Therefore, I can confirm that there is no Cross-Site Scripting vulnerability in the provided code."
5513," SE: N/A
BL: N/A
BUG FOUND: NO

The provided file content is a PHP script that contains multiple classes for image processing, calculator, string manipulation, array manipulation, file handling, date time handling, color conversion, geometry calculation, network handling, encryption, logging, random number generation, and data validation. However, there is no user input that is directly concatenated into HTML content without sanitation, hence no Cross-Site Scripting (XSS) bug of type CWE-79 is found."
5529," SE: N/A
BL: N/A
BUG FOUND: NO

The provided file content is a collection of PHP classes and functions, but there is no user input being directly concatenated into HTML content without sanitation, which is the condition for Cross-Site Scripting (CWE-79) vulnerabilities. Therefore, there is no bug of type CWE-79 found in the provided file content."
8643," SE: N/A
BL: N/A
BUG FOUND: NO

The provided file content is a collection of PHP classes and functions, but it does not contain any web page generation code that could be vulnerable to Cross-Site Scripting (CWE-79). The code mainly consists of utility classes, calculators, manipulators, handlers, and formatters, but it does not contain any string concatenation with user input in the HTML context."
11685," SE: N/A
BL: N/A
BUG FOUND: NO

The provided file content does not contain any lines that directly concatenate user input into HTML content without proper sanitation, which is the primary cause of Cross-Site Scripting (XSS) vulnerabilities. Therefore, no bug of type CWE-79 was found in the given code."
11629," SE: The user input from the GET parameter 'name' is directly concatenated into the HTML content without sanitation.
BL: `<h1>Welcome, on our website</h1> <script src=""https://code.jquery.com/jquery-3.6.0.min.js""></script> <script> $(document).ready(function() { $('h1').click(function() { alert('Hello, <?php echo $name; ?>!'); }); }); </script>`
BUG FOUND: YES

The code is vulnerable to Cross-Site Scripting (XSS) attacks because it directly concatenates the user input from the GET parameter 'name' into the HTML content without proper sanitation. An attacker can inject malicious JavaScript code into the 'name' parameter, which will be executed when the user clicks on the h1 element. To prevent XSS attacks, the user input should be properly sanitized before being concatenated into the HTML content."
8603," SE: N/A
BL: N/A
BUG FOUND: NO

The provided file content does not contain any lines that directly concatenate user input into HTML content without proper sanitation, which is the primary cause of Cross-Site Scripting (XSS) vulnerabilities. Therefore, no bug of type CWE-79 was found in the given code."
11589," SE: The user input from the GET parameter 'name' is directly concatenated into the JavaScript alert without sanitation, which can lead to Cross-Site Scripting (XSS) attacks if the input is not properly sanitized.
BL: `alert('Hello, <?php echo $name; ?>!');`
BUG FOUND: YES"
11669," SE: N/A
BL: N/A
BUG FOUND: NO

This file does not contain any lines with the potential for Cross-Site Scripting (CWE-79) vulnerabilities as it does not include any user-supplied data being directly outputted into HTML. The code consists of various classes and functions for different purposes, but none of them contain any instances of user input being concatenated into HTML without proper sanitation."
11933," SE: There is no user input being directly concatenated into HTML content without sanitation in the provided file.
BL: None
BUG FOUND: NO"
8547," SE: There is no user input being directly concatenated into HTML content without sanitation in the provided code, so there is no instance of Cross-Site Scripting (XSS) vulnerability.
BL: none
BUG FOUND: NO"
5921," SE: N/A
BL: N/A
BUG FOUND: NO

The provided file content is a PHP script that contains multiple classes for various functionalities, but it does not contain any web page generation or user input that can be vulnerable to Cross-Site Scripting (CWE-79). Therefore, there is no line that may contain a bug of this type."
5499," SE: N/A
BL: N/A
BUG FOUND: NO

This PHP code does not contain any lines that directly concatenate user input into HTML content without proper sanitation, which is the condition for a Cross-Site Scripting (XSS) vulnerability. Therefore, there is no bug of type CWE-79 found in this code."
11621," SE: The user input from the GET parameter 'name' is directly concatenated into the JavaScript string without sanitation, which can lead to Cross-Site Scripting (XSS) attacks.
BL: `alert('Hello, <?php echo $name; ?>!');`
BUG FOUND: YES

Explanation:

The code takes the 'name' parameter from the GET request and directly uses it in the JavaScript alert function. An attacker can exploit this by injecting malicious JavaScript code in the 'name' parameter, which will be executed in the user's browser. To prevent XSS attacks, always sanitize user inputs by encoding or validating them before using them in any generated content, especially in JavaScript strings. In this case, you can use the `htmlspecialchars()` function to sanitize the $name variable before using it in the JavaScript string."
5873," SE: N/A
BL: N/A
BUG FOUND: NO

Explanation:
The provided file content does not contain any lines that directly concatenate user input into HTML content without proper sanitation, which is the primary cause of Cross-Site Scripting (XSS) vulnerabilities. Therefore, there is no line in the given code that may contain a bug of type CWE-79."
8875," SE: There is no user input being directly concatenated into HTML content without sanitation in the provided file content.
BL: None
BUG FOUND: NO"
5789," SE: N/A as the provided code does not contain any user input that is directly concatenated into HTML content without sanitation.
BL: N/A
BUG FOUND: NO

Explanation:
After analyzing the provided file content, I did not find any line that may contain a bug of type CWE-79 (Improper Neutralization of Input During Web Page Generation: Cross-Site Scripting). The code mainly consists of classes and functions, and there is no user input that is directly concatenated into HTML content without proper sanitation. Therefore, the risk of Cross-Site Scripting (XSS) attacks is minimal in this code."
8843," SE: The 'username' and 'password' are directly concatenated into HTML content without sanitation in the 'value' and 'placeholder' attributes of the input elements.
BL: `<input type=""text"" name=""username"" id=""inputUser"" class=""form-control"" value=""<?= $_POST['username'] ?? '' ?>"" required autofocus>`
BL: `<input type=""password"" name=""password"" id=""inputPassword"" class=""form-control"" placeholder=""Password"" required>`
BUG FOUND: YES"
5787," SE: N/A
BL: N/A
BUG FOUND: NO

This PHP code does not contain any lines that may contain a bug of type CWE-79 (Improper Neutralization of Input During Web Page Generation: Cross-Site Scripting). The code does not concatenate any user input directly into HTML content without sanitation."
5833," SE: N/A as the provided code does not contain any user input that is directly concatenated into HTML content without sanitation.
BL: N/A
BUG FOUND: NO

Explanation:
After analyzing the provided file content, I did not find any instances where user input is directly concatenated into HTML content without proper sanitation. Therefore, there are no Cross-Site Scripting (XSS) vulnerabilities of type CWE-79 in the provided code.

Please note that this analysis is based on the provided code snippet only. In a real-world scenario, it's essential to thoroughly examine all user inputs and their corresponding sanitation methods to ensure the security of the application."
5841," SE: N/A
BL: N/A
BUG FOUND: NO

The provided file content does not contain any line that directly concatenates user input into HTML content without proper sanitation, which could lead to a Cross-Site Scripting (XSS) vulnerability of type CWE-79. The code consists of various classes and functions for different purposes, but there are no instances where user input is directly included in HTML output."
5913," SE: N/A
BL: N/A
BUG FOUND: NO

The provided file content does not contain any lines that may contain a bug of type CWE-79 (Improper Neutralization of Input During Web Page Generation: Cross-Site Scripting). The code is written in PHP and there are no direct concatenations of user input into HTML content without sanitation."
8923," SE: N/A
BL: N/A
BUG FOUND: NO

The provided file content does not contain any lines that construct HTML responses directly from user input, which is the primary vector for Cross-Site Scripting (XSS) attacks. Therefore, there are no lines that may contain a bug of type CWE-79."
11872," SE: The user-supplied 'name' variable is directly concatenated into the JavaScript code without sanitation, which can lead to Cross-Site Scripting (XSS) attacks.
BL: `alert('Hello, <?php echo $name; ?>!');`
BUG FOUND: YES"
5793," SE: N/A
BL: N/A
BUG FOUND: NO

The provided file content does not contain any line that may contain a bug of type CWE-79 (Improper Neutralization of Input During Web Page Generation: Cross-Site Scripting). The code is written in PHP and does not contain any direct concatenation of user input into HTML content without sanitation."
8971," SE: N/A
BL: N/A
BUG FOUND: NO

The provided file content does not contain any lines that may contain a bug of type CWE-79 (Improper Neutralization of Input During Web Page Generation: Cross-Site Scripting). The code is composed of various classes and functions in PHP, but there are no instances where user input is directly concatenated into HTML content without proper sanitation."
11957," SE: N/A
BL: N/A
BUG FOUND: NO

The provided file content does not contain any lines that may contain a bug of type CWE-79 (Improper Neutralization of Input During Web Page Generation: Cross-Site Scripting). The code is written in PHP and there are no instances where user input is directly concatenated into HTML content without proper sanitation."
8831," SE: The 'value' attribute of the input element is directly concatenated into HTML content without sanitation in the line below.
BL: `<input type=""text"" name=""username"" id=""inputUser"" class=""form-control"" value=""<?= $_POST['username'] ?? '' ?>"" required autofocus>`
BUG FOUND: YES"
11941," SE: N/A as the provided file content does not contain any lines with user input that could be directly concatenated into HTML content without sanitation.
BL: N/A
BUG FOUND: NO

Explanation:

The file content consists of PHP classes and functions, but there are no lines where user input is directly concatenated into HTML content without proper sanitation. Therefore, there is no possibility of a Cross-Site Scripting (XSS) bug of type CWE-79 in the provided file content."
12013," SE: N/A
BL: N/A
BUG FOUND: NO

The provided file content does not contain any lines that may contain a bug of type CWE-79 (Improper Neutralization of Input During Web Page Generation: Cross-Site Scripting). The code is written in PHP and there are no instances where user input is directly concatenated into HTML content without proper sanitation."
12005," SE: N/A
BL: N/A
BUG FOUND: NO

The provided file content does not contain any lines that may contain a bug of type CWE-79 (Improper Neutralization of Input During Web Page Generation: Cross-Site Scripting). The code is written in PHP and there are no instances where user input is directly concatenated into HTML content without proper sanitation."
8939," SE: N/A
BL: N/A
BUG FOUND: NO

The provided file content does not contain any lines that directly concatenate user input into HTML content without proper sanitation, which is the primary cause of Cross-Site Scripting (XSS) vulnerabilities. Therefore, there are no instances of the bug type CWE-79 found in this file."
8899," SE: N/A as the provided code does not contain any user input that is directly concatenated into HTML content without sanitation.
BL: N/A
BUG FOUND: NO

Explanation:
After analyzing the provided file content, I did not find any instances where user input is directly concatenated into HTML content without proper sanitation. Therefore, there are no Cross-Site Scripting (XSS) vulnerabilities of type CWE-79 in the provided code.

Please note that this analysis is based on the provided code snippet, and potential vulnerabilities may still exist in other parts of the application. Always ensure to follow secure coding practices and sanitize user inputs when integrating them into potentially unsafe contexts, such as HTML."
5817," SE: N/A
BL: N/A
BUG FOUND: NO

Explanation:
The given file content does not contain any web page generation or user input handling code, so it is not possible to find a Cross-Site Scripting (XSS) vulnerability of type CWE-79 in this context."
11873," SE: The user input $name is directly concatenated into the JavaScript code without sanitation, which can lead to Cross-Site Scripting (XSS) attacks.
BL: `alert('Hello, <?php echo $name; ?>!');`
BUG FOUND: YES"
5788," SE: N/A
BL: N/A
BUG FOUND: NO

Explanation:

After analyzing the provided file content, I did not find any lines that may contain a bug of type CWE-79 (Improper Neutralization of Input During Web Page Generation: Cross-Site Scripting). The code does not concatenate any user input directly into HTML content without proper sanitation. Therefore, there is no risk of Cross-Site Scripting (XSS) vulnerabilities in the provided code."
11917," SE: The user input is directly concatenated into the JavaScript code without sanitation, which can lead to Cross-Site Scripting (XSS) attacks.
BL: `alert('Hello, <?php echo $name; ?>!');`
BUG FOUND: YES

Explanation:

The given PHP code contains a section of JavaScript code that uses the `$name` variable from the PHP scope. If the `$name` variable contains any user-supplied input that is not properly sanitized, an attacker can inject malicious JavaScript code into the page, leading to a Cross-Site Scripting (XSS) vulnerability. In this case, the `$name` variable should be sanitized using the `htmlspecialchars()` function before being used in the JavaScript code to prevent XSS attacks."
8907," SE: N/A
BL: N/A
BUG FOUND: NO

The provided file content does not contain any lines that may contain a bug of type CWE-79 (Improper Neutralization of Input During Web Page Generation: Cross-Site Scripting). The code is composed of various classes and functions in PHP, but there are no instances where user input is directly concatenated into HTML content without proper sanitation."
11925," SE: There is no user input being directly concatenated into HTML content without sanitation in the provided file content.
BL: None
BUG FOUND: NO

Explanation:
After analyzing the provided file content, I did not find any instances where user input was directly concatenated into HTML content without proper sanitation. Therefore, there are no Cross-Site Scripting (XSS) vulnerabilities of type CWE-79 in the provided code.

However, it is essential to maintain good coding practices and consistently sanitize user inputs, especially when dealing with user-generated content or external data sources. This ensures the security and integrity of your application."
8830," SE: The 'value' attribute of the 'input' elements in the form does not properly sanitize user input, which could potentially lead to Cross-Site Scripting (XSS) attacks.
BL: `<input type=""text"" name=""username"" id=""inputUser"" class=""form-control"" value=""<?= $_POST['username'] ?? '' ?>"" required autofocus>`
BUG FOUND: YES

Explanation:

The 'value' attribute of the 'input' elements in the form directly concatenates user input from the '$_POST' array without any sanitization. This presents a security vulnerability as an attacker could inject malicious JavaScript code into the application through the 'username' field, leading to a Cross-Site Scripting (XSS) attack.

To mitigate this vulnerability, you should sanitize the user input by using the 'htmlspecialchars()' function before outputting it to the HTML content. For example:

`<input type=""text"" name=""username"" id=""inputUser"" class=""form-control"" value=""<?= htmlspecialchars($_POST['username'] ?? '', ENT_QUOTES, 'UTF-8') ?>"" required autofocus>`

This will ensure that any special characters in the user input are properly escaped, preventing any potential XSS attacks."
11981," SE: N/A
BL: N/A
BUG FOUND: NO

The provided file content does not contain any lines that may contain a bug of type CWE-79 (Improper Neutralization of Input During Web Page Generation: Cross-Site Scripting). The code is written in PHP and there are no instances where user input is directly concatenated into HTML content without sanitation."
8931," SE: N/A
BL: N/A
BUG FOUND: NO

The provided file content does not contain any lines that directly concatenate user input into HTML content without proper sanitation, which is the primary cause of Cross-Site Scripting (XSS) vulnerabilities. Therefore, no bug of type CWE-79 was found in the given code."
5897," SE: N/A
BL: N/A
BUG FOUND: NO

The provided code does not contain any lines with Cross-Site Scripting (XSS) vulnerabilities. It consists of various classes and functions in PHP, but none of them concatenate user input directly into HTML content without proper sanitation. Therefore, there is no risk of XSS attacks in this code."
5857," SE: N/A
BL: N/A
BUG FOUND: NO

The provided file content does not contain any lines that may contain a bug of type CWE-79 (Improper Neutralization of Input During Web Page Generation: Cross-Site Scripting). The code is written in PHP and does not contain any direct concatenation of user input into HTML content without sanitation."
11901," SE: The user input from the GET parameter 'name' is directly concatenated into the HTML content without sanitation.
BL: `<h1>Welcome, <?php echo $name; ?>!</h1>`
BUG FOUND: YES"
8883," SE: N/A as the file content does not contain any user input that is directly concatenated into HTML content without sanitation.
BL: N/A
BUG FOUND: NO

Explanation:
After analyzing the provided file content, I can confirm that there are no lines containing a bug of type CWE-79 (Improper Neutralization of Input During Web Page Generation: Cross-Site Scripting). The file consists of various classes and functions written in PHP, but there is no user input being directly concatenated into HTML content without proper sanitation. Therefore, the risk of Cross-Site Scripting (XSS) attacks is minimal in this file."
11893," SE: The user input from the $_GET['name'] variable is directly concatenated into the HTML content without sanitation.
BL: `echo ""<h1>Welcome, <?php echo $name; ?>!</h1>""`
BUG FOUND: YES"
5865," SE: N/A
BL: N/A
BUG FOUND: NO

The provided file content is a PHP script that contains multiple classes for various functionalities, but it does not include any user input that is directly concatenated into HTML content without sanitation. Therefore, there are no Cross-Site Scripting (XSS) vulnerabilities of type CWE-79 found in this file."
11871," SE: The user input from the GET request is directly used in the JavaScript alert without any sanitization, which can lead to Cross-Site Scripting (XSS) attacks if the input is not properly validated and sanitized.
BL: `alert('Hello, <?php echo $name; ?>!');`
BUG FOUND: YES"
11965," SE: There is no user input being directly concatenated into HTML content without sanitation in the provided code, so there is no line that may contain a bug of type CWE-79 (Cross-Site Scripting).

BL: none

BUG FOUND: NO"
8891," SE: N/A
BL: N/A
BUG FOUND: NO

The provided file content does not contain any lines that directly concatenate user input into HTML content without proper sanitation, which is the primary cause of Cross-Site Scripting (XSS) vulnerabilities. Therefore, no bug of type CWE-79 was found in the given file content."
11909," SE: The 'name' variable is directly concatenated into the JavaScript code without sanitation, which can lead to Cross-Site Scripting (XSS) attacks if the input is not properly sanitized.
BL: `alert('Hello, <?php echo $name; ?>!');`
BUG FOUND: YES"
11989," SE: N/A
BL: N/A
BUG FOUND: NO

The provided file content is a collection of PHP classes and functions, but there are no instances where user input is directly concatenated into HTML content without sanitation. Therefore, there are no Cross-Site Scripting (XSS) vulnerabilities of type CWE-79 found in this code."
5825," SE: N/A
BL: N/A
BUG FOUND: NO

The provided file content does not contain any lines that may contain a bug of type CWE-79 (Improper Neutralization of Input During Web Page Generation: Cross-Site Scripting). The code is composed of various classes and functions in PHP, but there are no instances of user input being directly concatenated into HTML content without proper sanitation."
5801," SE: N/A as the provided code does not contain any HTML content or user inputs that could be vulnerable to Cross-Site Scripting (XSS) attacks.
BL: N/A
BUG FOUND: NO

Explanation:
Cross-Site Scripting (XSS) vulnerabilities typically occur when user inputs are directly concatenated into HTML content without proper sanitation. In the provided code, there are no such instances found. Therefore, there is no bug of type CWE-79 found in the given code."
8835," SE: There is no user input being directly concatenated into HTML content without sanitation in the provided file content.
BL: None
BUG FOUND: NO

The file content consists of PHP classes, functions, and constant definitions, but there are no instances where user input is directly inserted into HTML without proper sanitation. Therefore, there are no Cross-Site Scripting (XSS) vulnerabilities of type CWE-79 in the provided file content."
8947," SE: N/A as the provided code does not contain any user input that is directly concatenated into HTML content without sanitation, which is the primary cause of Cross-Site Scripting (XSS) vulnerabilities.
BL: N/A
BUG FOUND: NO

Explanation:
The given code is a collection of PHP classes and functions, none of which contain any user input that is directly concatenated into HTML content without proper sanitation. Therefore, there are no Cross-Site Scripting (XSS) vulnerabilities of type CWE-79 in this code."
11877," SE: The user input from the GET parameter 'name' is directly concatenated into the JavaScript code without sanitation, which can lead to Cross-Site Scripting (XSS) attacks.
BL: `alert('Hello, <?php echo $name; ?>!');`
BUG FOUND: YES"
11997," SE: N/A
BL: N/A
BUG FOUND: NO

The provided file content does not contain any lines that may contain a bug of type CWE-79 (Improper Neutralization of Input During Web Page Generation: Cross-Site Scripting). The code is written in PHP and there are no instances where user input is directly concatenated into HTML content without proper sanitation."
8859," SE: The 'username' and 'password' are directly concatenated into HTML content without sanitation in the 'value' attribute of the input elements.
BL: `<input type=""text"" name=""username"" id=""inputUser"" class=""form-control"" value=""<?= $_POST['username'] ?? '' ?>"" required autofocus>`
BUG FOUND: YES

SE: The 'username' is directly concatenated into HTML content without sanitation in the 'for' attribute of the label element.
BL: `<label for=""inputUser"" class=""sr-only"">Username</label>`
BUG FOUND: YES

SE: The 'password' is directly concatenated into HTML content without sanitation in the 'placeholder' attribute of the input element.
BL: `<label for=""inputPassword"" class=""sr-only"">Password</label> <input type=""password"" name=""password"" id=""inputPassword"" class=""form-control"" placeholder=""Password"" required>`
BUG FOUND: YES"
8955," SE: N/A
BL: N/A
BUG FOUND: NO

The provided file content does not contain any lines that directly concatenate user input into HTML content without proper sanitation, which could lead to a Cross-Site Scripting (XSS) vulnerability of type CWE-79. The code consists of various classes and functions in PHP, but there are no instances where user input is directly included in HTML without proper sanitization."
8829," SE: The 'value' attribute of the 'inputUser' field directly concatenates user input into HTML content without sanitation.
BL: `value=""<?= $_POST['username'] ?? '' ?>""`
BUG FOUND: YES

Explanation:

The line `value=""<?= $_POST['username'] ?? '' ?>""` in the 'inputUser' field is a potential security risk as it directly concatenates user input from the POST request into the HTML content without any sanitation. This makes it vulnerable to Cross-Site Scripting (XSS) attacks, where an attacker can inject malicious scripts into the web page. To mitigate this risk, it is recommended to sanitize the user input or use template literals with escaping to ensure that any special characters are properly encoded."
5809," SE: N/A
BL: N/A
BUG FOUND: NO

The provided file content does not contain any lines that may contain a bug of type CWE-79 (Improper Neutralization of Input During Web Page Generation: Cross-Site Scripting). The code is written in PHP and generates PDF files using the FPDF library, but there are no instances where user input is directly concatenated into HTML content without proper sanitation."
11949," SE: N/A
BL: N/A
BUG FOUND: NO

The provided file content does not contain any lines that may contain a bug of type CWE-79 (Improper Neutralization of Input During Web Page Generation: Cross-Site Scripting). The code is written in PHP and there are no instances where user input is directly concatenated into HTML content without proper sanitation."
5905," SE: N/A
BL: N/A
BUG FOUND: NO

Explanation:
The provided file content is a collection of PHP classes and functions, but there are no instances where user input is directly concatenated into HTML content without proper sanitation. Therefore, there are no Cross-Site Scripting (XSS) vulnerabilities of type CWE-79 found in this code."
8851," SE: N/A as the file content does not contain any user input that is directly concatenated into HTML content without sanitation.
BL: N/A
BUG FOUND: NO

Explanation:
After analyzing the provided file content, I can confirm that there are no lines containing a bug of type CWE-79 (Improper Neutralization of Input During Web Page Generation: Cross-Site Scripting). The reason is that there are no instances where user input is directly concatenated into HTML content without proper sanitation. Therefore, the risk of Cross-Site Scripting (XSS) attacks is minimal in this code."
5881," SE: N/A
BL: N/A
BUG FOUND: NO

The provided file content does not contain any lines that directly concatenate user input into HTML content without proper sanitation, which is the condition for Cross-Site Scripting (CWE-79) vulnerabilities."
5929," SE: N/A
BL: N/A
BUG FOUND: NO

The provided file content does not contain any lines that may contain a bug of type CWE-79 (Improper Neutralization of Input During Web Page Generation: Cross-Site Scripting). The code is written in PHP and does not contain any obvious concatenation of user input into HTML content without proper sanitation. However, it is still important to ensure that all user inputs are properly sanitized and validated before using them in any context, especially when generating user-facing content."
8867," SE: The 'username' and 'password' inputs are directly used in the HTML content without sanitation in the 'form-signin' form.
BL: `<input type=""text"" name=""username"" id=""inputUser"" class=""form-control"" value=""<?= $_POST['username'] ?? '' ?>"" required autofocus>`, `<input type=""password"" name=""password"" id=""inputPassword"" class=""form-control"" placeholder=""Password"" required>`
BUG FOUND: YES"
5889," SE: N/A
BL: N/A
BUG FOUND: NO

The provided file content is a collection of PHP classes and functions, but none of them contain any obvious Cross-Site Scripting (XSS) vulnerabilities. The code does not concatenate user input directly into HTML content without proper sanitization. Therefore, there is no bug of type CWE-79 found in the provided file content."
5849," SE: N/A
BL: N/A
BUG FOUND: NO

The provided file content does not contain any lines that may contain a bug of type CWE-79 (Improper Neutralization of Input During Web Page Generation: Cross-Site Scripting). The code is written in PHP and there are no instances where user input is directly concatenated into HTML content without proper sanitation."
11973," SE: N/A
BL: N/A
BUG FOUND: NO

The provided file content does not contain any lines that may contain a bug of type CWE-79 (Improper Neutralization of Input During Web Page Generation: Cross-Site Scripting). The code is written in PHP and there are no instances where user input is directly concatenated into HTML content without proper sanitation."
8963," SE: N/A
BL: N/A
BUG FOUND: NO

The provided file content does not contain any lines that directly concatenate user input into HTML content without proper sanitation, which is the primary cause of Cross-Site Scripting (XSS) vulnerabilities. Therefore, no bug of type CWE-79 was found in the given file content."
8915," SE: N/A
BL: N/A
BUG FOUND: NO

The provided file content does not contain any lines that may contain a bug of type CWE-79 (Improper Neutralization of Input During Web Page Generation: Cross-Site Scripting). The code is written in PHP and there are no instances where user input is directly concatenated into HTML content without sanitation."
11885," SE: The user input from the GET parameter 'name' is directly inserted into a JavaScript string that is used in a click event handler without proper sanitization. This can lead to Cross-Site Scripting (XSS) attacks if the input is not properly sanitized.
BL: `$('h1').click(function() { alert('Hello, <?php echo $name; ?>!'); });`
BUG FOUND: YES"
