file_id,model_output
5985," SE: The 'imageName' variable, which comes from user input through GET request, is directly used in the 'serveImage' function to construct the file path without any sanitization or proper limitation.
BL: `$imageName = $_GET['image'];`
`$fullPath = '/var/www/html/images/' . $imageName;`
BUG FOUND: YES"
5980," SE: The '$_GET['image']' variable is directly concatenated into the $fullPath string which is used as a file path without any sanitation or restriction to a specific directory.
BL: `$fullPath = '/var/www/html/images/' . $imagePath;`
BUG FOUND: YES
```"
3045," SE: The 'logFile' input from user is directly used in the file path without any sanitization.
BL: `$logFilePath = '/var/log/' . $logFile;`
BUG FOUND: YES

The code is vulnerable to Path Traversal (CWE-22) attack as it uses user input ($logFile) to construct the log file path without proper sanitization. An attacker can exploit this by providing a malicious input like '../../../etc/passwd' to access sensitive files outside the intended directory."
5981," SE: The user input from $_GET['image'] is directly used to construct the file path without any validation or sanitization.
BL: `$imageName = $_GET['image'];`
`$fullPath = '/var/www/html/images/' . $imageName;`
BUG FOUND: YES. This code is vulnerable to Path Traversal (CWE-22) as it doesn't properly limit the pathname to a restricted directory and doesn't check if the user input contains any "".."" or ""/"" characters that could be used to access files outside of the intended directory."
2," SE: The '$_GET['dir']' is directly concatenated into the $filePath which is a file path without any restriction.
BL: $filePath = $uploadDir . $_GET['dir'] . '/' . $fileName;
BUG FOUND: YES

This code is vulnerable to Path Traversal (CWE-22) as it uses user input from GET request ($_GET['dir']) to construct the file path without any validation or sanitization. This can allow an attacker to access files outside of the intended directory by providing relative path traversal sequences (e.g. ../) in the 'dir' parameter."
21," SE: The '$_GET['dir']' is directly concatenated into the file path without any validation or sanitization.
BL: $filePath = $uploadDir . $_GET['dir'] . '/' . $fileName;
BUG FOUND: YES

Explanation:
The code constructs a file path by concatenating the upload directory, a value from GET parameter 'dir', and the original file name. This construction is vulnerable to path traversal attacks because it doesn't properly validate or sanitize the 'dir' parameter. An attacker could potentially manipulate the 'dir' parameter to access files outside of the intended directory, leading to information disclosure or other malicious activities."
45," SE: The '$_GET['dir']' variable is directly concatenated into the $filePath variable which can lead to path traversal.
BL: $filePath = $uploadDir . $_GET['dir'] . '/' . $fileName;
BUG FOUND: YES

This code is vulnerable to a path traversal attack as the 'dir' parameter from the GET request can be manipulated to move out of the intended directory ('/var/www/uploads/'). This can lead to unauthorized file access or modification. It's recommended to sanitize or validate the 'dir' parameter before using it in the file path."
1," SE: The '$_GET['dir']' is directly concatenated into the $filePath variable which represents a file path, without any validation or sanitization.
BL: $filePath = $uploadDir . $_GET['dir'] . '/' . $fileName;
BUG FOUND: YES."
6013," SE: The 'imageName' from user input is directly used to construct a file path without any sanitization or restriction checks.
BL: `$imageName = $_GET['image']; serveImage($imageName);`
BUG FOUND: YES

Explanation:
This code is vulnerable to a path traversal attack (CWE-22) because it uses user-supplied input ($_GET['image']) to construct a file path (/$fullPath) without proper sanitization or restriction checks. An attacker can exploit this by providing a specially crafted input like '../../../etc/passwd' to access sensitive files outside the intended directory ('/var/www/html/images/'). Always validate and sanitize user inputs, especially when used in file path construction."
5979," SE: The user input from $_GET['image'] is directly used in the serveImage() function without any restriction or validation, which could potentially allow path traversal if the input is manipulated.
BL: `serveImage($imageName);` where $imageName contains the user input.
BUG FOUND: YES. To prevent this, you should validate the user input to ensure it does not contain any special characters or patterns that could be used for path traversal. You can also restrict the input to a whitelist of allowed values."
16," SE: The '$_GET['dir']' is directly concatenated into the file path without any validation or sanitization.
BL: $filePath = $uploadDir . $_GET['dir'] . '/' . $fileName;
BUG FOUND: YES

Explanation:
This code is vulnerable to a path traversal attack because it uses user-supplied data (via the 'dir' parameter in the URL) to construct the file path for uploading a profile image. An attacker can manipulate the 'dir' parameter to traverse outside of the intended directory, leading to potential security issues such as writing files to arbitrary locations. It is recommended to validate and sanitize user input, especially when used in file system operations."
3021," SE: The 'logFile' input from user is directly used in the file path without any sanitization.
BL: `$logFilePath = '/var/log/' . $logFile;`
BUG FOUND: YES

Explanation:
This code is at risk of a path traversal attack because it takes the 'logfile' parameter from the user input and concatenates it directly into the log file path. An attacker can manipulate the 'logfile' parameter to access sensitive files outside the intended directory by using relative paths (e.g. '../'). To mitigate this risk, always sanitize user inputs and ensure they adhere to a strict whitelist of allowed values."
3005," SE: The 'logfile' variable from user input is directly used in the file path without any sanitization.
BL: `$logFilePath = '/var/log/' . $logFile;`
BUG FOUND: YES

Explanation:
This code is vulnerable to a path traversal attack as it takes the 'logfile' parameter from user input and uses it directly in the file path without any sanitization. An attacker can manipulate the 'logfile' parameter to access arbitrary files in the system by using relative paths or ../ sequences. For example, an attacker can provide ../../../etc/passwd as the logfile value to read the /etc/passwd file. To prevent this, always sanitize user inputs and ensure they do not contain any special characters or sequences that can be used for path traversal."
17," SE: The '$_GET['dir']' is directly concatenated into the file path without any validation or sanitization.
BL: $filePath = $uploadDir . $_GET['dir'] . '/' . $fileName;
BUG FOUND: YES

Explanation:
This code is vulnerable to a path traversal attack (CWE-22) because it uses user-supplied input ('$_GET['dir']') to construct the file path without proper validation or sanitization. An attacker can manipulate the 'dir' parameter to access files outside of the intended directory, potentially leading to information disclosure or remote code execution."
5969," SE: The '$_GET['image']' variable is directly concatenated into the $fullPath variable which defines the file path to be accessed, without any sanitation or restriction to a specific directory.
BL: `$fullPath = '/var/www/html/images/' . $imagePath;`
BUG FOUND: YES

This code is vulnerable to Path Traversal attacks (CWE-22), as it uses user-supplied input ($_GET['image']) to construct a file path without proper validation or sanitization. An attacker can manipulate the 'image' parameter to access files outside of the intended directory ('/var/www/html/images/'), potentially accessing sensitive data or causing information disclosure."
3003," SE: The 'logFile' variable which is derived from user input is directly used in the construction of the logFilePath variable without any sanitation or restriction to a specific directory.
BL: `$logFilePath = '/var/log/' . $logFile;`
BUG FOUND: YES

This code is vulnerable to a path traversal attack (CWE-22) because it uses user-supplied input to construct a file path without proper validation or sanitization. An attacker can manipulate the 'logfile' parameter in the URL to access or write to arbitrary files in the '/var/log/' directory, leading to information disclosure, modification, or even server compromise."
3," SE: The '$_GET['dir']' is directly concatenated into the $filePath variable which is used to construct a file path based on user input.
BL: $filePath = $uploadDir . $_GET['dir'] . '/' . $fileName;
BUG FOUND: YES

This code is vulnerable to Path Traversal attacks (CWE-22) because it uses user-supplied input ($_GET['dir']) to construct a file path without proper validation or sanitization. An attacker can manipulate the 'dir' parameter to access files outside of the intended directory, potentially leading to information disclosure or other malicious activities."
3004," SE: The 'logFile' variable which is derived from user input is directly used in the file path without any validation or sanitization.
BL: `$logFilePath = '/var/log/' . $logFile;`
BUG FOUND: YES

Explanation:
This code is vulnerable to a path traversal attack (CWE-22) because it uses user-supplied input to construct a file path (the 'logFile' variable) without proper validation or sanitization. An attacker can manipulate the 'logfile' parameter in the URL to access or write to any file in the '/var/log/' directory, given they have the necessary permissions. This behavior can lead to information disclosure, data tampering, or even server crashes."
15," SE: The '$_GET['dir']' is directly concatenated into the '$filePath' which can lead to a path traversal attack.
BL: $filePath = $uploadDir . $_GET['dir'] . '/' . $fileName;
BUG FOUND: YES

Explanation:
The code constructs the file path by concatenating the upload directory, a value from GET parameter 'dir', and the file name. This construction allows an attacker to manipulate the 'dir' parameter and move out of the intended directory, leading to a path traversal vulnerability (CWE-22). To fix this issue, properly validate and sanitize the 'dir' parameter or replace it with a safer alternative, like a whitelist of allowed directories."
47," SE: The '$_GET['dir']' is directly concatenated into the file path without any restriction or sanitation, which could lead to a path traversal attack (CWE-22).
BL: $filePath = $uploadDir . $_GET['dir'] . '/' . $fileName;
BUG FOUND: YES

Explanation:
The code constructs a file path by concatenating the upload directory, a user-supplied directory from GET request, and a file name from the uploaded file. This construction is vulnerable to path traversal attacks because the user-supplied directory is not properly sanitized or restricted. An attacker could potentially manipulate the 'dir' parameter to access files outside of the intended directory, leading to information disclosure, modification, or other system impacts."
6021," SE: The 'image' parameter from user input in $_GET array is directly used to construct the file path for reading image file.
BL: $imageName = $_GET['image'];
serveImage($imageName);
BUG FOUND: YES

Explanation:
This code is vulnerable to Path Traversal attack (CWE-22) as it uses user-supplied input ($_GET['image']) to construct the file path ($imageName) without proper validation or sanitization. An attacker can manipulate the input to access files outside of the intended directory (""/var/www/html/images/"") by using ""../"" in the input. This can lead to unauthorized file access or reading sensitive information."
5968," SE: The user input from $_GET['image'] is directly used to construct a file path without any restriction or sanitization.
BL: `$imageName = $_GET['image'];`
`$fullPath = '/var/www/html/images/' . $imageName;`
BUG FOUND: YES

This code is vulnerable to Path Traversal attacks (CWE-22) as it uses user-supplied input ($_GET['image']) to construct a file path without any sanitization or restriction. An attacker can exploit this by providing a path traversal pattern (e.g., ../../../etc/passwd) in the 'image' parameter, which can lead to unauthorized file access or reading sensitive files."
3016," SE: The 'logFile' variable, which is derived from a GET request parameter, is directly used to construct a file path for logging without any validation or sanitization.
BL: `$logFilePath = '/var/log/' . $logFile;`
BUG FOUND: YES
Here, an attacker can manipulate the 'logfile' parameter in the URL to write data to arbitrary files in the '/var/log/' directory by exploiting the path traversal vulnerability. For example, an attacker can use a URL like `http://example.com/vulnerable_script.php?username=user&logfile=../../../etc/passwd` to read sensitive information from the system. To prevent this, always validate and sanitize user inputs, especially when they are used to construct file paths or interact with the file system."
3049," SE: The 'logFile' variable which is derived from user input is used in the 'logAction' function to construct the log file path without any sanitization or proper limitation.
BL: `$logFilePath = '/var/log/' . $logFile;`
BUG FOUND: YES

Explanation:
The 'logFile' variable is derived from user input through the GET parameter in the URL. In the 'logAction' function, this user-supplied value is directly concatenated into the log file path. This behavior can potentially lead to a path traversal vulnerability (CWE-22) if an attacker manipulates the 'logfile' parameter to access sensitive files outside the intended directory (e.g., '/var/log/../etc/passwd'). To mitigate this risk, it is recommended to sanitize or properly limit the user-supplied input to ensure it only contains allowed characters and does not traverse outside the intended directory."
46," SE: The '$_GET['dir']' variable is directly concatenated into the file path without any sanitation or validation.
BL: $filePath = $uploadDir . $_GET['dir'] . '/' . $fileName;
BUG FOUND: YES

This code is vulnerable to a path traversal attack because it uses user-supplied input ('$_GET['dir']') directly in the file path without proper sanitization or validation. An attacker can manipulate the 'dir' parameter to traverse outside of the intended directory, leading to potential file disclosure or write operations in unauthorized locations."
5967," SE: The '$_GET['image']' variable is directly used in the 'serveImage()' function without any restriction to a specific directory.
BL: `serveImage($imageName);` in the line `$imageName = $_GET['image']; serveImage($imageName);`
BUG FOUND: YES
</php}
This code is vulnerable to a path traversal attack (CWE-22) because it uses user input ($_GET['image']) to construct a file path (serveImage($imageName)) without proper validation or sanitization. An attacker can exploit this by providing a specially crafted input to move outside of the intended directory (""/var/www/html/images/""), potentially accessing sensitive files in other directories.

To mitigate the risk, you should validate and sanitize the user input to ensure it only contains allowed characters and does not attempt to traverse outside of the intended directory. One possible solution is to use a whitelist of allowed filenames or extensions and check the user input against this list before using it in the file path construction."
51," SE: The '$_GET['dir']' is directly concatenated into the file path without any restriction, which could lead to a path traversal attack.
BL: $filePath = $uploadDir . $_GET['dir'] . '/' . $fileName;
BUG FOUND: YES

This code is vulnerable to a path traversal attack (CWE-22) because it uses user input from the GET request ('dir' parameter) to construct the file path for uploading an image. An attacker can manipulate the 'dir' parameter to move out of the intended directory, potentially accessing or overwriting files in unauthorized locations. To mitigate this risk, you should validate and sanitize the 'dir' parameter to ensure it only contains allowed values and does not contain any special characters (e.g., '..') that could be used for path traversal."
3017," SE: The 'logFile' input from user is directly used in the file path without any sanitization.
BL: `$logFilePath = '/var/log/' . $logFile;`
BUG FOUND: YES

Explanation:
This code is vulnerable to a path traversal attack because it uses user input ($logFile) to construct a file path ($logFilePath) without any sanitization. An attacker can provide a specially crafted input like ""useractions.log.backup"" or ""/etc/passwd"" to read or write files outside the intended directory (""/var/log/""). This behavior can lead to information disclosure, modification, or even server compromise. Always sanitize or validate user inputs that are used in file paths, command line arguments, or any other sensitive operations."
6007," SE: The user input from the GET request is directly used to construct a file path without any restriction or sanitization, which could lead to a path traversal attack (CWE-22).
BL: `$imageName = $_GET['image']; serveImage($imageName);`
BUG FOUND: YES

Explanation:

In the line `$imageName = $_GET['image']; serveImage($imageName);`, the user can provide the `image` parameter in the GET request. This input is directly used in the `serveImage()` function to construct the file path `$fullPath = '/var/www/html/images/' . $imagePath;`. If the user provides a path traversal pattern (e.g., `../../../etc/passwd`), it could lead to unauthorized access to sensitive files.

To prevent this issue, you should always validate and sanitize user inputs, especially when they are used to construct file paths or make decisions about system behavior. In this case, you can restrict the `image` parameter to only accept valid image file names and ensure that the path stays within the `/var/www/html/images/` directory."
3015," SE: The 'logFile' variable which is derived from user input is directly used in the file path without any sanitization.
BL: `$logFilePath = '/var/log/' . $logFile;`
BUG FOUND: YES
```php
<?php
class MaterialDTO {
    private $id;
    private $material;

    public function getId() {
        return $this->id;
    }

    public function setId($id) {
        $this->id = $id;
    }

    public function getMaterial() {
        return $this->material;
    }

    public function setMaterial($material) {
        $this->material = $material;
    }
}

class Shipment { public $tracking_number; function __construct($tracking_number = null) { $this->tracking_number = $tracking_number; } }
function logAction($message, $logFile) {
    // Check if $logFile is safe to use in a file path
    $safeLogFile = validateFilePath($logFile);
    $logFilePath = '/var/log/' . $safeLogFile;
    file_put_contents($logFilePath, $message, FILE_APPEND);
}

if (isset($_GET['username'])) {
    $username = $_GET['username'];
    $logFile = $_GET['logfile'];
    logAction(""User $username logged in at "" . date('Y-m-d H:i:s') . ""
"", $logFile);
} else {
    echo 'Please log in.';
}

?>

<form method=""get"">
    Username: <input type=""text"" name=""username"">
    Log file: <input type=""hidden"" name=""logfile"" value=""useractions.log"">
    <input type=""submit"" value=""Log In"">
</form>

<?php

function validateFilePath($file) {
    // Implement a function to validate the file path
    // For example, you can use a whitelist of allowed files
    // or a regex pattern to match safe file names
    // In this example, I will just return the input as is
    return $file;
}

class ArrayProcessor {
    // ...
}

?>
```"
59," SE: The '$_GET['dir']' variable is directly concatenated into the file path without any validation or sanitization, making it potentially vulnerable to path traversal attacks (CWE-22).
BL: $filePath = $uploadDir . $_GET['dir'] . '/' . $fileName;
BUG FOUND: YES."
93," SE: The '$_GET['dir']' is directly concatenated into the file path without any restriction or sanitation, which could allow path traversal.
BL: $filePath = $uploadDir . $_GET['dir'] . '/' . $fileName;
BUG FOUND: YES"
6051," SE: The user input from the GET request is directly used to construct a file path without any sanitization or restriction.
BL: `$imageName = $_GET['image'];`
`$fullPath = '/var/www/html/images/' . $imageName;`
BUG FOUND: YES"
3043," SE: The 'logFile' variable, which is derived from a GET parameter, is directly used in the construction of the logFilePath variable without any sanitation or restriction to a specific directory.
BL: `$logFilePath = '/var/log/' . $logFile;`
BUG FOUND: YES
Please note that this is a potential security vulnerability as it may allow an attacker to write to arbitrary files in the '/var/log/' directory if they can control the 'logfile' GET parameter. It's recommended to sanitize or restrict the 'logfile' input to a predefined set of filenames or paths."
3109," SE: The 'logFilePath' is directly constructed using the 'logFile' input from user, which could lead to path traversal if attacker provides something like ""/../etc/passwd"".
BL: $logFilePath = '/var/log/' . $logFile;
BUG FOUND: YES

The rest of the code does not appear to contain any instances of CWE-22 (Improper Limitation of a Pathname to a Restricted Directory (""Path Traversal"")). However, it is always important to validate and sanitize user inputs, and use secure coding practices to protect against various types of vulnerabilities."
91," SE: The user input from $_GET['dir'] is directly concatenated into the file path without sanitation or proper limitation.
BL: $filePath = $uploadDir . $_GET['dir'] . '/' . $fileName;
BUG FOUND: YES

This code is vulnerable to a path traversal attack (CWE-22) because it uses user input from $_GET['dir'] to construct the file path without proper sanitation or limitation. An attacker can manipulate the 'dir' parameter to access files outside of the intended directory, potentially leading to information disclosure or remote code execution."
3057," SE: The 'logFile' input from user is directly used in the file path without proper sanitation.
BL: `$logFilePath = '/var/log/' . $logFile;`
BUG FOUND: YES

This code is vulnerable to Path Traversal attacks (CWE-22) because it uses user input ($logFile) to construct a file path without proper sanitation. An attacker can potentially manipulate the input to access sensitive files outside of the intended directory by using relative paths (e.g., ../../../etc/passwd). To mitigate this risk, you should validate and sanitize user input, or use a safe API that does this for you. For example, you can use basename() function to ensure the filename does not contain any "".."" sequences."
3044," SE: The 'logFile' variable which is derived from user input is directly used in the file path for logging.
BL: `$logFilePath = '/var/log/' . $logFile;`
BUG FOUND: YES

Explanation:
This code is vulnerable to a path traversal attack because it uses user-supplied input ($_GET['logfile']) in the file path for logging without proper validation or sanitization. An attacker can manipulate the 'logfile' parameter to access arbitrary files in the system by using relative paths or ../ sequences. This can lead to information disclosure, overwriting important files, or even remote code execution in some cases. To mitigate this issue, validate and sanitize the user input to ensure it does not contain any special characters or sequences that can be used for path traversal attacks."
3089," SE: The 'logFile' is directly concatenated into the logFilePath string without sanitation.
BL: `$logFilePath = '/var/log/' . $logFile;`
BUG FOUND: YES

Explanation:
The 'logFile' variable, which is derived from user input, is directly used in the construction of the logFilePath string. This can potentially lead to a path traversal attack if the user input contains characters such as ""../"" which can manipulate the file path to a location outside of the intended directory. It is recommended to sanitize the user input or use a library function that prevents path traversal to ensure the security of the application."
6009," SE: The 'imageName' variable, which comes from user input through the GET request, is directly concatenated into the $fullPath variable that represents a file path.
BL: `$imageName = $_GET['image']; serveImage($imageName);` and `$fullPath = '/var/www/html/images/' . $imagePath;`
BUG FOUND: YES

This code is vulnerable to Path Traversal (CWE-22) because it uses user-supplied input ($_GET['image']) to construct a file path ($fullPath) without proper validation or sanitization. An attacker could potentially manipulate the 'image' parameter to access files outside of the intended directory ('/var/www/html/images/'). To mitigate this risk, consider implementing input validation to ensure that $imageName only contains allowed characters and does not attempt to traverse outside of the intended directory."
3161," SE: The 'logFilePath' variable is directly constructed from the 'logFile' parameter from a GET request, which could potentially contain user-supplied input with path traversal patterns.
BL: $logFilePath = '/var/log/' . $logFile;
BUG FOUND: YES. To mitigate this issue, consider validating and sanitizing the 'logFile' input to ensure it does not contain any path traversal patterns before constructing the 'logFilePath' variable."
6057," SE: The 'imageName' from user input is directly used in the 'serveImage' function without any sanitization or restriction to a specific directory.
BL: `serveImage($imageName);`
BUG FOUND: YES

This code is vulnerable to a path traversal attack (CWE-22) because it uses user-supplied input ($_GET['image']) in the 'serveImage' function without proper sanitization or validation. An attacker could potentially manipulate the input to access files outside of the intended directory ('/var/www/html/images/'), which could lead to information disclosure or other malicious activities. To mitigate this risk, consider implementing input validation or sanitization to ensure that the user input only contains allowed characters and does not attempt to traverse the file system."
6008," SE: The user input from $_GET['image'] is directly used to construct a file path without any checks.
BL: `$imageName = $_GET['image']; serveImage($imageName);` and `$fullPath = '/var/www/html/images/' . $imagePath;`
BUG FOUND: YES

This code is vulnerable to Path Traversal (CWE-22) because it uses user input ($_GET['image']) to construct a file path without any checks. This allows an attacker to access files outside of the intended directory by providing relative paths or ""../"" sequences. The 'serveImage' function then reads and serves the file at this path, which could potentially lead to information disclosure or other security issues."
3093," SE: The 'logFile' input from user is directly used in the file path without any sanitization.
BL: `$logFilePath = '/var/log/' . $logFile;`
BUG FOUND: YES

Explanation:
This code is vulnerable to Path Traversal attacks because it uses user input ($logFile) to construct a file path (logFilePath) without proper sanitization. A malicious user can provide relative path traversal sequences (such as ../../) to access sensitive files outside the intended directory. In this case, an attacker could potentially access or manipulate arbitrary log files by providing the logfile parameter in the GET request. To mitigate this risk, always validate and sanitize user inputs, especially when used in file path construction."
3088," SE: The 'logFile' variable is directly concatenated into the 'logFilePath' variable which is used in file_put_contents() without any sanitation or restriction to a specific directory.
BL: `$logFilePath = '/var/log/' . $logFile; file_put_contents($logFilePath, $message, FILE_APPEND);`
BUG FOUND: YES."
6073," SE: The user input from the GET request is directly concatenated into the $fullPath variable which can lead to path traversal.
BL: `$fullPath = '/var/www/html/images/' . $imagePath;`
BUG FOUND: YES

Explanation:
The code is taking the user input from the GET request and using it to construct a file path without any sanitization. This can lead to a path traversal vulnerability (CWE-22) where an attacker can access files outside of the intended directory by providing ../ in the input. To mitigate this, you should always sanitize user inputs and limit them to a specific whitelist of values. In this case, you could check if $imagePath only contains alphabets, numbers, and underscores and is also within a certain length to ensure it doesn't contain any malicious path traversal patterns."
6052," SE: The user input from the GET request is directly used to construct a file path without any sanitization or restriction.
BL: `$imageName = $_GET['image'];` & `$fullPath = '/var/www/html/images/' . $imagePath;`
BUG FOUND: YES"
6053," SE: The user input from the GET request is directly used to construct the file path without any sanitization or restriction, which could lead to a path traversal attack.
BL: `$imageName = $_GET['image'];`
   `$fullPath = '/var/www/html/images/' . $imagePath;`
BUG FOUND: YES"
3149," SE: The 'logFile' variable is directly concatenated into the logFilePath variable which is used in file_put_contents() without any sanitation or restriction.
BL: $logFilePath = '/var/log/' . $logFile;
BUG FOUND: YES"
92," SE: The '$_GET['dir']' variable, which is obtained from user input, is directly concatenated into the $filePath variable that represents a file path.
BL: $filePath = $uploadDir . $_GET['dir'] . '/' . $fileName;
BUG FOUND: YES

This code is vulnerable to a path traversal attack (CWE-22) because it uses user-supplied input ($_GET['dir']) to construct a file path ( $filePath) without proper validation or sanitization. An attacker can manipulate the 'dir' parameter to access files outside of the intended directory, potentially leading to information disclosure or remote code execution."
97," SE: The '$_GET['dir']' variable is directly concatenated into the file path without any sanitation or validation.
BL: $filePath = $uploadDir . $_GET['dir'] . '/' . $fileName;
BUG FOUND: YES

This code is vulnerable to a path traversal attack because it uses user input from the URL ($_GET['dir']) to construct the file path for uploading an image. An attacker can manipulate the 'dir' parameter to move out of the intended directory, potentially overwriting or accessing files outside of the intended upload directory. To mitigate this, you should validate and sanitize the 'dir' parameter to ensure it only contains allowed values and does not contain any special characters that could be used for path traversal."
3087," SE: The 'logFile' variable is directly concatenated into the 'logFilePath' variable which is used in file_put_contents() without any sanitation or restriction to a specific directory.
BL: `$logFilePath = '/var/log/' . $logFile; file_put_contents($logFilePath, $message, FILE_APPEND);`
BUG FOUND: YES

Explanation:
This code is vulnerable to a path traversal attack (CWE-22) because it takes user input ($_GET['logfile']) and concatenates it directly into the file path (/$logFile) without any sanitation or restriction to a specific directory. An attacker can exploit this by providing a logfile name with up levels such as '../../../etc/passwd' which can lead to unauthorized file access or modification. To prevent this, you should validate and sanitize the user input to ensure it only contains allowed characters and does not contain any "".."" patterns. Additionally, consider restricting the log file to a specific directory with appropriate permissions."
6125," SE: The 'imageName' variable from user input is used to construct a file path without any restriction, leading to a potential path traversal vulnerability.
BL: $imageName = $_GET['image'];
serveImage($imageName);
BUG FOUND: YES."
6117," SE: The 'imageName' variable from user input is directly used in the construction of the file path without any sanitization or validation.
BL: `$fullPath = '/var/www/html/images/' . $imageName;`
BUG FOUND: YES

Explanation:
This code is vulnerable to path traversal attacks because it takes user input and concatenates it directly into the file path without any sanitization or validation. An attacker could potentially manipulate the input to access files outside of the intended directory, leading to unauthorized file access or reading sensitive information."
3101," SE: The 'logFile' input from user is directly used in the file path without proper sanitation.
BL: `$logFilePath = '/var/log/' . $logFile;`
BUG FOUND: YES

Explanation:

This code takes the 'logfile' parameter from the GET request and concatenates it directly to form the $logFilePath variable, which is then used to write to the file system. This poses a risk of path traversal attack, where an attacker can provide a logfile name with ""../"" to move out of the intended directory and write to arbitrary locations in the file system. To mitigate this, the logFile input should be sanitized to only allow alphabets, numbers, and underscores, or use a predefined list of allowed log file names."
113," SE: The 'uploadDir' and 'filePath' variables construct a file path using user-provided data ('$_GET['dir']' and '_FILES['profileImage']['name']') without proper validation or sanitization.
BL: 	`$uploadDir = '/var/www/uploads/';`
`$fileName = basename($_FILES['profileImage']['name']);`
`$filePath = $uploadDir . $_GET['dir'] . '/' . $fileName;`
BUG FOUND: YES"
3153," SE: The 'logFile' variable is directly concatenated into the 'logFilePath' variable which is used in file_put_contents() without any sanitation or restriction, potentially allowing a path traversal attack.
BL: `$logFilePath = '/var/log/' . $logFile; file_put_contents($logFilePath, $message, FILE_APPEND);`
BUG FOUND: YES."
6065," SE: The '$_GET['image']' variable is directly concatenated into the $imageName variable which is used to construct the $fullPath string for file access.
BL: $imageName = $_GET['image'];
serveImage($imageName);
BUG FOUND: YES
Explanation:
This code is vulnerable to a path traversal attack (CWE-22) because it uses user input ($_GET['image']) to construct a file path ($fullPath) without proper validation or sanitization. An attacker could potentially manipulate the 'image' parameter to access files outside of the intended directory ('/var/www/html/images/'), including sensitive files in other parts of the system. To mitigate this risk, you should validate and sanitize the user input to ensure it only contains allowed characters and does not attempt to traverse the file system."
6141," SE: The 'imageName' variable from user input is directly used in the construction of the file path without any sanitization or validation.
BL: $fullPath = '/var/www/html/images/' . $imagePath;
BUG FOUND: YES
Explanation:
This code is vulnerable to path traversal attacks (CWE-22) because it uses user-supplied input ($imageName) to construct a file path ($fullPath) without proper sanitization or validation. An attacker could potentially manipulate the input to access files outside of the intended directory ('/var/www/html/images/'). To mitigate this risk, you should validate and sanitize the user input to ensure it only contains allowed characters and does not attempt to traverse outside of the intended directory."
6133," SE: The 'imageName' variable from user input is directly used in the 'serveImage' function without any sanitization or validation.
BL: `serveImage($imageName);`
BUG FOUND: YES

Explanation:
This code is vulnerable to a path traversal attack (CWE-22) because it uses user-supplied input to construct a file path without proper validation or sanitization. An attacker can manipulate the 'image' parameter in the URL to traverse directories and access arbitrary files on the server. For example, an attacker could provide '../etc/passwd' as the 'image' parameter value to access the system's password file. To mitigate this vulnerability, ensure that user-supplied input is validated and sanitized before using it in file operations or any other sensitive contexts."
3169," SE: The 'logFilePath' variable is built using the 'username' and 'logFile' parameters from a GET request without any sanitization.
BL: `$logFilePath = '/var/log/' . $logFile; file_put_contents($logFilePath, $message, FILE_APPEND);`
BUG FOUND: YES

Explanation:

This code is vulnerable to a path traversal attack (CWE-22) because it constructs a file path using user input (the 'logFile' parameter from a GET request) without proper sanitization. This can allow an attacker to write files outside of the intended directory ('/var/log/') by providing a 'logFile' value like '../someotherdir/useractions.log'. It's recommended to sanitize the 'logFile' parameter or use a predefined list of log files to prevent this vulnerability."
105," SE: The '$_GET['dir']' is directly concatenated into the file path without any restriction check.
BL: $filePath = $uploadDir . $_GET['dir'] . '/' . $fileName;
BUG FOUND: YES

This code is vulnerable to Path Traversal (CWE-22) as it uses user-supplied input ('$_GET['dir']') to construct the file path without proper validation or sanitization. An attacker can manipulate the 'dir' parameter to access files outside of the intended directory, leading to information disclosure or other potential attacks."
3148," SE: The 'logFile' variable which is derived from user input is directly used in the file path for logging.
BL: `$logFilePath = '/var/log/' . $logFile;`
BUG FOUND: YES

Explanation:

This code takes the 'logfile' parameter from the URL and uses it directly in the file path for logging. An attacker can manipulate this parameter to write to arbitrary files in the /var/log directory, leading to a path traversal vulnerability (CWE-22). To mitigate this, you should validate the 'logfile' input to ensure it only contains allowed characters and does not attempt to traverse outside of the intended directory."
153," SE: The '$_GET['dir']' variable is directly concatenated into the $filePath variable which can lead to path traversal.
BL: $filePath = $uploadDir . $_GET['dir'] . '/' . $fileName;
BUG FOUND: YES. In this case, the application takes the 'dir' parameter from a GET request and concatenates it directly to the $filePath string. This can lead to a path traversal vulnerability if an attacker provides a 'dir' parameter with '..' or similar special sequences to move outside of the intended directory."
155," SE: The '$_GET['dir']' variable is directly concatenated into the file path without any sanitation or validation.
BL: $filePath = $uploadDir . $_GET['dir'] . '/' . $fileName;
BUG FOUND: YES

This code is vulnerable to a path traversal attack (CWE-22) because it uses user input ($_GET['dir']) to construct the file path without proper sanitization or validation. An attacker can manipulate the 'dir' parameter to access files outside of the intended directory, potentially leading to information disclosure or remote code execution."
175," SE: The 'uploadDir' variable is directly concatenated into 'filePath' without any sanitation or restriction check.
BL: $filePath = $uploadDir . $_GET['dir'] . '/' . $fileName;
BUG FOUND: YES

Explanation:
This code is vulnerable to a path traversal attack because it uses user-supplied input ($_GET['dir']) directly in the file path without proper validation or sanitization. An attacker can manipulate the 'dir' parameter to access files outside of the intended directory, potentially leading to information disclosure or remote code execution. To mitigate this risk, you should always validate and sanitize user inputs, especially when they are used in file path construction."
6113," SE: The 'imageName' variable, which comes from user input through GET request, is directly used to construct the file path without any sanitization or restriction.
BL: `$imageName = $_GET['image'];`
`$fullPath = '/var/www/html/images/' . $imageName;`
BUG FOUND: YES. This code is vulnerable to path traversal attacks (CWE-22) since it doesn't properly limit the user-supplied input to a restricted directory. An attacker could potentially access sensitive files outside the intended images directory by manipulating the 'image' parameter."
154," SE: The '$_GET['dir']' variable is directly concatenated into the file path without any sanitation or restriction.
BL: $filePath = $uploadDir . $_GET['dir'] . '/' . $fileName;
BUG FOUND: YES

This code is vulnerable to a path traversal attack (CWE-22) because it uses user input ($_GET['dir']) to construct the file path without proper sanitization or validation. An attacker can manipulate the 'dir' parameter to access arbitrary files on the server by using relative paths (e.g., ../) or absolute paths. To fix this issue, you should validate and sanitize the 'dir' parameter to ensure it only contains allowed values and doesn't contain any special characters that could be used for path traversal."
6112," SE: The '$_GET['image']' variable is directly concatenated into the $fullPath string which is used as a file path.
BL: $fullPath = '/var/www/html/images/' . $imagePath;
BUG FOUND: YES

This code is vulnerable to a path traversal attack (CWE-22) because it uses user input ($_GET['image']) to construct a file path without proper validation or sanitization. An attacker could potentially manipulate the 'image' parameter to access files outside of the intended directory ('/var/www/html/images/')."
6209," SE: The 'imageName' variable from user input is directly used in the construction of the $fullPath variable which is used in file operations. This could potentially allow for path traversal attacks.
BL: `$fullPath = '/var/www/html/images/' . $imagePath;`
BUG FOUND: YES"
159," SE: The 'uploadDir' and 'fileName' variables are directly concatenated into the $filePath variable which is used in the move_uploaded_file function without any sanitation or restriction to a specific directory.
BL: $filePath = $uploadDir . $_GET['dir'] . '/' . $fileName;
BUG FOUND: YES

Explanation:
This code is vulnerable to a path traversal attack because it uses user input ($_GET['dir']) to construct the file path for uploading a file. An attacker can exploit this by providing a path like ../../../etc/passwd to move out of the intended directory (""/var/www/uploads/"") and access sensitive files on the system. To prevent this, you should validate and sanitize the user input, or better yet, restrict the uploads to a specific directory using a whitelist of allowed values."
167," SE: The '$_GET['dir']' is directly concatenated into the file path without proper validation or sanitization.
BL: $filePath = $uploadDir . $_GET['dir'] . '/' . $fileName;
BUG FOUND: YES

Explanation:

This code is vulnerable to a path traversal attack (CWE-22) because it uses user input ($_GET['dir']) directly in the file path without proper validation or sanitization. An attacker can manipulate the 'dir' parameter to access files outside of the intended directory, potentially leading to information disclosure or remote code execution. To mitigate this risk, you should validate and sanitize the user input to ensure it only contains allowed characters and does not attempt to traverse outside of the intended directory."
3147," SE: The 'logFile' variable, which comes from user input, is directly used in the file path without any sanitization.
BL: `$logFilePath = '/var/log/' . $logFile;`
BUG FOUND: YES

This code is vulnerable to a path traversal attack (CWE-22) because it uses user input to construct a file path (the 'logFile' variable) without any sanitization. An attacker can potentially manipulate the 'logFile' variable to access sensitive files outside of the intended log directory. To fix this issue, you should sanitize the 'logFile' variable to ensure it only contains allowed characters and does not contain any special sequences like '../' that could be used for path traversal."
6111," SE: The user input from the GET request is directly used to construct a file path without any sanitization or restriction, which could lead to a path traversal attack.
BL: `$imageName = $_GET['image']; serveImage($imageName);`
BUG FOUND: YES

Explanation:

In the function `serveImage($imageName)`, the input `$imageName` is directly taken from the GET request parameter and used to construct a file path. This can be exploited by an attacker to access files outside of the intended directory through path traversal techniques (e.g., using ""../"" to move up directories). To prevent this, always sanitize and restrict user inputs that are used to construct file paths or use safer alternatives like using an indexed array to access files."
6225," SE: N/A
BL: N/A
BUG FOUND: NO

The provided file does not contain any lines with the 'user_input' or similar variables that could be vulnerable to Path Traversal attacks (CWE-22). The code mainly consists of class definitions and utility functions for various purposes such as random number generation, string manipulation, calculation, file handling, etc. Therefore, there is no user-supplied input being directly used in file system operations."
183," SE: The 'filePath' variable is constructed by concatenating user-provided input ('$_GET['dir']') into the file path without proper sanitation.
BL: `$filePath = $uploadDir . $_GET['dir'] . '/' . $fileName;`
BUG FOUND: YES

Explanation:

This code segment is vulnerable to a path traversal attack (CWE-22) because it uses user-supplied input ('$_GET['dir']') directly in the file path without proper sanitation. An attacker can manipulate the 'dir' parameter to traverse the directory structure and access arbitrary files on the server. This can lead to information disclosure, modification, or even remote code execution, depending on the server configuration and the attacker's privileges.

To mitigate this vulnerability, you should validate and sanitize the user input to ensure it only contains expected values and does not contain any special characters that could be used for path traversal. Additionally, you can use functions like realpath() to resolve the file path and ensure it is within the expected directory. Implementing least privilege principles, such as restricting the web server user to the minimum necessary permissions, can also help reduce the impact of a potential attack."
3177," SE: The 'logFile' value from user input is directly used in the file_put_contents function without proper sanitization.
BL: `file_put_contents($logFilePath, $message, FILE_APPEND);` in logAction function
BUG FOUND: YES

Explanation:

The 'logFile' value is taken directly from the user input ($_GET['logfile']) and used in the file_put_contents function to create or append to a file. This poses a risk for path traversal attacks (CWE-22), as an attacker could provide a log file name that points to a sensitive file outside of the intended directory, leading to information disclosure or file manipulation. To mitigate this risk, you should sanitize the 'logFile' input by allowing only specific characters and file names that are known to be safe."
6193," SE: The 'imageName' variable, which comes from user input through GET request, is directly used to construct the file path without any sanitization or restriction.
BL: `$imageName = $_GET['image']; serveImage($imageName);`
BUG FOUND: YES

This code is vulnerable to Path Traversal attacks (CWE-22) because it uses user-supplied input to construct a file path without proper sanitization or restriction. An attacker can manipulate the 'image' parameter in the URL to access arbitrary files on the server by using relative paths (e.g., ../../../etc/passwd). To mitigate this issue, you should validate and sanitize the user input and restrict it to a specific directory or set of allowed values."
6187," SE: The user input from the GET request is directly used to form the file path for reading an image, without any restriction to a specific directory.
BL: `$imageName = $_GET['image'];`
 `serveImage($imageName);`
BUG FOUND: YES. This code is vulnerable to Path Traversal attacks (CWE-22), as it doesn't properly limit the user input to a restricted directory. An attacker could potentially access files outside the intended directory by providing relative path traversal sequences, such as ""../"", in the input."
3224," SE: The 'logFile' variable is directly concatenated into the $logFilePath variable which is used to define the file path for writing log messages. This could potentially allow a path traversal attack if an attacker is able to manipulate the 'logfile' GET parameter.

BL: `$logFilePath = '/var/log/' . $logFile;`

BUG FOUND: YES"
3245," SE: The 'logFilePath' is constructed by concatenating the user-provided '$logFile' with a fixed string, without proper validation or sanitization.
BL: $logFilePath = '/var/log/' . $logFile;
BUG FOUND: YES

Explanation:

The code constructs the path to the log file by concatenating a fixed string (""/var/log/"") with a user-provided variable ($logFile). If the user-provided input is not properly sanitized, this can lead to a path traversal vulnerability (CWE-22). An attacker could potentially manipulate the input to access sensitive files outside of the intended log directory. To mitigate this risk, always validate and sanitize user-provided input, especially when using it to construct file paths or access sensitive resources."
3225," SE: The 'logFile' variable is directly concatenated into the 'logFilePath' variable which is used to construct the file path for writing log messages. This could potentially allow a path traversal attack if an attacker can control the 'logfile' GET parameter.
BL: `$logFilePath = '/var/log/' . $logFile;`
BUG FOUND: YES. To prevent this, you should validate the 'logfile' parameter to ensure it only contains allowed characters and does not contain any special sequences like '../' that could be used for path traversal. You can also use a whitelist of allowed filenames to further improve security."
3223," SE: The 'logFile' variable is directly concatenated into the 'logFilePath' variable which is used to construct the file path for writing log messages. This can potentially allow an attacker to write to arbitrary files outside of the intended log directory.

BL: `$logFilePath = '/var/log/' . $logFile;`

BUG FOUND: YES"
3261," SE: N/A
BL: N/A
BUG FOUND: NO

The provided file does not contain any lines with a path traversal vulnerability (CWE-22). The code does not construct file paths using user input or untrusted data, and there are no functions that write to files using user-supplied pathnames."
261," SE: The 'fileName' variable is directly concatenated into the 'filePath' variable which is used to construct a file path without any sanitation or restriction to a specific directory.
BL: `$filePath = $uploadDir . $_GET['dir'] . '/' . $fileName;`
BUG FOUND: YES

This code is vulnerable to a path traversal attack (CWE-22) because it uses user-supplied input ('fileName' and 'dir' from GET request) to construct a file path without proper validation or sanitization. An attacker can manipulate these inputs to access files outside of the intended directory, potentially leading to information disclosure or remote code execution. To mitigate this issue, you should validate and sanitize the 'dir' parameter and use a safe method to extract the file name from the 'profileImage' variable. Additionally, consider using a secure, predefined directory for file uploads instead of using user-supplied input for the directory path."
6201," SE: The 'imageName' variable, which comes from user input through GET request, is directly used in the 'serveImage' function without any sanitation or validation.
BL: `serveImage($imageName);`
BUG FOUND: YES
Explanation: This is a potential security vulnerability as it could allow path traversal attacks (CWE-22) if an attacker provides a crafted input containing relative path characters (like ../) to access files outside of the intended directory. To mitigate this risk, you should validate and sanitize the 'imageName' variable to ensure it only contains the expected filename and does not contain any special characters that could be used for path traversal."
245," SE: The '$_GET['dir']' is directly concatenated into the file path without any sanitation or validation.
BL: $filePath = $uploadDir . $_GET['dir'] . '/' . $fileName;
BUG FOUND: YES

Explanation:
This code is vulnerable to a path traversal attack (CWE-22) because it uses user-supplied input ('$_GET['dir']') directly in the file path without proper sanitization or validation. An attacker can manipulate the 'dir' parameter to access files outside of the intended directory, leading to information disclosure or other potential security issues."
3237," SE: The 'logFile' variable is directly concatenated into the 'logFilePath' variable without any sanitation or restriction.
BL: `$logFilePath = '/var/log/' . $logFile;`
BUG FOUND: YES

Explanation:
This code is vulnerable to a path traversal attack (CWE-22) because it uses user input ('$_GET['logfile']') directly in the construction of a file path ('$logFilePath') without any sanitation or restriction. An attacker could potentially manipulate the 'logfile' parameter to access sensitive files outside of the intended log directory by using relative paths or ""../"" to traverse up directories. It is recommended to validate and sanitize user input and use a whitelist of allowed filenames or extensions to prevent such attacks."
3337," SE: There is no user input being concatenated into a file path, so there is no possibility of a path traversal vulnerability in the provided code.
BL: None.
BUG FOUND: NO."
233," SE: The '$_GET['dir']' variable is directly concatenated into the $filePath string without any sanitation or validation.
BL: $filePath = $uploadDir . $_GET['dir'] . '/' . $fileName;
BUG FOUND: YES

This code is vulnerable to a path traversal attack (CWE-22) because it uses user input ($_GET['dir']) to construct a file path without proper validation or sanitization. An attacker could potentially manipulate the 'dir' parameter to access files outside of the intended directory, leading to unauthorized file access or reading sensitive information."
3229," SE: The 'logFile' variable which is derived from user input is directly used in the file path for writing log content.
BL: `$logFilePath = '/var/log/' . $logFile;`
BUG FOUND: YES

This code is vulnerable to a path traversal attack (CWE-22) because it uses user-supplied input ($logFile) in the file path for logging data without proper validation or sanitization. An attacker can potentially manipulate the 'logfile' parameter to write log data to arbitrary locations outside the intended log directory by using relative paths or ../ sequences. This could lead to unauthorized file access, modification, or privilege escalation. To mitigate this risk, consider validating and sanitizing the user input to ensure it only contains a valid filename and not any relative path traversal patterns. Additionally, restrict the log file write operations to a specific directory with appropriate file permissions."
6285," SE: The $imageName variable is directly concatenated into the $fullPath variable which is used to construct the file path for serving an image. This can lead to a path traversal vulnerability if $imageName is user-supplied data.
BL: `$fullPath = '/var/www/html/images/' . $imageName;`
BUG FOUND: YES"
232," SE: The '$_GET['dir']' variable is directly concatenated into the $filePath string which is used as a file path.
BL: $filePath = $uploadDir . $_GET['dir'] . '/' . $fileName;
BUG FOUND: YES
The code is vulnerable to a path traversal attack (CWE-22) because it uses user input ($_GET['dir']) to construct a file path without proper validation or sanitization. An attacker can manipulate the 'dir' parameter to access files outside of the intended directory, potentially leading to information disclosure or remote code execution. To mitigate this risk, the code should validate and sanitize the 'dir' parameter, ensuring it only contains allowed characters and does not attempt to traverse outside of the intended directory."
231," SE: The 'dir' parameter from the GET request is directly concatenated into the file path without any sanitation or validation, which could potentially allow an attacker to access files outside of the intended directory through a path traversal attack.
BL: $filePath = $uploadDir . $_GET['dir'] . '/' . $fileName;
BUG FOUND: YES

Explanation:
This code is vulnerable to a path traversal attack because it uses user input ($_GET['dir']) to construct a file path without proper sanitization or validation. An attacker could potentially manipulate the 'dir' parameter to move outside of the intended directory, accessing sensitive files or directories. To mitigate this risk, you should validate and sanitize the 'dir' parameter, ensuring it only contains allowed values and does not contain any special characters used for path traversal (e.g., ""..""). Additionally, consider using a secure, whitelist-based approach to specify allowed directories for file uploads."
6188," SE: The 'imageName' variable, which comes from user input, is directly used in the construction of the 'fullPath' variable without any sanitization or validation.
BL: `$fullPath = '/var/www/html/images/' . $imagePath;`
BUG FOUND: YES
Explanation: This is a potential path traversal vulnerability (CWE-22) as an attacker can provide a specially crafted input containing relative paths (e.g., ../../../etc/passwd) to access unintended files or directories outside the intended image directory."
3353," SE: There is no direct user input being concatenated into a file path, so there is no instance of a path traversal bug (CWE-22) in the provided code.

BL: none

BUG FOUND: NO"
6189," SE: The user input from the GET request is directly used to construct a file path without any checks, which could lead to a path traversal attack.
BL: `$fullPath = '/var/www/html/images/' . $imagePath;`
BUG FOUND: YES

Explanation:
The code takes the `image` parameter from the GET request and uses it to construct a file path. If an attacker can manipulate the `image` parameter, they could potentially access files outside of the intended images directory. This is a security vulnerability known as Path Traversal (CWE-22). To mitigate this risk, you should validate and sanitize the user input to ensure it only contains allowed characters and does not attempt to traverse outside of the intended directory."
269," SE: The 'filePath' variable directly concatenates the 'uploadDir', 'dir' parameter from GET request, and 'fileName' without proper validation and sanitization.
BL: `$filePath = $uploadDir . $_GET['dir'] . '/' . $fileName;`
BUG FOUND: YES

Explanation:
The 'filePath' variable is constructed by concatenating the 'uploadDir', 'dir' parameter from GET request, and 'fileName'. If the 'dir' parameter is not properly sanitized, it can lead to a path traversal attack (CWE-22). An attacker can provide relative path characters (e.g., '../') in the 'dir' parameter to access files outside of the intended directory. In this case, sanitization of the 'dir' parameter and proper validation of the 'uploadDir' and 'fileName' are necessary to prevent path traversal attacks."
3329," SE: The 'logFilePath' is directly constructed by concatenating user-supplied input ('logFile') into a file path without any sanitation or restriction to a specific directory.
BL: `$logFilePath = '/var/log/' . $logFile;`
BUG FOUND: YES"
237," SE: The '$_GET['dir']' is directly concatenated into the file path without proper validation or sanitization, which could potentially allow path traversal attacks.
BL: $filePath = $uploadDir . $_GET['dir'] . '/' . $fileName;
BUG FOUND: YES

Explanation:
The code constructs a file path by concatenating the contents of the $_GET['dir'] variable, which is user-provided input, directly into the path. This creates a vulnerability known as a path traversal attack, where an attacker can provide input that manipulates the path to access files outside of the intended directory. In this case, an attacker could potentially access or modify any file on the server that the web server process has permission to access. To mitigate this risk, the input from $_GET['dir'] should be properly validated and sanitized before being used in file path construction."
6293," SE: The $imageName variable from user input is directly used in the serveImage() function without any sanitization or limitation to a specific directory.
BL: `serveImage($imageName);`
BUG FOUND: YES

This code is vulnerable to a Path Traversal attack (CWE-22) as it uses user-supplied input ($_GET['image']) to construct a file path without proper validation or sanitization. An attacker can exploit this by providing a specially crafted input to access files outside of the intended directory (""/var/www/html/images/""). To mitigate this, you should validate and sanitize the user input, ensuring it only contains allowed characters and is limited to the intended directory."
6301," SE: The 'imageName' variable from user input is directly used in the construction of the $fullPath variable without any sanitization or validation.
BL: `$fullPath = '/var/www/html/images/' . $imagePath;`
BUG FOUND: YES

This code is vulnerable to a path traversal attack (CWE-22) because it uses user-supplied input ($imageName) to construct a file path without proper sanitization. An attacker could potentially manipulate the input to access files outside of the intended directory, leading to information disclosure or other unauthorized actions. To mitigate this risk, you should validate and sanitize user input to ensure it only contains allowed characters and does not attempt to traverse the file system."
253," SE: The 'uploadDir' and 'filePath' variables concatenate user-provided data ('$_GET['dir']') directly into the file path without any sanitation or validation.
BL: `$uploadDir = '/var/www/uploads/'; $fileName = basename($_FILES['profileImage']['name']); $filePath = $uploadDir . $_GET['dir'] . '/' . $fileName;`
BUG FOUND: YES

Explanation:
This code is vulnerable to a path traversal attack (CWE-22) because it uses user-provided data (through $_GET['dir']) to construct the file path for uploading an image. An attacker can manipulate the 'dir' parameter to move out of the intended directory, potentially overwriting or accessing files outside of the intended directory. This can lead to serious security issues such as arbitrary file read, write, or delete on the server. To mitigate this risk, always validate and sanitize user-provided data, especially when using it to construct file paths or perform file operations."
3253," SE: The 'logFile' variable is directly concatenated into the file path without sanitation.
BL: `$logFilePath = '/var/log/' . $logFile;`
BUG FOUND: YES

Explanation:

The code is vulnerable to a path traversal attack because it constructs a file path by concatenating a base directory ('/var/log/') with a user-supplied input ('$logFile') without proper sanitization. This can allow an attacker to access arbitrary files on the system by providing a specially crafted 'logfile' parameter, such as '../etc/passwd' to read the '/etc/passwd' file.

To mitigate this issue, you should validate and sanitize the 'logFile' input to ensure it only contains allowed characters and does not attempt to traverse outside of the intended directory. Additionally, consider using a secure function like realpath() to resolve the file path and ensure it is within the expected directory."
6441," SE: There is no direct user input being concatenated into a file path, so there are no instances of the specified path traversal bug (CWE-2"
6401," SE: The 'imageName' variable, which is derived from user input, is directly used in the construction of the $fullPath variable without any sanitization or restriction to a specific directory.
BL: `$fullPath = '/var/www/html/images/' . $imagePath;`
BUG FOUND: YES"
6281," SE: The 'imageName' variable, which comes from user input through GET request, is directly used to construct the file path without any sanitization or restriction to a specific directory.
BL: `$imageName = $_GET['image'];`
`$fullPath = '/var/www/html/images/' . $imagePath;`
BUG FOUND: YES"
371," SE: There is no direct user input being concatenated into a file path, so there are no instances of the CWE-22 (Improper Limitation of a Pathname to a Restricted Directory (""Path Traversal"")) bug in the provided code.

BL: none

BUG FOUND: NO"
6279," SE: The user input from the GET request is directly used as a file path without any sanitation or restriction, which could allow path traversal attacks.
BL: `$imageName = $_GET['image'];`
`serveImage($imageName);`
BUG FOUND: YES"
6280," SE: The 'imageName' variable, which comes from user input, is directly used in the construction of the 'fullPath' variable without any sanitization or proper limitation of the pathname to a restricted directory.
BL: `$imageName = $_GET['image'];`
`$fullPath = '/var/www/html/images/' . $imagePath;`
BUG FOUND: YES. This code is vulnerable to Path Traversal attacks (CWE-22), as it doesn't properly validate or sanitize the user input, allowing an attacker to access files outside the intended directory."
3317," SE: The 'logfile' value from user input is directly used in the file path without any sanitization.
BL: `$logFilePath = '/var/log/' . $logFile;`
BUG FOUND: YES

Explanation:
This code takes the 'logfile' parameter from user input and uses it directly in the file path for logging. This can lead to a path traversal vulnerability (CWE-22) if an attacker provides a value like '../otherfile', which could result in writing to an unintended file. To mitigate this, you should sanitize the user input by ensuring it only contains allowed characters and does not contain any special sequences like '../'."
6425," SE: N/A
BL: N/A
BUG FOUND: NO

Explanation:
After analyzing the provided file content, I didn't find any line that may contain a bug of type CWE-22 (Improper Limitation of a Pathname to a Restricted Directory (""Path Traversal"")). The code does not concatenate user input directly into file paths without proper sanitation."
6409," SE: The 'imageName' variable, which is derived from user input, is directly used in the construction of the $fullPath variable without any sanitization or validation. This could potentially allow an attacker to access files outside of the intended directory through path traversal techniques.

BL: `$fullPath = '/var/www/html/images/' . $imagePath;`
BUG FOUND: YES"
3361," SE: N/A as the provided file content does not contain any user input that could be used in a pathname.
BL: N/A
BUG FOUND: NO

The file content consists of various PHP classes and functions, but none of them contain any user input that is directly concatenated into a pathname without sanitation. Therefore, there are no instances of the CWE-22 (Improper Limitation of a Pathname to a Restricted Directory (""Path Traversal"")) bug in the provided file content."
326," SE: The 'dir' parameter from the GET request is directly concatenated into the file path without any sanitation, which could potentially allow path traversal attacks (CWE-22).
BL: `$filePath = $uploadDir . $_GET['dir'] . '/' . $fileName;`
BUG FOUND: YES"
6325," SE: N/A
BL: N/A
BUG FOUND: NO

Explanation:
The provided file content does not contain any line that may contain a bug of type CWE-22 (Improper Limitation of a Pathname to a Restricted Directory (""Path Traversal"")). The code does not concatenate user input directly into file paths or use user input to determine the file path."
3461," SE: N/A
BL: N/A
BUG FOUND: NO

Explanation:
After analyzing the provided file content, I didn't find any line that may contain a bug of type CWE-22 (Improper Limitation of a Pathname to a Restricted Directory or ""Path Traversal""). The code does not concatenate user input directly into file paths without proper sanitation."
3345," SE: The 'logFile' value from user input is directly used in the file path without any sanitization.
BL: `$logFilePath = '/var/log/' . $logFile;`
BUG FOUND: YES

Explanation:
This part of the code is vulnerable to a path traversal attack (CWE-22) because it takes the 'logfile' parameter from the user input and concatenates it directly into the file path without any sanitization. An attacker can exploit this by providing a malicious input containing relative paths (e.g., ../../../etc/passwd) to access sensitive files outside the intended directory. To mitigate this issue, you should sanitize the 'logfile' input by allowing only specific characters or by using functions that ensure the input is a valid filename without any path traversal patterns."
347," SE: The 'filePath' variable directly concatenates user input into a file path without proper validation or sanitization.
BL: $filePath = $uploadDir . $_GET['dir'] . '/' . $fileName;
BUG FOUND: YES

This code is vulnerable to a path traversal attack (CWE-22) because it uses user input ($_GET['dir'] and $_FILES['profileImage']['name']) to construct the file path without proper validation or sanitization. An attacker could potentially manipulate the 'dir' parameter to access files outside of the intended directory, leading to information disclosure or other unintended behavior. To mitigate this risk, consider validating and sanitizing user inputs, using a secure directory structure, and implementing appropriate access controls."
6217," SE: The 'imageName' variable from user input is directly used in the 'serveImage' function without any sanitization or validation, which could potentially allow path traversal attacks.
BL: `serveImage($imageName);`
BUG FOUND: YES."
3445," SE: There is no user input being directly used in file path or URL, hence there's no possibility of a path traversal bug.
BL: N/A
BUG FOUND: NO"
6317," SE: N/A
BL: N/A
BUG FOUND: NO

The provided file content is a collection of PHP classes and functions, but there are no instances where user input is directly used in file path manipulation. Therefore, there are no path traversal vulnerabilities (CWE-22) in this code."
3315," SE: The 'logFile' variable is directly concatenated into the $logFilePath variable which is used to construct the file path for logging. This can lead to a path traversal vulnerability if an attacker is able to manipulate the 'logfile' parameter in the URL.

BL: `$logFilePath = '/var/log/' . $logFile;`

BUG FOUND: YES"
465," SE: The 'filename' variable is directly concatenated into the 'filePath' variable without proper sanitization, which may allow path traversal attacks.
BL: `$filePath = $uploadDir . $_GET['dir'] . '/' . $fileName;`
BUG FOUND: YES

Explanation:
The code is vulnerable to a path traversal attack because it constructs the file path by concatenating user-supplied input ($_GET['dir'] and $fileName) without proper sanitization. This can allow an attacker to manipulate the input to move out of the target directory or even overwrite arbitrary files. It is recommended to validate and sanitize the user input, or use a secure API to handle file uploads."
3425," SE: The 'logFile' variable is directly concatenated into the 'logFilePath' variable which is used in file_put_contents() without any sanitation or restriction to a specific directory.
BL: `$logFilePath = '/var/log/' . $logFile; file_put_contents($logFilePath, $message, FILE_APPEND);`
BUG FOUND: YES

Explanation:
This code is vulnerable to a path traversal attack (CWE-22) because it takes user input ('logfile' from GET request) and concatenates it directly into the file path ('/var/log/' . $logFile) without any sanitation or restriction to a specific directory. An attacker can manipulate the 'logfile' parameter to write data to arbitrary files in the system by using path traversal techniques (e.g., '../' or '/' characters). This can lead to serious security issues such as arbitrary file write, privilege escalation, or server compromise. To mitigate this risk, you should always validate, sanitize, or restrict user input, especially when dealing with file system operations."
3321," SE: The 'logFile' variable is directly concatenated into the $logFilePath variable which is used in file_put_contents() without any sanitation or restriction to a specific directory.
BL: `$logFilePath = '/var/log/' . $logFile; file_put_contents($logFilePath, $message, FILE_APPEND);`
BUG FOUND: YES. This code is vulnerable to Path Traversal attacks (CWE-22) as it uses user input to construct a file path without proper validation or sanitization. An attacker can potentially access sensitive files by providing relative paths or "".."" to move out of the intended directory."
3477," SE: There is no usage of user input to construct file paths in the provided code, so there are no instances of the CWE-22 (Improper Limitation of a Pathname to a Restricted Directory (""Path Traversal"")) vulnerability.
BL: none
BUG FOUND: NO"
437," SE: The '$_GET['dir']' variable is directly concatenated into the $filePath string without any sanitation or validation, which could potentially lead to a path traversal attack (CWE-22).
BL: `$filePath = $uploadDir . $_GET['dir'] . '/' . $fileName;`
BUG FOUND: YES"
6393," SE: The 'imageName' variable, which comes from user input in the GET request, is directly used to construct a file path without proper validation or sanitization. This can potentially lead to a path traversal vulnerability (CWE-2"
3423," SE: The 'logFile' variable is directly concatenated into the logFilePath variable which is used to construct the path of the log file. This can lead to a path traversal vulnerability if the 'logFile' variable is user controlled.
BL: `$logFilePath = '/var/log/' . $logFile;`
BUG FOUND: YES"
489," SE: The 'fileName' is directly concatenated into the 'filePath' string without any sanitation or restriction to a specific directory, which could potentially allow path traversal attacks.
BL: `$filePath = $uploadDir . $_GET['dir'] . '/' . $fileName;`
BUG FOUND: YES"
325," SE: The '$_GET['dir']' variable is directly concatenated into the $filePath string which can lead to a path traversal attack if 'dir' is manipulated by user input.
BL: $filePath = $uploadDir . $_GET['dir'] . '/' . $fileName;
BUG FOUND: YES

Explanation:
The code constructs a file path by concatenating the upload directory, a user-supplied directory name from GET parameters, and a file name from the uploaded file. This construction can be vulnerable to path traversal attacks if the user-supplied directory name is manipulated to move outside of the intended directory. In this case, an attacker could potentially access files outside of the '/var/www/uploads/' directory. To mitigate this risk, you should validate the 'dir' parameter to ensure it only contains allowed characters and does not attempt to traverse outside of the intended directory."
331," SE: The user submitted 'profileImage' is directly used to construct the file path with user input from the URL parameter 'dir'. This can lead to a path traversal bug if the 'dir' input is not properly sanitized.
BL: $filePath = $uploadDir . $_GET['dir'] . '/' . $fileName;
BUG FOUND: YES

Explanation:
A path traversal vulnerability exists when user input is used to construct a file path without proper sanitization. In this case, the 'dir' parameter in the URL could contain '../' or other special characters to access files outside of the intended directory. To mitigate this risk, you should validate and sanitize user inputs, especially when they are used to construct file paths or access system resources."
327," SE: The '$_GET['dir']' variable is directly concatenated into the $filePath string which is used as a file path. This could potentially allow an attacker to access files outside of the intended directory through a path traversal attack.
BL: $filePath = $uploadDir . $_GET['dir'] . '/' . $fileName;
BUG FOUND: YES

Explanation:
The code takes the 'dir' parameter from the URL query string and concatenates it directly into the $filePath variable, which is later used to determine the destination of an uploaded file. If an attacker can manipulate the 'dir' parameter, they could potentially move outside of the intended directory and access sensitive files on the server. To prevent this type of attack, always validate and sanitize user input, especially when using it to construct file paths or SQL queries. In this case, you should validate the 'dir' parameter to ensure it only contains allowed values and does not contain any special characters that could be used for path traversal."
435," SE: The '$_GET['dir']' variable is directly concatenated into the $filePath string which can lead to a path traversal attack if user input is not properly sanitized.
BL: $filePath = $uploadDir . $_GET['dir'] . '/' . $fileName;
BUG FOUND: YES"
355," SE: The code constructs a file path by concatenating user input from GET request with a static directory path and a static file name. This may lead to a path traversal vulnerability (CWE-22) if the 'dir' parameter is not properly sanitized.

BL: `$filePath = $uploadDir . $_GET['dir'] . '/' . $fileName;`

BUG FOUND: YES

To mitigate this vulnerability, you should ensure that the 'dir' parameter only contains expected values and does not contain any special characters or relative paths that could be used for path traversal. One way to do this is by using a whitelist of allowed values and validating the 'dir' parameter against this whitelist before using it in file operations."
436," SE: The '$_GET['dir']' variable is directly concatenated into the $filePath variable which can lead to a path traversal attack.
BL: `$filePath = $uploadDir . $_GET['dir'] . '/' . $fileName;`
BUG FOUND: YES"
3437," SE: The 'logFilePath' is directly constructed from the 'logFile' input without any restriction or sanitation, which could potentially allow path traversal if the input is manipulated.
BL: `$logFilePath = '/var/log/' . $logFile;`
BUG FOUND: YES"
339," SE: The '$_GET['dir']' is directly concatenated into the $filePath variable which may contain user-supplied input without proper validation or sanitization.
BL: $filePath = $uploadDir . $_GET['dir'] . '/' . $fileName;
BUG FOUND: YES

Explanation:
This code segment is vulnerable to a path traversal attack (CWE-22) because it uses user-supplied input ($_GET['dir']) directly in the file path without proper checks. An attacker can manipulate the 'dir' parameter to access files outside of the intended directory, potentially leading to information disclosure or remote code execution. To mitigate this risk, you should validate and sanitize the 'dir' parameter to ensure it only contains allowed characters and does not attempt to traverse outside of the intended directory."
363," SE: The 'filePath' variable directly concatenates user-provided data ('$_GET['dir']') into a file path without any sanitization.
BL: $filePath = $uploadDir . $_GET['dir'] . '/' . $fileName;
BUG FOUND: YES

Explanation:

The 'filePath' variable is constructed by concatenating the 'uploadDir', the user-provided data from '_GET['dir']', and the 'fileName'. This construction can be exploited through path traversal attacks (CWE-22) if the user-provided data is not properly sanitized. An attacker could provide relative path traversal patterns (e.g., '../' or '/') in the '_GET['dir']' input, which could lead to writing files outside of the intended directory. In this case, the application should restrict the '_GET['dir']' input to only accept legitimate directory names or use other methods to prevent path traversal attacks."
449," SE: The 'dir' parameter in the $filePath variable is directly concatenated from user input without proper sanitation, which could lead to a path traversal attack (CWE-22).
BL: `$filePath = $uploadDir . $_GET['dir'] . '/' . $fileName;`
BUG FOUND: YES"
3316," SE: The 'logFile' variable is directly concatenated into the logFilePath string which is used as a parameter in file_put_contents().
BL: `$logFilePath = '/var/log/' . $logFile; file_put_contents($logFilePath, $message, FILE_APPEND);`
BUG FOUND: YES

Explanation:
This code is vulnerable to a path traversal attack (CWE-22) because it takes the 'logfile' parameter from the user input through GET request and directly uses it in the file path without proper validation or sanitization. An attacker can manipulate the 'logfile' parameter to write data to arbitrary files in the system by using relative paths or ../ sequences. This can lead to serious security issues such as file disclosure, modification, or deletion.

To mitigate this vulnerability, you should always validate and sanitize user inputs, especially when they are used in file operations or other sensitive actions. In this case, you can restrict the 'logfile' parameter to only accept specific file names or use a whitelist of allowed values. Additionally, you can remove any special characters or sequences that might be used for path traversal attacks."
6389," SE: The 'imageName' variable, which comes from user input through GET request, is directly used to construct the file path without any sanitization or restriction.
BL: `$imageName = $_GET['image'];`
 `$fullPath = '/var/www/html/images/' . $imageName;`
BUG FOUND: YES"
441," SE: The '$_GET['dir']' is directly concatenated into the file path without any sanitation, which could lead to a path traversal attack (CWE-22).
BL: $filePath = $uploadDir . $_GET['dir'] . '/' . $fileName;
BUG FOUND: YES"
6309," SE: The 'imageName' variable from user input is directly used in the 'serveImage' function without any sanitization or validation.
BL: `serveImage($imageName);`
BUG FOUND: YES

Explanation:
This code snippet is vulnerable to a path traversal attack (CWE-22) because it uses user-supplied input ($_GET['image']) to construct a file path without proper validation or sanitization. An attacker can manipulate the 'image' parameter to access arbitrary files on the server by using relative paths or ../ sequences. This can lead to information disclosure, directory traversal, or even remote code execution, depending on the server configuration and the attacker's skills. To mitigate this issue, you should validate and sanitize the user input to ensure it only contains a valid image name and does not contain any special characters or sequences that could be used for path traversal."
3429," SE: The 'logFile' variable is directly concatenated into the 'logFilePath' variable which is used in file_put_contents() without any sanitation, making it potentially vulnerable to Path Traversal.
BL: `$logFilePath = '/var/log/' . $logFile; file_put_contents($logFilePath, $message, FILE_APPEND);`
BUG FOUND: YES"
481," SE: There is no direct user input being concatenated into a file path, so there are no instances of the CWE-22 (Improper Limitation of a Pathname to a Restricted Directory (""Path Traversal"")) vulnerability in the provided code.

BL: none

BUG FOUND: NO"
3424," SE: The 'logFile' variable, which is derived from user input, is directly used in the file path without any sanitization.
BL: `$logFilePath = '/var/log/' . $logFile;`
BUG FOUND: YES"
6387," SE: The 'imageName' variable, which comes from user input, is directly used in the construction of the $fullPath variable without any sanitization or validation. This could potentially allow a path traversal attack if an attacker provides a crafted 'image' parameter value.

BL: `$imageName = $_GET['image'];`
`$fullPath = '/var/www/html/images/' . $imagePath;`

BUG FOUND: YES"
3469," SE: N/A
BL: N/A
BUG FOUND: NO

Explanation:
The provided file content does not contain any line that may contain a bug of type CWE-22 (Improper Limitation of a Pathname to a Restricted Directory (""Path Traversal"")). The code is safe from this type of vulnerability as it does not concatenate any user-supplied input directly into file paths without proper sanitation or validation."
6417," SE: The 'imageName' variable from user input is directly used in the construction of the file path without any sanitization or validation.
BL: `$imageName = $_GET['image']; serveImage($imageName);` and `$fullPath = '/var/www/html/images/' . $imagePath;`
BUG FOUND: YES
Explanation: This code is vulnerable to a path traversal attack (CWE-22) because it uses user-supplied input ($_GET['image']) to construct a file path without proper sanitization or validation. An attacker could potentially manipulate the input to access files outside of the intended directory ('/var/www/html/images/'). To mitigate this risk, you should validate and sanitize the user input to ensure it only contains the expected filename and does not contain any special characters (such as "".."" for directory traversal)."
457," SE: N/A
BL: N/A
BUG FOUND: NO

Explanation:
The provided file content does not contain any line that may contain a bug of type CWE-22 (Improper Limitation of a Pathname to a Restricted Directory (""Path Traversal"")). The code mainly consists of class definitions and does not perform any operations that involve file path manipulation based on user input."
6388," SE: The user input from the GET request is directly used to construct a file path without any sanitization or limitation to a specific directory, which could lead to a path traversal vulnerability (CWE-22).

BL: `$imageName = $_GET['image'];`
`$fullPath = '/var/www/html/images/' . $imagePath;`

BUG FOUND: YES"
561," SE: The user-supplied 'dir' parameter in the $filePath variable construction is directly concatenated without any sanitation or validation, which could lead to a path traversal attack (CWE-22).
BL: $filePath = $uploadDir . $_GET['dir'] . '/' . $fileName;
BUG FOUND: YES"
6433," SE: N/A
BL: N/A
BUG FOUND: NO

Explanation:
The provided file content does not contain any line that may contain a bug of type CWE-22 (Improper Limitation of a Pathname to a Restricted Directory (""Path Traversal"")). The code is composed of various classes and functions, but none of them concatenate user input directly into a file path without proper sanitation."
615," SE: There is no direct user input being concatenated into file paths, so there are no instances of the CWE-22 (Improper Limitation of a Pathname to a Restricted Directory (""Path Traversal"")) vulnerability in the provided code.

BL: none

BUG FOUND: NO"
3549," SE: The 'logFile' variable is directly concatenated into the $logFilePath variable which is used as a file path without any sanitation or restriction to a specific directory.
BL: `$logFilePath = '/var/log/' . $logFile;`
BUG FOUND: YES"
3553," SE: The 'logFile' variable is directly concatenated into the $logFilePath variable which is used to construct the path of the log file. This can lead to a path traversal vulnerability if an attacker provides a specially crafted 'logfile' parameter.
BL: `$logFilePath = '/var/log/' . $logFile;`
BUG FOUND: YES"
6549," SE: There is no direct user input being concatenated into file system calls, so there are no lines that contain a bug of type CWE-22 (Improper Limitation of a Pathname to a Restricted Directory (""Path Traversal"")).
BL: none
BUG FOUND: NO"
473," SE: The 'filePath' variable directly concatenates user-provided data ('$_GET['dir']') into a file path without proper validation or sanitization.
BL: `$filePath = $uploadDir . $_GET['dir'] . '/' . $fileName;`
BUG FOUND: YES

Explanation:
This part of the code is vulnerable to a path traversal attack (CWE-22) because it uses user-provided data ('$_GET['dir']') to construct the file path for storing an uploaded image. An attacker can manipulate the 'dir' parameter to move out of the intended directory, potentially accessing or modifying sensitive files on the server. To mitigate this risk, you should validate and sanitize the user input to ensure it only contains allowed characters and does not attempt to traverse the file system."
6557," SE: N/A
BL: N/A
BUG FOUND: NO

Explanation:
The provided file content does not contain any line that may contain a bug of type CWE-22 (Improper Limitation of a Pathname to a Restricted Directory (""Path Traversal"")). The code is safe from this type of vulnerability."
3601," SE: There is no direct user input being concatenated into a file path, so there's no possibility of a path traversal bug (CWE-22) in the provided code.

BL: none

BUG FOUND: NO"
6573," SE: There is no user input being concatenated with any file path, so there is no possibility of a path traversal vulnerability in the provided code.
BL: None found.
BUG FOUND: NO."
6541," SE: The 'imageName' variable, which comes from user input, is directly used in the construction of the $fullPath variable without any sanitization or validation. This could potentially allow an attacker to access files outside of the intended directory through path traversal techniques.

BL: `$fullPath = '/var/www/html/images/' . $imagePath;`

BUG FOUND: YES"
3453," SE: The 'logFile' variable is directly concatenated into the file path without sanitation, which may allow path traversal attacks.
BL: `$logFilePath = '/var/log/' . $logFile;`
BUG FOUND: YES

Explanation:
The 'logFile' variable is directly appended to the string '/var/log/' to form the $logFilePath variable, which is then used in the file_put_contents() function. If an attacker can manipulate the 'logFile' variable (for example, through a URL parameter), they could potentially write files outside of the intended directory, leading to a path traversal vulnerability (CWE-22). To mitigate this, validate and sanitize the 'logFile' variable to ensure it only contains allowed characters and does not attempt to traverse the file system."
3547," SE: The 'logFile' is directly concatenated into the file path without any sanitation or restriction, which could lead to a path traversal attack if an attacker provides a malicious log file name with "".."" or absolute path.
BL: `$logFilePath = '/var/log/' . $logFile;`
BUG FOUND: YES"
3585," SE: There is no direct user input being concatenated into file system functions, so there are no lines that contain a bug of type CWE-22 (Improper Limitation of a Pathname to a Restricted Directory (""Path Traversal"")).
BL: none
BUG FOUND: NO"
575," SE: The '$_GET['dir']' is directly concatenated into the file path without any sanitation or validation.
BL: $filePath = $uploadDir . $_GET['dir'] . '/' . $fileName;
BUG FOUND: YES

This code is vulnerable to Path Traversal (CWE-22) as it uses user input ($_GET['dir']) directly in the file path without proper sanitization or validation. An attacker can exploit this by providing a path like '../../../etc/passwd' to access sensitive files outside the intended directory."
6565," SE: N/A
BL: N/A
BUG FOUND: NO

The provided code does not contain any lines that may contain a bug of type CWE-22 (Improper Limitation of a Pathname to a Restricted Directory (""Path Traversal"")). The code is well-structured and there are no instances where user input is directly used in file operations without proper sanitation."
6525," SE: The 'serveImage' function concatenates the user-provided 'image' parameter directly into the $fullPath variable without any sanitation or validation, which may lead to a path traversal vulnerability.
BL: `$fullPath = '/var/www/html/images/' . $imagePath;`
BUG FOUND: YES"
6533," SE: The 'imageName' variable from user input is directly used in the 'serveImage' function without any sanitation or validation.
BL: `serveImage($imageName);`
BUG FOUND: YES

Explanation:
This code is vulnerable to a path traversal attack (CWE-22) because it uses user-supplied input ('imageName' variable) to construct a file path without proper validation or sanitization. An attacker can exploit this by providing a specially crafted input to move out of the intended directory (e.g., '../' to move up a directory) and access sensitive files or systems outside of the intended scope. In this case, the 'serveImage' function is at risk, as it directly uses the user-supplied input ('imageName') to construct the file path. To mitigate this vulnerability, you should validate and sanitize the user input to ensure it only contains the intended values and does not contain any path traversal patterns (e.g., '..', '/', '\')."
3561," SE: There is no user input being directly used in file path construction, so there is no possibility of a path traversal vulnerability in the provided code.
BL: None
BUG FOUND: NO"
562," SE: The '$_GET['dir']' variable is directly concatenated into the $filePath string without any sanitation or validation, which could potentially allow a path traversal attack if user input is malicious.
BL: `$filePath = $uploadDir . $_GET['dir'] . '/' . $fileName;`
BUG FOUND: YES"
3577," SE: There is no direct user input concatenation into file system calls in the provided code. However, there is a potential for a path traversal vulnerability in the 'logAction' function due to the usage of user-supplied data in the construction of the log file path.
"
3593," SE: N/A as the provided code does not contain any user input that is directly used in file system operations.
BL: N/A
BUG FOUND: NO

Explanation:
After analyzing the given file content, I didn't find any lines containing a bug of type CWE-22 (Improper Limitation of a Pathname to a Restricted Directory or ""Path Traversal""). The code does not contain any user input that is directly used in file system operations. Therefore, there is no risk of path traversal attacks."
3569," SE: The 'logFilePath' is directly constructed from user input without any restriction or sanitization.
BL: `$logFilePath = '/var/log/' . $logFile;`
BUG FOUND: YES

Explanation:
The code constructs the log file path by concatenating a hardcoded string ""/var/log/"" with the user input from `$_GET['logfile']`. This can lead to a path traversal vulnerability (CWE-22) if the user input contains "".."" or any other special characters to move out of the intended directory. An attacker could potentially write or read arbitrary files on the server where the application has write or read access. In this case, the risk is mitigated as the log file is only appended, not overwritten. However, it's still a good practice to sanitize or restrict user input to prevent any potential security issues."
6517," SE: The 'imageName' variable, which comes from user input through GET request, is directly used to construct a file path without any sanitation or restriction.
BL: `$imageName = $_GET['image']; serveImage($imageName);` and `$fullPath = '/var/www/html/images/' . $imageName;`
BUG FOUND: YES

This code is vulnerable to Path Traversal attacks (CWE-22) because it uses user-supplied input ($_GET['image']) to construct a file path without proper sanitation or restriction. An attacker can provide a specially crafted input like ""/../"" to access files outside of the intended directory (""/var/www/html/images/""). Always validate, sanitize and restrict user inputs that are used to construct file paths or perform any operations that involve system resources."
3609," SE: There is no user input that is directly used in file operations, so there is no possibility of a path traversal vulnerability in the provided code.
BL: none
BUG FOUND: NO"
567," SE: The `$filePath` variable in the `FileHandler` class concatenates user input from `$_GET['dir']` and `$uploadDir` without proper validation or sanitization, which could potentially allow path traversal attacks.

BL: `$filePath = $uploadDir . $_GET['dir'] . '/' . $fileName;` in `FileHandler` class constructor.

BUG FOUND: YES."
591," SE: The 'filePath' variable directly concatenates user-provided data ('$_GET['dir']') into a file path without proper validation or sanitization.
BL: `$filePath = $uploadDir . $_GET['dir'] . '/' . $fileName;`
BUG FOUND: YES

Explanation:
This code is vulnerable to a path traversal attack (CWE-22) because it uses user-provided data ('$_GET['dir']') to construct a file path without proper validation or sanitization. An attacker can manipulate the 'dir' parameter to access files outside of the intended directory, potentially leading to information disclosure or remote code execution. To mitigate this risk, you should validate and sanitize user input, and consider using a safer alternative such as a whitelist of allowed directory names."
6689," SE: There is no user input being directly used in file path manipulation, so there is no possibility of a path traversal bug (CWE-22) in the provided code.

BL: none

BUG FOUND: NO"
607," SE: The 'uploadDir' and 'filePath' variables concatenate user-provided data ('$_GET['dir']') into a file path without proper validation or sanitization.
BL: `$uploadDir = '/var/www/uploads/'; $fileName = basename($_FILES['profileImage']['name']); $filePath = $uploadDir . $_GET['dir'] . '/' . $fileName;`
BUG FOUND: YES"
599," SE: The 'filePath' variable directly concatenates user input ('$_GET['dir']') into a file path without any sanitation or validation.
BL: `$filePath = $uploadDir . $_GET['dir'] . '/' . $fileName;`
BUG FOUND: YES

Explanation:
This code is vulnerable to a path traversal attack (CWE-22) because it uses user-supplied input ('$_GET['dir']') to construct a file path without proper sanitization or validation. An attacker can manipulate the 'dir' parameter to access files outside of the intended directory, potentially leading to information disclosure or remote code execution. To mitigate this risk, you should validate and sanitize the user input to ensure it only contains allowed characters and does not attempt to traverse the file system."
6673," SE: There is no usage of user-supplied input to construct file paths in the provided code.
BL: none
BUG FOUND: NO"
623," SE: The 'filename' variable in the 'readFile' and 'writeFile' methods is directly concatenated with a user-supplied directory path from $_GET['dir'], which could lead to a path traversal attack (CWE-22).
BL: `public function readFile($filename) { return file_get_contents($filename); }` in FileHandler class and `public function writeFile($filename, $content) { file_put_contents($filename, $content); }` in FileHandler class
BUG FOUND: YES"
6512," SE: The 'imageName' variable, which is derived from user input, is directly used in the 'serveImage' function without any restriction or sanitization to limit it to a specific directory.
BL: `serveImage($imageName);`
BUG FOUND: YES"
6513," SE: The 'imageName' variable, which comes from user input through GET request, is directly used to construct a file path without any sanitation or restriction to a specific directory.
BL: `$imageName = $_GET['image'];`
`$fullPath = '/var/www/html/images/' . $imageName;`
BUG FOUND: YES"
704," SE: The 'dir' parameter from the GET request is directly concatenated into the file path without any sanitation or validation.
BL: `$filePath = $uploadDir . $_GET['dir'] . '/' . $fileName;`
BUG FOUND: YES"
6705," SE: N/A
BL: N/A
BUG FOUND: NO

Explanation:
After analyzing the provided file content, I did not find any line that may contain a bug of type CWE-22 (Improper Limitation of a Pathname to a Restricted Directory (""Path Traversal"")). The code does not concatenate user input directly into file system calls without proper validation or sanitization."
563," SE: The '$_GET['dir']' variable is directly concatenated into the $filePath variable which is used as a file path. This can lead to a path traversal vulnerability if user input is not properly sanitized.
BL: $filePath = $uploadDir . $_GET['dir'] . '/' . $fileName;
BUG FOUND: YES

Explanation:
In this code, the 'dir' parameter from the GET request is directly used in the file path without any sanitization. This can allow an attacker to access files outside of the intended directory by providing relative paths (e.g., '../' to move up a directory). To prevent this type of vulnerability, always validate and sanitize user inputs, especially when they are used in file paths or SQL queries."
583," SE: The 'uploadDir' and 'fileName' variables are concatenated without proper sanitation before being used in the 'filePath' variable which is used in the 'move_uploaded_file' function.
BL: `$filePath = $uploadDir . $_GET['dir'] . '/' . $fileName;`
BUG FOUND: YES

Explanation:
The code is vulnerable to a path traversal attack because it uses user input (through $_GET['dir']) to construct the file path for uploading a file. An attacker can manipulate the 'dir' parameter to move out of the target directory ('/var/www/uploads/') and write files to arbitrary locations on the server. This is a violation of CWE-22 (Improper Limitation of a Pathname to a Restricted Directory (""Path Traversal""))."
3701," SE: N/A
BL: N/A
BUG FOUND: NO

Explanation:
The provided file content does not contain any line that may contain a bug of type CWE-22 (Improper Limitation of a Pathname to a Restricted Directory (""Path Traversal"")). The code is related to image processing, utility functions, and some class definitions, but it doesn't include any user-supplied input being directly used in file operations without proper sanitation."
6511," SE: The 'imageName' variable, which comes from user input in the GET request, is directly used to construct the file path without any sanitization or limitation to a restricted directory.
BL: `$imageName = $_GET['image']; serveImage($imageName);`
BUG FOUND: YES

Explanation:
This code is vulnerable to a path traversal attack (CWE-22) because it uses user-supplied input ($_GET['image']) to construct the path to the file that will be served. An attacker can provide a specially crafted input, such as ""../../../etc/passwd"", to access sensitive files outside of the intended directory. To mitigate this vulnerability, you should sanitize or validate the user input and limit it to a restricted directory. For example, you can check if the user input only contains allowed characters and has a certain length, and then concatenate it with a fixed prefix that points to the allowed directory."
3741," SE: N/A
BL: N/A
BUG FOUND: NO

Explanation:
After analyzing the provided file content, I did not find any line that may contain a bug of type CWE-22 (Improper Limitation of a Pathname to a Restricted Directory (""Path Traversal"")). The code does not concatenate user input directly into file paths or any other sensitive areas where path traversal could be an issue."
3725," SE: N/A
BL: N/A
BUG FOUND: NO

The provided file does not contain any lines that may contain a bug of type CWE-22 (Improper Limitation of a Pathname to a Restricted Directory (""Path Traversal"")). The code is safe from this type of vulnerability."
6681," SE: The 'imageName' from user input is directly used in the 'serveImage' function without any sanitation or validation, which may lead to a path traversal attack if an attacker provides a path like '/../' to access sensitive files outside the intended directory.
BL: `serveImage($imageName);`
BUG FOUND: YES"
3689," SE: The 'logFilePath' is directly constructed by concatenating user-provided input ('logFile') into a file path without any sanitation or restriction to a specific directory.
BL: `$logFilePath = '/var/log/' . $logFile;`
BUG FOUND: YES"
3709," SE: There is no direct user input being used in file path or directory manipulation, so there are no instances of CWE-22 (Path Traversal) vulnerabilities found in the provided code.
BL: none
BUG FOUND: NO"
3688," SE: The 'logFile' variable is directly concatenated into the $logFilePath variable, which is used as a file path without any sanitation or restriction to a specific directory.
BL: `$logFilePath = '/var/log/' . $logFile;`
BUG FOUND: YES"
3548," SE: The 'logFile' variable is directly concatenated into the $logFilePath variable which is used as a parameter for the file_put_contents function without any sanitation or restriction.
BL: `$logFilePath = '/var/log/' . $logFile; file_put_contents($logFilePath, $message, FILE_APPEND);`
BUG FOUND: YES

Explanation:
This code is vulnerable to a path traversal attack (CWE-22) because it takes the 'logfile' parameter from the user input ($_GET['logfile']) and concatenates it directly into the $logFilePath variable without any sanitation or restriction. An attacker can exploit this by providing a log file name with relative or absolute path traversal patterns (e.g., ../../../etc/passwd) to write or read arbitrary files on the server. To prevent this type of attack, validate and sanitize user inputs, restrict the log file to a specific directory, and ensure proper access control."
6721," SE: There is no direct user input concatenation into file system calls, but the 'filePath' variable in FileHandler class is constructed by concatenating a user-provided '$imagePath' with a hardcoded string '/var/www/html/images/'. This could potentially lead to a path traversal vulnerability if '$imagePath' contains '..' or similar sequences.
BL: `private $filePath;`
`public function __construct($imagePath) {`
`$this->filePath = '/var/www/html/images/' . $imagePath;`
`}`
BUG FOUND: YES"
6653," SE: The 'imageName' variable, which comes from user input through GET request, is directly used to construct the file path without any sanitization or restriction.
BL: `$imageName = $_GET['image']; serveImage($imageName);`
BUG FOUND: YES"
709," SE: The '$_GET['dir']' variable is directly concatenated into the $filePath string without any sanitation or validation, which could potentially allow a path traversal attack if an attacker is able to manipulate the 'dir' parameter in the URL.
BL: `$filePath = $uploadDir . $_GET['dir'] . '/' . $fileName;`
BUG FOUND: YES"
733," SE: The 'filename' variable is directly concatenated into the 'filePath' string which is used to construct the file path for moving the uploaded file.
BL: `$filePath = $uploadDir . $_GET['dir'] . '/' . $fileName;`
BUG FOUND: YES

Explanation:
This code snippet is vulnerable to a path traversal attack (CWE-22) because it uses user input (filename and directory from GET request) directly in the file path without proper validation or sanitization. An attacker can manipulate the 'dir' parameter in the GET request to move the uploaded file to an arbitrary location outside the intended directory, leading to potential security issues."
703," SE: The '$_GET['dir']' is directly concatenated into the $filePath variable which is used as the destination for the uploaded file without any sanitation or restriction, allowing a path traversal attack.
BL: $filePath = $uploadDir . $_GET['dir'] . '/' . $fileName;
BUG FOUND: YES"
6665," SE: The 'serveImage' function concatenates the user-provided image name directly into the $fullPath variable without any sanitation, which may lead to a path traversal attack if the user input contains "".."" or other special characters.
BL: `$fullPath = '/var/www/html/images/' . $imagePath;`
BUG FOUND: YES"
6652," SE: The 'imageName' variable, which is derived from user input, is directly used in the construction of the 'fullPath' variable without any sanitization or validation.
BL: `$imageName = $_GET['image'];`
`$fullPath = '/var/www/html/images/' . $imageName;`
BUG FOUND: YES"
6697," SE: There is no direct user input in the file content. Therefore, there are no lines that may contain a bug of type CWE-22 (Improper Limitation of a Pathname to a Restricted Directory (""Path Traversal"")).
BL: none
BUG FOUND: NO"
725," SE: There is no user input being directly used in file path construction, hence no path traversal vulnerability exists in the provided code.
BL: none
BUG FOUND: NO"
757," SE: There is no direct user input being concatenated into file system calls, however there is a potential for a path traversal vulnerability due to the usage of `$_GET['dir']` in the construction of the `$filePath` variable.

BL: `$filePath = $uploadDir . $_GET['dir'] . '/' . $fileName;`

BUG FOUND: YES"
6657," SE: The user input from $_GET['image'] is directly used in the construction of the $fullPath variable without any sanitization or validation, which could potentially allow path traversal attacks.
BL: `$fullPath = '/var/www/html/images/' . $imagePath;`
BUG FOUND: YES"
3757," SE: There is no direct user input in the file content. Therefore, it is unlikely to find a bug of type CWE-22 (Improper Limitation of a Pathname to a Restricted Directory (""Path Traversal"")).
BL: none
BUG FOUND: NO"
3687," SE: The 'logFilePath' is directly constructed using the 'logFile' input from user, which may not be properly sanitized leading to a potential path traversal vulnerability.
BL: `$logFilePath = '/var/log/' . $logFile;`
BUG FOUND: YES"
3693," SE: The 'logFile' is directly concatenated into the file path without proper sanitation, which may lead to a path traversal vulnerability.
BL: `$logFilePath = '/var/log/' . $logFile;`
BUG FOUND: YES"
6651," SE: The 'imageName' variable, which comes from user input in the GET request, is directly used to construct the file path without any sanitization or restriction to a specific directory.
BL: `$imageName = $_GET['image']; serveImage($imageName);`
BUG FOUND: YES"
765," SE: N/A
BL: N/A
BUG FOUND: NO

Explanation:
After analyzing the provided file content, I did not find any line that may contain a bug of type CWE-22 (Improper Limitation of a Pathname to a Restricted Directory (""Path Traversal"")). The code does not concatenate user input directly into file paths or use it in any way that could be vulnerable to path traversal attacks."
749," SE: There is no direct user input being used in file handling operations, hence there are no lines that may contain a bug of type CWE-22 (Improper Limitation of a Pathname to a Restricted Directory (""Path Traversal"")).
BL: none
BUG FOUND: NO"
717," SE: The 'filename' variable is directly concatenated into the 'filePath' variable which is used as the destination for the uploaded file without proper validation or sanitization.
BL: `$filePath = $uploadDir . $_GET['dir'] . '/' . $fileName;`
BUG FOUND: YES"
3749," SE: There is no direct user input in the file content. Therefore, there are no lines that may contain a bug of type CWE-22 (Improper Limitation of a Pathname to a Restricted Directory (""Path Traversal"")).

BL: none
BUG FOUND: NO"
3717," SE: The 'logFile' is directly concatenated into the file path without proper sanitation, which may lead to a path traversal vulnerability.
BL: `$logFilePath = '/var/log/' . $logFile;`
BUG FOUND: YES"
3865," SE: There is no direct user input being used in file path or file operations, so there is no obvious instance of CWE-22 (Path Traversal) vulnerability in the provided code.

BL: none

BUG FOUND: NO"
773," SE: The 'dir' parameter in the file path is directly concatenated from a GET request without any sanitation, which could potentially allow path traversal attacks.
BL: `$filePath = $uploadDir . $_GET['dir'] . '/' . $fileName;`
BUG FOUND: YES"
3733," SE: N/A
BL: N/A
BUG FOUND: NO

Explanation:
The provided file content does not contain any line that may contain a bug of type CWE-22 (Improper Limitation of a Pathname to a Restricted Directory (""Path Traversal"")). The code is safe from this type of vulnerability as it does not concatenate any user input directly into file paths without proper sanitation."
6713," SE: N/A
BL: N/A
BUG FOUND: NO

The provided file content does not contain any line that may contain a bug of type CWE-22 (Improper Limitation of a Pathname to a Restricted Directory (""Path Traversal"")). The code is safe from this type of vulnerability as it does not construct file paths using user input or untrusted data."
3849," SE: The 'logFile' variable is directly concatenated into the $logFilePath variable which is used as a file path without any sanitation or restriction.
BL: `$logFilePath = '/var/log/' . $logFile;`
BUG FOUND: YES"
741," SE: The 'uploadDir' and 'filePath' variables concatenate user input ('$_GET['dir']') into a file path without proper validation or sanitization.
BL: `$uploadDir = '/var/www/uploads/'; $fileName = basename($_FILES['profileImage']['name']); $filePath = $uploadDir . $_GET['dir'] . '/' . $fileName;`
BUG FOUND: YES

Explanation:
The code constructs a file path by concatenating user input from $_GET['dir'] into the path without proper sanitization or validation. This could potentially allow an attacker to manipulate the path and access sensitive files outside of the intended directory. It's recommended to validate and sanitize user inputs, especially when they are used to construct file paths or make decisions about system behavior."
6829," SE: There is no user input being directly used in file path or file operations, hence there's no possibility of a path traversal bug (CWE-22) in the provided code.
BL: none
BUG FOUND: NO"
6845," SE: N/A
BL: N/A
BUG FOUND: NO

Explanation:
After analyzing the provided file content, I did not find any line that may contain a bug of type CWE-22 (Improper Limitation of a Pathname to a Restricted Directory (""Path Traversal"")). The code does not concatenate user input directly into file paths or use it in any way that could be vulnerable to path traversal attacks."
6861," SE: N/A
BL: N/A
BUG FOUND: NO

Explanation:
After analyzing the provided file content, I did not find any line that may contain a bug of type CWE-22 (Improper Limitation of a Pathname to a Restricted Directory (""Path Traversal"")). The code does not concatenate user input directly into file paths or any other sensitive areas where path traversal attacks could occur."
915," SE: There is no direct usage of user-inputted data in file system operations in the provided code. Hence, there are no instances of a Path Traversal bug (CWE-2"
862," SE: The '$_GET['dir']' is directly concatenated into the file path without any sanitation or restriction, which could lead to a path traversal attack (CWE-22).
BL: `$filePath = $uploadDir . $_GET['dir'] . '/' . $fileName;`
BUG FOUND: YES"
6869," SE: N/A
BL: N/A
BUG FOUND: NO

Explanation:

The provided file content does not contain any line that may contain a bug of type CWE-22 (Improper Limitation of a Pathname to a Restricted Directory (""Path Traversal"")). The code is well-structured and there are no instances where user input is directly concatenated into file paths without proper sanitation."
705," SE: The '$_GET['dir']' variable is directly concatenated into the file path without any sanitation or restriction.
BL: `$filePath = $uploadDir . $_GET['dir'] . '/' . $fileName;`
BUG FOUND: YES

Explanation:
This code is vulnerable to a path traversal attack (CWE-22) because it uses user input (via the $_GET['dir'] variable) to construct the file path without proper sanitization or restriction. An attacker could potentially manipulate the 'dir' parameter to access files outside of the intended directory, leading to unauthorized file access or reading sensitive information. To mitigate this risk, you should validate and sanitize user input, and consider using a safe method to restrict the user input to a specific directory."
3897," SE: There is no usage of user-supplied input to construct file paths or access any restricted directories, hence there are no lines that may contain a bug of type CWE-22 (Improper Limitation of a Pathname to a Restricted Directory (""Path Traversal"")).

BL: none

BUG FOUND: NO"
3881," SE: N/A
BL: N/A
BUG FOUND: NO

Explanation:
After analyzing the provided file content, I didn't find any line containing a bug of type CWE-22 (Improper Limitation of a Pathname to a Restricted Directory or ""Path Traversal""). The code does not concatenate user input directly into file paths without proper sanitation."
6853," SE: There is no direct user input in the file content. Therefore, there is no possibility of a path traversal vulnerability (CWE-22) in the provided code.
BL: none
BUG FOUND: NO"
6813," SE: The 'imageName' variable is directly concatenated into the 'fullPath' variable without any sanitation or restriction to a specific directory.
BL: `$fullPath = '/var/www/html/images/' . $imageName;`
BUG FOUND: YES"
891," SE: The 'filePath' variable is constructed by concatenating user-provided input ('$_GET['dir']') with a static string and another user-provided input ('$_FILES['profileImage']['name']'). This could potentially lead to a path traversal vulnerability if the user-provided input is not properly sanitized.
BL: `$filePath = $uploadDir . $_GET['dir'] . '/' . $fileName;`
BUG FOUND: YES"
6885," SE: N/A
BL: N/A
BUG FOUND: NO

Explanation:
After analyzing the provided file content, I did not find any line that may contain a bug of type CWE-22 (Improper Limitation of a Pathname to a Restricted Directory (""Path Traversal"")). The code does not concatenate user input directly into file paths without proper sanitation."
3845," SE: The 'logFilePath' is constructed by concatenating user-provided input ('$logFile') to a hardcoded path ('/var/log/'). This may lead to a path traversal vulnerability if the user-provided input is not properly sanitized.
BL: `$logFilePath = '/var/log/' . $logFile;`
BUG FOUND: YES"
939," SE: There is no direct user input in the file content. Therefore, there is no possibility of a path traversal vulnerability (CWE-22).
BL: N/A
BUG FOUND: NO"
3913," SE: There is no direct user input being used in file path manipulation, hence there are no lines with a path traversal bug (CWE-22).
BL: none
BUG FOUND: NO"
3844," SE: The 'logFile' variable is directly concatenated into the 'logFilePath' variable which is used in the file_put_contents function without any sanitation or restriction to a specific directory.
BL: `$logFilePath = '/var/log/' . $logFile; file_put_contents($logFilePath, $message, FILE_APPEND);`
BUG FOUND: YES"
861," SE: The '$_GET['dir']' variable is directly concatenated into the $filePath variable which is used as a file path, making it susceptible to Path Traversal attacks.
BL: $filePath = $uploadDir . $_GET['dir'] . '/' . $fileName;
BUG FOUND: YES"
875," SE: The 'filename' is directly concatenated into the file path without proper validation or sanitization, which may allow path traversal attacks.
BL: `$filePath = $uploadDir . $_GET['dir'] . '/' . $fileName;`
BUG FOUND: YES

Explanation:

The code is vulnerable to a path traversal attack because it uses user input (`$_GET['dir']`) directly in the file path without proper sanitization. An attacker can manipulate the 'dir' parameter to move out of the intended directory, potentially accessing sensitive files or directories. To mitigate this issue, you should validate and sanitize the 'dir' parameter to ensure it only contains allowed values and does not contain any special characters used for path traversal (e.g., '..')."
899," SE: There is no direct user input concatenation into file paths or system calls found in the provided code. Hence, there are no obvious instances of a Path Traversal bug (CWE-22).

BL: none

BUG FOUND: NO"
6807," SE: The user input from the GET request is directly used as a file path without any restriction to a specific directory.
BL: `serveImage($imageName);` in line 38
BUG FOUND: YES"
6809," SE: The 'imageName' from user input is directly concatenated into the $fullPath variable which is used as a file path. This may lead to a path traversal vulnerability if user input is not properly sanitized.
BL: `$imageName = $_GET['image']; serveImage($imageName);` and `$fullPath = '/var/www/html/images/' . $imagePath;`
BUG FOUND: YES

However, there is already some protection in place as the $imageName is checked against file_exists() and exif_imagetype() before being used. But it's still a good practice to sanitize user inputs to prevent potential security issues."
6821," SE: The 'imageName' variable from user input is directly used in the 'serveImage' function without any sanitation or restriction to a specific directory, which could potentially allow path traversal attacks.
BL: `serveImage($imageName);`
BUG FOUND: YES"
3905," SE: N/A
BL: N/A
BUG FOUND: NO

Explanation:
After analyzing the provided file content, I didn't find any line containing a bug of type CWE-22 (Improper Limitation of a Pathname to a Restricted Directory or ""Path Traversal""). The code does not concatenate user input directly into file paths or any other sensitive areas where path traversal attacks could occur."
6877," SE: There is no direct user input in the file content. Therefore, there is no possibility to have a path traversal bug of type CWE-22.
BL: N/A
BUG FOUND: NO"
883," SE: There is no usage of user-supplied input to construct file paths, so there are no instances of CWE-22 (Improper Limitation of a Pathname to a Restricted Directory (""Path Traversal"")) in the provided code.

BL: none

BUG FOUND: NO"
3857," SE: There is no direct usage of user input in file system operations or path manipulation in the provided code. Hence, there are no instances of a path traversal bug (CWE-2"
6808," SE: The 'imageName' variable is directly concatenated into the 'fullPath' variable which is used as a file path without any sanitation or restriction to a specific directory.
BL: `$imageName = $_GET['image']; serveImage($imageName);`
BUG FOUND: YES

Explanation:
This code is vulnerable to a path traversal attack (CWE-22) because it uses user input (image name from GET parameter) to construct a file path without proper validation or sanitization. An attacker can provide a specially crafted input to access files outside of the intended directory (e.g., by using '..' to move up directories). In this case, the 'serveImage' function is at risk because it constructs a file path with the user-supplied 'imageName' variable and reads the file content. To mitigate this issue, you should validate and sanitize the user input and restrict it to a specific directory."
3843," SE: The 'logFilePath' is built using user input from $_GET['logfile'] without any sanitation or restriction, which could potentially allow path traversal attacks.
BL: `$logFilePath = '/var/log/' . $logFile;`
BUG FOUND: YES"
3873," SE: There is no direct user input in the file content. Therefore, it is highly unlikely to find a Path Traversal vulnerability (CWE-22) in this PHP code.

BL: none

BUG FOUND: NO"
867," SE: The '$_GET['dir']' is directly concatenated into the file path without sanitation, which could lead to a path traversal attack (CWE-22).
BL: `$filePath = $uploadDir . $_GET['dir'] . '/' . $fileName;`
BUG FOUND: YES"
863," SE: The '$_GET['dir']' is directly concatenated into the file path without any sanitation or restriction, which could lead to a path traversal attack (CWE-22).
BL: `$filePath = $uploadDir . $_GET['dir'] . '/' . $fileName;`
BUG FOUND: YES"
907," SE: There is no direct user input being concatenated into a file path, hence there are no occurrences of the Path Traversal vulnerability (CWE-22) in the provided code.

BL: none

BUG FOUND: NO"
3921," SE: There is no direct user input in the file content. Therefore, there is no possibility of a path traversal bug (CWE-22) in the provided code.
BL: none
BUG FOUND: NO"
3889," SE: N/A as the provided file does not contain any user input that is directly concatenated into a file path.
BL: N/A
BUG FOUND: NO

Explanation:

I have analyzed the provided file content and did not find any line that may contain a bug of type CWE-22 (Improper Limitation of a Pathname to a Restricted Directory (""Path Traversal"")). The reason is that there are no instances where user input is directly concatenated into a file path without proper sanitation. Therefore, the BUG FOUND is set to NO."
923," SE: N/A
BL: N/A
BUG FOUND: NO

The provided file content does not contain any line that may contain a bug of type CWE-22 (Improper Limitation of a Pathname to a Restricted Directory (""Path Traversal"")). The code is safe from this type of vulnerability."
7065," SE: N/A
BL: N/A
BUG FOUND: NO

Explanation:
After analyzing the provided file content, I did not find any line that may contain a bug of type CWE-22 (Improper Limitation of a Pathname to a Restricted Directory (""Path Traversal"")). The code does not concatenate user input directly into file paths or use it in any way that could lead to path traversal attacks."
7033," SE: N/A
BL: N/A
BUG FOUND: NO

Explanation:
The provided file content does not contain any line that may contain a bug of type CWE-22 (Improper Limitation of a Pathname to a Restricted Directory (""Path Traversal"")). The code is safe from this type of vulnerability as it does not construct file paths using user input or untrusted data."
4069," SE: There is no direct user input being used in file path manipulation, hence there are no instances of CWE-22 (Path Traversal) vulnerabilities found in the provided code.
BL: none
BUG FOUND: NO"
7049," SE: There is no usage of user-supplied input to construct file paths or access any files in the provided code.
BL: None
BUG FOUND: NO

The provided file content is a collection of PHP classes and functions, but none of them are vulnerable to Path Traversal (CWE-22) as there is no usage of user-supplied input to construct file paths or access any files."
1035," SE: The '$_GET['dir']' is directly concatenated into the file path without any sanitation or restriction, which could lead to a path traversal attack (CWE-22).
BL: `$filePath = $uploadDir . $_GET['dir'] . '/' . $fileName;`
BUG FOUND: YES."
4053," SE: N/A
BL: N/A
BUG FOUND: NO

Explanation:
After analyzing the provided file content, I didn't find any line containing a bug of type CWE-22 (Improper Limitation of a Pathname to a Restricted Directory or ""Path Traversal""). The code does not concatenate user input directly into file paths or any other sensitive data that could lead to a path traversal vulnerability."
1113," SE: There is no direct user input being used in file path construction, hence there are no lines that contain a bug of type CWE-22 (Improper Limitation of a Pathname to a Restricted Directory (""Path Traversal"")).
BL: none
BUG FOUND: NO"
4101," SE: There is no direct user input in the file content. Therefore, there is no possibility to have a path traversal bug (CWE-22) in this file.
BL: none
BUG FOUND: NO"
6837," SE: The input image name is directly used in the 'serveImage' function without proper validation or sanitization, which could potentially allow path traversal attacks if an attacker is able to manipulate the input.
BL: `serveImage($imageName);` in the HTML body section.
BUG FOUND: YES.

Explanation:
While the provided code does not contain a typical example of a path traversal vulnerability like using "".."" in the input to move out of the current directory, it still lacks proper input validation. An attacker could still potentially manipulate the input to access files outside of the intended directory or sensitive files within the same directory. Therefore, it's essential to validate and sanitize user inputs, especially when dealing with file operations.

To mitigate this risk, you can implement a function to validate the input image name, ensuring it only contains allowed characters and does not contain any path traversal patterns (e.g., ""..""). Additionally, you can store images in a separate folder that is not accessible through the web server to further limit the attack surface."
931," SE: There is no direct user input being used in file handling operations, so there is no obvious instance of a path traversal vulnerability (CWE-22) in the provided code.

BL: none

BUG FOUND: NO

Explanation:

The file handling code in the provided example is as follows:

```php
$uploadDir = '/var/www/uploads/';
$fileName = basename($_FILES['profileImage']['name']);
$filePath = $uploadDir . $_GET['dir'] . '/' . $fileName;

if (move_uploaded_file($_FILES['profileImage']['tmp_name'], $filePath)) {
    echo 'Profile image uploaded successfully!';
} else {
    echo 'Failed to upload image!';
}
```

The vulnerability in this code comes from the fact that the `$_GET['dir']` variable is directly used in the file path without proper sanitization. This could potentially allow an attacker to manipulate the `dir` parameter in the URL to access files outside of the intended directory, leading to a path traversal vulnerability (CWE-22).

However, in the provided code, there is no such instance of using user input directly in file handling operations. Therefore, there is no evidence of a path traversal vulnerability (CWE-22) in the given code."
4029," SE: The 'logFilePath' is directly constructed using user input without any restriction or sanitization.
BL: `$logFilePath = '/var/log/' . $logFile;`
BUG FOUND: YES

Explanation:
This code constructs a file path using user input ($logFile) and writes to it using file_put_contents(). This can lead to a path traversal vulnerability (CWE-22) if the user input contains '..' or other special characters to move out of the intended directory ('/var/log/'). To mitigate this risk, you should restrict user input to only allowed characters and ensure it does not contain any path traversal patterns."
6985," SE: The 'imageName' variable from user input is directly used in the 'serveImage()' function without any sanitization or validation, which could potentially allow path traversal attacks.
BL: `serveImage($imageName);`
BUG FOUND: YES."
4085," SE: N/A
BL: N/A
BUG FOUND: NO

Explanation:
After analyzing the provided file content, I didn't find any lines that may contain a bug of type CWE-22 (Improper Limitation of a Pathname to a Restricted Directory or ""Path Traversal""). The code does not concatenate user input directly into file paths or any other sensitive areas where path traversal could be an issue."
4045," SE: N/A
BL: N/A
BUG FOUND: NO

Explanation:
The given file content does not contain any line that may contain a bug of type CWE-22 (Improper Limitation of a Pathname to a Restricted Directory (""Path Traversal"")). The code is related to PHP classes and functions, but there are no operations that involve concatenation of user input or any external data with file paths."
1065," SE: The code does not contain any direct user input that is concatenated into file path strings. Therefore, it is not vulnerable to Path Traversal attacks (CWE-22).
BL: N/A
BUG FOUND: NO

While there are functions for reading, writing, and deleting files, as well as handling caches, there do not appear to be any instances where user input is directly included in file path strings. This reduces the risk of Path Traversal attacks (CWE-22)."
7001," SE: N/A
BL: N/A
BUG FOUND: NO

Explanation:
The provided file content does not contain any line that may contain a bug of type CWE-22 (Improper Limitation of a Pathname to a Restricted Directory (""Path Traversal"")). The code does not concatenate any user-supplied input directly into file paths or use it in any way that could lead to path traversal."
6980," SE: The 'imageName' variable is directly concatenated into the $fullPath variable without any sanitation or restriction to a specific directory.
BL: `$fullPath = '/var/www/html/images/' . $imageName;`
BUG FOUND: YES"
7041," SE: N/A
BL: N/A
BUG FOUND: NO

The provided file content does not contain any line that may contain a bug of type CWE-22 (Improper Limitation of a Pathname to a Restricted Directory (""Path Traversal"")). The code is safe from this type of vulnerability."
1037," SE: The '$_GET['dir']' is directly concatenated into the file path without any sanitation or restriction, which could lead to a path traversal attack (CWE-22).
BL: `$filePath = $uploadDir . $_GET['dir'] . '/' . $fileName;`
BUG FOUND: YES

Explanation:
The code constructs a file path by concatenating the upload directory, a value from the GET request (dir), and the original file name. This creates a potential security vulnerability known as Path Traversal (CWE-22), where an attacker could provide 'dir' values like '/../' to move out of the intended directory and access sensitive files or directories. To mitigate this risk, it is recommended to sanitize or restrict the '$_GET['dir']' value, for example, by allowing only specific values or validating it against a whitelist of allowed directories."
4017," SE: The 'logFile' is directly concatenated into the file path without sanitation.
BL: `$logFilePath = '/var/log/' . $logFile;`
BUG FOUND: YES

Explanation:

The code constructs a file path by concatenating a static string ('/var/log/') with a variable ($logFile) obtained from user input (via GET request). This practice is vulnerable to path traversal attacks (CWE-22), as an attacker can potentially manipulate the 'logFile' input to access sensitive files outside the intended directory. To mitigate this risk, you should validate and sanitize the user input to ensure it only contains allowed characters and does not attempt to traverse the file system."
1089," SE: There is no direct user input being concatenated into file paths, therefore there are no lines that may contain a bug of type CWE-22 (Improper Limitation of a Pathname to a Restricted Directory (""Path Traversal"")).
BL: none
BUG FOUND: NO"
4015," SE: The 'logFilePath' is directly constructed using the 'logFile' variable which is derived from user input without any sanitization or proper restriction checks.
BL: `$logFilePath = '/var/log/' . $logFile;`
BUG FOUND: YES."
7025," SE: N/A
BL: N/A
BUG FOUND: NO

Explanation:
The provided file content does not contain any line that may contain a bug of type CWE-22 (Improper Limitation of a Pathname to a Restricted Directory (""Path Traversal"")). The code is safe from this type of vulnerability as it does not construct file paths using user input or untrusted data."
1036," SE: The '$_GET['dir']' is directly concatenated into the file path without any sanitation or restriction, which could lead to a path traversal attack (CWE-22).
BL: `$filePath = $uploadDir . $_GET['dir'] . '/' . $fileName;`
BUG FOUND: YES"
4037," SE: The 'logFile' variable is directly concatenated into the file path without sanitation.
BL: `$logFilePath = '/var/log/' . $logFile;`
BUG FOUND: YES

The code constructs a file path by concatenating a static string with a variable from user input ($_GET['logfile']). This can lead to a path traversal vulnerability (CWE-22) if the user input is not properly sanitized. An attacker could potentially manipulate the input to access sensitive files outside of the intended directory. To mitigate this risk, it's recommended to use a safe method for constructing file paths, such as whitelisting allowed filenames or using a library that provides path manipulation functions with built-in security measures."
6993," SE: The 'serveImage' function concatenates the user-provided $imageName directly into the $fullPath variable without any sanitization, which could potentially allow path traversal attacks if $imageName is manipulated to access files outside of the intended directory.

BL: `$fullPath = '/var/www/html/images/' . $imagePath;`

BUG FOUND: YES"
1057," SE: The 'filePath' variable is constructed by concatenating user-supplied input ('$_GET['dir']') with a hard-coded string and system path, which may lead to a path traversal vulnerability if the user-supplied input is not properly sanitized.
BL: `$filePath = $uploadDir . $_GET['dir'] . '/' . $fileName;`
BUG FOUND: YES

However, it's important to note that the actual impact of this vulnerability depends on the context in which this code is being used. If the application properly restricts the 'dir' parameter to a specific directory, then the risk of a path traversal attack may be mitigated. Nonetheless, it's still a good practice to sanitize user-supplied input and use a safer approach, such as using a whitelist of allowed directory names, to prevent potential security issues."
4021," SE: The 'logFile' variable in the 'logAction' function is directly concatenated with a string from user input ($_GET['logfile']) without sanitation, which could potentially lead to a path traversal attack (CWE-22) if the input is not properly validated.
BL: `$logFilePath = '/var/log/' . $logFile;`
BUG FOUND: YES."
7009," SE: The 'imageName' variable from user input is directly used in the 'serveImage' function without any sanitization or validation, which could potentially allow path traversal attacks.
BL: `serveImage($imageName);`
BUG FOUND: YES"
7017," SE: N/A
BL: N/A
BUG FOUND: NO

Explanation:
The provided file content does not contain any line that may contain a bug of type CWE-22 (Improper Limitation of a Pathname to a Restricted Directory (""Path Traversal"")). The code is well-structured and there are no instances where user input is directly used in file operations without proper sanitization."
6979," SE: The 'image' parameter from user input is directly used as a file path without any restriction checks, which could allow path traversal attacks.
BL: `serveImage($imageName);`
BUG FOUND: YES"
4061," SE: N/A
BL: N/A
BUG FOUND: NO

Explanation:
After analyzing the provided file content, I didn't find any lines that contain a bug of type CWE-22 (Improper Limitation of a Pathname to a Restricted Directory (""Path Traversal"")). The code does not concatenate user input directly into file paths or any other sensitive data that could lead to a path traversal vulnerability."
1049," SE: The 'filename' variable in the 'filePath' is directly concatenated with user-supplied data from $_GET['dir'] without any sanitation or validation, which could potentially lead to a path traversal attack (CWE-22).
BL: `$filePath = $uploadDir . $_GET['dir'] . '/' . $fileName;`
BUG FOUND: YES"
1097," SE: N/A
BL: N/A
BUG FOUND: NO

Explanation:
After analyzing the provided file content, I didn't find any lines that may contain a bug of type CWE-22 (Improper Limitation of a Pathname to a Restricted Directory or ""Path Traversal""). The code does not concatenate user input directly into file paths without proper sanitation."
1081," SE: There is no usage of user-supplied input to construct file paths, so there are no instances of the specified CWE-22 (Path Traversal) bug found in the provided code.
BL: none
BUG FOUND: NO"
4077," SE: N/A
BL: N/A
BUG FOUND: NO

The provided file content does not contain any line that may contain a bug of type CWE-22 (Improper Limitation of a Pathname to a Restricted Directory (""Path Traversal"")). The code is safe from this type of vulnerability."
1073," SE: The 'filePath' variable directly concatenates user-provided data ('$_GET['dir']') into a file path without proper validation or sanitization.
BL: `$filePath = $uploadDir . $_GET['dir'] . '/' . $fileName;`
BUG FOUND: YES

Explanation:
This code is vulnerable to path traversal attacks because it uses user-provided data directly in the file path without proper sanitization. An attacker can manipulate the 'dir' parameter in the URL to move outside of the intended directory, potentially accessing sensitive files or directories. To mitigate this risk, you should validate and sanitize the user input to ensure it only contains allowed characters and does not attempt to traverse the file system."
4093," SE: N/A
BL: N/A
BUG FOUND: NO

The provided file content does not contain any line that may contain a bug of type CWE-22 (Improper Limitation of a Pathname to a Restricted Directory (""Path Traversal"")). The code is composed of various classes and functions in PHP, but there are no instances where user input is directly used to construct a file path without proper checks or sanitization."
1105," SE: There is no usage of user-supplied input to construct file paths or access files in the provided code.
BL: N/A
BUG FOUND: NO

While the code does handle file uploads, it uses a constant directory path for storing uploaded files and does not construct the path using user-supplied input, thus it does not contain a path traversal vulnerability."
7057," SE: N/A
BL: N/A
BUG FOUND: NO

The provided file content does not contain any line that may contain a bug of type CWE-22 (Improper Limitation of a Pathname to a Restricted Directory (""Path Traversal"")). The code is safe from this type of vulnerability as it does not concatenate any user-supplied input directly into file paths without proper sanitation or validation."
1121," SE: There is no direct user input being used in file path manipulation in the provided code, so there is no instance of CWE-22 (Improper Limitation of a Pathname to a Restricted Directory (""Path Traversal"")).

BL: none

BUG FOUND: NO"
4225," SE: There is no direct usage of user input in file system operations, so there is no CWE-22 (Path Traversal) vulnerability found in the provided code.

BL: none

BUG FOUND: NO"
4209," SE: The 'logFile' variable is directly concatenated into the $logFilePath variable which is used as the file path for writing log messages without any sanitation or validation.
BL: `$logFilePath = '/var/log/' . $logFile;`
BUG FOUND: YES"
1041," SE: The 'uploadDir' and 'fileName' variables are concatenated without sanitation and used in the 'filePath' variable which is used in the 'move_uploaded_file' function.
BL: `$filePath = $uploadDir . $_GET['dir'] . '/' . $fileName;`
BUG FOUND: YES

Explanation:
This code segment is vulnerable to a path traversal attack (CWE-22) because it uses user input (through $_GET['dir']) to construct the file path for uploading a file. An attacker can manipulate the 'dir' parameter to move out of the intended directory, leading to writing files in unauthorized locations. This can result in arbitrary file write vulnerabilities, potentially allowing an attacker to overwrite important system files or execute arbitrary code. To mitigate this risk, it is recommended to validate and sanitize user inputs, especially when used in file system operations."
1303," SE: N/A
BL: N/A
BUG FOUND: NO

The provided file content is a collection of PHP classes and functions, but there are no instances where user input is directly used in file path creation or any other operation that could be vulnerable to a path traversal attack (CWE-22). Therefore, no bug of type CWE-22 was found in the provided code."
7221," SE: N/A
BL: N/A
BUG FOUND: NO

Explanation:
The provided file content does not contain any line that may contain a bug of type CWE-22 (Improper Limitation of a Pathname to a Restricted Directory (""Path Traversal"")). The code is safe from this type of vulnerability."
1279," SE: N/A
BL: N/A
BUG FOUND: NO

Explanation:

After analyzing the provided file content, I did not find any lines that may contain a bug of type CWE-22 (Improper Limitation of a Pathname to a Restricted Directory (""Path Traversal"")). The code does not concatenate user input directly into file paths or use it in any way that could be vulnerable to path traversal attacks. Therefore, there is no need to provide specific bugged lines."
4016," SE: The 'logFilePath' is constructed by concatenating user-provided input ('$logFile') to a static string ('/var/log/'). This could potentially lead to a path traversal vulnerability if the user-provided input is not properly sanitized.
BL: `$logFilePath = '/var/log/' . $logFile;`
BUG FOUND: YES

However, it's important to note that the user-provided input is coming from a GET parameter ('$_GET['logfile']'), and the value is being used directly in the file path without any sanitization. This could potentially allow an attacker to write to arbitrary files in the '/var/log/' directory by providing a specially crafted input. Therefore, it's recommended to sanitize the user-provided input to prevent any potential security vulnerabilities."
7205," SE: N/A
BL: N/A
BUG FOUND: NO

Explanation:

The provided file content is a collection of PHP classes and functions, but none of them contain any path traversal vulnerabilities (CWE-22). The code does not concatenate user input directly into file paths or use user input to determine the target of file operations. Therefore, there is no risk of path traversal attacks."
7237," SE: N/A
BL: N/A
BUG FOUND: NO

Explanation:
The provided file content does not contain any line that may contain a bug of type CWE-22 (Improper Limitation of a Pathname to a Restricted Directory (""Path Traversal"")). The code is safe from this type of vulnerability."
4257," SE: N/A
BL: N/A
BUG FOUND: NO

Explanation:
After analyzing the provided file content, I didn't find any lines that may contain a bug of type CWE-22 (Improper Limitation of a Pathname to a Restricted Directory or ""Path Traversal""). The code does not concatenate user input directly into file paths or any other sensitive data that could lead to a path traversal vulnerability."
4289," SE: N/A
BL: N/A
BUG FOUND: NO

The provided file content does not contain any line that may contain a bug of type CWE-22 (Improper Limitation of a Pathname to a Restricted Directory (""Path Traversal"")). The code is safe from this type of vulnerability as it does not concatenate any user input or untrusted data directly into file paths without proper sanitation or validation."
4249," SE: N/A
BL: N/A
BUG FOUND: NO

Explanation:
The provided file content does not contain any line that may contain a bug of type CWE-22 (Improper Limitation of a Pathname to a Restricted Directory (""Path Traversal"")). The code is safe from this type of vulnerability as it does not concatenate any user input directly into file paths without proper sanitation or validation."
7189," SE: There is no user input being directly concatenated into a file path, so there is no possibility of a path traversal vulnerability in the provided code.
BL: None found.
BUG FOUND: NO."
6981," SE: The 'imageName' variable is directly concatenated into the $fullPath variable which is used as a file path. This could potentially lead to a path traversal vulnerability if the 'image' parameter in the URL is not properly sanitized.
BL: `$imageName = $_GET['image']; serveImage($imageName);`
BUG FOUND: YES

Explanation:

In the provided code, the 'image' parameter from the URL is directly used as the filename in the serveImage() function without any sanitization. This could allow an attacker to manipulate the filename and access files outside of the intended directory through path traversal techniques (e.g. using ""../"" in the filename).

To mitigate this vulnerability, you should always sanitize user inputs and ensure they do not contain any special characters or sequences that could be used for path traversal. In this case, you could use a function like realpath() to normalize the filename and ensure it does not contain any "".."" sequences before using it in the serveImage() function."
7245," SE: N/A
BL: N/A
BUG FOUND: NO

Explanation:
After analyzing the provided file content, I didn't find any lines that may contain a bug of type CWE-22 (Improper Limitation of a Pathname to a Restricted Directory or ""Path Traversal""). The code does not concatenate user input directly into file paths without proper sanitation. Therefore, there is no risk of path traversal attacks."
1225," SE: The user submitted file name is directly concatenated into the file path without proper validation or sanitization.
BL: `$filePath = $uploadDir . $_GET['dir'] . '/' . $fileName;`
BUG FOUND: YES

Explanation:
This code is vulnerable to a path traversal attack (CWE-22) because it uses user input ($_GET['dir'] and $fileName) to construct the file path without proper validation or sanitization. An attacker can exploit this by providing a specially crafted input to move out of the intended directory (e.g., using directory traversal patterns like ""../"" or ""/../""). To mitigate this issue, you should validate and sanitize user inputs, for example, by using realpath() function to resolve the path and checking if it's within the allowed directory."
7167," SE: The user input from the GET parameter 'image' is directly used to construct the file path without any sanitization or validation, which could potentially allow path traversal attacks.
BL: `$imageName = $_GET['image']; serveImage($imageName);`
BUG FOUND: YES"
1311," SE: There is no direct usage of user input to construct file paths or access any sensitive resources, so there are no lines that contain a bug of type CWE-22 (Improper Limitation of a Pathname to a Restricted Directory (""Path Traversal"")).

BL: none

BUG FOUND: NO"
7229," SE: N/A
BL: N/A
BUG FOUND: NO

Explanation:

After analyzing the provided file content, I didn't find any lines that may contain a bug of type CWE-22 (Improper Limitation of a Pathname to a Restricted Directory or ""Path Traversal""). The code does not concatenate user input directly into file paths without proper sanitation or validation. Therefore, there is no risk of path traversal attacks in the given code."
4281," SE: N/A
BL: N/A
BUG FOUND: NO

Explanation:
After analyzing the provided file content, I didn't find any lines that may contain a bug of type CWE-22 (Improper Limitation of a Pathname to a Restricted Directory or ""Path Traversal""). The code does not concatenate user input directly into file paths without proper sanitation. Therefore, there is no risk of path traversal attacks."
4273," SE: N/A as there is no user input that is directly used in file operations.
BL: N/A
BUG FOUND: NO

Explanation:
After analyzing the provided file content, I did not find any line that may contain a bug of type CWE-22 (Improper Limitation of a Pathname to a Restricted Directory (""Path Traversal"")). The code does not include any user input that is directly used in file operations, which is the primary cause of path traversal vulnerabilities. Therefore, the bug was not found."
4204," SE: The 'logFile' variable is directly concatenated into the $logFilePath variable which is used as a parameter in file_put_contents function without proper sanitation or validation.
BL: `$logFilePath = '/var/log/' . $logFile; file_put_contents($logFilePath, $message, FILE_APPEND);`
BUG FOUND: YES

Explanation:
The 'logFile' variable is directly taken from the user input through GET request without any sanitation or validation. This makes the application vulnerable to Path Traversal attacks (CWE-22). An attacker can manipulate the 'logFile' variable to write arbitrary files to the system or overwrite existing files. To mitigate this risk, it is recommended to sanitize or validate the user input and ensure that it only contains allowed characters and does not contain any special sequences like ""../"". Additionally, it is a good practice to restrict the log files to a specific directory with proper permissions to minimize the potential damage."
1255," SE: The 'filename' variable is directly concatenated into the 'filePath' variable without sanitation or proper validation.
BL: `$filePath = $uploadDir . $_GET['dir'] . '/' . $fileName;`
BUG FOUND: YES

Explanation:

The code is vulnerable to a path traversal attack (CWE-22) because it directly uses user input (filename and directory from GET request) to construct the file path for uploading a file. An attacker can exploit this by providing a specially crafted filename or directory name containing "".."" or other special characters to access files outside of the intended directory. This can lead to unauthorized file access, modification, or even remote code execution in some cases.

To mitigate this issue, you should validate and sanitize user inputs, use a secure method to handle file uploads, and avoid using user-supplied input in file path construction."
7261," SE: N/A
BL: N/A
BUG FOUND: NO

Explanation:
After analyzing the provided file content, I didn't find any line that may contain a bug of type CWE-22 (Improper Limitation of a Pathname to a Restricted Directory (""Path Traversal"")). The code does not concatenate user input directly into file paths or use user input to access files in the system. Therefore, there is no risk of path traversal vulnerabilities."
4217," SE: The 'logFilePath' is constructed by concatenating a user-provided string ('$logFile') into a hardcoded path ('/var/log/'). This could potentially allow for path traversal if the user-provided string is not properly sanitized.

BL: `$logFilePath = '/var/log/' . $logFile;`

BUG FOUND: YES"
1247," SE: There is no user input being directly concatenated into a file path, so there is no possibility of a path traversal vulnerability in the provided code.
BL: None found.
BUG FOUND: NO."
4265," SE: N/A
BL: N/A
BUG FOUND: NO

Explanation:
The provided file content does not contain any line that may contain a bug of type CWE-22 (Improper Limitation of a Pathname to a Restricted Directory (""Path Traversal"")). The code is safe from this type of vulnerability."
7253," SE: N/A
BL: N/A
BUG FOUND: NO

Explanation:
After analyzing the provided file content, I didn't find any lines that may contain a bug of type CWE-22 (Improper Limitation of a Pathname to a Restricted Directory or ""Path Traversal""). The code does not concatenate user input directly into file paths or any other sensitive operations that could lead to a path traversal vulnerability."
7168," SE: The user input from the GET request is directly used to construct the file path without any sanitization or limitation to a specific directory.
BL: `$imageName = $_GET['image']; serveImage($imageName);`
BUG FOUND: YES

Explanation:
This code is vulnerable to a path traversal attack (CWE-22) because it uses user input to construct the file path for serving images. An attacker can provide a specially crafted input, such as ""../../../etc/passwd"", to access sensitive files outside of the intended directory. To mitigate this vulnerability, you should sanitize the user input and limit the file path to a specific directory. For example, you can use realpath() function to resolve the path to its canonicalized absolute path and then check if it is within the allowed directory."
1263," SE: There is no direct user input in the file content. Therefore, there are no lines that may contain a bug of type CWE-22 (Improper Limitation of a Pathname to a Restricted Directory (""Path Traversal"")).

BL: none

BUG FOUND: NO"
1295," SE: There is no direct usage of user-inputted data to construct a file path, so there is no immediate risk of a path traversal vulnerability.
BL: N/A
BUG FOUND: NO"
1271," SE: N/A
BL: N/A
BUG FOUND: NO

Explanation:
The provided file content does not contain any line that may contain a bug of type CWE-22 (Improper Limitation of a Pathname to a Restricted Directory (""Path Traversal"")). The code is written in PHP and there are no instances where user input is directly concatenated into a file path without proper sanitation or checks."
1319," SE: N/A
BL: N/A
BUG FOUND: NO

Explanation:
After analyzing the provided file content, I didn't find any lines that may contain a bug of type CWE-22 (Improper Limitation of a Pathname to a Restricted Directory (""Path Traversal"")). The code does not concatenate user input directly into file paths without proper sanitation."
4241," SE: N/A
BL: N/A
BUG FOUND: NO

Explanation:
After analyzing the provided file content, I did not find any line containing a bug of type CWE-22 (Improper Limitation of a Pathname to a Restricted Directory (""Path Traversal"")). The code does not concatenate user input directly into file paths or any other sensitive variables without proper sanitation."
1226," SE: The user submitted file name is directly concatenated into the file path without proper validation, which could lead to a path traversal attack (CWE-22).
BL: `$filePath = $uploadDir . $_GET['dir'] . '/' . $fileName;`
BUG FOUND: YES"
4205," SE: The 'logFile' is directly concatenated into the file path without sanitation, which may lead to a Path Traversal vulnerability.
BL: `$logFilePath = '/var/log/' . $logFile;`
BUG FOUND: YES

Explanation:
The 'logFile' variable is directly concatenated into the file path without any sanitation or validation. This could allow an attacker to manipulate the 'logFile' parameter and write to arbitrary files outside of the intended log directory, leading to a Path Traversal vulnerability (CWE-22). To mitigate this risk, ensure that the 'logFile' parameter is properly sanitized and validated before concatenating it into the file path."
1287," SE: There is no direct usage of user-supplied input to construct file paths or access any restricted directories in the provided code. Hence, there are no instances of a Path Traversal bug (CWE-22).

BL: none

BUG FOUND: NO"
7181," SE: The $imageName variable takes user input from the GET request parameter 'image' and is used to construct the $fullPath string without any sanitation or validation, which could potentially lead to a path traversal attack if the user provides a path with "".."" or other special characters.

BL: `$imageName = $_GET['image'];`
`$fullPath = '/var/www/html/images/' . $imagePath;`

BUG FOUND: YES"
4297," SE: N/A
BL: N/A
BUG FOUND: NO

The provided file content is a collection of PHP classes and functions, but none of them contain any line that may lead to a path traversal vulnerability (CWE-22). The code does not concatenate user input directly into file paths or use user input to determine the target of file operations without proper validation and sanitization."
7173," SE: The 'imageName' variable is directly concatenated into the 'fullPath' variable without any sanitation or restriction to a specific directory.
BL: `$imageName = $_GET['image']; serveImage($imageName);` and `$fullPath = '/var/www/html/images/' . $imagePath;`
BUG FOUND: YES

Explanation:
This code is vulnerable to a path traversal attack (CWE-22) because it takes the 'image' parameter from the URL without any sanitation or restriction. An attacker can manipulate this parameter to access files outside of the intended directory ('/var/www/html/images/'). For example, an attacker could provide '../etc/passwd' as the 'image' parameter to access the '/etc/passwd' file. To prevent this type of attack, you should always sanitize and restrict user input to a specific directory when concatenating it with file paths."
1231," SE: The `$filePath` variable is constructed by concatenating user-provided input from `$_FILES['profileImage']['name']` and `$_GET['dir']` without any sanitization or validation.
BL: `$filePath = $uploadDir . $_GET['dir'] . '/' . $fileName;`
BUG FOUND: YES

Explanation:
This code is vulnerable to a path traversal attack (CWE-22) because it constructs a file path using user-provided input without proper sanitization or validation. An attacker can provide a specially crafted `dir` parameter value (e.g., `../../../`) to access or modify files outside of the intended directory. To mitigate this vulnerability, you should validate and sanitize the `$_GET['dir']` input to ensure it only contains allowed characters and does not attempt to traverse directories."
4233," SE: N/A
BL: N/A
BUG FOUND: NO

Explanation:
The provided file content does not contain any line that may contain a bug of type CWE-22 (Improper Limitation of a Pathname to a Restricted Directory (""Path Traversal"")). The code is related to data processing, mathematical calculations, and some utility functions, but it does not handle any user input that could be manipulated to perform path traversal."
1227," SE: The '$_GET['dir']' is directly concatenated into the file path without sanitation, which may lead to a path traversal vulnerability.
BL: `$filePath = $uploadDir . $_GET['dir'] . '/' . $fileName;`
BUG FOUND: YES

Explanation:
The code constructs a file path by concatenating the upload directory, a value from the GET request (dir), and the original file name. If the 'dir' value is manipulated by an attacker, it could lead to writing the uploaded file outside of the intended directory, resulting in a path traversal vulnerability (CWE-22). To mitigate this risk, it's recommended to sanitize the 'dir' value or use a safer approach, like using predefined directories for uploads."
4203," SE: The log file path is constructed by concatenating user-supplied input ('logfile') into a hard-coded string ('/var/log/'). This may lead to a path traversal vulnerability if the user-supplied input is not properly sanitized.
BL: `$logFilePath = '/var/log/' . $logFile;`
BUG FOUND: YES

However, it's important to note that the user-supplied input for 'logfile' comes from the 'username' parameter, which is also user-supplied. If the system enforces strict naming conventions for usernames that do not allow special characters or path traversal patterns, then the risk may be mitigated. But in general, it's a good practice to sanitize or validate all user-supplied inputs, especially when they are used in file operations."
7213," SE: N/A
BL: N/A
BUG FOUND: NO

Explanation:

The provided file content is a collection of PHP classes and functions, but none of them contain any path traversal vulnerabilities (CWE-22). The code does not concatenate user input directly into file system calls or URLs without proper sanitation or validation. Therefore, there is no risk of unintended file access or manipulation."
4409," SE: The 'logFilePath' is directly constructed using user input without any sanitization or restriction, which could potentially allow path traversal attacks.
BL: `$logFilePath = '/var/log/' . $logFile;`
BUG FOUND: YES"
7457," SE: N/A as the provided code does not contain any user input that is directly used in file system operations.
BL: N/A
BUG FOUND: NO

Explanation:

The code you provided is a collection of PHP classes and functions, but it does not contain any user input that is directly used in file system operations, which is the primary context where path traversal vulnerabilities (CWE-22) occur. Therefore, there is no bug of type CWE-22 in the provided code."
7169," SE: The user input from the GET parameter 'image' is directly used to construct the file path without any sanitization or limitation to a specific directory.
BL: `$imageName = $_GET['image'];`
 `$fullPath = '/var/www/html/images/' . $imagePath;`
BUG FOUND: YES

This code is vulnerable to a path traversal attack (CWE-22) because it uses user-supplied input to construct a file path without proper sanitization. An attacker can provide a specially crafted input to access files outside of the intended directory ('/var/www/html/images/'), which can lead to unauthorized file access or reading sensitive information. To mitigate this vulnerability, you should validate and sanitize the user input to ensure it only contains allowed characters and does not attempt to traverse outside of the intended directory."
4493," SE: There is no direct user input in the file content, hence there are no lines that may contain a bug of type CWE-22 (Improper Limitation of a Pathname to a Restricted Directory (""Path Traversal"")).
BL: none
BUG FOUND: NO"
7441," SE: There is no direct usage of user input to construct a file path, so there is no risk of a path traversal vulnerability in the provided code.
BL: None
BUG FOUND: NO"
7197," SE: The script uses user input from GET request to construct a file path without proper validation, which could lead to a path traversal attack (CWE-22).
BL: `$imageName = $_GET['image']; $fullPath = '/var/www/html/images/' . $imageName;`
BUG FOUND: YES. This code is vulnerable to path traversal attacks because it directly uses the user-provided input in the file path without any sanitization or validation. An attacker could potentially access sensitive files by providing a carefully crafted input, such as `../../../etc/passwd` on a Unix-like system. To prevent this, you should validate the input to ensure it only contains allowed characters and does not contain any path traversal patterns (e.g., `../`). Additionally, you can use realpath() function to resolve symbolic links and ensure the final path is within the expected directory."
4413," SE: The 'logFile' variable is directly concatenated into the file path without sanitation, which could potentially lead to a path traversal attack if 'logFile' contains malicious input.
BL: `$logFilePath = '/var/log/' . $logFile;`
BUG FOUND: YES"
7393," SE: The 'serveImage' function constructs the $fullPath variable by concatenating a user-provided 'image' value to a hard-coded path, which may lead to path traversal if the 'image' value is not properly sanitized.
BL: `$fullPath = '/var/www/html/images/' . $imagePath;`
BUG FOUND: YES"
4421," SE: The 'logFilePath' is directly constructed using user input without any restriction or sanitization.
BL: `$logFilePath = '/var/log/' . $logFile;`
BUG FOUND: YES

Explanation:

The code constructs a file path using the user-provided 'logfile' parameter without any sanitization or restriction. This can lead to a path traversal vulnerability (CWE-22) if an attacker provides a specially crafted input to move out of the intended directory ('/var/log/'). To mitigate this risk, you should validate and sanitize the user input to ensure it only contains allowed characters and does not attempt to traverse outside of the intended directory."
1525," SE: N/A as the provided code does not contain any user input that is directly concatenated into a file path.
BL: N/A
BUG FOUND: NO

Explanation:
After analyzing the provided file content, I can confirm that there are no lines containing a bug of type CWE-22 (Improper Limitation of a Pathname to a Restricted Directory (""Path Traversal"")). The code does not contain any user input that is directly concatenated into a file path, which is the primary condition for this type of vulnerability. Therefore, the BUG FOUND status is set to NO."
1469," SE: The `$filePath` variable in the `FileHandler` class concatenates user input from `$_GET['dir']` without any sanitation, which could potentially lead to a path traversal attack (CWE-22).

BL: `$filePath = $uploadDir . $_GET['dir'] . '/' . $fileName;` in `FileHandler` class.

BUG FOUND: YES."
4461," SE: N/A as the provided code does not contain any user input that is directly used in file system operations.
BL: N/A
BUG FOUND: NO

Explanation:
After analyzing the provided file content, I can confirm that there are no lines containing a bug of type CWE-22 (Improper Limitation of a Pathname to a Restricted Directory (""Path Traversal"")). The code does not include any user input that is directly used in file system operations, which is the primary cause of path traversal vulnerabilities. Therefore, the bug was not found in the provided code."
1445," SE: The 'filePath' variable concatenates user-provided data from $_GET['dir'] and $_FILES['profileImage']['name'] without any sanitation, which could potentially lead to a path traversal attack (CWE-22).
BL: `$filePath = $uploadDir . $_GET['dir'] . '/' . $fileName;`
BUG FOUND: YES"
1239," SE: The 'filePath' variable is constructed by concatenating user-provided data from $_FILES['profileImage']['name'] and $_GET['dir'], which could lead to a path traversal vulnerability if user input is not properly sanitized.
BL: $filePath = $uploadDir . $_GET['dir'] . '/' . $fileName;
BUG FOUND: YES

Explanation:

In the provided code, there is a potential security vulnerability related to CWE-22 (Improper Limitation of a Pathname to a Restricted Directory (""Path Traversal"")). This vulnerability exists in the following line:

$filePath = $uploadDir . $_GET['dir'] . '/' . $fileName;

The variable $filePath is constructed by concatenating user-provided data from $_FILES['profileImage']['name'] (stored in $fileName) and $_GET['dir'] without proper sanitization. This could allow an attacker to manipulate the input and move outside of the intended directory, leading to arbitrary file write vulnerabilities.

To mitigate this vulnerability, you should validate and sanitize user inputs, especially when they are used to construct file paths or access sensitive resources. In this specific case, you should ensure that the 'dir' parameter in the GET request is properly sanitized and restricted to a whitelist of allowed directories. Additionally, consider validating the file name to prevent any malicious characters or extensions."
1485," SE: The 'filePath' variable in the constructors of FileHandler class is directly concatenated with user-provided input ('/var/www/uploads/' and $_GET['dir']), which could lead to a path traversal attack (CWE-22) if the 'dir' parameter is not properly sanitized.
BL: `$filePath = $uploadDir . $_GET['dir'] . '/' . $fileName;` in the FileHandler class.
BUG FOUND: YES."
4477," SE: There is no direct user input being concatenated into file system calls, so there is no obvious instance of CWE-22 (Path Traversal) vulnerability in the provided code.
BL: N/A
BUG FOUND: NO."
1509," SE: N/A
BL: N/A
BUG FOUND: NO

Explanation:
After analyzing the provided file content, I did not find any line that may contain a bug of type CWE-22 (Improper Limitation of a Pathname to a Restricted Directory (""Path Traversal"")). The code does not concatenate user input directly into file paths or use user input to determine the file path without proper sanitation or validation."
4429," SE: There is no direct user input in the file content. Therefore, it is not possible to have a path traversal bug (CWE-22) in this file.

BL: N/A

BUG FOUND: NO"
1432," SE: The user submitted file name is directly concatenated into the file path without proper validation, which could lead to a path traversal attack.
BL: `$filePath = $uploadDir . $_GET['dir'] . '/' . $fileName;`
BUG FOUND: YES

Explanation:
The code is vulnerable to a path traversal attack because it directly uses the 'dir' parameter from the GET request to construct the file path. An attacker could potentially manipulate the 'dir' parameter to access files outside of the intended directory, leading to unauthorized file access or modification. To mitigate this risk, it is recommended to validate and sanitize user inputs, especially when used in file operations."
1431," SE: The '$_GET['dir']' is directly concatenated into the file path without any sanitation or validation, which could lead to a path traversal attack if an attacker provides a directory path with "".."" to move out of the target directory.
BL: `$filePath = $uploadDir . $_GET['dir'] . '/' . $fileName;`
BUG FOUND: YES"
4469," SE: There is no direct user input in the file content. Therefore, there is no possibility of a path traversal vulnerability.
BL: N/A
BUG FOUND: NO"
7385," SE: The $imageName variable is directly used in the $fullPath variable which is used in serveImage() function without any validation or sanitization, making it susceptible to path traversal attacks if $imageName is user-provided input.
BL: `$imageName = $_GET['image']; serveImage($imageName);`
BUG FOUND: YES"
7473," SE: There is no direct user input being concatenated into file paths, so there is no instance of the specified path traversal bug (CWE-22) in the provided code.

BL: N/A

BUG FOUND: NO

The provided code contains various classes and functions for different purposes, such as generating random numbers, performing calculations, manipulating strings, handling arrays, and working with files and dates. However, there is no direct user input being concatenated into file paths, which is the primary vector for path traversal attacks (CWE-22). Therefore, there is no instance of the specified bug in the provided code."
7377," SE: The `$imageName` variable takes user input from the GET request and is directly used to construct the `$fullPath` variable, which is used in the `readfile()` function. This could potentially lead to a path traversal attack if the user input is not properly sanitized.

BL: `$fullPath = '/var/www/html/images/' . $imagePath;`
BUG FOUND: YES"
4445," SE: There is no direct user input in the file content, so there is no possibility of a path traversal vulnerability.
BL: N/A
BUG FOUND: NO"
4501," SE: N/A
BL: N/A
BUG FOUND: NO

Explanation:
After analyzing the provided file content, I didn't find any lines that may contain a bug of type CWE-22 (Improper Limitation of a Pathname to a Restricted Directory or ""Path Traversal""). The code does not concatenate user input directly into file paths or any other sensitive operations that could lead to a path traversal vulnerability."
7433," SE: N/A as the provided code does not contain any user input that is directly concatenated into a file path.
BL: N/A
BUG FOUND: NO

Explanation:
After analyzing the provided file content, I did not find any line that may contain a bug of type CWE-22 (Improper Limitation of a Pathname to a Restricted Directory or ""Path Traversal""). The code does not contain any user input that is directly concatenated into a file path, which is the primary condition for this type of vulnerability. Therefore, the BUG FOUND status is set to NO."
4453," SE: N/A
BL: N/A
BUG FOUND: NO

Explanation:

After analyzing the provided file content, I did not find any line that may contain a bug of type CWE-22 (Improper Limitation of a Pathname to a Restricted Directory (""Path Traversal"")). The code mainly consists of class definitions and utility functions, none of which contain any operations that could be vulnerable to path traversal attacks."
1461," SE: The code does not contain any direct user input that is used in file operations, so there is no possibility of a path traversal vulnerability.
BL: none
BUG FOUND: NO"
7401," SE: The `$imageName` variable takes user input from GET request without any sanitization, which can lead to path traversal attacks.
BL: `$imageName = $_GET['image']; serveImage($imageName);`
BUG FOUND: YES"
7449," SE: N/A
BL: N/A
BUG FOUND: NO

Explanation:
After analyzing the provided file content, I did not find any line that may contain a bug of type CWE-22 (Improper Limitation of a Pathname to a Restricted Directory (""Path Traversal"")). The code does not concatenate user input directly into file paths or use user input to access files in a manner that is vulnerable to path traversal attacks."
1453," SE: There is no direct user input being concatenated into a file path, so there is no possibility of a path traversal vulnerability in the provided code.

BL: None found.

BUG FOUND: NO."
7371," SE: The user input from the GET parameter 'image' is directly concatenated into the $imageName variable without any sanitization or validation, which could potentially allow path traversal attacks if an attacker is able to manipulate the 'image' parameter to include '..' or other special characters to move outside of the intended directory.

BL: `$imageName = $_GET['image'];`
`serveImage($imageName);`

BUG FOUND: YES"
4437," SE: The 'filename' is directly concatenated into the file path without sanitation in the 'readFile' method.
BL: `return file_get_contents($filename);` in the `readFile` method of the `FileHandler` class.
BUG FOUND: YES

Explanation:

The 'readFile' method in the 'FileHandler' class takes a 'filename' as an input and reads the content of the file with that name. However, it directly concatenates the 'filename' into the file path without any sanitation, which could potentially lead to a path traversal attack (CWE-22). An attacker could exploit this by providing a filename with "".."" or other special characters to access files outside of the intended directory."
7425," SE: N/A as the provided code does not contain any user input that is directly used in file system operations.
BL: N/A
BUG FOUND: NO

Explanation:

The code you provided is a collection of PHP classes for various purposes, such as generating random numbers, calculating values, manipulating strings and arrays, handling files, formatting dates and times, validating data, logging messages, resizing images, parsing XML, encoding JSON, and more. However, none of these classes contain any user input that is directly used in file system operations, which is what the CWE-22 (Improper Limitation of a Pathname to a Restricted Directory (""Path Traversal"")) vulnerability is about.

Therefore, based on the provided code, there is no bug of type CWE-22 to be found."
4485," SE: N/A
BL: N/A
BUG FOUND: NO

Explanation:

The provided code does not contain any instances of user input being directly concatenated into file system calls, which is the primary vector for CWE-22 (Path Traversal) vulnerabilities. Therefore, there are no bugged lines to display."
7409," SE: N/A
BL: N/A
BUG FOUND: NO

Explanation:
After analyzing the provided file content, I did not find any line that may contain a bug of type CWE-22 (Improper Limitation of a Pathname to a Restricted Directory (""Path Traversal"")). The code mainly consists of class definitions and functions for various purposes, but there are no instances where user input is directly concatenated into file paths without proper sanitation."
1493," SE: There is no direct user input in the file content. Therefore, there is no possibility of a path traversal bug (CWE-22) in this file.

BL: none

BUG FOUND: NO"
7465," SE: N/A as the provided code does not contain any user input that is directly concatenated into a file path.
BL: N/A
BUG FOUND: NO

Explanation:
The code you provided is a collection of PHP classes that perform various tasks such as generating random numbers, calculating averages, and handling files. However, none of these classes take user input and directly concatenate it into a file path, which is the definition of a path traversal vulnerability (CWE-22). Therefore, there is no bug of this type in the provided code."
7373," SE: The $imageName variable takes user input from the GET request and is directly concatenated into the $fullPath variable without any sanitization, which could potentially allow path traversal attacks.
BL: `$fullPath = '/var/www/html/images/' . $imagePath;`
BUG FOUND: YES"
1533," SE: There is no direct user input being concatenated into file paths, so there is no instance of the specified path traversal bug (CWE-22) found in this PHP code.

BL: None

BUG FOUND: NO"
1477," SE: There is no direct usage of user input to construct file paths or access any sensitive resources, so there are no lines that may contain a bug of type CWE-22 (Improper Limitation of a Pathname to a Restricted Directory (""Path Traversal"")).
BL: none
BUG FOUND: NO"
4649," SE: The 'logfile' is directly concatenated into the $logFilePath variable without any sanitation or validation, which could potentially lead to a path traversal attack if the 'logfile' input is manipulated.
BL: `$logFilePath = '/var/log/' . $logFile;`
BUG FOUND: YES"
4629," SE: The 'logFilePath' is directly constructed using user input without any sanitization or validation, which could potentially allow path traversal attacks.
BL: `$logFilePath = '/var/log/' . $logFile;`
BUG FOUND: YES"
1437," SE: The `$filePath` variable in the `handle_upload` function concatenates user input from `$_FILES['profileImage']['name']` and `$_GET['dir']`, which can lead to a path traversal attack if the user input is not properly sanitized.
BL: `$filePath = $uploadDir . $_GET['dir'] . '/' . $fileName;`
BUG FOUND: YES."
1653," SE: The '$_GET['dir']' is directly concatenated into the file path without sanitation or validation.
BL: `$filePath = $uploadDir . $_GET['dir'] . '/' . $fileName;`
BUG FOUND: YES"
4407," SE: The 'logFilePath' is constructed by concatenating a user-provided input ('logFile') with a hardcoded string ('/var/log/'), which could potentially lead to a path traversal vulnerability.
BL: `$logFilePath = '/var/log/' . $logFile;`
BUG FOUND: YES

However, it's important to note that the vulnerability depends on the context in which the 'logFile' variable is set. If it's guaranteed to only contain safe values (e.g., only alphanumeric characters and underscores), then the risk of a path traversal attack is significantly reduced. Nevertheless, it's still a good practice to sanitize user inputs and use safer alternatives, such as using an array to define allowed log file names and checking if the user-provided input is in the array."
1517," SE: N/A as the provided code does not contain any user input that is directly concatenated into a file path.
BL: N/A
BUG FOUND: NO

Explanation:

The code you provided is a collection of PHP classes and functions, but it does not contain any instances where user input is directly concatenated into a file path, which is the primary vector for a Path Traversal vulnerability (CWE-22). Therefore, there is no bug of type CWE-22 in the provided code."
7685," SE: There is no direct user input being used in file path manipulation, hence there are no instances of CWE-22 (Path Traversal) vulnerabilities found in the provided code.
BL: none
BUG FOUND: NO"
7613," SE: The 'imageName' variable from user input is directly used in the 'serveImage' function without any sanitation or validation, which may lead to a path traversal attack if the user provides a path instead of an image name.
BL: `serveImage($imageName);`
BUG FOUND: YES"
1501," SE: The `$filePath` variable in the `move_uploaded_file` function call concatenates user input from `$_GET['dir']` and `$_FILES['profileImage']['name']` without proper sanitation or limitation to a restricted directory, potentially allowing path traversal attacks.

BL: `$filePath = $uploadDir . $_GET['dir'] . '/' . $fileName;` in the `move_uploaded_file` function call.

BUG FOUND: YES"
4681," SE: N/A
BL: N/A
BUG FOUND: NO

Explanation:
The provided file content does not contain any line that may contain a bug of type CWE-22 (Improper Limitation of a Pathname to a Restricted Directory (""Path Traversal"")). The code is well-structured and there are no instances where user input is directly concatenated into file system functions without proper sanitation."
7661," SE: N/A as the file content does not contain any user input that is directly concatenated into a file path.
BL: N/A
BUG FOUND: NO

Explanation:
After analyzing the provided file content, I can confirm that there are no lines containing a bug of type CWE-22 (Improper Limitation of a Pathname to a Restricted Directory or ""Path Traversal""). The file does not contain any user input that is directly concatenated into a file path, which is the primary condition for this type of vulnerability. Therefore, the BUG FOUND is set to NO."
4408," SE: The 'logFilePath' is constructed by concatenating a user-provided input ('logFile') to a fixed base path ('/var/log/') without proper sanitization.
BL: `$logFilePath = '/var/log/' . $logFile;`
BUG FOUND: YES

Explanation:

The code constructs the path to the log file by concatenating a user-provided input ('$logFile') to a fixed base path ('/var/log/'). If the user-provided input is not properly sanitized, this can lead to a path traversal vulnerability (CWE-22). An attacker could potentially manipulate the input to access files outside of the intended directory ('/var/log/'), which could result in unauthorized access to sensitive information or the ability to modify system files.

To mitigate this vulnerability, it is recommended to sanitize the user-provided input by ensuring it only contains allowed characters and does not contain any special characters that could be used for path traversal (e.g., '..', '/', '\'). Additionally, it is a good practice to validate the input against a whitelist of allowed values to further reduce the risk of unintended behavior."
4713," SE: There is no direct user input in the file content, hence it's unlikely to find a Path Traversal vulnerability. However, if any of the functions that accept filenames or URLs as arguments do not properly sanitize or limit these inputs, they could potentially be exploited.

BL: N/A (not applicable)

BUG FOUND: NO."
4641," SE: The 'logFilePath' is directly constructed using user input from 'logFile' without any sanitization, which could potentially allow path traversal attacks.
BL: `$logFilePath = '/var/log/' . $logFile;`
BUG FOUND: YES"
7677," SE: N/A
BL: N/A
BUG FOUND: NO

Explanation:

The provided file content is a collection of PHP classes and functions, but none of them contain any user input that could be used in a path traversal attack (CWE-22). Therefore, there is no line to point out as bugged and no bug of type CWE-22 was found."
4705," SE: There is no direct user input in the file content provided. Therefore, there is no possibility to have a path traversal bug (CWE-22) in this code.
BL: none
BUG FOUND: NO"
7372," SE: The user input from the GET request is directly concatenated into the $fullPath variable without any sanitization or validation, which could potentially allow path traversal attacks.
BL: `$fullPath = '/var/www/html/images/' . $imagePath;`
BUG FOUND: YES

Explanation:

The code takes the image name from the GET request and uses it to construct the full path of the image file. However, it does not validate or sanitize the input in any way, which could allow an attacker to provide a path traversal pattern (such as ""../"") in the image name and access files outside of the intended directory. This is a security vulnerability of type CWE-22 (Improper Limitation of a Pathname to a Restricted Directory (""Path Traversal""))."
1433," SE: The '$_GET['dir']' is directly concatenated into the $filePath variable without any sanitation or validation, which could potentially allow a path traversal attack if user input is not properly handled.
BL: `$filePath = $uploadDir . $_GET['dir'] . '/' . $fileName;`
BUG FOUND: YES

Explanation:

The code is vulnerable to a path traversal attack because it directly concatenates the user-provided 'dir' parameter from the GET request into the $filePath variable. This means that an attacker could potentially manipulate the 'dir' parameter to move out of the intended directory and access sensitive files on the server. To prevent this, it's essential to sanitize or validate user input, for example, by checking if the 'dir' parameter only contains allowed characters or is within a restricted set of directories."
4665," SE: The 'filename' is directly concatenated into the 'readFile' function without sanitation, which could potentially allow path traversal attacks.
BL: `public function readFile($filename) { return file_get_contents($filename); }`
BUG FOUND: YES"
4509," SE: There is no direct user input concatenation into file paths or system calls, so there are no obvious instances of a Path Traversal vulnerability (CWE-22) in the provided code.

BL: N/A

BUG FOUND: NO

Explanation:

Path Traversal vulnerabilities (CWE-22) typically occur when user input is concatenated into file paths or system calls without proper validation or sanitization, allowing an attacker to access unauthorized files or directories. In the provided code, there are no instances of user input being directly concatenated into file paths or system calls. Therefore, the code does not appear to be vulnerable to Path Traversal attacks.

However, it is essential to note that a thorough security review should consider various factors, such as input validation, access control, and error handling, to ensure the overall security of the application."
7701," SE: There is no direct user input being used in file path manipulation in the provided code, so there is no instance of CWE-22 (Improper Limitation of a Pathname to a Restricted Directory (""Path Traversal"")).

BL: N/A

BUG FOUND: NO"
7592," SE: The user input from the GET parameter 'image' is directly concatenated into the $fullPath variable without any sanitization or validation, which could potentially allow path traversal attacks.
BL: `$fullPath = '/var/www/html/images/' . $imagePath;`
BUG FOUND: YES"
1747," SE: The 'filePath' variable in the FileHandler class concatenates user input ($_FILES['profileImage']['name']) directly into the file path without any sanitation or limitation to a restricted directory.
BL: `$filePath = $uploadDir . $_GET['dir'] . '/' . $fileName;`
BUG FOUND: YES"
4689," SE: The 'filename' variable in the 'readFile' function is directly concatenated with a string without proper sanitation, which may lead to a path traversal attack (CWE-22).
BL: `return file_get_contents($filename);` in the 'readFile' function of 'FileHandler' class.
BUG FOUND: YES."
7417," SE: N/A as the provided code does not contain any user input that is directly concatenated into a file path.
BL: N/A
BUG FOUND: NO

Explanation:

The code you provided is a collection of PHP classes and functions, but none of them contain any user input that is directly concatenated into a file path. Therefore, there is no possibility of a path traversal vulnerability (CWE-22) in this code.

The most relevant part of the code for this type of vulnerability would be the `FileHandler` class, but even in this class, the `$filePath` variable is initialized with a hard-coded string and is not modified later in the code. Therefore, there is no way for an attacker to manipulate the file path and potentially access sensitive files on the server.

In general, to prevent path traversal vulnerabilities, it is recommended to validate and sanitize user input, use safe APIs that limit the risk of path traversal, and avoid using user input in file path construction whenever possible. However, in this case, there is no such vulnerability to begin with."
7629," SE: There is no direct user input in the file content provided. Therefore, there is no possibility of a path traversal vulnerability (CWE-22) in this code.
BL: N/A
BUG FOUND: NO"
1683," SE: The `filePath` variable is constructed by concatenating user-provided input (`$_GET['dir']`) with a hard-coded string and a static directory path, which may lead to a path traversal vulnerability if the user-provided input is not properly sanitized.

BL: `$filePath = $uploadDir . $_GET['dir'] . '/' . $fileName;`

BUG FOUND: YES"
7645," SE: N/A
BL: N/A
BUG FOUND: NO

Explanation:

The provided file content is a collection of PHP classes and functions, none of which contain any path traversal vulnerabilities (CWE-22). The code does not concatenate user input directly into file paths or system commands, and there are no instances where user input is used to access resources outside of the intended directory. Therefore, there is no risk of path traversal attacks in this code."
4697," SE: There is no direct user input being used in file path manipulation, hence there are no lines with a path traversal bug (CWE-22).
BL: none
BUG FOUND: NO"
1654," SE: The user submitted file name is directly concatenated into the file path without proper validation or sanitization.
BL: `$filePath = $uploadDir . $_GET['dir'] . '/' . $fileName;`
BUG FOUND: YES

Explanation:
This code is vulnerable to Path Traversal attacks (CWE-22) because it directly uses the user submitted data ($_GET['dir'] and $fileName) in the file path without proper validation or sanitization. An attacker can exploit this by providing a specially crafted input to move out of the intended directory (e.g., using ../ in the input). It is recommended to validate and sanitize user inputs, use a secure directory structure, and consider using a whitelist approach to restrict the allowed characters and format of the input."
1707," SE: There is no direct usage of user input to construct a file path, so there is no possibility of a path traversal vulnerability in the provided code.
BL: None found.
BUG FOUND: NO."
1699," SE: The `$filePath` variable in the global scope concatenates user input from `$_GET['dir']` and `basename($_FILES['profileImage']['name'])` without any sanitation or restriction to a specific directory.

BL: `$filePath = $uploadDir . $_GET['dir'] . '/' . $fileName;`

BUG FOUND: YES"
1755," SE: There is no direct user input being used in file path manipulation, so there is no possibility of a path traversal bug (CWE-22) in the provided code.
BL: None
BUG FOUND: NO"
1675," SE: The 'filePath' variable is constructed by concatenating user-provided input ('$_GET['dir']') with a static string and a hardcoded file extension, which may lead to a path traversal vulnerability if the 'dir' parameter is not properly sanitized.
BL: `$filePath = $uploadDir . $_GET['dir'] . '/' . $fileName;`
BUG FOUND: YES

However, it is important to note that the actual impact of this vulnerability depends on the context in which this code is executed. If the 'dir' parameter is user-supplied and not properly sanitized, an attacker could potentially access files outside of the intended directory by manipulating the 'dir' parameter. This could lead to unauthorized file access, reading sensitive data, or even writing or deleting files on the server.

To mitigate this vulnerability, you should ensure that the 'dir' parameter is properly sanitized and validated before using it in file operations. For example, you could restrict the 'dir' parameter to a predefined set of values or validate it against a whitelist of allowed characters. Additionally, you could use functions like realpath() to normalize and validate the final file path before using it in file operations."
1731," SE: There is no direct user input in the file content provided. Therefore, it is unlikely to find a path traversal vulnerability (CWE-22) in this code.
BL: None
BUG FOUND: NO"
1691," SE: The 'filePath' variable is directly concatenated into the 'unlink' function which can lead to a path traversal attack if user input is included.
BL: `$this->filePath = $filePath; ... unlink($this->filePath);`
BUG FOUND: YES

However, this issue might not be exploitable if proper input validation and sanitation is performed before setting the 'filePath' variable. It's important to ensure that user input is not included or properly sanitized before using it in functions like 'unlink'."
7605," SE: The $imageName variable takes user input directly from the GET request and is used to construct the $fullPath string without any sanitization or validation, which could potentially allow path traversal attacks.
BL: `$imageName = $_GET['image']; serveImage($imageName);`
BUG FOUND: YES"
1739," SE: There is no direct user input in the file content. Therefore, there is no possibility to have a path traversal vulnerability (CWE-22) in this code.
BL: None
BUG FOUND: NO"
4729," SE: There is no user input being directly concatenated into file path strings without sanitation, so there is no instance of a path traversal bug (CWE-22) found in this code.
BL: N/A
BUG FOUND: NO"
7597," SE: The user input from the GET parameter 'image' is directly concatenated into the $fullPath variable which is used as a file path. This can lead to a path traversal vulnerability if the user input is not properly sanitized.
BL: `$fullPath = '/var/www/html/images/' . $imagePath;`
BUG FOUND: YES. The application should validate and sanitize the $imagePath variable to ensure it does not contain any special characters or relative paths that could be used to access files outside of the intended directory."
4633," SE: The 'logFilePath' is directly concatenated with user input and used in file_put_contents() without any sanitization or validation.
BL: `file_put_contents($logFilePath, $message, FILE_APPEND);` in logAction() function.
BUG FOUND: YES.

Explanation:
The 'logFilePath' variable is constructed by concatenating a static string ('/var/log/') with a user-provided value from GET request ('$logFile'). This construction pattern is susceptible to path traversal attacks if the user-provided input is not properly sanitized or validated. An attacker can manipulate the input to move out of the intended directory ('/var/log/') and write files in arbitrary locations, leading to a security vulnerability (CWE-22). In this case, the 'logAction()' function directly uses the 'logFilePath' variable in file_put_contents() without any sanitization or validation, increasing the risk of a successful attack."
4737," SE: There is no direct user input in the file content, so there is no possibility of a path traversal bug.
BL: None found.
BUG FOUND: NO."
7591," SE: The user input from the GET parameter 'image' is directly used to construct the file path without any sanitization or restriction, which could potentially allow path traversal attacks.
BL: `$imageName = $_GET['image']; serveImage($imageName);`
BUG FOUND: YES. The application is vulnerable to CWE-22 (Improper Limitation of a Pathname to a Restricted Directory (""Path Traversal"")). An attacker could provide a specially crafted input to access files outside of the intended directory."
1763," SE: The `filePath` variable in the `FileHandler` class concatenates the user-provided `$filename` directly into the file path without any sanitation or validation, which could potentially allow a path traversal attack if an attacker provides a filename with "".."" or other special characters.
BL: `$this->filePath = $filePath . $filename;` in the `writeFile` method of the `FileHandler` class.
BUG FOUND: YES."
7669," SE: There is no direct user input in the file content, hence there is no possibility of a path traversal bug (CWE-22) in this PHP code.
BL: N/A
BUG FOUND: NO"
1667," SE: The 'filePath' variable is constructed by concatenating user-provided data (filename and dir) with a fixed string ($uploadDir), which may lead to a path traversal vulnerability if the user-provided data is not properly sanitized.
BL: `$filePath = $uploadDir . $_GET['dir'] . '/' . $fileName;`
BUG FOUND: YES"
4627," SE: The 'logFilePath' is directly constructed using the 'logFile' obtained from user input, which may lead to path traversal if 'logFile' is manipulated.
BL: `$logFilePath = '/var/log/' . $logFile;`
BUG FOUND: YES"
1715," SE: The 'filename' variable in the readFile, writeFile, deleteFile, fileExists methods of the FileHandler class is directly concatenated with a user-provided string, which could potentially lead to a path traversal attack if the user-provided string is not properly sanitized.

BL: 
```php
public function readFile($filename) {
    return file_get_contents($filename);
}

public function writeFile($filename, $content) {
    file_put_contents($filename, $content);
}

public function deleteFile($filename) {
    unlink($filename);
}

public function fileExists($filename) {
    return file_exists($filename);
}
```
BUG FOUND: YES"
1655," SE: The '$_GET['dir']' is directly concatenated into the file path without sanitation, which could lead to a path traversal attack (CWE-22).
BL: `$filePath = $uploadDir . $_GET['dir'] . '/' . $fileName;`
BUG FOUND: YES"
7653," SE: The 'serveImage' function concatenates the user-provided 'imageName' variable into the $fullPath variable without any sanitation, which could potentially allow for path traversal attacks if the user-provided input is not properly validated.
BL: `$fullPath = '/var/www/html/images/' . $imagePath;`
BUG FOUND: YES"
1723," SE: The `$filePath` variable in the 'FileUploader' class concatenates user input from `$_GET['dir']` and `$_FILES['profileImage']['name']` without proper sanitation, which could potentially lead to a path traversal attack (CWE-22).
BL: `$filePath = $uploadDir . $_GET['dir'] . '/' . $fileName;` in the 'FileUploader' class.
BUG FOUND: YES."
7593," SE: The user input from the GET parameter 'image' is directly concatenated into the $fullPath variable without any sanitization or validation, which could potentially allow path traversal attacks.
BL: `$fullPath = '/var/www/html/images/' . $imagePath;`
BUG FOUND: YES"
7693," SE: There is no direct user input in the file content provided. Therefore, there is no possibility of a path traversal vulnerability (CWE-22) in this code.
BL: N/A
BUG FOUND: NO"
4721," SE: The 'filename' is directly concatenated into the file path for reading, writing, deleting, checking existence, and checking if a file is writable without proper validation.
BL: `public function readFile($filename) { return file_get_contents($filename); }`
BUG FOUND: YES

SE: The 'filename' is directly concatenated into the file path for reading, writing, deleting, checking existence, and checking if a file is writable without proper validation.
BL: `public function writeFile($filename, $content) { file_put_contents($filename, $content); }`
BUG FOUND: YES

SE: The 'filename' is directly concatenated into the file path for reading, writing, deleting, checking existence, and checking if a file is writable without proper validation.
BL: `public function deleteFile($filename) { unlink($filename); }`
BUG FOUND: YES

SE: The 'filename' is directly concatenated into the file path for reading, writing, deleting, checking existence, and checking if a file is writable without proper validation.
BL: `public function fileExists($filename) { return file_exists($filename); }`
BUG FOUND: YES

SE: The 'filename' is directly concatenated into the file path for reading, writing, deleting, checking existence, and checking if a file is writable without proper validation.
BL: `public function isWritable($filename) { return is_writable($filename); }`
BUG FOUND: YES"
4949," SE: There is no direct user input in the file content. Therefore, there is no possibility of a path traversal vulnerability (CWE-22) in this code.

BL: none

BUG FOUND: NO"
7621," SE: The 'imageName' variable from user input is directly used in the 'serveImage' function without any sanitization or validation, which could potentially allow path traversal attacks.
BL: `serveImage($imageName);`
BUG FOUND: YES

Explanation:

The 'serveImage' function takes the 'imageName' variable as an input from the user and uses it to construct a file path. If the user provides a specially crafted input, they could potentially access files outside of the intended directory, leading to a path traversal vulnerability (CWE-22). To mitigate this risk, it's essential to sanitize or validate user inputs, for example, by restricting the input to a whitelist of allowed filenames or extensions."
1659," SE: The 'uploadDir' and 'fileName' variables are concatenated without sanitation and used in the 'filePath' variable which is used in the 'move_uploaded_file' function.
BL: `$filePath = $uploadDir . $_GET['dir'] . '/' . $fileName;`
BUG FOUND: YES"
7637," SE: There is no direct user input in the file content. Therefore, it is not possible to have a path traversal vulnerability.
BL: N/A
BUG FOUND: NO"
4673," SE: There is no direct user input in the file content. Therefore, it is unlikely to find a Path Traversal vulnerability (CWE-22) in this PHP code.

BL: N/A

BUG FOUND: NO"
1985," SE: There is no direct user input in the file content. Therefore, there is no possibility of a path traversal vulnerability (CWE-22) in this code.

BL: none
BUG FOUND: NO"
4628," SE: The 'logFilePath' is directly constructed using user input without proper validation or sanitization, which could potentially allow path traversal attacks.
BL: `$logFilePath = '/var/log/' . $logFile;`
BUG FOUND: YES

Explanation:

The code constructs a file path using user input from the 'logfile' GET parameter without proper sanitization. This could allow an attacker to perform a path traversal attack by providing a 'logfile' value such as '../otherfile', which could result in writing to an unintended file or directory. To prevent this, the 'logFile' variable should be validated and sanitized to ensure it only contains allowed characters and does not contain any special sequences such as '../'."
4933," SE: There is no direct user input being used in file path manipulation, hence there are no path traversal vulnerabilities in the provided code.
BL: None
BUG FOUND: NO"
7929," SE: There is no direct user input being concatenated into a file path, so there is no possibility of a path traversal bug (CWE-22) in the provided code.

BL: none

BUG FOUND: NO"
4885," SE: There is no direct user input being concatenated into a file path, so there is no possibility of a path traversal vulnerability in the provided code.
BL: None
BUG FOUND: NO"
4657," SE: The 'logFile' is directly concatenated into the file path without sanitation.
BL: `$logFilePath = '/var/log/' . $logFile;`
BUG FOUND: YES

Explanation:

The code constructs a file path by concatenating the string '/var/log/' with a variable $logFile. If $logFile is user-provided data, this creates a potential security vulnerability known as Path Traversal (CWE-22). A malicious user could provide a value such as '../../../etc/passwd' to access sensitive files outside of the intended directory. To mitigate this risk, you should ensure that $logFile is properly sanitized and validated before using it in file path construction."
7913," SE: There is no direct user input in this file, so there is no possibility of a path traversal vulnerability.
BL: N/A
BUG FOUND: NO"
7945," SE: There is no direct user input being concatenated into a file path, so there is no possibility of a path traversal vulnerability in the provided code.
BL: none
BUG FOUND: NO"
1921," SE: The `$filePath` variable is constructed by concatenating user-provided input from `$_GET['dir']` and `$_FILES['profileImage']['name']` without any sanitization or validation.
BL: `$filePath = $uploadDir . $_GET['dir'] . '/' . $fileName;`
BUG FOUND: YES

Explanation:
This code is vulnerable to a path traversal attack (CWE-22) because it constructs a file path using user-provided input without proper sanitization or validation. An attacker can potentially manipulate the `dir` parameter in the URL to access files outside of the intended directory, leading to unauthorized file access or modification. To mitigate this risk, you should validate and sanitize the user input to ensure it only contains allowed characters and does not attempt to traverse outside of the intended directory."
7921," SE: N/A
BL: N/A
BUG FOUND: NO

The provided file content does not contain any line that may contain a bug of type CWE-22 (Improper Limitation of a Pathname to a Restricted Directory (""Path Traversal"")). The code is safe from this type of vulnerability."
7865," SE: The `readFile` method of the `FileHandler` class takes a filename as input and reads the contents of the file with that name. If the filename is user-provided, it may contain a path traversal vulnerability.

BL: `public function readFile($filename) { return file_get_contents($filename); }`

BUG FOUND: YES"
7849," SE: There is no direct interaction with user input or file content that could lead to a path traversal vulnerability in the provided code.
BL: None
BUG FOUND: NO"
2001," SE: There is no direct user input in the provided code, so there is no possibility of a path traversal vulnerability.
BL: None
BUG FOUND: NO"
7881," SE: There is no direct user input in the file content, so there is no possibility of a path traversal vulnerability.
BL: None
BUG FOUND: NO"
1945," SE: There is no direct user input in the file content, hence there is no possibility of a path traversal bug.
BL: N/A
BUG FOUND: NO

Explanation:

The file content consists of various PHP classes that define different functionalities such as random number generation, calculation, string manipulation, array manipulation, file handling, date and time handling, color conversion, geometry calculation, network handling, encryption, logging, and more. However, there is no direct user input in the file content, and all the methods and functions use local variables or parameters passed to them. Therefore, there is no possibility of a path traversal bug in this file content."
7827," SE: The user input from the GET parameter 'image' is directly used to construct the file path without any sanitization or restriction, which could potentially allow path traversal attacks.
BL: `$imageName = $_GET['image']; serveImage($imageName);`
BUG FOUND: YES"
4865," SE: The 'logFilePath' is directly constructed by concatenating a user-provided input ($_GET['logfile']) into a hardcoded string ('/var/log/' . $logFile).
BL: `$logFilePath = '/var/log/' . $logFile;`
BUG FOUND: YES

Explanation:
This code is vulnerable to a path traversal attack (CWE-22) because it constructs a file path by concatenating a user-provided input ($_GET['logfile']) into a hardcoded string ('/var/log/' . $logFile). An attacker can manipulate the 'logfile' parameter to write data to arbitrary files in the '/var/log/' directory by using relative paths or "".."" to traverse directories. To mitigate this vulnerability, validate and sanitize the user input to ensure it does not contain any relative paths or "".."" sequences before constructing the file path."
4893," SE: The script logs user input (username) directly into a log file without any sanitization, which may lead to path traversal vulnerabilities if the input is not properly validated.
BL: `logAction(""User $username logged in at "" . date('Y-m-d H:i:s') . ""
"", $logFile);`
BUG FOUND: YES

Note: The provided file content is quite large, and the rest of the code does not seem to contain any path traversal vulnerabilities as it does not involve file operations with user-provided input. However, it is essential to sanitize user inputs to prevent potential security issues."
4917," SE: N/A
BL: N/A
BUG FOUND: NO

Explanation:
After analyzing the provided file content, I did not find any line that may contain a bug of type CWE-22 (Improper Limitation of a Pathname to a Restricted Directory (""Path Traversal"")). The code does not concatenate user input directly into file paths or any other sensitive strings without proper sanitation or validation."
7833," SE: The user input from the GET parameter 'image' is directly used in the construction of the file path without any sanitization or validation, which could potentially allow path traversal attacks.
BL: `$imageName = $_GET['image'];`
`serveImage($imageName);`
BUG FOUND: YES"
4941," SE: There is no direct user input in the file content, so there is no possibility of a path traversal vulnerability.
BL: None
BUG FOUND: NO"
1969," SE: There is no direct user input being concatenated into file system calls, so there is no obvious instance of a path traversal vulnerability in the provided code.
BL: N/A
BUG FOUND: NO."
4901," SE: There is no direct user input in the file content, so there is no possibility of a path traversal vulnerability.
BL: None
BUG FOUND: NO"
1977," SE: There is no direct user input being used in file handling operations, so there is no possibility of a path traversal vulnerability.
BL: None
BUG FOUND: NO"
4877," SE: The 'logFilePath' is directly constructed by concatenating a user-provided input ('logFile') into a file path without any sanitation or validation. This could potentially lead to a path traversal vulnerability if the user-provided input is manipulated to access files outside of the intended directory.

BL: `$logFilePath = '/var/log/' . $logFile;`

BUG FOUND: YES"
1891," SE: The '$_GET['dir']' is directly concatenated into the file path without sanitation or validation, which could lead to a path traversal attack if an attacker provides a directory path.
BL: `$filePath = $uploadDir . $_GET['dir'] . '/' . $fileName;`
BUG FOUND: YES"
4869," SE: The `logAction` function directly concatenates user input into the file path without sanitation, which may lead to a path traversal vulnerability (CWE-22).
BL: `$logFilePath = '/var/log/' . $logFile;`
BUG FOUND: YES"
4965," SE: There is no direct user input in the file content. Therefore, there is no possibility of a path traversal bug (CWE-22) in this code.
BL: none
BUG FOUND: NO"
7841," SE: The $imageName variable is directly used in the $fullPath variable construction without any sanitization or validation.
BL: `$fullPath = '/var/www/html/images/' . $imageName;`
BUG FOUND: YES"
2009," SE: There is no direct user input being concatenated into a file path, so there is no possibility of a path traversal bug (CWE-22) in the provided code.

BL: none

BUG FOUND: NO"
7897," SE: There is no direct user input in the file content, so there is no possibility of a path traversal vulnerability.
BL: None
BUG FOUND: NO"
7857," SE: The `$imageName` variable directly concatenates user input from GET request into the file path without any sanitization or validation.
BL: `$imageName = $_GET['image']; serveImage($imageName);`
BUG FOUND: YES

Explanation:
This code is vulnerable to a path traversal attack (CWE-22) because it uses user-supplied input (`$_GET['image']`) directly in the `serveImage()` function's file path without proper sanitization or validation. An attacker can exploit this by providing a specially crafted input like `../../../etc/passwd` to access sensitive files outside the intended directory. Always validate, sanitize, or restrict user inputs, especially when dealing with file paths."
7889," SE: There is no direct user input being used in file path manipulation, hence there is no possibility of a CWE-22 (Path Traversal) bug.
BL: None found.
BUG FOUND: NO."
1993," SE: There is no direct user input in the file content, so there is no possibility of a path traversal vulnerability.
BL: none
BUG FOUND: NO"
1897," SE: The `$filePath` variable concatenates user input from `$_GET['dir']` and `basename($_FILES['profileImage']['name'])` without proper sanitization, potentially allowing path traversal attacks.

BL: `$filePath = $uploadDir . $_GET['dir'] . '/' . $fileName;`

BUG FOUND: YES"
1961," SE: The 'filename' variable is directly concatenated into the file path without sanitation, which may lead to a path traversal vulnerability.
BL: `$filePath = $uploadDir . $_GET['dir'] . '/' . $fileName;`
BUG FOUND: YES"
4909," SE: There is no direct user input in the file content. Therefore, there is no possibility to have a path traversal bug of type CWE-22.
BL: None
BUG FOUND: NO"
1893," SE: The '$_GET['dir']' is directly concatenated into the file path without any sanitation or restriction, which could lead to a path traversal attack.
BL: `$filePath = $uploadDir . $_GET['dir'] . '/' . $fileName;`
BUG FOUND: YES."
4863," SE: The log file name is directly concatenated with a user-provided string, which can lead to path traversal if the user-provided string is not properly sanitized.
BL: `$logFilePath = '/var/log/' . $logFile;`
BUG FOUND: YES

Explanation:

In the `logAction` function, the log file name is directly concatenated with a user-provided string (`$logFile`). If the user-provided string is not properly sanitized, it can lead to path traversal attacks. For example, a user might provide `../../../etc/passwd` as the log file name, which can expose sensitive information.

To prevent this, you should always validate and sanitize user-provided input, especially when it is used to construct file paths or URLs. In this case, you can use a whitelist of allowed characters or file names to validate the user-provided string. You can also use functions like `realpath()` to resolve symbolic links and ensure that the resulting file path is within the expected directory."
1953," SE: There is no direct user input in the file content. Therefore, there is no possibility of a path traversal vulnerability (CWE-22) in this code.

BL: none

BUG FOUND: NO"
4981," SE: There is no direct user input in the file content, so there is no possibility of a path traversal vulnerability.
BL: None
BUG FOUND: NO"
7828," SE: The user input from the GET parameter 'image' is directly used to construct the file path without any sanitization or validation, which could potentially allow path traversal attacks.
BL: `$imageName = $_GET['image']; serveImage($imageName);`
BUG FOUND: YES"
4973," SE: N/A
BL: N/A
BUG FOUND: NO

The provided file content does not contain any line that may contain a bug of type CWE-22 (Improper Limitation of a Pathname to a Restricted Directory (""Path Traversal"")). The code consists of various classes and functions in PHP, but there are no instances where user input is directly concatenated into a file path or system command without proper sanitation or validation."
1892," SE: The '$_GET['dir']' is directly concatenated into the $filePath variable which can lead to a path traversal attack if user input is not properly sanitized.
BL: `$filePath = $uploadDir . $_GET['dir'] . '/' . $fileName;`
BUG FOUND: YES

Explanation:
The code is vulnerable to a path traversal attack because it directly concatenates the user-provided 'dir' parameter from the GET request into the file path without any sanitization. This can allow an attacker to move out of the intended directory ('/var/www/uploads/') and access arbitrary files on the server. To prevent this, always sanitize user input and ensure it meets the expected format and constraints before using it in file operations or other sensitive contexts."
1905," SE: The 'filePath' variable is constructed by concatenating user-provided data ('$_GET['dir']') with a static string and a static directory path, which may lead to a path traversal vulnerability if the user-provided data is not properly sanitized.
BL: `$filePath = $uploadDir . $_GET['dir'] . '/' . $fileName;`
BUG FOUND: YES"
8165," SE: There is no direct user input in the file content. Therefore, there is no possibility to have a path traversal bug of type CWE-22.
BL: none
BUG FOUND: NO"
4925," SE: There is no direct user input in the file content. Therefore, there is no possibility of a path traversal vulnerability.
BL: None
BUG FOUND: NO"
7905," SE: There is no direct user input in the file content, so there is no possibility of a path traversal vulnerability.
BL: None
BUG FOUND: NO"
1929," SE: The `$filePath` variable in the `FileHandler` class concatenates user input from `$_GET['dir']` without proper validation, which could potentially lead to a path traversal attack (CWE-22).
BL: `$filePath = $uploadDir . $_GET['dir'] . '/' . $fileName;` in `FileHandler` class.
BUG FOUND: YES."
7873," SE: There is no direct user input in the file content. Therefore, there is no possibility of a path traversal bug (CWE-22) in this file.

BL: none

BUG FOUND: NO"
7829," SE: The user input from the GET parameter 'image' is directly concatenated into the $imageName variable without any sanitization or validation, which could potentially allow path traversal attacks if an attacker is able to manipulate the 'image' parameter to include '..' or other special characters to move outside of the intended directory.

BL: `$imageName = $_GET['image']; serveImage($imageName);`

BUG FOUND: YES"
8205," SE: There is no direct user input in the file content. Therefore, there is no possibility of a path traversal vulnerability.
BL: None
BUG FOUND: NO"
4864," SE: The 'logFilePath' is directly constructed by concatenating a user-provided input ('logFile') into a file path without any sanitization or validation.
BL: `$logFilePath = '/var/log/' . $logFile;`
BUG FOUND: YES

Explanation:
This code is vulnerable to a path traversal attack (CWE-22) because it constructs a file path by concatenating a user-provided input ('logFile') without any sanitization or validation. An attacker can potentially manipulate the 'logFile' input to access sensitive files outside of the intended log directory. To mitigate this risk, you should validate and sanitize the 'logFile' input to ensure it only contains allowed characters and does not attempt to traverse outside of the intended directory."
7937," SE: N/A
BL: N/A
BUG FOUND: NO

The provided file content does not contain any line that may contain a bug of type CWE-22 (Improper Limitation of a Pathname to a Restricted Directory (""Path Traversal"")). The code is well-structured and there are no instances where user input is directly concatenated into file system calls without proper sanitation or validation."
2239," SE: N/A
BL: N/A
BUG FOUND: NO

The provided file content does not contain any line that may contain a bug of type CWE-22 (Improper Limitation of a Pathname to a Restricted Directory (""Path Traversal"")). The code is safe from this type of vulnerability."
4957," SE: N/A
BL: N/A
BUG FOUND: NO

The provided file content does not contain any line that may contain a bug of type CWE-22 (Improper Limitation of a Pathname to a Restricted Directory (""Path Traversal"")). The code is safe from this type of vulnerability as it does not concatenate user input directly into file paths without proper sanitation or validation."
5129," SE: There is no usage of user input to form file paths, so there is no possibility of a path traversal bug (CWE-22) in the provided code.
BL: none
BUG FOUND: NO"
8085," SE: The user input from the GET parameter 'image' is directly used in the construction of the file path without any sanitization or validation, which could potentially allow path traversal attacks.
BL: `$imageName = $_GET['image'];`
`serveImage($imageName);`
BUG FOUND: YES"
5115," SE: The log file name is directly concatenated into the file path without sanitation, which may lead to a path traversal vulnerability.
BL: `$logFilePath = '/var/log/' . $logFile;`
BUG FOUND: YES"
5209," SE: There is no direct usage of user input to construct a file path, thus no Path Traversal vulnerability exists in the provided code.
BL: None
BUG FOUND: NO"
5201," SE: N/A
BL: N/A
BUG FOUND: NO

Explanation:

After analyzing the provided file content, I did not find any lines that may contain a bug of type CWE-22 (Improper Limitation of a Pathname to a Restricted Directory or ""Path Traversal""). The code does not concatenate user input directly into file paths or use it in any way that could lead to a path traversal vulnerability. Therefore, there is no bug of the specified type in the given code."
8189," SE: N/A
BL: N/A
BUG FOUND: NO

Explanation:

After analyzing the provided file content, I did not find any line that may contain a bug of type CWE-22 (Improper Limitation of a Pathname to a Restricted Directory or ""Path Traversal""). The code does not concatenate user input directly into file system operations or other sensitive contexts without proper sanitation or validation. Therefore, there is no evidence of a path traversal vulnerability in the given code."
2147," SE: The user input from the GET parameter 'dir' is directly concatenated into the file path without any sanitization or validation, which could potentially lead to a path traversal attack.
BL: `$filePath = $uploadDir . $_GET['dir'] . '/' . $fileName;`
BUG FOUND: YES"
1937," SE: The `filePath` variable in the `FileHandler` class concatenates user input from `$_GET['dir']` and `$fileName` without proper validation or sanitization, which could potentially lead to a path traversal attack (CWE-22).
BL: `$filePath = $uploadDir . $_GET['dir'] . '/' . $fileName;`
BUG FOUND: YES

Explanation:

In the provided code, there is a class `FileHandler` that has a method `writeFile()`. This method takes a `$filePath` as an argument, which is constructed by concatenating the `$uploadDir`, `$_GET['dir']`, and `$fileName`. The `$_GET['dir']` variable is user-supplied input that is directly used in the construction of the file path without any validation or sanitization. This could potentially allow an attacker to manipulate the `dir` parameter to access files outside of the intended directory, leading to a path traversal attack (CWE-22).

To mitigate this vulnerability, you should validate and sanitize the `$_GET['dir']` input to ensure it only contains allowed characters and does not contain any relative or absolute path traversal patterns (such as `../`). Additionally, consider using a safer approach to specify the target directory, such as using a whitelist of allowed directories or using a more restrictive directory structure that minimizes the risk of path traversal attacks."
5137," SE: N/A
BL: N/A
BUG FOUND: NO

Explanation:

The provided file content does not contain any line that may contain a bug of type CWE-22 (Improper Limitation of a Pathname to a Restricted Directory (""Path Traversal"")). The code does not construct file paths using user input or untrusted data, and there are no functions that write to files using user-supplied pathnames. Therefore, there is no risk of path traversal attacks in this code."
8101," SE: The script takes user input from the GET parameter 'image' and directly uses it in the 'serveImage' function without any sanitization, which could potentially lead to a path traversal attack if the user input is manipulated.
BL: `serveImage($imageName);`
BUG FOUND: YES"
1913," SE: The 'filePath' variable is constructed by concatenating user-provided data ('$_FILES['profileImage']['name']' and '$_GET['dir']') with a static string ('/var/www/uploads/').
BL: $filePath = $uploadDir . $_GET['dir'] . '/' . $fileName;
BUG FOUND: YES

Explanation:

This code is vulnerable to a path traversal attack (CWE-22) because it constructs a file path by concatenating user-provided data ('$_FILES['profileImage']['name']' and '$_GET['dir']') with a static string ('/var/www/uploads/'). An attacker can potentially manipulate the 'dir' parameter in the URL to move outside of the intended directory ('/var/www/uploads/') and access sensitive files on the server. To mitigate this risk, it is recommended to validate and sanitize user input, and use a secure method to construct file paths."
5169," SE: N/A
BL: N/A
BUG FOUND: NO

Explanation:

After analyzing the provided file content, I did not find any line that may contain a bug of type CWE-22 (Improper Limitation of a Pathname to a Restricted Directory (""Path Traversal"")). The code does not include any operations that involve concatenating user input or untrusted data into file paths without proper sanitation or validation. Therefore, there is no risk of path traversal attacks in this code."
5241," SE: There is no direct user input in the file content, so there is no possibility of a path traversal vulnerability.
BL: none
BUG FOUND: NO"
5145," SE: There is no direct usage of user input in file system operations, so there is no risk of a path traversal vulnerability in the provided code.
BL: None
BUG FOUND: NO"
5117," SE: The log file name is directly concatenated with a user-provided string, which could potentially lead to a path traversal attack if the user-provided string is not properly sanitized.
BL: `$logFilePath = '/var/log/' . $logFile;`
BUG FOUND: YES"
2207," SE: There is no user input being directly concatenated into file system calls, so there is no possibility of a path traversal vulnerability in the provided code.
BL: none
BUG FOUND: NO"
2263," SE: N/A
BL: N/A
BUG FOUND: NO

Explanation:

After analyzing the provided file content, I did not find any line that may contain a bug of type CWE-22 (Improper Limitation of a Pathname to a Restricted Directory (""Path Traversal"")). The code does not concatenate user input directly into file paths or use it in any way that could lead to a path traversal attack. Therefore, there is no bug of the specified type in the given code."
8125," SE: There is no direct user input in the file content, so there is no possibility of a path traversal vulnerability.
BL: None
BUG FOUND: NO"
8133," SE: N/A
BL: N/A
BUG FOUND: NO

Explanation:

After analyzing the provided file content, I did not find any line that may contain a bug of type CWE-22 (Improper Limitation of a Pathname to a Restricted Directory (""Path Traversal"")). The code does not concatenate user input directly into file paths or use user input to determine the directory structure. Therefore, there is no risk of path traversal attacks."
2223," SE: There is no direct user input in the file content, so there is no possibility of a path traversal vulnerability.
BL: None
BUG FOUND: NO"
2271," SE: There is no direct user input in the file content. Therefore, there is no possibility of a path traversal vulnerability.
BL: None
BUG FOUND: NO

Explanation:

Path traversal vulnerabilities occur when user input is directly used to construct a file path, allowing an attacker to access files outside of the intended directory. However, in this file content, there are no instances where user input is directly concatenated into a file path or any other context where a path traversal vulnerability could occur. Therefore, it is safe from this type of vulnerability."
5153," SE: There is no direct user input in the file content provided. Therefore, it is not possible to find a line containing a path traversal bug (CWE-22) without user input.
BL: none
BUG FOUND: NO"
5185," SE: There is no direct usage of user input to construct file paths or access files, so there are no instances of CWE-22 (Path Traversal) vulnerabilities found in the provided code.
BL: none
BUG FOUND: NO"
2199," SE: There is no usage of user-supplied input to construct file paths in the provided code, so there are no instances of a path traversal bug (CWE-22).
BL: none
BUG FOUND: NO"
5225," SE: N/A
BL: N/A
BUG FOUND: NO

The provided file content does not contain any line that may contain a bug of type CWE-22 (Improper Limitation of a Pathname to a Restricted Directory (""Path Traversal"")). The code consists of various classes and functions for different purposes, but there is no usage of user-supplied input in file path manipulation, which could lead to a path traversal vulnerability."
8181," SE: N/A
BL: N/A
BUG FOUND: NO

Explanation:

After analyzing the provided file content, I did not find any line that may contain a bug of type CWE-22 (Improper Limitation of a Pathname to a Restricted Directory (""Path Traversal"")). The code does not concatenate user input directly into file paths or any other sensitive strings without proper sanitation or validation. Therefore, there is no risk of path traversal attacks."
8093," SE: The image name is directly used in the file path construction without any sanitization, which may lead to a path traversal attack if user input is used in the image name.
BL: `$imageName = $_GET['image']; serveImage($imageName);`
BUG FOUND: YES"
2145," SE: The '$_GET['dir']' is directly concatenated into the file path without any sanitation or validation, which could lead to a path traversal attack.
BL: `$filePath = $uploadDir . $_GET['dir'] . '/' . $fileName;`
BUG FOUND: YES"
2255," SE: There is no direct usage of user input to construct file paths or access files, so there are no instances of a path traversal bug (CWE-22) in the provided code.

BL: none

BUG FOUND: NO"
8173," SE: There is no user input being directly concatenated into file path strings, so there is no possibility of a path traversal bug in the provided code.

BL: None

BUG FOUND: NO"
8149," SE: There is no direct interaction with files or external resources in the provided code, hence there is no possibility to perform a path traversal attack (CWE-22).

BL: none

BUG FOUND: NO"
5121," SE: The 'logFilePath' is constructed by concatenating a user-provided 'logFile' to a fixed path, without any sanitization or validation. This could potentially allow a path traversal attack if the 'logFile' variable contains special characters.
BL: `$logFilePath = '/var/log/' . $logFile;`
BUG FOUND: YES"
2247," SE: N/A
BL: N/A
BUG FOUND: NO

The provided file content does not contain any line that may contain a bug of type CWE-22 (Improper Limitation of a Pathname to a Restricted Directory (""Path Traversal"")). The code is safe from this type of vulnerability."
8117," SE: The function readFile() in FileHandler class takes a filename as input and reads the content of the file. If the filename is user-supplied and not properly sanitized, it may lead to a path traversal attack (CWE-22).
BL: `public function readFile($filename) { return file_get_contents($filename); }`
BUG FOUND: YES

Explanation:

In the FileHandler class, the readFile() function uses the user-supplied filename directly in the file_get_contents() function without any sanitization. This can lead to a path traversal attack if the filename contains special characters or ""../"" sequences. To prevent this, you should always validate and sanitize user inputs, especially when dealing with file system operations. A possible solution is to use realpath() function to resolve the given path to its canonicalized absolute path and then check if the resolved path is within the allowed directory."
2167," SE: There is no usage of user-supplied input to construct file paths or access any files, thus no Path Traversal bug (CWE-22) is present.
BL: none
BUG FOUND: NO"
2175," SE: The script does not concatenate user input into a file path without proper sanitation, but it's important to note that user input is used in the file path construction. If the `$_GET['dir']` variable is not properly sanitized or controlled, it could potentially lead to a path traversal vulnerability.

BL: `$filePath = $uploadDir . $_GET['dir'] . '/' . $fileName;`

BUG FOUND: NO (However, there is potential for a bug of this type if `$_GET['dir']` is not properly sanitized or controlled)"
2183," SE: There is no direct usage of user input to construct file paths or URLs in the provided code, so there is no obvious instance of a path traversal bug (CWE-22).

BL: None

BUG FOUND: NO

The code includes various classes for data validation, form handling, database connection, file uploading, logging, email sending, API requests, caching, and security token management. While there may be other types of bugs or vulnerabilities present, the specific issue of path traversal bugs is not apparent in the given code."
8197," SE: N/A
BL: N/A
BUG FOUND: NO

The provided file content is a collection of PHP classes and functions, but none of them contain a line that may contain a bug of type CWE-22 (Improper Limitation of a Pathname to a Restricted Directory (""Path Traversal"")). The code does not concatenate user input directly into file system calls or file paths, which is the primary vector for path traversal vulnerabilities."
8079," SE: The user input from the GET parameter 'image' is directly used in the file path without any sanitization or validation, which could potentially allow path traversal attacks.
BL: `$imageName = $_GET['image']; serveImage($imageName);`
BUG FOUND: YES"
2159," SE: The 'filePath' variable directly concatenates user input from $_GET['dir'] and $_FILES['profileImage']['name'], which can lead to a path traversal attack if user input is not properly sanitized.
BL: `$filePath = $uploadDir . $_GET['dir'] . '/' . $fileName;`
BUG FOUND: YES

Explanation:

In the provided code, there is a potential security vulnerability related to Path Traversal (CWE-22). The vulnerability exists in the following line:

`$filePath = $uploadDir . $_GET['dir'] . '/' . $fileName;`

Here, the `$_GET['dir']` and `$fileName` variables are directly concatenated into the `$filePath` variable without any sanitization. This can lead to a path traversal attack if an attacker provides a specially crafted input containing "".."" or any other directory traversal patterns. To mitigate this risk, you should always sanitize user inputs, especially when they are used to construct file paths or URLs. In this case, you can use realpath() function to sanitize the `$_GET['dir']` input as follows:

`$safeDir = realpath($_GET['dir']);`

However, you should ensure that the sanitized directory is within the allowed directory structure to prevent any unintended access. Additionally, you should also consider validating the file name to ensure it does not contain any malicious characters or patterns."
8157," SE: N/A
BL: N/A
BUG FOUND: NO

The provided file content is a collection of PHP classes and functions, and there is no direct interaction with user input or file system operations that could lead to a path traversal vulnerability (CWE-22). The code mainly focuses on various utility classes, data processing, and some demonstrations of using external tools like ffmpeg for video processing."
2146," SE: The user submitted 'dir' parameter is directly concatenated into the file path without proper validation or sanitization, which could potentially allow path traversal attacks.
BL: `$filePath = $uploadDir . $_GET['dir'] . '/' . $fileName;`
BUG FOUND: YES

Explanation:
The code constructs a file path by concatenating the upload directory, a user-supplied 'dir' parameter from a GET request, and the original file name. This construction allows an attacker to manipulate the 'dir' parameter to move outside of the intended directory, potentially accessing sensitive files or directories. To prevent this, the 'dir' parameter should be properly validated and sanitized to ensure it only contains allowed values and does not contain any special characters that could be used for path traversal."
5233," SE: N/A
BL: N/A
BUG FOUND: NO

Explanation:

The provided file content is a collection of PHP classes and functions, but none of them contain any line that may lead to a path traversal vulnerability (CWE-22). The code does not construct file paths using user input or untrusted data, and there are no functions that write to files or perform other filesystem operations that could be exploited through path traversal. Therefore, there is no bug of type CWE-22 in the given file content."
5116," SE: The log file name is directly concatenated with a user-provided string, which can lead to path traversal if the user-provided string is not properly sanitized.
BL: `$logFilePath = '/var/log/' . $logFile;`
BUG FOUND: YES"
5161," SE: There is no direct usage of user input to construct a file path, thus no Path Traversal bug exists in the provided code.
BL: none
BUG FOUND: NO"
8141," SE: N/A
BL: N/A
BUG FOUND: NO

The provided file content does not contain any line that may contain a bug of type CWE-22 (Improper Limitation of a Pathname to a Restricted Directory (""Path Traversal"")). The code is composed of various classes and functions, but none of them perform any operation that could lead to a path traversal vulnerability."
5217," SE: There is no direct usage of user input to construct file paths or access any sensitive resources, so there is no obvious instance of a CWE-22 (Path Traversal) vulnerability in the provided code.

BL: none

BUG FOUND: NO

Confidence: 90%"
8465," SE: N/A
BL: N/A
BUG FOUND: NO

Explanation:

After analyzing the provided file content, I did not find any line that may contain a bug of type CWE-22 (Improper Limitation of a Pathname to a Restricted Directory (""Path Traversal"")). The code does not concatenate user input directly into file paths or use user input to determine the directory structure. Therefore, there is no risk of path traversal attacks."
8081," SE: The user input from the GET parameter 'image' is directly concatenated into the $fullPath variable without any sanitization or validation, which could potentially allow path traversal attacks.
BL: `$fullPath = '/var/www/html/images/' . $imagePath;`
BUG FOUND: YES

Explanation:
The code retrieves the 'image' parameter from the GET request and uses it to construct a file path without any sanitization or validation. This could allow an attacker to provide a specially crafted input to traverse the directory structure and access files outside of the intended directory ('/var/www/html/images/'). This is a classic example of a path traversal vulnerability (CWE-22). To mitigate this risk, the input should be validated and sanitized to ensure it only contains allowed characters and does not attempt to traverse the directory structure."
2151," SE: The user submitted 'profileImage' is directly used to construct the file path without proper validation or sanitization, which may lead to path traversal vulnerabilities.
BL: `$filePath = $uploadDir . $_GET['dir'] . '/' . $fileName;`
BUG FOUND: YES

Explanation:
The code constructs a file path by concatenating the upload directory, a directory from GET parameter, and the filename from the uploaded file. The 'dir' parameter in the GET request is not properly sanitized or validated, making it possible for an attacker to manipulate the path and potentially access sensitive files outside of the intended upload directory. This is a classic example of a path traversal vulnerability (CWE-22). To mitigate this issue, ensure proper sanitization and validation of user inputs, especially when used to construct file paths."
5193," SE: There is no direct user input in the file content provided. Therefore, there is no possibility of a path traversal vulnerability (CWE-22) in this code.

BL: none

BUG FOUND: NO"
8080," SE: The user input from the GET parameter 'image' is directly concatenated into the $fullPath variable without any sanitization or validation, which could potentially allow path traversal attacks.
BL: `$fullPath = '/var/www/html/images/' . $imagePath;`
BUG FOUND: YES"
2445," SE: There is no usage of user-supplied input to construct file paths, so there is no possibility of a path traversal vulnerability in the provided code.
BL: none
BUG FOUND: NO"
8481," SE: N/A
BL: N/A
BUG FOUND: NO

Explanation:
The provided file content is a collection of PHP classes and functions, but none of them contain any user input that could be used for path traversal attacks (CWE-22). Therefore, there is no bug of type CWE-22 in the given file content."
5469," SE: There is no direct user input being used in file handling operations, so there is no possibility of a path traversal vulnerability in the provided code.
BL: none
BUG FOUND: NO"
8109," SE: The script uses user input from the GET request parameter 'image' to construct a file path without proper validation or sanitization, which could potentially allow path traversal attacks.
BL: `$fullPath = '/var/www/html/images/' . $imagePath;`
BUG FOUND: YES

Explanation:

The script takes the value of `$imageName` from the GET request parameter and concatenates it to form a file path without any sanitization or validation. This could allow an attacker to manipulate the `$imageName` value to perform path traversal attacks and access sensitive files outside of the intended directory.

To prevent this, you should validate and sanitize the user input. For example, you can check if the `$imageName` value only contains allowed characters and is within a certain length. Additionally, you can use realpath() function to resolve any symbolic links and ensure the final path is within the intended directory."
2191," SE: The script takes user input from the global scope ($_GET['dir']) and concatenates it into the $filePath string without any sanitation, which could potentially lead to a path traversal attack (CWE-22).
BL: `$filePath = $uploadDir . $_GET['dir'] . '/' . $fileName;`
BUG FOUND: YES"
8385," SE: N/A
BL: N/A
BUG FOUND: NO

Explanation:

The provided file content is a collection of PHP classes that do not contain any path traversal vulnerabilities (CWE-22). The code does not construct file paths using user input or untrusted data, and does not use functions that are susceptible to path traversal attacks such as `include`, `require`, `fopen`, `file_get_contents`, or `unlink` with user-supplied input. Therefore, there is no risk of unintended file access or modification through path traversal attacks."
2525," SE: There is no direct user input in the file content, so there is no possibility of a path traversal vulnerability.
BL: none
BUG FOUND: NO"
2215," SE: The script does not concatenate user input into a file path, so there is no risk of a path traversal vulnerability in the provided code.
BL: none
BUG FOUND: NO"
8401," SE: N/A
BL: N/A
BUG FOUND: NO

Explanation:
The provided file content does not contain any line that may contain a bug of type CWE-22 (Improper Limitation of a Pathname to a Restricted Directory (""Path Traversal"")). The code consists of various classes and functions, but none of them construct file paths using user input directly, without proper sanitation or checks, which could lead to path traversal attacks."
2416," SE: The user submitted file name is directly concatenated into the file path without proper validation or sanitization.
BL: $filePath = $uploadDir . $_GET['dir'] . '/' . $fileName;
BUG FOUND: YES

Explanation:
The code is vulnerable to Path Traversal attacks (CWE-22) because it uses user input ($_GET['dir'] and $fileName) to construct the file path without proper validation or sanitization. An attacker can exploit this by providing a specially crafted input to move out of the intended directory (e.g., using directory traversal sequences like ""../"" in $fileName or $_GET['dir']). This can lead to unauthorized file access, modification, or even remote code execution in some cases.

To mitigate this issue, you should validate and sanitize user inputs to ensure they do not contain any malicious sequences. For instance, you can use realpath() function to resolve the given path to a canonicalized absolute path and then check if it's within the allowed directory. Also, consider using a whitelist approach to restrict the allowed characters and format of user inputs."
2509," SE: N/A
BL: N/A
BUG FOUND: NO

The provided file content is a PHP script that contains multiple classes for various purposes, such as generating random numbers, performing calculations, manipulating strings, handling arrays, and working with files, dates, and colors. However, none of the classes or functions in the script contain any line that may lead to a path traversal vulnerability (CWE-22). Therefore, there is no bug of type CWE-22 in the script."
8361," SE: The input image name is directly used in the file path without any sanitization, which could potentially allow path traversal attacks.
BL: `$fullPath = '/var/www/html/images/' . $imagePath;`
BUG FOUND: YES"
2417," SE: The user submitted file name is directly concatenated into the file path without proper validation or sanitization.
BL: $filePath = $uploadDir . $_GET['dir'] . '/' . $fileName;
BUG FOUND: YES

Explanation:
This code is vulnerable to a path traversal attack (CWE-22) because it directly concatenates the user submitted file name ($_FILES['profileImage']['name']) and directory name ($_GET['dir']) into the file path without proper validation or sanitization. An attacker can exploit this by providing a specially crafted file name or directory name containing "".."" or other special characters to access files outside of the intended directory. To fix this issue, you should validate and sanitize the user submitted data to ensure it only contains allowed characters and does not attempt to traverse outside of the intended directory."
5389," SE: The 'logFile' variable is directly concatenated into the file path without sanitation.
BL: `$logFilePath = '/var/log/' . $logFile;`
BUG FOUND: YES

Explanation:

The 'logFile' variable is directly concatenated into the file path string without any sanitation or validation. This could potentially lead to a path traversal vulnerability (CWE-22) if the 'logFile' variable is user-supplied or comes from an untrusted source. An attacker could exploit this by providing a specially crafted input to move out of the intended directory ('/var/log/') and access sensitive files or directories on the system.

To mitigate this vulnerability, you should validate and sanitize the 'logFile' variable to ensure it only contains allowed characters and does not contain any relative or absolute path traversal patterns (e.g., '..'). You can use functions like basename(), realpath(), or pathinfo() to sanitize the input and restrict it to the intended directory. Additionally, you should ensure proper file permissions and restrict access to sensitive directories and files."
8457," SE: N/A
BL: N/A
BUG FOUND: NO

Explanation:

The provided file content is a collection of PHP classes and functions, but none of them contain any path traversal vulnerabilities (CWE-22). The code does not construct file paths using user input or untrusted data, and there are no instances where user input is directly concatenated into a file path. Therefore, there is no risk of path traversal attacks."
5383," SE: The log file name is directly concatenated with a user-supplied input without proper sanitization, which may allow path traversal attacks.
BL: `$logFilePath = '/var/log/' . $logFile;`
BUG FOUND: YES"
8353," SE: The user input from the GET parameter 'image' is directly concatenated into the $fullPath variable without any sanitization or validation, which could potentially allow for path traversal attacks.
BL: `$fullPath = '/var/www/html/images/' . $imagePath;`
BUG FOUND: YES"
2429," SE: The '$_GET['dir']' is directly concatenated into the file path without sanitation.
BL: `$filePath = $uploadDir . $_GET['dir'] . '/' . $fileName;`
BUG FOUND: YES"
5397," SE: N/A
BL: N/A
BUG FOUND: NO

Explanation:
The provided file content does not contain any line that may contain a bug of type CWE-22 (Improper Limitation of a Pathname to a Restricted Directory (""Path Traversal"")). The code does not construct file paths using user input or untrusted data, and there are no functions that write to files using user-supplied pathnames. Therefore, the risk of path traversal attacks is minimal in this code."
5177," SE: There is no direct user input in the file content. However, the risk of a path traversal bug arises from the usage of user-provided filenames in the FileHandler class. If these filenames are not properly validated, an attacker could potentially manipulate them to access restricted files.

BL: In the FileHandler class, the `readFile`, `writeFile`, `deleteFile`, and `fileExists` methods use the `$filename` provided directly.

BUG FOUND: YES

To mitigate this risk, you should validate the `$filename` input to ensure it does not contain any special characters or path traversal patterns. You can use functions like `realpath()` to resolve symbolic links and ensure the file is within the expected directory. Additionally, you can use `basename()` to extract the filename from the full path and compare it against a whitelist of allowed filenames."
5509," SE: N/A
BL: N/A
BUG FOUND: NO

This PHP code does not contain any lines that may contain a bug of type CWE-22 (Improper Limitation of a Pathname to a Restricted Directory (""Path Traversal"")). The code defines several classes and functions, but none of them perform file operations using user-supplied input in a way that could be vulnerable to path traversal attacks."
5385," SE: The $logFilePath is constructed by concatenating a string received from user input ($_GET['logfile']) to a fixed string ('/var/log/'). This can lead to a path traversal vulnerability if the user input is not properly sanitized.
BL: `$logFilePath = '/var/log/' . $logFile;`
BUG FOUND: YES"
2493," SE: N/A
BL: N/A
BUG FOUND: NO

The provided file content is a collection of PHP classes and functions, but none of them contain any path traversal vulnerabilities (CWE-22). Path traversal vulnerabilities typically occur when user input is directly concatenated into a file path without proper sanitization, which is not the case in any of the provided code."
8425," SE: N/A
BL: N/A
BUG FOUND: NO

Explanation:
The provided file content is a collection of PHP classes and functions, but none of them contain any user input that could be used for path traversal attacks (CWE-22). Therefore, there are no bugged lines to display and no bugs of type CWE-22 were found."
5517," SE: N/A
BL: N/A
BUG FOUND: NO

The provided file content is a collection of PHP classes and functions, but none of them contain any path traversal vulnerabilities (CWE-22). The code does not construct file paths using user input or untrusted data, and there are no functions that can be used for path traversal (e.g., `include`, `require`, `fopen`, `file_get_contents`, etc.) with user input or untrusted data. Therefore, there is no risk of path traversal attacks in this code."
2231," SE: N/A
BL: N/A
BUG FOUND: NO

The provided file content does not contain any line that may contain a bug of type CWE-22 (Improper Limitation of a Pathname to a Restricted Directory (""Path Traversal"")). The code consists of various classes and functions for different purposes, but there is no usage of user-supplied input in a way that could be vulnerable to path traversal attacks."
2469," SE: There is no direct user input in the file content provided. Therefore, there is no possibility of a path traversal vulnerability (CWE-22) in this code.

BL: none

BUG FOUND: NO"
5501," SE: N/A
BL: N/A
BUG FOUND: NO

The provided file content is a collection of PHP classes and functions, but there are no instances where user input is directly concatenated into a file path or any other sensitive context where a path traversal vulnerability (CWE-22) could occur."
