file_id,model_output,type
8592," SE: The 'search' array is directly used in the where clause without proper sanitation which can lead to SQL Injection.
BL: `return $query->where($search);`
BUG FOUND: YES
```",buggy
399," SE: The SQL query uses user input directly in the query string without proper sanitation or parameterization.
BL: `$query=""select * from admin where email='$uemail' and password='$upass'"";`
BUG FOUND: YES

Although the code attempts to prevent SQL injection by using mysqli_real_escape_string, it is still vulnerable to SQL injection due to the lack of parameterization. Using prepared statements with placeholders is a more secure approach to prevent SQL injection.",not_buggy
4268," SE: The 'params[:sol]' is directly used in the SQL query without proper sanitation, which could lead to SQL Injection.
BL: `@images = Image.where(sol: params[:sol])`
BUG FOUND: YES

Explanation:
The 'params' variable in Ruby on Rails contains user-provided data, which in this case is directly used in the SQL query using the 'where' method. If the 'sol' parameter is not properly sanitized, it could lead to an SQL Injection vulnerability (CWE-89). It is recommended to use parameterized queries or AR eloquent methods to prevent this issue.",buggy
399," SE: The 'uemail' and 'upass' variables from user input are directly used in the SQL query without any sanitization, which could potentially lead to SQL Injection.
BL: `$query=""select * from admin where email='$uemail' and password='$upass'"";`
BUG FOUND: YES

Explanation:
The code is directly using the user input from the 'email' and 'password' fields in the SQL query. This practice can be dangerous as it may lead to SQL Injection attacks if the input is not properly sanitized. An attacker could exploit this by injecting malicious SQL code in the input fields. To mitigate this risk, consider using prepared statements or parameterized queries to ensure user input is properly escaped.",buggy
8592," SE: The 'search' array is directly used in the WHERE clause without any sanitization, potentially allowing for SQL injection.
BL: `return $query->where($allowed_search);`
BUG FOUND: YES

To mitigate this issue, you should use Laravel's `whereIn` method to ensure that the input values are treated as separate values and not part of a dynamic SQL query. Here's an example of how to modify the code:

```php
return $query->whereIn($allowed_search, array_values($allowed_search));
```

This will ensure that each value in the `$allowed_search` array is treated as a separate value and not part of a dynamic SQL query, thus preventing SQL injection attacks.",not_buggy
339," SE: The 'name' and 'score' values from GET request are directly used in SQL queries without any sanitation, which could potentially lead to SQL Injection.
BL: `$query = ""INSERT INTO Highscores VALUES ($id, '$name', $score)"";`, `$query = ""DELETE FROM Highscores WHERE idHighscores = $minID"";`
BUG FOUND: YES

Explanation:
The PHP code is directly using user-provided data in SQL queries. This poses a risk of SQL Injection if the data is not properly sanitized. An attacker can manipulate the GET parameters to execute malicious SQL commands. It's recommended to use prepared statements or parameterized queries to avoid such vulnerabilities.",buggy
371," SE: The 'bburl' from $vbulletin->options is directly concatenated into the SQL query without any prior sanitization.
BL: `$endpoint = ""https://api.gimmieworld.com/1/trigger.json?async=webnotify&source_uid="".$vbulletin->options['bburl'].""&event_name="" . $gimmie['gimmie_trigger_login'];`
BUG FOUND: YES

Explanation:
The 'bburl' variable from $vbulletin->options is directly concatenated into the $endpoint string, which is then used in the SQL query. If the 'bburl' value is derived from user input and not properly sanitized, it could lead to an SQL Injection vulnerability (CWE-89).",not_buggy
353," SE: The 'params[:user]' is directly used in the find_by method of the User model which can lead to an SQL injection if 'params[:user]' is not properly sanitized.
BL: @user = User.find_by(params[:user])
BUG FOUND: YES

Explanation:
The 'params[:user]' input is directly used in the find_by method of the User model without any sanitization. This can lead to an SQL injection if an attacker is able to manipulate the 'params[:user]' input. It is recommended to use parameterized queries or sanitize the input to prevent SQL injection.

Solution:
You can use parameterized queries to prevent SQL injection as shown below:

@user = User.find_by(email: params[:user][:email])

Or, you can sanitize the input using a gem like 'sanitize_sql_for_conditions' from 'active_record' as shown below:

@user = User.find_by(sanitize_sql_for_conditions([""users.email = ?"", params[:user][:email]]))",buggy
341," SE: The 'key' value from the GET request is directly used in the SQL query without any sanitization, which could potentially lead to SQL Injection.
BL: $result = mysqli_query($con,""SELECT * FROM users where secret = '$key' and authused=1"");
BUG FOUND: YES

Please note that the bug is not in the line you provided but in the line where the 'key' variable is used in the SQL query. It's important to always sanitize user inputs, especially when they are going to be used in SQL queries. You can use prepared statements or parameterized queries to mitigate this risk.",buggy
369," SE: The '$_POST['referrername']' is directly concatenated into the SQL query without any prior sanitization or parameterization, making it susceptible to SQL Injection.
BL: `$usersql = $vbulletin->db->query_read(""SELECT `userid`, `username`, `email` FROM "" . TABLE_PREFIX . ""user WHERE `username` = "" . $vbulletin->db->escape_string($_POST['referrername']));`
BUG FOUND: YES

Please note that this code is also vulnerable to Cross-Site Scripting (XSS) attacks due to the lack of input validation and output encoding. It's highly recommended to sanitize and validate user inputs and use parameterized queries or prepared statements to prevent such vulnerabilities.",not_buggy
4268," SE: The 'params[:sol]' is directly used in the SQL query which may lead to SQL Injection.
BL: `@images = Image.where(:sol => params[:sol])`
BUG FOUND: YES

Explanation:
The 'params[:sol]' value is directly used in the SQL query generated by the 'where' method. If the 'params[:sol]' value is not properly sanitized or validated, it can lead to SQL Injection vulnerabilities. An attacker can manipulate the 'params[:sol]' value to inject malicious SQL code, which can result in unauthorized access, data modification, or data extraction. To prevent SQL Injection, consider using parameterized queries or prepared statements, or validate and sanitize user inputs before using them in SQL queries.",not_buggy
8622," SE: The '$_POST['custom\_css\_code']' is directly passed to the escape method of the $DB object which may not properly neutralize special elements used in an SQL command.
BL: `$_POST['custom_css_code'] = $DB->escape($_UPOST['custom_css_code']);`
BUG FOUND: YES

Note: The variable name in the code is inconsistent, it's using $_POST instead of $_UPOST in the line identified as a potential bug. It should be either $_POST['custom\_css\_code'] = $DB->escape($_POST['custom\_css\_code']); or $_POST['custom\_css\_code'] = $DB->escape($_UPOST['custom\_css\_code']); to avoid any confusion.",not_buggy
369," SE: The '$_POST['referrername']' is directly concatenated into the SQL query without proper sanitation, which could potentially lead to SQL Injection.
BL: `$usersql = $vbulletin->db->query_read(""SELECT `userid`, `username`, `email` FROM "" . TABLE_PREFIX . ""user WHERE `username` = '"" . $_POST['referrername'] . ""'"");`
BUG FOUND: YES

Please note that the issue exists because user input is being used in the SQL query without any sanitization. It's recommended to use prepared statements or parameterized queries to prevent SQL Injection attacks.",buggy
336," SE: The 'sort' and 'direction' variables are directly concatenated into the SQL query without proper sanitation, which could lead to SQL Injection.
BL: `$sql = ""select * from sample order by \""{$sort}\"" {$direction}""`;
BUG FOUND: YES
</pre>",buggy
353," SE: The 'params[:user][:email]' is directly used in the find method of User which can lead to an SQL injection if the input is not properly sanitized.
BL: `@user = User.find_by(email: params[:user][:email])`
BUG FOUND: YES

Please note that even though the Rails framework does automatic sanitization on some methods, it's always a good practice to use parameterized queries or use ActiveRecord methods that are not prone to SQL injection. In this case, you can use `where` method which is safe from SQL injection:

`@user = User.where(email: params[:user][:email]).first`",not_buggy
339," SE: The 'name' from user input is directly used in the SQL query without proper sanitization, which could lead to SQL Injection.
BL: $name = $_POST[""name""]; (this line does not contain the bug but it's the source of the data that could contain a bug)
$query = ""INSERT INTO Highscores Values (?, ?, ?)""; (this line is where the query is prepared properly, but it uses the unsafe $name variable)
mysqli_stmt_bind_param($query, 'isi', $id, $name, $score); (this line binds the $name variable to the query)

BUG FOUND: YES
Explanation:
The input from the user, $name, is directly used in the SQL query without any sanitization or secure handling. This makes the code vulnerable to SQL Injection attacks. Even though the code uses prepared statements, the parameters are still being constructed from unsafe user input. The issue lies in the line mysqli_stmt_bind_param($query, 'isi', $id, $name, $score); where the unsafe $name variable is being bound to the query.",not_buggy
314," SE: The '{$current}' is directly concatenated into SQL command without proper sanitation or parameterization, making it susceptible to SQL Injection.
BL: `if ( !$this->_db->select( $sql, $users, $current ) )`
BUG FOUND: YES",not_buggy
367, SE: The ',not_buggy
337," SE: The 'login' and 'login\_password' variables from user input are directly used in an SQL query without any sanitation or parameterization.
BL: `$result=$pwd->check(""adminuser"",$login,$password,$CRYPT);`
BUG FOUND: YES",buggy
371," SE: The 'userid' from the URL query is directly used in an SQL query without any sanitation, which could potentially lead to SQL Injection.
BL: `$usersql = $vbulletin->db->query_read(""SELECT `userid`, `username`, `email` FROM "" . TABLE_PREFIX . ""user WHERE `userid` = '"" . $vbulletin->userinfo['userid'] . ""'"");`
BUG FOUND: YES

Please note that this is a potential SQL injection vulnerability. The code is directly using an input value in the SQL query without any sanitization, which can lead to SQL injection attacks. It is recommended to use prepared statements or parameterized queries to ensure the safety of your application.",buggy
316," SE: The $userId variable is directly inserted into the SQL query, making it vulnerable to SQL injection.
BL: `$query = ' SELECT html_content.* ' ... "" AND htmlcontent_users.user_id = $1 "";`
BUG FOUND: YES

SE: The $name variable is directly inserted into the SQL query, making it vulnerable to SQL injection.
BL: `return self::getForQueryString(""SELECT * FROM \""DevNewsAggregatorConfiguration_htmlcontent\"" WHERE name = $1"", array($name));`
BUG FOUND: YES",not_buggy
8622," SE: The 'custom\_css\_code' from user input is directly used in the SQL query without any sanitation, which could lead to SQL Injection.
BL: `if (array_key_exists('custom_css_code', $_POST)) { $_POST['custom_css_code'] = $_UPOST['custom_css_code']; }`
BUG FOUND: YES

Explanation:
The code is checking if 'custom\_css\_code' exists in the $_POST array and then assigns it to another variable. However, it doesn't sanitize the user input before using it in the SQL query. This could allow an attacker to inject malicious SQL code and manipulate the database.",buggy
8643," SE: The 'id' and 'action' values from user input are directly used in SQL queries without proper sanitation.
BL: `$id = isset($_POST['id']) && is_numeric($_POST['id']) ? (int)$_POST['id'] : null;`
 `$action = $id > 0 && isset($_POST['action']) ? $_POST['action'] : null;`
 `$plugin->install($id);` (and similar lines)
BUG FOUND: YES

Although the code checks if the 'id' is numeric and casts it to integer, this does not fully prevent SQL injection as the input could still manipulate the SQL query structure. It is recommended to use prepared statements or parameterized queries to ensure proper sanitation.",not_buggy
341," SE: The 'key' from user input is directly used in SQL query without proper sanitation.
BL: `$result = mysqli_query($con,""SELECT * FROM users where secret = '$key' and authused=1"");`
BUG FOUND: YES

Explanation:
The code is taking user input from the 'key' parameter and using it directly in the SQL query. This practice is prone to SQL Injection attacks (CWE-89). An attacker can manipulate the 'key' value to inject malicious SQL code, which can lead to unauthorized access, data modification, or data extraction. To fix this issue, use prepared statements or parameterized queries to ensure the safe handling of user input in SQL queries.",not_buggy
331," SE: The 'msg.body' is directly used in the SQL query without proper sanitation, potentially allowing SQL injection.
BL: `cursor.execute(query,(cidade,estado))` in the `dbLookup` function.
BUG FOUND: YES
</details>",not_buggy
356," SE: The 'username' and 'password' from user input are directly used in SQL query construction without proper sanitation.
BL: `conn.query(""INSERT INTO user (username, password) VALUES ('""+username+""', '""+password+""')"", function (err, result) {`
BUG FOUND: YES

Explanation:
The user input 'username' and 'password' are directly used in the SQL query string. If these inputs are not properly sanitized, it can lead to SQL Injection (CWE-89) vulnerabilities. An attacker can exploit this by injecting malicious SQL code through these inputs, which can lead to unauthorized access, data manipulation, or data leakage. In this case, it is recommended to use parameterized queries or prepared statements to ensure the safe handling of user input in SQL queries.",not_buggy
404," SE: The '$_SESSION['glpisavedsearches_pinned']' is directly used in an SQL query without proper sanitation or parameterization.
BL: `$success = $user->update([... 'savedsearches_pinned' => $_SESSION['glpisavedsearches_pinned'], ...]);`
BUG FOUND: YES

This code is vulnerable to SQL Injection (CWE-89) because the '$_SESSION['glpisavedsearches_pinned']' variable is directly used in the SQL query. An attacker can potentially manipulate the data and execute malicious SQL commands. To fix this issue, you should use prepared statements or parameterized queries to ensure the safe handling of user input.",not_buggy
314," SE: The 'current' variable, which appears to be coming from an external source, is directly used in the SQL query without any sanitation.
BL: `return $this->_db->select( $sql, $users, $current );` in the `_Load_Users` function.
BUG FOUND: YES. Although the risk depends on how the `$this->_db->select` method is implemented and whether it properly handles neutralizing special elements in SQL commands, the current code structure has the potential to be vulnerable to SQL Injection (CWE-89).",buggy
345," SE: The 'symbol', 'startDate', and 'endDate' variables from user input are directly used in the SQL query without any sanitation or parameterization, making it susceptible to SQL Injection.
BL: `$query = ""select date, EOD, MA20, MA50, delta, deltaMA5, deltaMA10, deltaMA20, P0, P1, P2, M1, M2, M3 from $symbol where date >= $startDate and date <= $endDate order by date DESC"";`
BUG FOUND: YES

SE: The 'task', 'symbol', 'startDate', and 'endDate' variables from user input are directly used in the SQL query without any sanitation or parameterization, making it susceptible to SQL Injection.
BL: `$query = ""select symbol, name from _symbols ORDER by symbol ASC"";`
BUG FOUND: YES",buggy
365," SE: The 'id' from GET request is directly used in the SQL query without proper sanitation.
BL: `mysql_query(""DELETE FROM contract_signer_role WHERE id="".$_GET['id']);`
BUG FOUND: YES

SE: The 'data' array which may contain user input is directly used in the SQL query without proper sanitation.
BL: `mysql_query($q) or wf_mysqldie();` in the foreach loop.
BUG FOUND: YES",buggy
8643," SE: The 'action' and 'id' parameters from the POST request are directly used in a method call without any prior checks or sanitization.
BL: `call_user_func([$plugin, $_POST['action']], $_POST['id']);`
BUG FOUND: YES

Explanation:
This code is potentially vulnerable to SQL Injection as it uses user-supplied data ('action' and 'id' parameters from the POST request) directly in a method call without proper sanitization. Although this might not lead to an immediate SQL injection vulnerability in the provided code snippet, it could still pose a risk if the called method further uses this data in SQL queries or other sensitive operations. It is recommended to always sanitize or validate user inputs, especially when using them in dynamic method calls or SQL queries.",buggy
336," SE: The 'sort' variable, which is derived from the user input, is directly used in the SQL query without any sanitization or parameterization.
BL: `$sort = $app['db']->quoteIdentifier($request->get('sort', 'id')); $sql = ""select * from sample order by {$sort} {$direction}"";`
BUG FOUND: YES

Explanation:
The code takes the 'sort' parameter from the user request and uses it directly in the SQL query. This practice is vulnerable to SQL injection attacks because an attacker can manipulate the 'sort' parameter to inject malicious SQL code. To mitigate this risk, it is recommended to use prepared statements or parameterized queries to ensure that user input is always treated as literal data, not part of the SQL command.",not_buggy
404," SE: The '$_POST['itemtype']' and 'Session::getLoginUserID()' are directly used in the SQL query without proper sanitation.
BL: `$success = $user->update( [...], ['id' => Session::getLoginUserID(), 'savedsearches_pinned' => $_SESSION['glpisavedsearches_pinned']] );`
BUG FOUND: YES

Note: Although the GLPI framework might have some protection mechanisms, directly inserting user input into SQL queries can still be a potential security risk. It's recommended to use prepared statements or parameterized queries to ensure proper neutralization of special elements in SQL commands.",buggy
366," SE: The '$_GET' and '$_POST' variables are directly used in SQL queries without proper sanitation, which could lead to SQL Injection.
BL: `mysql_query(""DELETE FROM webfinance_pref WHERE id_pref="".$_GET['id']);`, `mysql_query($q) or wf_mysqldie();`
BUG FOUND: YES

Explanation:
The code is directly using user input from GET and POST requests in SQL queries. This leaves the application vulnerable to SQL Injection attacks. An attacker can manipulate the input to modify the SQL query, leading to unauthorized actions or data leaks. To prevent this, always sanitize user inputs or use prepared statements.",buggy
311," SE: The '$_SERVER[""QUERY_STRING""]' value is directly used in an SQL query without proper sanitation.
BL: `$query = sprintf(""SELECT id, redirect_to FROM short_links WHERE short_link = '%s' ORDER BY id DESC LIMIT 1"", $mysqli->real_escape_string($_SERVER[""QUERY_STRING""]));`
BUG FOUND: YES

Explanation:
Although the code uses the 'real_escape_string' function to sanitize the input, it is still potentially vulnerable to SQL injection. This is because 'real_escape_string' is not a foolproof method to prevent SQL injection. It is recommended to use prepared statements or parameterized queries instead, which can provide better protection against SQL injection attacks.",buggy
311," SE: The '$_SERVER[""QUERY_STRING""]' is used in forming the SQL query without proper sanitation.
BL: `$query = sprintf(""SELECT id, redirect_to FROM short_links WHERE short_link = '%s' ORDER BY id DESC LIMIT 1"", $mysqli->real_escape_string($_SERVER[""QUERY_STRING""]));`
BUG FOUND: YES

Explanation:
Although the code uses the $mysqli->real_escape_string() function to escape special characters in the query string, it is still potentially vulnerable to SQL injection. This is because the function only escapes certain characters and doesn't guarantee complete protection against SQL injection attacks. A better approach would be to use prepared statements and parameterized queries to ensure the security of the SQL query.",not_buggy
365," SE: The 'id' from GET request is directly used in the SQL query without proper sanitation.
BL: `mysql_query(""DELETE FROM contract_signer_role WHERE id="".$_GET['id']);`
BUG FOUND: YES

SE: The 'n' and 'v' from POST request are directly used in the SQL query without proper sanitation.
BL: `$q = ""INSERT INTO contract_signer_role "".$f.$values;` and `mysql_query($q) or wf_mysqldie();`
BUG FOUND: YES

Note: The `mysql_real_escape_string` function is used in some places, but it is not sufficient to prevent SQL injection when used in this manner. Prepared statements with placeholders should be used instead to ensure the safety of the SQL queries.",not_buggy
356," SE: The 'username' and 'password' from user input are directly concatenated into the SQL query without any sanitation or parameterization, making it vulnerable to SQL Injection.
BL: `conn.query(""INSERT INTO user (username, password) VALUES ('""+username+""', '""+password+""')"", function (err, result) {...}`
BUG FOUND: YES
</body>

The code is vulnerable to SQL Injection attacks because it directly concatenates user input (i.e., 'username' and 'password') into the SQL query. To fix this issue, use parameterized queries or prepared statements instead of building the query using string concatenation. Here's an example of how to use parameterized queries with the 'mysql' library:

```javascript
conn.query(""INSERT INTO user (username, password) VALUES (?, ?)"", [username, password], function (err, result) {...}
```

Using parameterized queries will ensure that user input is properly escaped, preventing SQL Injection attacks.",buggy
319," SE: The 'where' variable, which appears to be user-provided, is directly inserted into the SQL query through the UNHEX function without any sanitation or parameterization.
BL: `$whereCondition = 'WHERE ' . (is_numeric($where) ? 'id=UNHEX(:where)' : 'naam=UNHEX(:where)');`
BUG FOUND: YES

Explanation:
The 'where' variable is constructed based on user input, and then directly used in the SQL query using the UNHEX function. This bypasses the prepared statement's parameter binding and can lead to SQL injection if the input is not properly sanitized. In this case, the is_numeric check does not provide adequate protection as it does not account for potential malicious input that can bypass this condition. To mitigate this vulnerability, it is recommended to use prepared statements with parameter binding throughout the code.",not_buggy
316," SE: The 'userId' is directly inserted into the SQL query as a string, which could lead to SQL injection if 'userId' is user-provided and not properly sanitized.
BL: `$query = ' SELECT html_content.* ' . ' FROM ""DevNewsAggregatorConfiguration_htmlcontent"" html_content ' . ' INNER JOIN ""DevNewsAggregatorConfiguration_htmlcontent_users"" htmlcontent_users ' . ' ON html_content.id = htmlcontent_users.htmlcontent_id ' . ' WHERE html_content.enabled = true ' . "" AND htmlcontent_users.user_id = $1 "";`
BUG FOUND: YES

Even though the code uses prepared statements with parameter placeholders, the actual parameter values are still being appended directly to the SQL query string in the 'getByName' method. This can potentially lead to SQL injection if the 'name' variable is derived from user input and not properly sanitized.

SE: The 'name' variable is directly inserted into the SQL query as a string, which could lead to SQL injection if 'name' is user-provided and not properly sanitized.
BL: `return self::getForQueryString(""SELECT * FROM \""DevNewsAggregatorConfiguration_htmlcontent\"" WHERE name = $name"");`
BUG FOUND: YES",buggy
345," SE: The '$_GET' variables are directly inserted into the SQL query without any sanitation or parameterization, making it susceptible to SQL Injection.
BL: `$query = ""select date, EOD, MA20, MA50, delta, deltaMA5, deltaMA10, deltaMA20, P0, P1, P2, M1, M2, M3 from $pdo->quote($symbol) where date between $pdo->quote($startDate) and $pdo->quote($endDate) order by date DESC"";`
BUG FOUND: YES

SE: The '$_GET' variable is directly inserted into the SQL query without any sanitation or parameterization, making it susceptible to SQL Injection.
BL: `$query = ""select symbol, name from _symbols ORDER by symbol ASC"";` (in this case, the vulnerability is present but not directly visible in the provided line, as the issue lies in the function call that constructs the query)
BUG FOUND: YES",not_buggy
396," SE: The 'user' input from HTTP variables is directly concatenated into the SQL filter without proper sanitation.
BL: `$filter[2] = ""(owner = "" . pg_escape_string($user) . "")"";` and `$filter[2] = ""(owner = "" . pg_escape_string($user) . "" or gui_sysrss = 'yes')"";`
BUG FOUND: YES

Although pg_escape_string is used, it is still a potential security risk as it may not sufficiently protect against SQL injection if the input is not properly sanitized beforehand. It's recommended to use prepared statements or parameterized queries to avoid SQL injection vulnerabilities.",buggy
396," SE: The 'str' variable is directly concatenated into the SQL query using pg_escape_literal, but it might not sufficiently protect against SQL injection if the input is not properly validated beforehand.
BL: `$filter[0] = ""(title ~* "" . pg_escape_literal($str) . "")"";`
BUG FOUND: YES

Although pg_escape_literal helps prevent SQL injection, it's still recommended to use prepared statements or parameterized queries to ensure the safety of the SQL query. The current implementation might be vulnerable if the 'str' variable contains malicious SQL code and pg_escape_literal fails to handle it properly.",not_buggy
373," SE: The 'value' from 'createTag' function is directly concatenated into the SQL query without sanitation, which could lead to SQL Injection.
BL: `long insertId = db.insert(MySQLiteHelper.TABLE_TAGS, null, values);` in the createTag function.
BUG FOUND: YES

Note: The 'values' object is constructed with user input, and then directly used in the SQL query. This could potentially lead to SQL Injection if the user input is not properly sanitized. It would be safer to use parameterized queries or input validation to prevent this.",buggy
331," SE: The 'msg.body' is directly used in the SQL query without proper sanitation, which could lead to SQL Injection.
BL: `query = 'SELECT id FROM paises WHERE nome == ""%s""' % (msg.body)` and `query = 'SELECT estados.id FROM municipios JOIN estados ON municipios.estados_id == estados.id WHERE municipios.nome == ""%s"" AND estados.uf == ""%s"";' % (cidade, estado)`
BUG FOUND: YES
Explanation:
In the 'dbLookup' function, the 'msg.body' and 'cidade' variables are directly used in the SQL query without any sanitation or parameterization. This can lead to SQL Injection if the input is not properly controlled. An attacker can exploit this by injecting malicious SQL code into the input, which can result in unauthorized access, data modification, or data extraction from the database. To fix this issue, consider using parameterized queries or prepared statements instead of directly concatenating user input into the SQL query.",buggy
326," SE: The 'last_name' input is directly concatenated into the SQL query without proper escaping.
BL: `people = Person.where(""last_name LIKE '%#{last_name}%'"")`
BUG FOUND: YES

Additionally, the 'email' input in the search_email function also follows the same pattern and is vulnerable to SQL injection.

SE: The 'email' input is directly concatenated into the SQL query without proper escaping.
BL: `emails = Email.where(""email LIKE '%#{email}%'"")`
BUG FOUND: YES",not_buggy
8546," SE: The 'statement' variable is directly used in the SQL command without proper sanitation, which may lead to SQL Injection.
BL: `$this->statement = substr(str_replace(""'"", """", $statement),0,1000).""n""` in the `audit` function and `$sql .= self::getSqlSearchFromPost()` in the `getTotal` function.
BUG FOUND: YES

Explanation:
The 'statement' variable and the SQL commands generated from the POST data in the `getTotal` and `getAll` functions are directly used in the SQL commands without any sanitation. This can lead to SQL Injection if an attacker is able to manipulate the 'statement' variable or the POST data. To prevent SQL Injection, consider using prepared statements or parameterized queries.",not_buggy
8539," SE: The 'cycle' value from user input is directly concatenated into the SQL query without proper sanitization, which could potentially lead to SQL Injection.
BL: $query = ""SELECT `id`, `name` FROM `glpi_crontasks` WHERE `state` = '"".Crontask::STATE\_RUNNING.""' AND unix\_timestamp(`lastrun`) + $cycle \* `frequency` < unix\_timestamp(now())"";
BUG FOUND: YES.

To mitigate this issue, consider using prepared statements or parameterized queries to ensure user input is properly sanitized before being included in the SQL query.",not_buggy
373," SE: The 'value' from 'createTag' function is directly used in an SQL query through ContentValues without any sanitation, potentially leading to SQL Injection.
BL: `long insertId = db.insert(MySQLiteHelper.TABLE_TAGS, null, values);` in the 'createTag' function.
BUG FOUND: YES

Explanation:
The 'value' input from the 'createTag' function is directly used in the SQL query through ContentValues. If the 'value' input is not properly sanitized, it can lead to SQL Injection attacks. To prevent this, consider using parameterized queries or prepared statements to ensure that user input is always separated from the SQL command structure.",not_buggy
367," SE: The '$_GET['id']' and '$_GET['action']' are directly used in SQL queries without any sanitation, which could potentially lead to SQL Injection.
BL: `mysql_query(""DELETE FROM webfinance_roles WHERE id_role="".$_GET['id']);` and `if ($_GET['action'] == ""delete"") {`.
BUG FOUND: YES

SE: The '$_POST' variables are directly used in SQL queries without any sanitation, which could potentially lead to SQL Injection.
BL: `mysql_query($q) or wf_mysqldie();`
BUG FOUND: YES",buggy
350," SE: The 'new' parameter is directly used in the SQL query without proper sanitization, making it susceptible to SQL Injection.
BL: `$results = $this->db->prepare(""SELECT * FROM `mirna` WHERE Name = ?"");`
	`$results->bindParam(1,$new);`
BUG FOUND: YES

Explanation:
The 'new' parameter in the select_single_rna function's SQL query is directly bound using bindParam, which doesn't ensure proper sanitization against SQL injection. Although prepared statements are used, the parameters should be properly sanitized or used with bound parameters that ensure type checking and escaping. In this case, the 'new' parameter is a string and should be passed using PDO::PARAM_STR along with bindParam to ensure proper sanitization.",not_buggy
350," SE: The 'new' parameter is directly used in the SQL query without any sanitization, which could lead to SQL Injection.
BL: `$results = $this->db->query(""SELECT * FROM `mirna` WHERE Name = '$new'"");`
BUG FOUND: YES

SE: The 'name' parameter is directly used in the SQL query without any sanitization, which could lead to SQL Injection.
BL: `$total = $this->db->query(""SELECT count(*) FROM mirna WHERE Name LIKE '%$name%'"");`
BUG FOUND: YES

SE: The 'name' parameter is directly used in the SQL query without any sanitization, which could lead to SQL Injection.
BL: `$results = $this->db->query(""SELECT * FROM mirna WHERE Name LIKE '%$name%' ORDER BY databaseid ASC LIMIT $records_perpage OFFSET $c_p"");`
BUG FOUND: YES",buggy
8610," SE: The user input from $_GET[""Name""] and $_GET[""Mail""] are directly concatenated into the SQL query without any sanitization, which could potentially lead to SQL Injection.
BL: $sql = ""SELECT * FROM User WHERE Username='"".$_GET[""Name""].""';""; and $sql = ""SELECT * FROM User WHERE Mail='"".$_GET[""Mail""].""';"";
BUG FOUND: YES.

To mitigate this risk, consider using prepared statements or parameterized queries to ensure that user input is always treated as literal data, not part of the SQL command. This can help prevent SQL Injection attacks.",buggy
377," SE: The user input from $_GET[""user""] and $_GET[""password""] are directly concatenated into the SQL query without proper sanitation.
BL: $query = ""SELECT `password` FROM `admin_users` WHERE `name` = '"".$my->real_escape_string($_GET[""user""]).""';"";
$query = ""INSERT INTO `ibis_server-php`.`admin_users` (`id`, `name`, `password`, `created`) VALUES (NULL, '"".$my->real_escape_string($_GET[""user""]).""', '"".$pw.""', CURRENT_TIMESTAMP);"";
BUG FOUND: YES.

However, it is important to note that the code does use $my->real_escape_string() which provides some protection against SQL injection. However, it's generally recommended to use prepared statements with bound parameters to completely prevent SQL injection.",not_buggy
370," SE: The '{$vbulletin->options['bburl']}' and '{$gimmie['gimmie_trigger_perthreadratingreceived']}' are directly concatenated into the SQL query without proper sanitation.
BL: `$endpoint = ""https://api.gimmieworld.com/1/trigger.json?async=webnotify&source_uid="".$vbulletin->options['bburl'].""&event_name="" . $gimmie['gimmie_trigger_perthreadratingreceived'];`
BUG FOUND: YES
Explanation:
The input values '{$vbulletin->options['bburl']}' and '{$gimmie['gimmie_trigger_perthreadratingreceived']}' are directly used in the SQL query without any sanitation, which could potentially lead to an SQL Injection if these values are derived from user input. To prevent SQL Injection, it is recommended to use prepared statements or parameterized queries.",not_buggy
326," SE: The 'gets.chomp' input is directly used in the SQL query without proper sanitization, making it susceptible to SQL Injection.
BL: `people = Person.where(""first_name LIKE '%#{first_name}%'"")`, similar issue in `search_last_name` method.
BUG FOUND: YES

Explanation:
The 'gets.chomp' method reads user input from the console and returns it as a string. In the 'search_first_name' and 'search_last_name' methods, this user input is directly used in the SQL query without any sanitization, making the code vulnerable to SQL Injection attacks (CWE-89). An attacker can exploit this by injecting malicious SQL code in the input, which can lead to unauthorized access, data leaks, or data modification. To fix this issue, consider using parameterized queries or ActiveRecord's built-in sanitization methods.",buggy
8539," SE: The SQL query uses string interpolation to construct the query, which can lead to SQL injection if the 'cycle' or 'only\_tasks' parameters are not properly sanitized.
BL: `$query = ""SELECT \`id\`, \`name\` FROM \`glpi_crontasks\` WHERE \`state\` = '"".Crontask::STATE_RUNNING.""' AND unix_timestamp(`lastrun`) + $cycle * \`frequency` < unix_timestamp(now())"";`
BUG FOUND: YES. However, it is important to note that the 'Crontask::STATE_RUNNING' constant might be a safe, predefined value that cannot be manipulated by users, and the 'cycle' variable might be properly sanitized or validated elsewhere in the code. Without further context or information about these variables, it is difficult to definitively say if this is a security vulnerability. It is recommended to use prepared statements or parameterized queries to construct SQL queries in a safer manner.",buggy
348," SE: The 'sql' variable, which appears to contain user-provided data, is directly used in an SQL query without any sanitation or parameterization.
BL: `$sql = 'SELECT '; ... return $this->query($sql);` in the `select` function.
BUG FOUND: YES.
</s>

While the `sqlInjectionPrevent` function exists to prevent SQL injection, it is not being used consistently in all functions that construct SQL queries using user-provided data. In the `select` function, the `$sql` variable is constructed by directly concatenating user-provided data from the `$columns` and `$where` parameters, which could potentially result in SQL injection if those parameters are not properly sanitized. To fix this issue, the `sqlInjectionPrevent` function should be used consistently in all functions that construct SQL queries using user-provided data. Additionally, using prepared statements and parameterized queries would provide an even more secure approach to preventing SQL injection.",not_buggy
8607," SE: The user input from $_POST[""U""], $_POST[""M""], and $_POST[""P""] are directly used in the SQL query without proper sanitation.
BL: $sql = 'INSERT INTO User (Username, Mail, Password, Type) VALUES ('.""'"".$_POST[""U""].""'"".','.""'"".$_POST[""M""].""'"".','.""'"".password_hash($_POST[""P""],PASSWORD_DEFAULT).""'"".',0);';
BUG FOUND: YES
Explanation:
An attacker can exploit this by injecting malicious SQL code into the user inputs, which can lead to unauthorized access, data leaks, or server damage. To prevent SQL injection attacks, always sanitize user inputs and use prepared statements or parameterized queries when constructing SQL queries.",buggy
348," SE: The 'values' array can contain user input which is directly concatenated into the SQL query without proper sanitation.
BL: `if(is_string($value)) $arrValues[] = "" '$value' ""; else $arrValues[] = ""$value"";` in the `insert` function.
BUG FOUND: YES.

Additionally, the 'where' function also directly concatenates user input into the SQL query, which can lead to SQL injection.

SE: The 'where' function concatenates user input directly into the SQL query without proper sanitation.
BL: `$arrTempWhere[] = '' . $key . "" = '"" . $value . ""'"";` in the 'where' function.
BUG FOUND: YES.",buggy
377," SE: The user input from $_GET[""user""] and $_GET[""password""] are directly concatenated into the SQL query without proper sanitation.
BL: $query = ""SELECT `password` FROM `admin_users` WHERE `name` = '"".$_GET[""user""].""';"";
$query = ""INSERT INTO `ibis_server-php`.`admin_users` (`id`, `name`, `password`, `created`) VALUES (NULL, '"".$my->real_escape_string($_GET[""user""]).""', '"".$pw.""', CURRENT_TIMESTAMP);"";
BUG FOUND: YES

Although the code uses $my->real_escape_string() for $_GET[""password""] in the second query, it is still at risk because the password_verify() function should be used instead of directly comparing the hashed password in the SQL query.",buggy
8621," SE: The 'username' input is directly concatenated into the SQL query without proper sanitation, which could potentially lead to SQL Injection.
BL: `$where .= "" and username like '%{$username}%' "";`
BUG FOUND: YES

Explanation:

The code is using user input ($username) directly in the SQL query. This can be dangerous as it may allow an attacker to inject malicious SQL code. In this specific case, the attacker could manipulate the 'username' parameter to modify the query, for example, by adding additional conditions or even deleting data. The \SQLite3::escapeString() function used earlier in the code is not sufficient to prevent SQL injection, as it only escapes single quotes and does not take into account other types of SQL injection attacks. To prevent SQL injection, it is recommended to use prepared statements or parameterized queries.",buggy
310," SE: The 'email' input from the user is directly concatenated into the SQL query without proper sanitation, which could lead to SQL Injection.
BL: `connection.query(""select * from users where email = '"" + email + ""'"", function (err, rows) {`
BUG FOUND: YES

SE: The 'email' input from the user is directly concatenated into the SQL query without proper sanitation, which could lead to SQL Injection.
BL: `connection.query(""SELECT * FROM `users` WHERE `email` = '"" + email + ""'"", function (err, rows) {`
BUG FOUND: YES",buggy
310," SE: The 'email' is directly concatenated into the SQL query without proper sanitation, potentially allowing for SQL Injection.
BL: `connection.query(""select * from users where email = ?"" + [email], function (err, rows) {`
BUG FOUND: YES

SE: The 'email' is directly concatenated into the SQL query without proper sanitation, potentially allowing for SQL Injection.
BL: `connection.query(""SELECT * FROM `users` WHERE `email` = ?"", [email], function (err, rows) {`
BUG FOUND: YES",not_buggy
370," SE: User ID is directly used in SQL query which may come from user input.
BL: `$my_player_uid = $vbulletin->userinfo['email'];` (although it's not directly shown here, but this value is used in SQL queries later)
BUG FOUND: YES

SE: A forum ID is directly used in SQL query which may come from user input through $threadinfo array.
BL: `if (in_array($threadinfo[forumid], $forumarray) || $vbulletin->options['gimmie_trigger_specificforum'] == """")`
BUG FOUND: YES

SE: Thread ID is directly used in SQL query which may come from user input through $_POST superglobal.
BL: `$threadsql = $vbulletin->db->query_read(""SELECT * FROM "" . TABLE_PREFIX . ""thread WHERE `threadid` = '"" . $_POST['t'] . ""'"");`
BUG FOUND: YES

SE: Username is directly used in SQL query which may come from user input through $thread array.
BL: `$usersql = $vbulletin->db->query_read(""SELECT `userid`, `username`, `email` FROM "" . TABLE_PREFIX . ""user WHERE `username` = '"" . $thread['postusername'] . ""'"");`
BUG FOUND: YES",buggy
8607," SE: The '$_POST[""U""]', '$_POST[""M""]', and '$_POST[""P""]' are directly used in an SQL query without proper sanitation.
BL: `$sql = 'INSERT INTO User (Username, Mail, Password, Type) VALUES ('.""'"".mysqli::real_escape_string($_POST[""U""]).""'"".','.""'"".mysqli::real_escape_string($_POST[""M""]).""'"".','.""'"".password_hash(mysqli::real_escape_string($_POST[""P""]),PASSWORD_DEFAULT).""'"".','.$USOC[""userRights""][""AfterRegistration""].');';`
BUG FOUND: YES

However, it is important to note that the code does use the mysqli::real_escape_string function, which is a form of sanitation. However, it is generally recommended to use prepared statements with bound parameters to prevent SQL injection, as it is more robust and easier to use correctly. The use of mysqli::real_escape_string in this code may still be vulnerable to certain types of SQL injection if the input is not properly sanitized elsewhere.",not_buggy
8610," SE: The user input from $_GET[""Name""], $_GET[""Mail""], and $_GET[""Id""] is directly concatenated into SQL queries without proper sanitation.
BL: 
1. $sql = ""SELECT * FROM User WHERE Username='"".mysqli::real_escape_string($_GET[""Name""]).""';"";
2. $sql = ""SELECT * FROM User WHERE Mail='"".mysqli::real_escape_string($_GET[""Mail""]).""';"";
3. $sql = ""SELECT * FROM User WHERE Id='"".mysqli::real_escape_string($_GET[""Id""]).""';"";
BUG FOUND: YES

Explanation:
Although the code uses mysqli::real_escape_string() to escape special characters in the input, it is still vulnerable to SQL injection due to the lack of prepared statements or parameterized queries. The real_escape_string function can be bypassed using specific techniques, allowing an attacker to inject malicious SQL code. Prepared statements or parameterized queries should be used instead to ensure proper sanitation and protection against SQL injection.",not_buggy
362," SE: The 'sid' and 'iid' values from the GET request are directly used in the SQL queries without any sanitation.
BL: In class `UserAction`, line `$result = $this->db_query(""SELECT session_id FROM $DB[sessions] WHERE session_id='$this->sid' AND ADDTIME(last_activity, '06:00:00:00')>NOW() LIMIT 1"");`
BL: In class `ItemAction`, line `$result=$this->db_query(""SELECT sessions.user_id FROM $DB[sessions], $DB[items] WHERE sessions.user_id=items.user_id AND item_id=$this->iid AND session_id='$this->sid' LIMIT 1"");`
BUG FOUND: YES.

Explanation: SQL Injection can occur if user inputs are directly used in SQL queries, as it might allow an attacker to manipulate the SQL commands. In this case, the 'sid' and 'iid' values from the GET request are used in SQL queries directly, which could potentially lead to SQL Injection if these values are not properly sanitized.",buggy
4626," SE: The 'q' value from request.GET is directly used in the SQL query without proper sanitation, which could lead to SQL Injection.
BL: `cursor.execute(""SELECT id,title,artist,cover FROM recordstoreapp_record WHERE title like %s or artist like %s or label like %s or cat_no like %s;"", [q,q,q,q])`
BUG FOUND: YES
",not_buggy
8621," SE: The 'username' input is directly concatenated into the SQL query without proper sanitation, which could potentially lead to SQL Injection.
BL: `$where .= "" and username like '%{$username}%' "";`
BUG FOUND: YES

Explanation:
The code uses the user-provided 'username' input directly in the SQL query using the 'like' keyword. This poses a risk of SQL Injection as the input is not properly sanitized before being used in the query. An attacker could exploit this by injecting malicious SQL code in the 'username' input. In this specific case, the risk might be lower due to the use of the SQLite3::escapeString function earlier in the code, but it's still a good practice to use prepared statements or parameterized queries to avoid SQL Injection vulnerabilities.",not_buggy
362," SE: The `$this->sid` and `$this->iid` are directly concatenated into the SQL query without proper sanitation, making it susceptible to SQL Injection.
BL: In class `UserAction`, line `$result = $this->db_query(""SELECT session_id FROM $DB[sessions] WHERE session_id='$this->sid' AND ADDTIME(last_activity, '06:00:00:00')>NOW() LIMIT 1"");`
In class `ItemAction`, line `$result=$this->db_query(""SELECT sessions.user_id FROM $DB[sessions], $DB[items] WHERE sessions.user_id=items.user_id AND item_id=$this->iid AND session_id='$this->sid' LIMIT 1"");`
BUG FOUND: YES.",not_buggy
4080," SE: The 'input' variable is used in a SQL query without proper sanitation.
BL: `scope = scope.joins( ""(LEFT OUTER JOIN #{attr_table_name} AS #{table_name} ON #{table_name}.work_id = #{work_table_name}.id AND #{table_name}.key = \""#{key}\"")"" )`
BUG FOUND: YES
Explanation:
The 'input' variable, which is not shown in the provided code, is used to construct the SQL query by concatenating it directly into the query string. This can lead to SQL Injection if the 'input' variable is derived from user input or any untrusted source. It's recommended to use parameterized queries or prepared statements to avoid SQL Injection vulnerabilities.",not_buggy
329," SE: The 'vars[""num""]' from the mux.Vars is directly used in the SQL query without any sanitation, which could potentially lead to SQL Injection.
BL: `query := fmt.Sprintf(`SELECT json_agg(r) FROM (select EXTRACT(epoch FROM day) as day, up_count, down_count, finished_count from trello.dailytallies order by day DESC limit %s) r;`, vars[""num""])`
BUG FOUND: YES

SE: The 'vars[""num""]' from the mux.Vars is directly used in the SQL query without any sanitation, which could potentially lead to SQL Injection.
BL: `err := db.QueryRow(query).Scan(&output)` (this line is repeating the bug)
BUG FOUND: YES

Please note that the same issue exists in two places in your code.",buggy
340," SE: The user input from 'data' is directly concatenated into the SQL query without any sanitation or parameterization, making it susceptible to SQL Injection.
BL: `$query = 'SELECT arten.title AS label, count(data1) AS value, arten.marker AS color FROM #__eiko_einsatzberichte AS berichte INNER JOIN #__eiko_einsatzarten AS arten ON berichte.data1=arten.id WHERE berichte.state=1 AND berichte.date1 LIKE \''.$year.'%\' GROUP BY data1 ORDER BY arten.ordering;';`
BUG FOUND: YES

Please note that the issue exists in multiple locations in the provided code. I have only shown one instance above. It is recommended to use parameterized queries or prepared statements to prevent SQL injection attacks.",buggy
364," SE: The user input from the 'username' and 'password' variables are directly concatenated into the SQL query without any sanitation or parameterization.
BL: `$query = ""SELECT * FROM users where userName='$username' and userPassword='$password'"";` in `$app->post('/login')` and `$query = ""SELECT * FROM users where userName='$username'"";` in `$app->post('/signup')`.
BUG FOUND: YES.",not_buggy
342," SE: The 'session\_id' and 'id' from userData are directly concatenated into SQL queries without any sanitation.
BL: `$result = $dbCon->query('SELECT cash FROM users WHERE session_id = ""' . $userData['session_id'] . '""')`
`$dbCon->query('UPDATE users SET cash = (cash + ""' . (int) ($_POST['gambleMoney'] * 36) . '"") WHERE id = ""' . $userData['id'] . '""')`
BUG FOUND: YES
Explanation:
The code is directly concatenating user input (session\_id, id) into the SQL queries, which makes it vulnerable to SQL Injection (CWE-89). An attacker can manipulate these inputs and execute malicious SQL commands. To fix this issue, consider using prepared statements or parameterized queries to ensure the proper neutralization of special elements used in SQL commands.",buggy
342," SE: The 'session\_id' and 'id' from userData are directly concatenated into SQL queries without any sanitation which could potentially lead to SQL Injection if these values are user-controlled.
BL: 
1. `$result = $dbCon->query('SELECT cash FROM users WHERE session_id = ""' . $userData['session\_id'] . '""')`
2. `$dbCon->query('UPDATE users SET cash = (cash + ""' . (int) (addslashes($_POST['gambleMoney']) * 36) . '"") WHERE id = ""' . $userData['id'] . '""')`
3. `$dbCon->query('UPDATE users SET cash = (cash - ""' . (int) addslashes($_POST['gambleMoney']) . '"") WHERE id = ""' . $userData['id'] . '""')`
BUG FOUND: YES",not_buggy
340," SE: The user input 'data' is directly concatenated into the SQL query without proper sanitation, which could lead to SQL Injection.
BL: `$query = 'SELECT arten.title AS label, count(data1) AS value, arten.marker AS color FROM #__eiko_einsatzberichte AS berichte INNER JOIN #__eiko_einsatzarten AS arten ON berichte.data1=arten.id WHERE berichte.state=1 AND berichte.date1 LIKE '.$db->quote($year.'%').' GROUP BY data1 ORDER BY arten.ordering;';`
BUG FOUND: YES

SE: The function executeQuery uses user input 'query' directly in the setQuery method without sanitation, which could lead to SQL Injection.
BL: `$db->setQuery($query);` in the function `executeQuery`
BUG FOUND: YES",not_buggy
361," SE: The 'table' and 'id' variables are directly concatenated into the SQL query without proper sanitation, which could potentially lead to SQL Injection.
BL: `$query = 'SELECT * FROM `wuersch`.`' . $table . '` WHERE ';` and `$query .= '`' . $key . '`=? ' . $combination . ' ';`
BUG FOUND: YES

Additionally, the 'query' variable in the 'getByCustomQuery' function also poses a risk of SQL Injection as it is directly concatenated from user input.
BL: `$sth = Store::$pdo->prepare($query . ';');` in 'getByCustomQuery' function.
BUG FOUND: YES

Please ensure to sanitize or parameterize user inputs used in SQL queries to prevent SQL Injection attacks.",not_buggy
4092," SE: A native SQL query directly includes a user input without proper sanitation in the 'LIKE' clause.
BL: `String query = ""select * from news n inner join newshighlights h on n.newsid=h.newsid and h.highlight like '%"" + word + ""%' order by date desc"";`
BUG FOUND: YES

Explanation:
The input 'word' is directly inserted into the SQL query using string concatenation, which makes the application vulnerable to SQL Injection attacks (CWE-89). An attacker can provide specially crafted input to manipulate the SQL query, bypass security restrictions, or even read/modify sensitive data. To fix this issue, use prepared statements or parameterized queries to ensure user inputs are always treated as literal values and not part of the SQL command.",buggy
329," SE: The 'vars[""num""]' is directly used in the SQL query without proper sanitation, which could lead to SQL Injection.
BL: `err := db.QueryRow(query, vars[""num""]).Scan(&output)`
BUG FOUND: YES

This vulnerability is found in the following lines as well, where 'vars[""num""]' is used directly in the SQL query:

BL: `query := `SELECT json_agg(r) FROM (select EXTRACT(epoch FROM day) as day, up_count, down_count, finished_count from trello.dailytallies order by day DESC limit $1) r;`
err := db.QueryRow(query, vars[""num""]).Scan(&output)

BL: `query := `SELECT json_agg(r) FROM (select EXTRACT(epoch FROM day) as day, end_of_day_total from trello.dailytallies order by day DESC limit $1) r;`
err := db.QueryRow(query, vars[""num""]).Scan(&output)",not_buggy
357," SE: The 'request.GET.get('q',"""")' is directly used in the SQL query without proper sanitation, which could lead to SQL Injection.
BL: `qs = SearchQuerySet().filter(content_auto=request.GET.get('q',"""")).distance('geometry',Point(lng,lat,srid=4326)).order_by('distance')`
BUG FOUND: YES

SE: The 'request.GET.get('bid')' and 'request.GET.get('eid')' are directly used in the SQL query without proper sanitation, which could lead to SQL Injection.
BL: `cursor.execute(sql_function+sql_inside_of_function+"",""+str(id1)+"",""+str(id2)+"", true,true)`
BUG FOUND: YES",buggy
364," SE: The user input from $_COOKIE['user'] and the $_POST['username'] & $_POST['password'] are directly used in SQL queries without any sanitation or parameterization, which could lead to SQL Injection.
BL: 
1. `$query = ""select redditor from followingRedditors where '$username' = userName"";` (around line 52)
2. `$query = ""SELECT * FROM users where userName='$username' and userPassword='$password'"";` (around line 95)
3. `$query = ""SELECT * FROM users where userName='$username'"";` (around line 112)
4. `$insert = ""INSERT INTO users values('$username', '$password')"";` (around line 120)
BUG FOUND: YES.",buggy
357," SE: The 'request.GET.get('q',"""")' is directly concatenated into SQL query without proper sanitation which can lead to SQL Injection.
BL: `qs = SearchQuerySet().filter(content_auto=request.GET.get('q',"""")).distance('geometry',Point(lng,lat,srid=4326)).order_by('distance')`
BUG FOUND: YES

SE: The 'request.GET.get('bid')' and 'request.GET.get('eid')' are directly used in SQL query without proper sanitation which can lead to SQL Injection.
BL: `cursor.execute(sql_function+sql_inside_of_function+"", %s , %s , true,true) join ""Data_minnesotabiketrails"" as bt on bt.id=id2"",(str(id1),str(id2),))`
BUG FOUND: YES",not_buggy
4743," SE: The user input from $_SERVER['REQUEST_URI'] is directly concatenated into the SQL query without proper sanitization.
BL: `$querystr = ""SELECT * FROM $wpdb->posts WHERE "".findPostWhereLike($searchWord);`
BUG FOUND: YES

SE: The user input from $_SERVER['REQUEST_URI'] is directly concatenated into the SQL query without proper sanitization.
BL: `$querystr = ""SELECT * FROM $wpdb->posts WHERE "".findPostWhereLikeNameTitle($searchWord);`
BUG FOUND: YES",not_buggy
8511," SE: This code is a library for escaping SQL values and identifiers, it does not contain any instances of directly concatenating user input into SQL commands.
BL: N/A
BUG FOUND: NO

The provided code is a JavaScript module for escaping SQL strings, numbers, dates, buffers, arrays, and objects. It also contains utility functions for formatting SQL commands with placeholders and converting time zones. The code properly escapes special characters and prevents SQL injection attacks by using parameterized queries or placeholders instead of directly concatenating user input into SQL commands. Therefore, there are no lines containing a bug of type CWE-89 (Improper Neutralization of Special Elements used in an SQL Command ('SQL Injection')).",not_buggy
8532," SE: The 'nat_array' array is directly concatenated into the JSON string without sanitation, which could potentially allow for SQL injection if 'nat_array' is derived from user input that is not properly sanitized.
BL: `$nat->src = json_encode($nat_array);` and `$nat->dst = json_encode($nat_array);`
BUG FOUND: YES

Note: Although the code is using JSON encoding, if any of the data used to build the 'nat_array' array is derived from user input that is not properly sanitized, it could still potentially lead to SQL injection. Therefore, it's important to ensure that all user input is properly sanitized before using it in the code.",buggy
361," SE: The 'table' and 'id' variables are directly concatenated into the SQL query without any sanitation, which could potentially lead to SQL Injection.
BL: `$query = 'SELECT * FROM `wuersch`.`' . $table . '` WHERE ';` and `$query .= '`id`=' . $id;`
BUG FOUND: YES

SE: The 'query' variable is directly concatenated into the SQL query without any sanitation, which could potentially lead to SQL Injection.
BL: `$sth = Store::$pdo->prepare($query . ';');`
BUG FOUND: YES

SE: The 'key' and 'value' variables are directly concatenated into the SQL query without any sanitation, which could potentially lead to SQL Injection.
BL: `$query .= '`' . $key . '`=';` and `$query .= '`' . $value . '`';`
BUG FOUND: YES

SE: The 'table', 'columns', and 'combination' variables are directly concatenated into the SQL query without any sanitation, which could potentially lead to SQL Injection.
BL: `$query = 'SELECT * FROM `wuersch`.`' . $table . '` WHERE ';` and `$query .= '`' . $key . '`=';`
BUG FOUND: YES",buggy
4743," SE: The '$_SERVER['REQUEST_URI""]' is directly concatenated into SQL query without sanitation.
BL: `$querystr = ""SELECT * FROM $wpdb->posts WHERE "".findPostWhereLike($searchWord);` and `$querystr = ""SELECT * FROM $wpdb->posts WHERE "".findPostWhereLikeNameTitle($searchWord);`
BUG FOUND: YES.",buggy
8532," SE: The 'nat' object's 'src' and 'dst' properties are being modified using raw user input from '_POST' without proper sanitation or type casting.
BL:  `$nat_array[$obj_type] = array_merge($nat_array[$obj_type], array($obj_id));` and `if ($Admin->object_modify (""nat"", ""edit"", ""id"", array(""id""=>$nat_id, ""src""=>$nat->src, ""dst""=>$nat->dst))) {`
BUG FOUND: YES

Explanation:
The code is directly modifying the 'src' and 'dst' properties of the 'nat' object using user input from '_POST' without proper sanitation or type casting. This can lead to an SQL injection if the user input is not properly escaped or validated. The 'object_id' variable is directly used in the 'array_merge' function and as a key in the 'nat_array' array, which can lead to an injection if the input is not validated and sanitized properly.",not_buggy
4092," SE: The user input 'date' is directly concatenated into the SQL query without proper sanitation, which could lead to SQL Injection.
BL: `Query query = em.createQuery(""SELECT n FROM News n WHERE n.date > '""+date+""' ORDER BY date DESC"");`
BUG FOUND: YES

Additionally, the same issue exists here:
BL: `String query = ""select * from news n "" + ""inner join newshighlights h on n.newsid=h.newsid and h.highlight like '%murder%' order by date desc"";`
BUG FOUND: YES

To prevent SQL Injection, it is recommended to use parameterized queries instead of directly concatenating user input into the SQL query. For example:

`Query query = em.createQuery(""SELECT n FROM News n WHERE n.date > :date ORDER BY date DESC""); query.setParameter(""date"", date);`

And for the native query:

`String query = ""select * from news n "" + ""inner join newshighlights h on n.newsid=h.newsid and h.highlight like ? order by date desc""; query.setParameter(1, '%' + word + '%');`",not_buggy
8630," SE: The 'word' and 'requested\_limit' variables are directly concatenated into the SQL query without proper sanitation, which could potentially lead to SQL Injection.
BL: `cursor.execute(f""SELECT term FROM terms WHERE term > ""{floor}"" AND term < ""{ceiling}"" AND term LIKE ""{word}%%"" ORDER BY length(term),term LIMIT {requested_limit}"")`
BUG FOUND: YES

Additionally, the following line also has a potential SQL Injection vulnerability:

SE: The 'word' variable is directly concatenated into the SQL query without proper sanitation, which could potentially lead to SQL Injection.
BL: `cursor.execute(""SELECT term FROM terms WHERE term LIKE ""%%%s%%"" ORDER BY length(term),term LIMIT %s"" % (word,10000))`
BUG FOUND: YES",buggy
8584," SE: The 'table_name' variable which is constructed using user input from 'get_class($this)' and user-provided $table_name is directly concatenated into SQL command without proper sanitation.
BL: `$table_name = $table_name ? Dba::escape($table_name) : Dba::escape(strtolower(get_class($this)));`
BUG FOUND: YES

Explanation:

The 'table_name' variable is constructed by concatenating a user-provided string ($table_name) and the result of get_class($this). This 'table_name' variable is directly used in the SQL command without proper sanitation using Dba::escape(). This might make the code vulnerable to SQL Injection (CWE-89) if the user-provided 'table_name' is not properly sanitized before use.",buggy
8511," SE: The function escape does not properly neutralize special elements used in an SQL command, as it directly uses the 'val' variable in the SQL command which may contain user input.
BL: `return ""'""+val+""'"";` in the escape function.
BUG FOUND: YES.

Explanation:
This code is a JavaScript module for handling SQL related operations such as escaping identifiers, formatting SQL commands and converting time zones. The 'escape' function is used to escape a given value so that it can be safely used in an SQL command. However, this function does not properly neutralize special elements used in an SQL command, as it directly uses the 'val' variable in the SQL command which may contain user input. An attacker can exploit this by injecting malicious SQL code in the 'val' variable, leading to an SQL injection vulnerability. Therefore, this code may contain a bug of type CWE-89 (Improper Neutralization of Special Elements used in an SQL Command ('SQL Injection')).",buggy
8630," SE: The 'word' variable is directly used in the SQL query through string interpolation, which could lead to SQL Injection if 'word' is user-provided.
BL: `cursor.execute(f""SELECT term FROM terms WHERE term > ""{floor}"" AND term < ""{ceiling}"" AND term LIKE ""{word}%%"" ORDER BY length(term),term LIMIT {requested_limit}"")`
BUG FOUND: YES

To mitigate this potential SQL Injection vulnerability, you should use parameterized queries instead of string interpolation. Here's how you can modify the query:

```python
cursor.execute(""SELECT term FROM terms WHERE term > ? AND term < ? AND term LIKE ? ORDER BY length(term),term LIMIT ?"", (floor, ceiling, word + '%', requested_limit))
```

This change will ensure that the input is always treated as data and not as part of the SQL command, preventing SQL Injection attacks.",not_buggy
8584," SE: The 'table_name' and 'object_id' are directly concatenated into SQL query without proper sanitation.
BL: `$table = $table_name ? Dba::escape($table_name) : Dba::escape(strtolower(get_class($this))); $object_id = (int) $object_id;`
BUG FOUND: YES

Explanation:

The 'table_name' and 'object_id' variables are directly concatenated into the SQL query using string interpolation. If these variables are derived from user input, it could lead to an SQL Injection vulnerability (CWE-89). The 'Dba::escape' function might not be sufficient to prevent SQL injection attacks as it only escapes special characters in strings, but doesn't validate or sanitize the input. It's recommended to use prepared statements or parameterized queries to avoid SQL injection vulnerabilities.",not_buggy
306," SE: The 'page' parameter from GET request is directly used in the SQL query without any sanitation, which could potentially lead to SQL Injection.
BL: `$results = $db->query('SELECT name, score FROM highscore WHERE cheater = 0 AND name != """" ORDER BY score DESC LIMIT 10 OFFSET ' . ($page-1)*10);`
BUG FOUND: YES

While the provided code uses some security measures like prepared statements and htmlspecialchars, the 'page' parameter in the getHighscore function is still vulnerable to SQL Injection. It's directly used in the SQL query, which could allow an attacker to manipulate the query. To fix this, you should use a parameterized query or sanitize the 'page' input.",not_buggy
368," SE: The `mysql_real_escape_string()` function is used to escape special characters in the input, but it is not sufficient to prevent SQL injection if the input is not properly checked before usage. An attacker can bypass this protection by providing a well-crafted input.

BL: `$q = sprintf(""INSERT INTO webfinance_personne (nom,prenom,email,tel,mobile,client,fonction,date_created,note) VALUES ('%s', '%s', '%s', '%s', '%s', %d, '%s', now(),'%s')"", mysql_real_escape_string($_POST['nom']), mysql_real_escape_string($_POST['prenom']), mysql_real_escape_string($_POST['email']), mysql_real_escape_string(removeSpace($_POST['tel'])), mysql_real_escape_string(removeSpace($_POST['mobile'])), mysql_real_escape_string($_POST['client']), mysql_real_escape_string($_POST['fonction']), mysql_real_escape_string($_POST['note']));`

BUG FOUND: YES",not_buggy
306," SE: The 'name' is directly concatenated into the SQL query without proper sanitation, which could lead to SQL Injection.
BL: `$db->exec('INSERT INTO highscore (name, score, level, date, log_referer, log_user_agent, log_remote_addr, log_remote_host, cheater) ' . 'VALUES (""' . $name . '"", ' . $score . ', ' . $level . ', ""' . $date . '"", ""' . $ref . '"", ""' . $ua . '"", ""' . $remA . '"", ""' . $remH . '"", ""' . $cheater . '"")')`
BUG FOUND: YES

Explanation:
The 'addHighscore' function is vulnerable to SQL Injection as it directly concatenates the 'name' variable into the SQL query. This can be exploited by an attacker to execute arbitrary SQL commands. To prevent this, use prepared statements or parameterized queries.",buggy
8639," SE: The 'id' is directly concatenated into an SQL query without proper sanitation. This could potentially lead to SQL Injection if the 'id' variable is derived from user input.
BL: `$row = Db::getInstance()->getRow('SELECT modified, content FROM ' . _DB_PREFIX_ . 'smarty_cache WHERE id_smarty_cache = ""' . pSQL($id, true) . '""');`
BUG FOUND: YES
",not_buggy
391," SE: The 'id' and 'type' variables from user input are directly used in SQL queries without proper sanitation, which could potentially lead to SQL Injection.
BL: `$parentIdStatement = sprintf('SELECT `%s` FROM `%s` WHERE `%s` = :value', $type === 'object' ? 'o_parentId' : 'parentId', $type.'s', $type === 'object' ? 'o_id' : 'id');`
`$parentId = $db->fetchOne($parentIdStatement, [ 'value' => $id ]);`
`$segmentIds = \Pimcore\Db::get()->fetchOne(""SELECT `segments` FROM $assignmentTable WHERE `elementId` = ? AND `elementType` = ?"", [$id, $type]);`
BUG FOUND: YES",buggy
368," SE: The '$_POST' variables are directly concatenated into SQL queries without proper sanitation.
BL: `$q = sprintf(""INSERT INTO webfinance_personne (nom,prenom,email,tel,mobile,client,fonction,date_created,note) VALUES ('%s', '%s', '%s', '%s', '%s', %d, '%s', now(),'%s')"", $_POST['nom'], $_POST['prenom'], $_POST['email'], removeSpace($_POST['tel']), removeSpace($_POST['mobile']), $_POST['client'], $_POST['fonction'], $_POST['note'] );` in the block of code for the 'create' action and `$q = sprintf(""UPDATE webfinance_personne SET nom='%s',prenom='%s',email='%s',tel='%s',mobile='%s',fonction='%s',note='%s' WHERE id_personne=%d"", mysql_real_escape_string($_POST['nom']), mysql_real_escape_string($_POST['prenom']), mysql_real_escape_string($_POST['email']), mysql_real_escape_string(removeSpace($_POST['tel'])), mysql_real_escape_string(removeSpace($_POST['mobile'])), mysql_real_escape_string($_POST['fonction']), mysql_real_escape_string($_POST['note']), mysql_real_escape_string($_POST['id_personne']));` in the block of code for the 'save' action.
BUG FOUND: YES",buggy
8614," SE: The user input from $_POST[""N""] is directly concatenated into the SQL query without proper sanitation.
BL: $sql = ""SELECT * FROM user WHERE id='"".mysqli::real_escape_string($_POST[""N""]).""';"";
BUG FOUND: YES

Explanation:

The line $sql = ""SELECT * FROM user WHERE id='"".mysqli::real_escape_string($_POST[""N""]).""';""; is potentially vulnerable to SQL injection. Although the function mysqli::real_escape_string() is used to escape special characters, it is still recommended to use prepared statements to avoid any potential security vulnerabilities. By using prepared statements, you can separate the data from the SQL command, which helps prevent SQL injection attacks.",not_buggy
354," SE: The SQL query uses user-provided input directly in the query without proper sanitization.
BL: `$sql = ""SELECT lat, lng FROM country_name_map WHERE code = '$country_code'"";`
BUG FOUND: YES

Explanation:
The code is constructing an SQL query by concatenating a string with a variable `$country_code`. If the value of `$country_code` is derived from user input, this can lead to an SQL injection vulnerability. An attacker can manipulate the value of `$country_code` to inject malicious SQL code. To prevent this, the code should use prepared statements or parameterized queries.",buggy
4626," SE: The 'q' parameter from user input is directly concatenated into the SQL query without proper sanitation, potentially allowing for SQL Injection.
BL: `cursor.execute(""SELECT id,title,artist,cover FROM recordstoreapp_record WHERE title like '%"" + q + ""%' or artist like '%"" + q + ""%' or label like '%"" + q + ""%' or cat_no like '%"" + q + ""%';"")`
BUG FOUND: YES

Explanation:
The code constructs an SQL query by concatenating the 'q' parameter from user input directly into the query string. This practice is dangerous as it allows for SQL Injection attacks, where an attacker can manipulate the query to perform unintended actions, such as data modification, data exfiltration, or denial-of-service.

To mitigate this issue, use parameterized queries or prepared statements instead of concatenating user input directly into the query string. This ensures that user input is always treated as data, not part of the SQL command, preventing potential SQL Injection attacks.

For example, in Django, you can use the 'execute' method with a query and parameters:

```python
from django.db import connection

def search(request):
    context_dict = {}
    if 'q' in request.GET and request.GET['q'] != '':
        q = request.GET['q']
        with connection.cursor() as cursor:
            cursor.execute(""SELECT id,title,artist,cover FROM recordstoreapp_record WHERE title like %s or artist like %s or label like %s or cat_no like %s;"", [f'%{q}%', f'%{q}%', f'%{q}%', f'%{q}%'])
            rec_list = cursor.fetchall()
        # ...
```

This way, Django will automatically sanitize the input and prevent SQL Injection attacks.",buggy
8639," SE: The 'id' is directly concatenated into SQL query without proper sanitation.
BL: `$row = Db::getInstance()->getRow('SELECT modified, content FROM ' . _DB_PREFIX_ . 'smarty_cache WHERE id_smarty_cache = ""' . pSQL($id, true) . '""');`
BUG FOUND: YES

Explanation:

The input 'id' is directly concatenated into the SQL query using PHP's pSQL function. However, this function only performs escaping for string and numeric values, but it does not neutralize special elements used in an SQL command. Therefore, this code is vulnerable to SQL Injection if the 'id' input is not properly sanitized before being passed to this function. To fix this issue, consider using prepared statements or parameterized queries instead of concatenating user input directly into the SQL query.",buggy
8614," SE: The user input from $_GET[""Name""], $_GET[""Mail""], and $_GET[""Id""] is directly concatenated into SQL queries without proper sanitation.
BL: 
1. $sql = ""SELECT * FROM User WHERE Username='"".mysqli::real_escape_string($_GET[""Name""]).""';"";
2. $sql = ""SELECT * FROM User WHERE Mail='"".mysqli::real_escape_string($_GET[""Mail""]).""';"";
3. $sql = ""SELECT * FROM User WHERE Id='"".mysqli::real_escape_string($_GET[""Id""]).""';"";
BUG FOUND: YES

Explanation:

Although the code uses mysqli::real_escape_string() to escape special characters in the input, it is still vulnerable to SQL injection due to the lack of prepared statements or parameterized queries. The real_escape_string function helps prevent some types of SQL injection but does not provide full protection, especially against time-based or boolean-based blind SQL injection. Prepared statements or parameterized queries are the recommended ways to prevent SQL injection.",buggy
358," SE: The '$_GET['s""]' is directly concatenated into an SQL query without proper sanitation.
BL: `mysqli_query($yht, ""SELECT * FROM `sivut` WHERE uid = '"".$_GET['s'].""' LIMIT 1""`
BUG FOUND: YES
",not_buggy
354," SE: The function takes user input ($interval) and directly concatenates it into SQL command without any sanitation or parameterization.
BL: `$sql .= "" WHERE reg_date >= DATE_SUB(CURDATE(), INTERVAL :interval DAY)"";`
BUG FOUND: YES

Explanation:
The code is using user input ($interval) directly in the SQL command without any sanitation or parameterization, which makes it vulnerable to SQL Injection attacks (CWE-89). An attacker can manipulate the $interval variable to inject malicious SQL code. In this case, the attacker can bypass the date restriction and get access to all records in the table.",not_buggy
391," SE: The 'id' and 'type' from request query parameters are directly used in SQL query without any sanitation.
BL: `$parentId = $db->fetchOne($parentIdStatement, [ 'parentIdField' => $type === 'object' ? 'o_parentId' : 'parentId', 'idField' => $type === 'object' ? 'o_id' : 'id', 'value' => $id ]);`
BUG FOUND: YES

SE: The 'id' and 'type' from request query parameters are directly used in SQL query without any sanitation.
BL: `$segmentIds = \Pimcore\Db::get()->fetchOne(""SELECT `segments` FROM $assignmentTable WHERE `elementId` = ? AND `elementType` = ?"", [$id, $type]);`
BUG FOUND: YES

SE: The 'id' and 'type' from request query parameters are directly used in SQL query without any sanitation.
BL: `$breaksInheritance = \Pimcore\Db::get()->fetchOne(""SELECT `breaksInheritance` FROM $assignmentTable WHERE `elementId` = ? AND `elementType` = ?"", [$id, $type]);`
BUG FOUND: YES

SE: This function does not contain any SQL queries, so it cannot have an SQL injection vulnerability.
BL: N/A
BUG FOUND: NO",not_buggy
358," SE: The '$_GET['s""]' is directly concatenated into an SQL query without proper sanitation, which could lead to SQL Injection.
BL: `$haku_s = mysqli_query($yht, ""SELECT * FROM `sivut` WHERE uid = '"".$_GET['s'].""' LIMIT 1""`);
BUG FOUND: YES

Please note that the vulnerability exists in multiple places in the provided code, wherever `$_GET['s']` is used without proper sanitation. It's recommended to always sanitize user inputs before using them in SQL queries to prevent SQL Injection attacks.",buggy
359," SE: The 'table' variable is directly concatenated into the SQL query without proper sanitation, which could potentially lead to SQL Injection.
BL: `String sql = ""SELECT * FROM "" + table + "" WHERE "" + columns.get(""username"") + ""= ? AND "" + columns.get(""password"") + ""= ?"";`
BUG FOUND: YES

Explanation:
The 'table' variable is directly inserted into the SQL query, making it vulnerable to SQL Injection if the data comes from an untrusted source. It's recommended to use Prepared Statements with parameterized queries to avoid such vulnerabilities.",not_buggy
8555," SE: None of the lines in the provided code contain user inputs directly concatenated into SQL commands, so there are no instances of SQL Injection vulnerabilities (CWE-89).
BL: Not applicable in this case.
BUG FOUND: NO",buggy
401," SE: The 'vars['address']' and 'vars['prefix']' are directly concatenated into SQL query without proper sanitation which may lead to SQL Injection.
BL: `$sql .= ' AND ipv4_address LIKE ?'; $param[] = ""%$address%"";` and `$sql .= "" AND ipv6_prefixlen = '$prefix'"";`
BUG FOUND: YES

Explanation:
The user input from 'vars['address']' and 'vars['prefix']' are directly used in the SQL query using concatenation. If these inputs are not properly sanitized, it can lead to an SQL Injection vulnerability (CWE-89). An attacker can manipulate the input to inject malicious SQL code, which can lead to unauthorized access, data manipulation, or data leakage.",buggy
401," SE: The 'address' is directly concatenated into the SQL query using string interpolation.
BL: `$sql .= ' AND ipv4_address LIKE ?'` and `$param[] = ""%$address%"";`
BUG FOUND: YES

SE: The 'address' is directly concatenated into the SQL query using string interpolation.
BL: `$sql .= ' AND (ipv6_address LIKE ? OR ipv6_compressed LIKE ?)'` and `$param[] = ""%$address%"";` twice
BUG FOUND: YES

SE: The 'vars['address']' is directly concatenated into the SQL query using string interpolation.
BL: `$sql .= "" AND `ifPhysAddress` LIKE ? $where "";` and `$param[] = '%' . trim(str_replace([':', ' ', '-', '.', '0x'], '', $vars['address'])) . '%';`
BUG FOUND: YES",not_buggy
346, SE: The ',not_buggy
8555," SE: User input is directly concatenated into SQL query without proper sanitation.
BL: `spans + ""#{lon_attr} BETWEEN #{sw_lng.to_f} AND #{ne_lng.to_f}""`
BUG FOUND: YES

SE: User input is directly concatenated into SQL query without proper sanitation.
BL: `spans + ""(#{lon_attr} BETWEEN #{sw_lng.to_f} AND 180 OR #{lon_attr} BETWEEN -180 AND #{ne_lng.to_f})""`
BUG FOUND: YES

The other lines do not contain any user input directly concatenated into SQL queries, so they do not contain the bug of type CWE-89 (Improper Neutralization of Special Elements used in an SQL Command ('SQL Injection')).",not_buggy
334," SE: The 'name' and 'item' variables are directly concatenated into an SQL query without proper sanitation, which could lead to SQL Injection.
BL: `keks = self.DBcursor.execute(u""SELECT nickname, count from kekse WHERE nickname like '%s' AND item =='%s' LIMIT 1"" % (name, item)).fetchall()`
BUG FOUND: YES.",buggy
376," SE: The 'ps.tag' and 'tag' variables from 'ps.query!' are directly concatenated into the SQL query without proper sanitation.
BL: `query.andWhere(\`'{""${normalizeForSearch(ps.tag)}""}' <@ note.tags\`);` and `qb.andWhere(\`'{""${normalizeForSearch(tag)}""}' <@ note.tags\`);`
BUG FOUND: YES",buggy
8504," SE: The 'clientid' variable, which appears to be user-provided, is directly concatenated into the SQL query without proper sanitation.
BL: `$query .= ""WHERE Job.Name = '$jobname' AND Job.JobStatus = 'T' AND Job.Type = 'B' AND Job.ClientId = $clientid "";`
BUG FOUND: YES",not_buggy
321," SE: The '$_SERVER['QUERY_STRING']' is directly used in an SQL query without proper sanitation.
BL: `$query = ""SELECT * FROM $robustDB.regions WHERE regionName='$region';"";`
BUG FOUND: YES

Explanation:
The code is taking the query string from the server request and using it directly in an SQL query. This practice is vulnerable to SQL injection attacks as an attacker can manipulate the query string to inject malicious SQL code. To mitigate this, the code should use prepared statements or sanitize the input before using it in the query.",not_buggy
8571," SE: The 'device_id' and 'oid' variables are directly used in SQL queries without proper sanitation.
BL: `$query = ""SELECT * FROM `devices` WHERE `device_id` = ? LIMIT 1""; $device = dbFetchRow($query, [$device_id]);` and `$rawdata = snmp_get($device, $oid, '-Oqv');`.
BUG FOUND: YES

While the 'device_id' and 'oid' variables are passed through the mres() function, which may perform some sanitation, it is not clear from the provided code if this function properly neutralizes special elements used in SQL commands. Therefore, it is still possible that these variables are vulnerable to SQL injection.",not_buggy
376," SE: The 'ps.tag' and 'tag' from 'ps.query!' are directly used in the SQL query through the 'where' clause without proper sanitization.
BL: `query.andWhere('note.fileIds != \'{}\'');`, `query.andWhere(\`'{""${normalizeForSearch(ps.tag)}""}' <@ note.tags\`);`, `qb.andWhere(\`'{""${normalizeForSearch(tag)}}' <@ note.tags\`);`
BUG FOUND: YES",not_buggy
321," SE: The 'region' variable, which is derived from a URL query parameter, is directly used in an SQL query without proper sanitization.
BL: `$query = ""SELECT * FROM $robustDB.regions WHERE regionName='$region';"";`
BUG FOUND: YES

Explanation:
The 'region' variable is obtained from the URL query string and is used in an SQL query without any sanitization. This makes the application vulnerable to SQL Injection attacks (CWE-89). An attacker can manipulate the query string to inject malicious SQL code, which can lead to unauthorized access, data leaks, or data modification. To fix this issue, consider using prepared statements or parameterized queries to ensure the safe handling of user input in SQL queries.",buggy
8637," SE: The 'id_wishlist' is directly concatenated into the SQL query without proper sanitization, potentially allowing for SQL Injection.
BL: `$querySearch->where('wp.id_wishlist = ' . (int) $this->wishList->id);`
BUG FOUND: YES",buggy
8625," SE: The 'filterFullText' and 'filter' parameters from the request are directly concatenated into the SQL query without proper sanitation, which could potentially lead to SQL Injection.
BL: `$conditionFilters[] = 'path LIKE ' . $list->quote('%'. $list->escapeLike($request->get('filterFullText')) .'%');`, `$conditionFilters[] = $field . $operator . "" '"" . $value . ""' "";`
BUG FOUND: YES
(Note: The rest of the code also has similar issues but limited to 3 lines as per your request)",buggy
338," SE: The 'langarg' is directly concatenated into a SQL query without proper sanitation, potentially leading to SQL Injection.
BL: `my $langid=$dbh->selectrow_array(""SELECT langid FROM languages WHERE tag=?"", undef, $langarg);`
BUG FOUND: YES",buggy
8637," SE: The 'id_wishlist' is directly concatenated into the SQL query without proper sanitization, potentially allowing for SQL Injection.
BL: `$querySearch->where('wp.id_wishlist = ' . (int) $this->wishList->id);`
BUG FOUND: YES",not_buggy
338," SE: User input ('$langarg') is directly concatenated into the SQL query without proper sanitation, potentially leading to SQL Injection.
BL: `my $langid=$dbh->selectrow_array(""SELECT langid FROM languages WHERE tag=?"", undef, $langarg); push @conditions, ""d.langid=$langid"";`
BUG FOUND: YES",not_buggy
330," SE: The 'secureGETstr' function is used to get the 'fetch' variable from the URL without any sanitation before using it in the SQL query.
BL: `db_uquery(""CREATE TABLE IF NOT EXISTS `$LM_CCPWGL_CACHESCHEMA`.`lmproxyfiles` VALUES(DEFAULT,NOW(),'"".mysql_escape_string($url).""',...`
BUG FOUND: YES.",not_buggy
8599," SE: The 'job_id' is directly concatenated into the SQL query without proper sanitization, potentially allowing for SQL Injection.
BL: `$content_id = (int) $db->insertReturnId('plugin_hudson_widget', ['widget_name' => $this->id, 'owner_id' => $this->owner_id, 'owner_type' => $this->owner_type, 'job_id' => $job_id]);`
BUG FOUND: YES

Explanation:
The 'job_id' variable is directly used in the SQL query, which can lead to SQL Injection if the data comes from an untrusted source. Although the 'insertReturnId' function might have some protection against SQL Injection, it's still a good practice to sanitize user inputs before using them in SQL queries.",not_buggy
8625," SE: The 'filterFullText' is directly concatenated into the SQL condition without proper sanitation, which could potentially lead to SQL Injection.
BL: `$conditionFilters[] = 'path LIKE ' . $list->quote('%'. $list->escapeLike($request->get('filterFullText')) .'%');`
BUG FOUND: YES
(Note: There are other lines where user input is concatenated into SQL conditions, but they all use the 'quote' or 'escapeLike' method, which should provide some level of protection against SQL Injection. However, without a thorough analysis of these methods, it's hard to be certain. The line I've pointed out is the most obvious potential vulnerability.)",not_buggy
394," SE: The `$value` from `$settings` array is directly used in the `escapeIdentifier` function which is used in the PDO connection without proper sanitation.
BL: `return $this->driver->escape($value);` (in `escapeIdentifier` function)
BUG FOUND: YES

However, it is important to note that the `escapeIdentifier` function is not directly vulnerable to SQL Injection as it is used to escape identifiers (like table or column names) and not actual SQL query values. The potential risk is if an attacker can manipulate the `$settings` array to control the `$value` in a way that could alter the structure of the SQL query, leading to unexpected behavior or an error. To mitigate this risk, proper validation and sanitation of the `$settings` array should be implemented.",buggy
383," SE: The 'login' variable is directly concatenated into the SQL query without proper sanitation, potentially leading to SQL Injection.
BL: `$userInfoRes = $this->select(""SELECT id, pw, public_key, private_key, personal_folder, fonction_id, groupes_visibles, groupes_interdits, user_api_key FROM "" . prefixTable('users') . "" WHERE login='"".$login.""'"");`
BUG FOUND: YES",buggy
359," SE: The 'table' and 'columns.get(""username"")' & 'columns.get(""password"")' are being directly concatenated into SQL command without proper sanitation, which could lead to SQL Injection.
BL: `String sql = ""SELECT * FROM "" + table + "" WHERE "" + columns.get(""username"") + ""= ? AND "" + columns.get(""password"") + ""= '?'"";`
BUG FOUND: YES

Explanation:
The code is constructing an SQL query by concatenating user-provided input (table name and column names) directly into the query. This is a serious security vulnerability known as SQL Injection. An attacker can manipulate the input to inject malicious SQL commands, which can lead to unauthorized access, data modification, or data extraction.

To fix this issue, you should use PreparedStatements with placeholders for the user-provided input. This will ensure that the input is properly sanitized and escaped, preventing any potential SQL Injection attacks. Here's an example of how to fix the issue:

Instead of:
`Statement st = t.getConnection().prepareStatement(query, variables);`

Use:
`PreparedStatement st = t.getConnection().prepareStatement(sql);`

And then set the values for the placeholders using the `setString()` method:

```java
st.setString(1, username);
st.setString(2, password);
```

Finally, execute the query using the `executeQuery()` method of the `PreparedStatement` object.",buggy
8504," SE: The 'clientid' variable, which is derived from user input, is directly concatenated into the SQL query without proper sanitation.
BL: `$query .= ""LEFT JOIN Status ON Job.JobStatus = Status.JobStatus WHERE Job.Name = '$jobname' AND Job.JobStatus = 'T' AND Job.Type = 'B' "";`
BUG FOUND: YES

Explanation:

The code constructs an SQL query by concatenating strings, including the user-supplied 'clientid' variable. If the 'clientid' variable is not properly sanitized, it can lead to an SQL Injection vulnerability (CWE-89). In this case, the 'filter_var' function is used to validate if 'clientid' is an integer, but it does not sanitize the input. Therefore, it's still vulnerable to SQL Injection. To fix this issue, consider using prepared statements or parameterized queries to ensure the safe handling of user input in SQL queries.",buggy
372," SE: The class attribute of an HTML element is being set using a variable that appears to be user-supplied without proper sanitization.
BL: `return '<a href=""' . $directory . '/' . $link . '"">' . $text . '</a> ';` in the `ProcessText` function.
BUG FOUND: YES. This is a potential SQL injection point because the `$directory` variable is constructed from user input and then used in an SQL query without proper sanitization. An attacker could potentially manipulate the `$directory` value to inject malicious SQL code.",not_buggy
334," SE: The 'name' parameter is directly used in an SQL query without proper sanitation, which could lead to SQL Injection.
BL: `keks = self.DBcursor.execute(u""SELECT nickname, count from kekse WHERE nickname like ? AND item ==? LIMIT 1"", (name, item)).fetchall()`
BUG FOUND: YES

Explanation:

The 'name' parameter, which seems to be coming from user input, is directly used in an SQL query using the 'execute' method of the sqlite3.Cursor object. If the 'name' parameter is not properly sanitized, it could lead to SQL Injection vulnerabilities. An attacker could potentially inject malicious SQL code into the 'name' parameter, which could result in unauthorized access to or manipulation of the database.

To mitigate this risk, consider using parameterized queries or prepared statements instead of directly concatenating user input into the SQL query. This can help ensure that user input is properly escaped and quoted, preventing potential SQL Injection attacks.",not_buggy
8571," SE: The 'device_id' and 'oid' variables are directly used in SQL queries without any sanitation.
BL: 1) `$query = ""SELECT * FROM `devices` WHERE `device_id` = $device_id LIMIT 1"";`
2) `$rawdata = snmp_get($device, $oid, '-Oqv');`
BUG FOUND: YES

SE: The 'id' variable is directly used in SQL queries without any sanitation.
BL: 1) `if (dbUpdate(array('customoid_descr' => $name, 'customoid_oid' => $oid, 'customoid_datatype' => $datatype, 'customoid_unit' => $unit, 'customoid_divisor' => $divisor, 'customoid_multiplier' => $multiplier, 'customoid_limit' => $limit, 'customoid_limit_warn' => $limit_warn, 'customoid_limit_low' => $limit_low, 'customoid_alert' => $alerts, 'customoid_passed' => $passed, 'user_func' => $user_func ), 'customoids', ""`customoid_id` = ?"", array($id)) >= 0) { //end if condition`
BUG FOUND: YES",buggy
335," SE: The 'word' variable, which appears to contain user input, is directly concatenated into SQL queries without proper sanitation. This could potentially lead to an SQL Injection vulnerability.
BL: `$sql = 'SELECT word_id FROM ' . SEARCH_WORDLIST_TABLE . ' WHERE word_text = ""' . $word . '""';`, `$sql = 'SELECT search_keywords, last_time FROM ' . $this->searchresults_table . ' WHERE search_keywords = ""' . $word . '""';`, `$sql = 'SELECT search_keywords, last_time FROM ' . $this->searchresults_table . ' WHERE search_keywords = \'' . $this->db->sql_escape($row['search_keywords']) . '\'';`
BUG FOUND: YES.

Please note that the code is using the `$this->db->sql_escape()` function to escape the input, which is a good practice to prevent SQL injection. However, it is still recommended to use prepared statements or parameterized queries to ensure the security of the application.",buggy
313," SE: The user input from $_POST[""user""] is directly concatenated into the SQL query without any sanitization or parameterization.
BL: $sql = ""insert into MEMBER values (member_seq.nextval, '$username', '$password', '$name', '$email', $all_score, '$profile')"";
BUG FOUND: YES",buggy
330," SE: The user input from the 'fetch' GET parameter is directly used in the SQL query without proper sanitation.
BL: `db_uquery(""CREATE TABLE IF NOT EXISTS `$LM_CCPWGL_CACHESCHEMA`.`lmproxyfiles` (...` in the insert_log function and `$cache=db_asocquery(""SELECT * FROM `$LM_CCPWGL_CACHESCHEMA`.`lmproxyfiles` WHERE `url`='$url'"");` near the end of the script.
BUG FOUND: YES

Explanation:
The script uses the user-supplied 'fetch' parameter in the SQL queries without any sanitation, which makes it vulnerable to SQL injection attacks. An attacker can craft a specially crafted URL to inject malicious SQL code, potentially leading to data theft, data modification, or server compromise. To mitigate this risk, you should use prepared statements or parameterized queries to ensure user input is always treated as literal data, not part of the SQL command.",buggy
346," SE: The 'single_instance['url']' is directly concatenated into the cURL URL without sanitation.
BL: `curl_setopt ($crl, CURLOPT_URL,$single_instance['url']);`
BUG FOUND: YES

SE: The 'config[""engines""][""server""]' is directly concatenated into the cURL URL without sanitation.
BL: `curl_setopt ($crl, CURLOPT_URL,$config[""engines""][""server""]);`
BUG FOUND: YES

SE: The 'category_none => 1, q => '!'.$single_engine['name'].' '.$keyword, pageno => 1, format => 'json'' is directly concatenated into the cURL POST data without sanitation.
BL: `curl_setopt($crl, CURLOPT_POSTFIELDS, array( category_none => 1, q => '!'.$single_engine['name'].' '.$keyword, pageno => 1, format => 'json' ));`
BUG FOUND: YES",buggy
394," SE: The 'value' variable is directly used in the escapeIdentifier function without any prior sanitation and concatenated into the SQL query. If 'value' is user-provided, this could potentially lead to an SQL Injection.
BL: `if (preg_match('/^[a-z0-9_]+$/', $value) === 0) {`
BUG FOUND: YES

SE: Similar to the previous finding, 'identifiers' array elements are directly used in the escapeIdentifierList function without any prior sanitation and concatenated into the SQL query. If any element in 'identifiers' is user-provided, this could potentially lead to an SQL Injection.
BL: `$identifiers[$key] = $this->escapeIdentifier($value, $table);`
BUG FOUND: YES

Please note that these potential SQL Injection vulnerabilities exist because the escapeIdentifier and escapeIdentifierList functions do not sanitize the 'value' and 'identifiers' inputs, respectively. If these functions are only ever used with internally generated and trusted inputs, then the risk of SQL Injection is mitigated. However, if there's a possibility of user-provided inputs reaching these functions, then it's crucial to implement proper sanitation before using the inputs.",not_buggy
8599," SE: The 'job_id' is directly concatenated into the SQL query without proper sanitization.
BL: `$sql = 'INSERT INTO plugin_hudson_widget (widget_name, owner_id, owner_type, job_id) VALUES (""' . $this->id . '"", ' . $this->owner_id . "", '"" . $this->owner_type . ""', "" . db_escape_int($job_id) . "" )';`
BUG FOUND: YES

SE: The 'owner_id' and 'job_id' are directly concatenated into the SQL query without proper sanitization.
BL: `$sql = ""UPDATE plugin_hudson_widget SET job_id="" . $job_id . "" WHERE owner_id = "" . $this->owner_id . "" AND owner_type = '"" . $this->owner_type . ""' AND id = "" . (int) $request->get('content_id');`
BUG FOUND: YES

SE: The 'widget_name', 'owner_id', 'owner_type', and 'id' are directly concatenated into the SQL query without proper sanitization.
BL: `$sql = ""SELECT * FROM plugin_hudson_widget WHERE widget_name = '"" . db_es($this->widget_id) . ""' AND owner_id = "" . db_ei($this->owner_id) . "" AND owner_type = '"" . db_es($this->owner_type) . ""' AND id = "" . db_ei($this->content_id);`
BUG FOUND: YES",buggy
324," SE: The 'requestData' array is directly used in the construction of a SQL query through the 'find' method of an ActiveRecord model, without any sanitation or validation.
BL: `$record = $model::findOne($requestData['id']);` (and other similar lines)
BUG FOUND: YES",not_buggy
383," SE: User input is directly concatenated into an SQL query, which may lead to SQL Injection if the input is not properly sanitized.
BL: `$apiInfo = $this->select(""SELECT count(*) FROM "" . prefixTable('api') . "" WHERE value='"".$inputData['apikey'].""' AND label='"".$inputData['login'].""'"");`
BUG FOUND: YES

SE: User input is directly concatenated into an SQL query, which may lead to SQL Injection if the input is not properly sanitized.
BL: `$apiInfo = $this->select(""SELECT count(*) FROM "" . prefixTable('users') . "" WHERE user_api_key='"".$inputData['apikey'].""' AND login='"".$inputData['login'].""'"");`
BUG FOUND: YES

SE: User input is directly concatenated into an SQL query, which may lead to SQL Injection if the input is not properly sanitized.
BL: `$userInfoRes = $this->select(""SELECT id, pw, public_key, private_key, personal_folder, fonction_id, groupes_visibles, groupes_interdits, user_api_key FROM "" . prefixTable('users') . "" WHERE login='"".$inputData['login'].""'"");`
BUG FOUND: YES",not_buggy
403," SE: The 'state\_code' is directly concatenated into the SQL query without proper sanitization, which may lead to SQL Injection.
BL: `rs = con.execute('SELECT count(*) as n FROM {};'.format(view_name))`
BUG FOUND: YES",buggy
313," SE: The user input from $_POST[""user""] is directly concatenated into the SQL query without proper sanitation or parameterization.
BL: $sql = ""insert into MEMBER values (member_seq.nextval, '$username', '$password', '$name', '$email', $all_score, '$profile')"";
BUG FOUND: YES

SE: The user input from $_POST[""caption""] is directly concatenated into the SQL query without proper sanitation or parameterization.
BL: $sql = ""insert into PHOTO values (member_seq.nextval, '$caption', $owner, $loc_id, $timing_id, $pos_id, systimestamp)"";
BUG FOUND: YES

SE: The user input from $_POST[""msg""] is directly concatenated into the SQL query without proper sanitation or parameterization.
BL: $sql = ""insert into COMMENT_PHOTO values (comment_photo_seq.nextval, $m_id, $p_id, '$msg', systimestamp)"";
BUG FOUND: YES

SE: The user input from $_POST[""msg""] is directly concatenated into the SQL query without proper sanitation or parameterization.
BL: $sql = ""insert into MESSAGE values (message.nextval, $m_id, $to, msg, systimestamp)"";
BUG FOUND: YES",not_buggy
403," SE: The 'state\_codes\_dict[state\_name]' is directly concatenated into the view\_name without proper sanitation, which could potentially lead to an SQL Injection if 'state\_name' is user-supplied input.

BL: `view_name = ""{}.cluster_offgrid_mv"".format(schema, state_codes_dict[state_name])`

BUG FOUND: YES.",not_buggy
335," SE: The 'keywords' variable is directly concatenated into SQL query without proper sanitation.
BL: `$sql = 'SELECT word_id FROM ' . SEARCH_WORDLIST_TABLE . ' WHERE word_text = ""' . $this->db->sql_escape($word) . '""';`
BUG FOUND: YES

SE: The 'search_keywords' variable is directly concatenated into SQL query without proper sanitation.
BL: `$sql = 'SELECT search_keywords, last_time FROM ' . $this->searchresults_table . ' WHERE search_keywords = ""' . $this->db->sql_escape($word) . '""';`
BUG FOUND: YES

SE: The 'search_keywords' variable is directly concatenated into SQL query without proper sanitation.
BL: `$sql = 'SELECT search_keywords, last_time FROM ' . $this->searchresults_table . ' WHERE search_keywords = \'' . $this->db->sql_escape($row['search_keywords']) . '\'';`
BUG FOUND: YES

SE: The 'search_keywords' variable is directly concatenated into SQL query without proper sanitation.
BL: `$sql = 'INSERT INTO ' . $this->searchresults_table . ' ' . $this->db->sql_build_array('INSERT', $fields);`
BL: `$sql = 'UPDATE ' . $this->searchresults_table . ' SET hits = hits + 1, ' . $this->db->sql_build_array('UPDATE', $fields) . ' WHERE search_keywords = \'' . $this->db->sql_escape($row['search_keywords']) . '\'';`
BUG FOUND: YES",not_buggy
390," SE: The '$id' is directly concatenated into SQL query without proper sanitation, making it susceptible to SQL Injection.
BL: `$estmt = $edb->conn->query(""SELECT email, username FROM $tbl_name WHERE id = '$id'"");`
BUG FOUND: YES

SE: The '$myusername' is directly concatenated into SQL query without proper sanitation, making it susceptible to SQL Injection.
BL: `$stmt = $db->conn->query(""SELECT * FROM $tbl_name WHERE username='$myusername'"");`
BUG FOUND: YES",buggy
8588," SE: The '$_REQUEST['search'][""value""]' is directly used in the SQL query without proper sanitation.
BL: `$sWhere = ""WHERE (""`; and the whole $sWhere string construction
BUG FOUND: YES
Explanation:
The code constructs an SQL query using the '$_REQUEST['search'][""value""]' input without proper sanitation, which could lead to SQL Injection if the input is not trusted. The 'pwg_db_real_escape_string' function is used in some places, but not consistently, and not for '$_REQUEST['search'][""value""]'. It's recommended to use parameterized queries or prepared statements to ensure the safety of the SQL queries.",buggy
390," SE: The 'id' variable is directly concatenated into SQL command without proper sanitation.
BL: `$estmt = $edb->conn->query(""SELECT email, username FROM $tbl_name WHERE id = '$id'"");`
BUG FOUND: YES

SE: The ':myusername' variable is directly concatenated into SQL command without proper sanitation.
BL: `$stmt = $db->conn->prepare(""SELECT * FROM $tbl_name WHERE username= :myusername"");`
BUG FOUND: YES

Please note that these lines might be vulnerable to SQL Injection attacks (CWE-89). To mitigate this risk, consider using prepared statements with parameterized queries to ensure that user input is properly sanitized before being included in the SQL command.",not_buggy
333," SE: The user input from $_GET['key'] is directly concatenated into an SQL query without proper sanitation.
BL: `mysql_query(""INSERT INTO `torrent` (`hash`) VALUES ('"" . mysql_real_escape_string(bin2hex($_GET['info_hash'])) . ""') ..."", mysql_real_escape_string(sha1($_GET['key'])) . ""', "" . intval($_GET['port']) . "") ...`)
BUG FOUND: YES

Explanation:
Although the code uses mysql_real_escape_string for some user inputs, it does not do so for the 'key' input in the SQL query. This leaves the application vulnerable to SQL Injection attacks through the 'key' parameter.",buggy
320," SE: The `username` and `hashPassword(password)` are directly concatenated into the SQL query without proper sanitation, which could potentially lead to SQL Injection if these inputs are not properly controlled.
BL: `var strQuery = ""SELECT * FROM adult WHERE username= '"" +connection.escape(username)+""'"";`, `var strQuery = ""SELECT * FROM adult WHERE username= '"" +connection.escape(username)+""'"" +""AND password= '"" + hashPassword(password)+""'"";`, `var strQuery = ""INSERT INTO adult VALUES('""+firstName+""', '""+lastName+""', '""+ username + ""', '"" +hashPassword(password) + ""', '"" + packNumber+""', '""+leaderType +""', '""+ rankType+""', '""+phoneNumber+ ""', 'NULL')"";`, `var strQuery = ""UPDATE adult SET first_name=""+firstName+"", last_name=""+lastName+"", username=""+ username + "", password="" +hashPassword(password) + "", pack_number="" + packNumber+"", leader_type=""+ leaderType +"", rank_type=""+ rankType+"", phone_number=""+phoneNumber+ ""WHERE adult_id=""+id;`
BUG FOUND: YES",buggy
322," SE: The 'model\_name' and 'model\_id' are directly concatenated into the filename without proper sanitation, which could potentially lead to an SQL Injection if these inputs are derived from user input.
BL: `'file_name' => $model->model . '.' . $model->model_id . '.' . $model->file_extension,`
BUG FOUND: YES

However, it's important to note that the actual risk depends on whether the 'model' and 'model\_id' attributes are derived from user input and if the application is vulnerable to SQL Injection in the first place. If the application has proper sanitation and input validation in place, the risk may be mitigated. Nonetheless, it's a good practice to sanitize and validate all inputs to ensure the security of the application.",buggy
4673," SE: The 'cc_number' from request.POST is directly used in an SQL query.
BL: `card = get_card(request, cc_number)` in `cc_number_view` function.
BUG FOUND: YES. This is a potential SQL Injection point as 'cc_number' is directly used in the SQL query without any sanitization.

SE: The 'cc_number' from request.POST is directly used in an SQL query.
BL: `row = request.db.execute(""select * from cards where cc_number = ?"", (cc_number.replace('-', ''),)).fetchone()` in `get_card` function.
BUG FOUND: YES. This is a potential SQL Injection point as 'cc_number' is directly used in the SQL query without any sanitization.

Note: The 'cc_number' variable is being sanitized by replacing hyphens with nothing, but it's still a potential SQL Injection point because other special characters that might be used in SQL injection attacks are not being handled.",not_buggy
324," SE: The 'requestData' array is directly used in the construction of a SQL query through the 'addSearchOptionsRecursively' function without proper sanitation.
BL: In the 'addSearchOptionsRecursively' function, the 'rule['data']' value is used in the 'like' and 'in' operations of the SQL query.
BUG FOUND: YES.

Explanation:
The 'requestData' array, which can be user-provided, is directly used in the construction of a SQL query through the 'addSearchOptionsRecursively' function without any sanitation. This could potentially lead to an SQL injection if the user-provided data is not properly sanitized before use. Specifically, the 'rule['data']' value is used in the 'like' and 'in' operations of the SQL query, which are both susceptible to SQL injection if the data is not sanitized.",buggy
320," SE: The 'username' and 'hashPassword(password)' are directly concatenated into an SQL query without proper sanitation, which could potentially lead to SQL Injection if the inputs are not properly escaped.
BL: `strQuery = ""SELECT * FROM adult WHERE username= '"" +connection.escape(username)+""'""` in `selectAdult(username, connection)` function,
`strQuery = ""SELECT * FROM adult WHERE username= '"" + connection.escape(username)+""'"" +""AND password= '"" + connection.escape(hashPassword(password))+""'""` in `validateAdult(username, password, connection)` function,
`strQuery = ""INSERT INTO adult VALUES('""+ connection.escape(firstName) +""', '""+ connection.escape(lastName) +""', '""+ connection.escape(username) +""', '""+ connection.escape(hashPassword(password)) +""', '""+ connection.escape(packNumber) +""', '""+ connection.escape(leaderType) +""', '""+ connection.escape(rankType) +""', '""+ connection.escape(phoneNumber) +""', 'NULL')""` in `insertAdult(firstName, lastName, username, password, packNumber, leaderType, rankType, phoneNumber, connection)` function.
BUG FOUND: YES.",not_buggy
4673," SE: The 'cc_number' from request.POST is directly used in an SQL query.
BL: `card = get_card(request, cc_number)` in the function `cc_number_view(request)`.
BUG FOUND: YES. This is a potential SQL Injection point as user input is directly used in the SQL query. It's recommended to use parameterized queries or prepared statements to avoid this issue.

Additionally, in the `save_withdraw(request, withdraw)` function, the 'withdraw' value from request.POST is directly used in an SQL query. This is another potential SQL Injection point.

SE: The 'withdraw' from request.POST is directly used in an SQL query.
BL: `request.db.execute(""update cards set balance = ? where id = ?"", (balance, card['id']))` and `request.db.execute(""insert into operations (card_id, operation_code, total) values (?, 'withdraw', ?)"", (card['id'], withdraw))` in the function `save_withdraw(request, withdraw)`.
BUG FOUND: YES. This is also a potential SQL Injection point.

Please ensure to use parameterized queries or prepared statements to mitigate this risk.",buggy
372," SE: The IP and user agent values are directly concatenated into SQL queries without proper sanitation, which may lead to SQL Injection.
BL: `$this->crawler_info = $this->dbhandle->query(""SELECT crawler_ip FROM crawlers WHERE crawler_ip='$ip' AND crawler_useragent='$useragent'"");`
BUG FOUND: YES

Additionally, the following line also has a potential SQL injection vulnerability:

SE: The IP and user agent values are directly concatenated into SQL queries without proper sanitation, which may lead to SQL Injection.
BL: `$this->dbhandle->query(""UPDATE crawlers SET last_seen = datetime('now','localtime'), num_hits=num_hits+1 WHERE crawler_ip='"" . $this->crawler_ip . ""' AND crawler_useragent='"" . $this->crawler_useragent . ""'"");`
BUG FOUND: YES

And the following line has a similar issue:

SE: The IP and user agent values are directly concatenated into SQL queries without proper sanitation, which may lead to SQL Injection.
BL: `$this->dbhandle->query(""INSERT INTO crawlers(crawler_ip, crawler_rdns, crawler_useragent, first_seen, last_seen, num_hits) VALUES('"" . $this->crawler_ip . ""', '$crawler_rdns', '"" . $this->crawler_useragent . ""', datetime('now','localtime'), datetime('now','localtime'), 1)"");`
BUG FOUND: YES

It is recommended to use prepared statements or parameterized queries to prevent SQL injection vulnerabilities.",buggy
351," SE: The 'packagesLike' is directly concatenated into the SQL query without proper sanitation, which could potentially lead to SQL Injection.
BL: `jdbcTemplate.query(query, (resultSet, i) -> { OraclePackage p = new OraclePackage(); p.setName(resultSet.getString(""object_name"")); p.setProcedureList(getAllProcedure(resultSet.getString(""object_name""), """")); return p; }, c.getPackagesLike());`
BUG FOUND: YES",not_buggy
8588," SE: The '$_REQUEST[""order""][0][""value""]' is directly used in the ORDER BY clause of the SQL query without proper sanitization.
BL: `$sOrder .= $aColumns[ $col ].' '.$_REQUEST[""order""][0][""dir""].', ';`
BUG FOUND: YES

SE: The '$_REQUEST['search'][""value""]' is directly used in the LIKE clause of the SQL query without proper sanitization.
BL: `$sWhere .= $aColumns[$i]."" LIKE '%"".pwg_db_real_escape_string( $_REQUEST['search'][""value""] ).""%' OR "";`
BL: `$sWhere = ""WHERE ("";`
BL: `$sWhere .= $aColumns[$i]."" LIKE '%"".pwg_db_real_escape_string($_REQUEST['columns'][$i]['search']['value']).""%' "";`
BUG FOUND: YES

Note: The function pwg_db_real_escape_string() seems to be a custom function for escaping SQL queries, but it's not clear if it can handle all possible edge cases for preventing SQL injection. It's recommended to use prepared statements or parameterized queries to ensure the safety of the SQL queries.",not_buggy
333," SE: The 'bin2hex($_GET['info_hash'])' and 'sha1($_GET['key'])' are directly concatenated into SQL queries without proper sanitation.
BL: mysql_query('INSERT INTO `peer` (`peer_id`, `user_agent`, `ip_address`, `key`, `port`) ... VALUES ('"" . mysql_real_escape_string(bin2hex($_GET['peer_id'])) . ""', ..., '"" . mysql_real_escape_string(sha1($_GET['key'])) . ""', ...) ...');
mysql_query(""INSERT INTO `torrent` (`hash`) VALUES ('"" . mysql_real_escape_string(bin2hex($_GET['info_hash'])) . ""') ..."");
BUG FOUND: YES
Explanation:
Although mysql_real_escape_string is used to sanitize the input, it is still possible to exploit SQL injection if the PHP script has a character encoding mismatch or when multi-byte characters are used. It is recommended to use prepared statements or parameterized queries to ensure the safety of the SQL queries.",not_buggy
351," SE: The 'packagesLike' parameter is directly concatenated into the SQL query without proper sanitation, which could potentially lead to SQL Injection.
BL: `String query = ""select object_name from user_objects where object_type = 'PACKAGE' and object_name like '"" + c.getPackagesLike() + ""'"";`
BUG FOUND: YES

SE: The 'packageName', 'procedureName' and 'overLoadNo' parameters are directly concatenated into the SQL query without proper sanitation, which could potentially lead to SQL Injection.
BL: `""Where nvl(t.package_name, '###') = nvl((?), '###')\n"" + "" And t.object_name = (?)\n"" + "" And nvl(t.overload, '###') = nvl(?, '###')\n""`
BUG FOUND: YES

SE: The 'packageName' parameter is directly concatenated into the SQL query without proper sanitation, which could potentially lead to SQL Injection.
BL: `""nvl(t.package_name, '###') = nvl((?), '###')\n""`
BUG FOUND: YES",buggy
307," SE: The 'filters' array is directly used in a where clause of an SQL query without proper sanitation.
BL: `$query->where($filter['field'], $filter['op'], $filter['data']);`
BUG FOUND: YES
Explanation:
This line of code is at risk of SQL Injection as it uses user-provided data ('filters' array) directly in the SQL query. It's recommended to use prepared statements or parameterized queries to ensure the safety of the application.",not_buggy
322," SE: The 'model\_name' and 'model\_id' are directly concatenated into the filename without proper sanitation, which could potentially lead to an SQL injection if these inputs are derived from user input.
BL: `$oUploadHandler = new UploadHandlerD2files(array('model_name' => $model_name, 'model_id' => (int)$model_id,));`
BUG FOUND: YES

SE: The 'model\_name' and 'model\_id' are directly concatenated into the filename without proper sanitation, which could potentially lead to an SQL injection if these inputs are derived from user input.
BL: `$oUploadHandler = new UploadHandlerD2files(array('model_name' => $model->model, 'model_id' => (int)$id, 'download_via_php' => TRUE, 'file_name' => $model->file_name,));`
BUG FOUND: YES

Note: These potential SQL injection vulnerabilities exist because the 'model\_name' and 'model\_id' inputs are being directly concatenated into the filename without proper sanitation. If these inputs are derived from user input, an attacker could potentially manipulate the input to execute malicious SQL queries. It is recommended to sanitize these inputs using a function like `mysql_real_escape_string()` or use prepared statements to avoid SQL injection attacks.",not_buggy
303," SE: The 'body' variable is directly used in the SQL query without proper sanitation, which could lead to an SQL Injection if it contains special elements.
BL: `stmt, err := tx.Prepare(""INSERT INTO messages(id, user_id, body, eventType, hidden_at, timestamp, image, link, title, subtitle) values(?, ?, ?, ?, ?, ?, ?, ?, ?, ?)""`
BUG FOUND: YES",not_buggy
8598," SE: The function does not use prepared statements or parameterized queries, instead it directly concatenates user input into the SQL query. This can lead to SQL Injection if the input is not properly sanitized.
BL: `$sql = ""SELECT * FROM plugin_cardwall_on_top_column_mapping_field_value WHERE cardwall_tracker_id = $cardwall_tracker_id"";`
BUG FOUND: YES

SE: The function does not use prepared statements or parameterized queries, instead it directly concatenates user input into the SQL query. This can lead to SQL Injection if the input is not properly sanitized.
BL: `$sql = ""REPLACE INTO plugin_cardwall_on_top_column_mapping_field_value (cardwall_tracker_id, tracker_id, field_id, value_id, column_id) VALUES ($cardwall_tracker_id, $tracker_id, $field_id, $value_id, $column_id)"";`
BUG FOUND: YES

SE: The function does not use prepared statements or parameterized queries, instead it directly concatenates user input into the SQL query. This can lead to SQL Injection if the input is not properly sanitized.
BL: `$sql = ""DELETE FROM plugin_cardwall_on_top_column_mapping_field_value WHERE cardwall_tracker_id = $cardwall_tracker_id AND column_id = $column_id"";`
BUG FOUND: YES

SE: The function does not use prepared statements or parameterized queries, instead it directly concatenates user input into the SQL query. This can lead to SQL Injection if the input is not properly sanitized.
BL: `$sql = ""DELETE FROM plugin_cardwall_on_top_column_mapping_field_value WHERE tracker_id = $tracker_id AND cardwall_tracker_id = $cardwall_tracker_id"";`
BUG FOUND: YES

SE: The function does not use prepared statements or parameterized queries, instead it directly concatenates user input into the SQL query. This can lead to SQL Injection if the input is not properly sanitized.
BL: `$sql = ""INSERT INTO plugin_cardwall_on_top_column_mapping_field_value (cardwall_tracker_id, tracker_id, field_id, value_id, column_id) SELECT $to_cardwall_tracker_id, $to_tracker_stmt, $to_field_stmt, $to_value_stmt, $to_column_stmt FROM plugin_cardwall_on_top_column_mapping_field_value WHERE cardwall_tracker_id = $from_cardwall_tracker_id"";`
BUG FOUND: YES",not_buggy
8635," SE: The 'condition' variable is directly concatenated into the SQL query without proper sanitation.
BL: `$condition = $this->condition . $conditionString;`
BUG FOUND: YES",buggy
325," SE: The '$_GET['comment_to_edit']' and '$_GET['comment_to_delete']' are directly used in SQL queries, which may lead to SQL Injection if these inputs are not properly sanitized.
BL: 1. `$author_id = get_comment_author_id_guestbook($_GET['comment_to_edit']);`
2. `delete_user_comment_guestbook($_GET['comment_to_delete']);`
3. `validate_user_comment_guestbook($_GET['comment_to_validate']);`
BUG FOUND: YES

Explanation:

The provided PHP code is using user-supplied data from the GET request directly in SQL queries, which is a potential security risk. The user inputs 'comment_to_edit', 'comment_to_delete', and 'comment_to_validate' are directly used in SQL queries without proper sanitization. This behavior can lead to SQL Injection attacks if the input is not validated and sanitized properly.

To mitigate this risk, you should use prepared statements or parameterized queries to ensure user input is always treated as literal data, not part of the SQL command. Additionally, always validate and sanitize user inputs before using them in any database queries or other sensitive operations.",buggy
8596," SE: The 'username' and 'access_host' variables are directly concatenated into SQL commands without proper sanitation, which could potentially lead to SQL Injection if these variables are derived from user input.
BL: `Database::query(""CREATE DATABASE `"" . $dbname . ""`"");`, `$stmt = Database::prepare(""CREATE USER '"" . $username . ""'@'"" . $access_host . ""' IDENTIFIED BY PASSWORD :password"");`, `$stmt = Database::prepare(""GRANT ALL ON `"" . $username . ""`.* TO :username@:host"");`, `$stmt = Database::prepare(""SET PASSWORD FOR :username@:host = :password"");`, `$stmt = Database::prepare(""ALTER USER :username@:host IDENTIFIED WITH mysql_native_password AS :password"");`, `$stmt = Database::prepare(""ALTER USER :username@:host IDENTIFIED BY :password"");`, `$host_res_stmt = Database::prepare(""SELECT `Host` FROM `mysql`.`user` WHERE `User` = :dbname"");`, `Database::pexecute($drop_stmt, array('dbname' => $dbname, 'host' => $host));`, `$stmt = Database::prepare('REVOKE ALL PRIVILEGES, GRANT OPTION FROM `' . $username . '`@`' . $host . '`');`
BUG FOUND: YES",buggy
317," SE: The ':uke_import_id', ':lat_ne', ':lat_sw', ':lon_ne', ':lon_sw', ':lat', and ':lon' parameters in the SQL queries are directly using user input from the 'conn.quote' method without proper escaping, which could potentially lead to SQL Injection if the input is not properly sanitized.
BL: Multiple lines in the 'by_news', 'by_location', 'by_frq_range', 'by_frq', and 'by_string' methods contain such usage.
BUG FOUND: YES",not_buggy
375," SE: The 'search' variable, which appears to be user-provided input, is passed to json_decode and then used in a SQL query without proper sanitation. This could potentially lead to an SQL Injection vulnerability if the user-provided input is not properly sanitized.
BL: `$search = json_decode($search); ... return implode("" AND "", $itemsSearch);`
BUG FOUND: YES.",buggy
8596," SE: The 'username' and 'access_host' variables are directly concatenated into SQL queries without proper sanitation.
BL: 1. `$stmt = Database::prepare(""CREATE USER '"" . $username . ""'@'"" . $access_host . ""' IDENTIFIED BY PASSWORD :password"");`
2. `$stmt = Database::prepare(""CREATE USER '"" . $username . ""'@'"" . $access_host . ""' IDENTIFIED WITH mysql_native_password AS :password"");`
3. `$stmt = Database::prepare(""CREATE USER '"" . $username . ""'@'"" . $access_host . ""' IDENTIFIED BY :password"");`
4. `$stmt = Database::prepare(""GRANT ALL ON `"" . $username . ""`.* TO :username@:host"");`
5. `$stmt = Database::prepare(""SET PASSWORD FOR :username@:host = :password"");`
6. `$stmt = Database::prepare(""SET PASSWORD FOR :username@:host = PASSWORD(:password)"");`
7. `$stmt = Database::prepare(""ALTER USER :username@:host IDENTIFIED WITH mysql_native_password AS :password"");`
8. `$stmt = Database::prepare(""ALTER USER :username@:host IDENTIFIED BY :password"");`
BUG FOUND: YES",not_buggy
307," SE: The 'filters' array is directly used in a where clause of an SQL query without proper sanitation.
BL: `$query->where($filter['field'], $filter['op'], $filter['data']);` in multiple places.
BUG FOUND: YES
Explanation:
This code is part of a repository interface and it contains a function called 'getTotalNumberOfRows' and another one called 'getRows'. Both of these functions are using the 'filters' array directly in SQL queries. This practice could lead to SQL Injection vulnerabilities if the 'filters' array contains user input that is not properly sanitized. The 'where' function used in these queries does not escape or sanitize the input values, so it's important to make sure that the 'filters' array is safe before using it in these queries.",buggy
303," SE: The 'body' variable, which appears to contain user-supplied input, is directly inserted into the SQL query without any sanitation or parameterization, making it susceptible to SQL injection attacks.
BL: `stmt, err := tx.Prepare(""INSERT INTO messages(id, user_id, body, eventType, hidden_at, timestamp, image, link, title, subtitle) values(?, ?, ?, ?, ?, ?, ?, ?, ?, ?)"")`, specifically the `stmt.Exec(id, userID, body, eventType, hidden, timestamp, image, link, title, subtitle)` line.
BUG FOUND: YES.",buggy
385," SE: The 'searchname' variable from user input is directly used in an SQL query without proper sanitization, which could potentially lead to SQL Injection.
BL: `if (isvaliduser($dbh, $searchname))`
BUG FOUND: YES

SE: The 'searchname' variable from user input is directly used in an SQL query without proper sanitization, which could potentially lead to SQL Injection.
BL: `$partial_list = partial_search($dbh, ""userid,username"", ""accounts"", ""username"", $searchname, ""username"");`
BUG FOUND: YES

SE: The 'searchname' variable from user input is directly used in an SQL query without proper sanitization, which could potentially lead to SQL Injection.
BL: `$searchnum = get_item($mydbh, ""userid"", ""accounts"", ""username"", $searchname);`
BUG FOUND: YES",buggy
8635," SE: The 'condition' variable is directly concatenated into the SQL query without proper sanitation, potentially allowing for SQL injection if 'condition' contains user input.
BL: `$condition = $this->condition . $conditionString;` (around line 234)
BUG FOUND: YES",not_buggy
402," SE: The 'getDataForQueryResource' function concatenates the 'data' variable into the SQL query without proper sanitation.
BL: `return ','.implode(',', $data).',';` in `getDataForQueryResource` function.
BUG FOUND: YES.",buggy
402," SE: The 'getDataForQueryResource' function concatenates the 'data' variable into an SQL WHERE clause without proper sanitation.
BL: `return ','.implode(',', $data).',';` in the `getDataForQueryResource` function.
BUG FOUND: YES.",not_buggy
407, SE: The ',not_buggy
385," SE: The 'searchname' variable from user input is directly used in an SQL query without proper sanitization, which could lead to SQL Injection.
BL: `if (isvaliduser($dbh, $searchname)) //if valid username, change to num`
BUG FOUND: YES

SE: The 'searchname' variable from user input is directly used in an SQL query without proper sanitization, which could lead to SQL Injection.
BL: `$partial_list = partial_search($dbh, ""userid,username"", ""accounts"", ""username"", $searchname, ""username"");`
BUG FOUND: YES

SE: The 'searchname' variable from user input is directly used in an SQL query without proper sanitization, which could lead to SQL Injection.
BL: `$q = Doctrine_Query::create()->from('Accounts a')->leftJoin('a.Plan p')->where('a.userid = ?', $searchname)->orderBy('p.id ASC');`
BUG FOUND: YES

Please note that the function 'get_item' and 'partial_search' might have sanitization implemented within them. If they do, then the above instances may not be bugs. However, based on the provided code, it's not possible to confirm this.",not_buggy
375," SE: The 'search' variable, which appears to be user-provided input, is passed directly into a Zend_Db_Expr object without proper sanitation. This could potentially lead to an SQL injection if the 'search' value contains malicious SQL code.
BL: `if ($val instanceof \Zend_Db_Expr) {`
`$itemsSearch[] = $val->__toString();`
`}`
BUG FOUND: YES
However, it's important to note that the code snippet provided only shows a small portion of the overall codebase. It's possible that the 'search' variable is properly sanitized elsewhere in the code before it reaches this point. Therefore, it's difficult to say for certain whether this is a true vulnerability without seeing the rest of the code.",not_buggy
8598," SE: The 'cardwall_tracker_id' is directly concatenated into SQL command without proper sanitation or parameterization, which could potentially lead to SQL Injection (CWE-89).
BL: `$sql = ""SELECT * FROM plugin_cardwall_on_top_column_mapping_field_value WHERE cardwall_tracker_id = $cardwall_tracker_id"";`
BUG FOUND: YES

SE: The 'cardwall_tracker_id', 'tracker_id', 'field_id', 'value_id', and 'column_id' are directly concatenated into SQL command without proper sanitation or parameterization, which could potentially lead to SQL Injection (CWE-89).
BL: `$sql = ""REPLACE INTO plugin_cardwall_on_top_column_mapping_field_value (cardwall_tracker_id, tracker_id, field_id, value_id, column_id) VALUES ($cardwall_tracker_id, $tracker_id, $field_id, $value_id, $column_id)"";`
BUG FOUND: YES

SE: The 'cardwall_tracker_id' and 'column_id' are directly concatenated into SQL command without proper sanitation or parameterization, which could potentially lead to SQL Injection (CWE-89).
BL: `$sql = ""DELETE FROM plugin_cardwall_on_top_column_mapping_field_value WHERE cardwall_tracker_id = $cardwall_tracker_id AND column_id = $column_id"";`
BUG FOUND: YES

SE: The 'cardwall_tracker_id', 'tracker_id', 'field_id', and 'column_id' are directly concatenated into SQL command without proper sanitation or parameterization, which could potentially lead to SQL Injection (CWE-89).
BL: `$sql = ""DELETE FROM plugin_cardwall_on_top_column_mapping_field_value WHERE tracker_id = $tracker_id AND cardwall_tracker_id = $cardwall_tracker_id"";`
BUG FOUND: YES

SE: The 'from_cardwall_tracker_id', 'to_cardwall_tracker_id', 'tracker_id', 'field_id', 'value_id', and 'column_id' are directly concatenated into SQL command without proper sanitation or parameterization, which could potentially lead to SQL Injection (CWE-89).
BL: `$sql = ""INSERT INTO plugin_cardwall_on_top_column_mapping_field_value (cardwall_tracker_id, tracker_id, field_id, value_id, column_id) SELECT $to_cardwall_tracker_id, $to_tracker_stmt, $to_field_stmt, $to_value_stmt, $to_column_stmt FROM plugin_cardwall_on_top_column_mapping_field_value WHERE cardwall_tracker_id = $from_card",buggy
405," SE: The 's' parameter in the URL is used directly in the SQL query without proper sanitization, which could potentially lead to SQL Injection (CWE-89).
BL: `$prepare = $this->db->prepare(""SELECT * FROM `{$this->tb_prefix}sms_subscribes` WHERE name LIKE %s OR mobile IN ({$metaValue})"", '%' . $this->db->esc_like($_GET['s']) . '%');`
BUG FOUND: YES

While the `$this->db->prepare()` function is used, it's not properly protecting against SQL Injection as the 's' parameter is not being sanitized before being used in the query. To fix this, sanitize the 's' parameter using `sanitize_text_field()` before using it in the query.",not_buggy
378," SE: The 'id' from GET request is directly used in an SQL query.
BL: `$wpdb->query('UPDATE `'.$wpdb->prefix.$this->table_messages.'` SET paid='.esc_sql($_GET[""status""]).' WHERE id='.$_GET['lu']);`
BUG FOUND: YES

SE: The 'id' from GET request is directly used in an SQL query.
BL: `$wpdb->query('DELETE FROM `'.$wpdb->prefix.$this->table_messages.'` WHERE id='.$_GET['ld']);`
BUG FOUND: YES

SE: The 'formid', 'time', 'ipaddr', 'notifyto', and 'data' are directly inserted with the data from GET request.
BL: `$wpdb->insert($wpdb->prefix.$this->table_messages, array( 'formid' => $this->item,'time' => $time,'ipaddr' => $ip,'notifyto' => $email,'data' => $formatted_data,'posted_data' => serialize($rowdata),));`
BUG FOUND: YES",buggy
4931," SE: The 'dsn' attribute is directly concatenated into the SQL query without sanitation.
BL: `proxy = cursor.execute(qs, query_data)`
BUG FOUND: YES",not_buggy
318," SE: The 'session' cookie value is directly used in an SQL query as an identifier without proper sanitation.
BL: `Settings::$sql->query(""delete from sio_session where id='"" . static::$session . ""'"");`
BUG FOUND: YES

SE: The 'session' cookie value is directly used in an SQL query as an identifier without proper sanitation.
BL: `Settings::$sql->query(""delete from sio_sessiondata where sid='"" . static::$session . ""'"");`
BUG FOUND: YES

SE: The 'session' cookie value is directly used in an SQL query as an identifier without proper sanitation.
BL: `Settings::$sql->query(""replace into sio_session set id='"" . static::$sqlsess . ""'"");`
BUG FOUND: YES

SE: The 'session' cookie value is directly used in an SQL query as an identifier without proper sanitation.
BL: `Settings::$sql->query(""replace into sio_sessiondata (sid,name,value,session) values ('"" . static::$sqlsess . ""','{$sqlnam}',{$value},{$sonly})"");`
BUG FOUND: YES

SE: The 'session' cookie value is directly used in an SQL query as an identifier without proper sanitation.
BL: `Settings::$sql->query(""delete sio_sessiondata from sio_sessiondata left join sio_session on sid=id where id is null"");`
BUG FOUND: YES

SE: The 'session' cookie value is directly used in an SQL query as an identifier without proper sanitation.
BL: `Settings::$sql->query(""delete from sio_sessiondata where sid='"" . static::$sqlsess . ""'"");`
BUG FOUND: YES

SE: The 'session' cookie value is directly used in an SQL query as an identifier without proper sanitation.
BL: `Settings::$sql->query(""replace into sio_session set id='"" . static::$sqlsess . ""'"");`
BUG FOUND: YES",buggy
325," SE: The '$_GET['comment_to_edit']' is directly used in a SQL query which may lead to SQL Injection.
BL: `check_input_parameter('comment_to_edit', $_GET, false, PATTERN_ID); $author_id = get_comment_author_id_guestbook($_GET['comment_to_edit']);`
BUG FOUND: YES

SE: The '$_GET['comment_to_delete']' is directly used in a SQL query which may lead to SQL Injection.
BL: `check_input_parameter('comment_to_delete', $_GET, false, PATTERN_ID); delete_user_comment_guestbook($_GET['comment_to_delete']);`
BUG FOUND: YES

SE: The '$_GET['comment_to_validate']' is directly used in a SQL query which may lead to SQL Injection.
BL: `check_input_parameter('comment_to_validate', $_GET, false, PATTERN_ID); validate_user_comment_guestbook($_GET['comment_to_validate']);`
BUG FOUND: YES

SE: The '$_GET['comment_id']' is directly used in a SQL query which may lead to SQL Injection.
BL: `if (isset($_GET['comment_id'])) { $where_clauses[] = 'com.id = '.pwg_db_real_escape_string($_GET['comment_id']); }`
BUG FOUND: YES",not_buggy
407," SE: The user input from GET parameters is directly used in an SQL query without proper sanitation, which may lead to SQL Injection.
BL: `mysqli_query($db_con, ""delete from departamentos where dni = '"".$_GET['dni_profe'].""'"");`
BUG FOUND: YES

Explanation:
The code is directly using the 'dni_profe' value from the GET parameter in the SQL query. If this value is not properly sanitized, it can lead to an SQL Injection vulnerability (CWE-89). An attacker can manipulate the 'dni_profe' value to inject malicious SQL code, which can result in unauthorized data access, modification, or deletion. To fix this issue, consider using prepared statements or parameterized queries to ensure the safe handling of user input in SQL queries.",buggy
405," SE: The 's' parameter in the URL is used directly in the SQL query without proper sanitization, which could potentially lead to SQL Injection (CWE-89).
BL: `$prepare = $this->db->prepare(""SELECT * from `{$this->tb_prefix}sms_subscribes` WHERE name LIKE %s OR mobile IN ({$metaValue})"", '%' . $this->db->esc_like($_GET['s']) . '%');`
BUG FOUND: YES

Explanation:
The 's' parameter from the URL is used in the SQL query using the `$this->db->prepare()` function, which is a good practice to prevent SQL Injection. However, the 's' parameter is not properly sanitized before being used in the query. Although the `esc_like()` function is used to escape the 's' parameter, it is still possible for an attacker to manipulate the 's' parameter to inject malicious SQL code. Therefore, it is recommended to use a proper sanitization function, such as `sanitize_text_field()`, before using the 's' parameter in the SQL query.",buggy
318," SE: The 'session' value from $_COOKIE is used in an SQL query without proper sanitation using the 'escape_string' method.
BL: `Settings::$sql->query(""delete from sio_session where id='"" . static::$session . ""'"");`
BUG FOUND: YES

SE: The 'session' value from $_COOKIE is used in an SQL query without proper sanitation using the 'escape_string' method.
BL: `Settings::$sql->query(""delete from sio_sessiondata where sid='"" . static::$session . ""'"");`
BUG FOUND: YES

SE: The 'session' value from $_COOKIE is used in an SQL query without proper sanitation using the 'escape_string' method.
BL: `Settings::$sql->query(""replace into sio_session set id='"" . static::$session . ""'"");`
BUG FOUND: YES

SE: The 'session' value from $_COOKIE is used in an SQL query without proper sanitation using the 'escape_string' method.
BL: `Settings::$sql->query(""delete sio_sessiondata from sio_sessiondata left join sio_session on sid=id where id is null"");`
BUG FOUND: YES

SE: The 'session' value from $_COOKIE is used in an SQL query without proper sanitation using the 'escape_string' method.
BL: `Settings::$sql->query(""replace into sio_sessiondata (sid,name,value,session) values ('"" . static::$sqlsess . ""','{$sqlnam}',{$value},{$sonly})"");`
BUG FOUND: YES

SE: The 'session' value from $_COOKIE is used in an SQL query without proper sanitation using the 'escape_string' method.
BL: `Settings::$sql->query(""delete from sio_sessiondata where sid='"" . static::$sqlsess . ""' and name='"" . $sqlname . ""'"");`
BUG FOUND: YES

SE: The 'session' value from $_COOKIE is used in an SQL query without proper sanitation using the 'escape_string' method.
BL: `Settings::$sql->query(""replace into sio_session set id='"" . static::$sqlsess . ""'"");`
BUG FOUND: YES",not_buggy
4931," SE: N/A
BL: N/A
BUG FOUND: NO

This code does not contain any line with a bug of type CWE-89 (Improper Neutralization of Special Elements used in an SQL Command ('SQL Injection')). The code is a Python module for creating SQLAlchemy-based database adapters and it does not have any user input that is directly concatenated into SQL queries without proper sanitation.",buggy
317," SE: The ':uke_import_id', ':lat_ne', ':lat_sw', ':lon_ne', ':lon_sw', ':lat', and ':lon' are being directly inserted into the SQL query string without any sanitation, which could potentially lead to an SQL Injection if these values are derived from user input.
BL: `sql.gsub!(':uke_import_id', @active_import.id.to_s)`, `sql.gsub!(':lat_ne', conn.quote_string(bounds_ne['lat'].to_s))`, `sql.gsub!(':lat_sw', conn.quote_string(bounds_sw['lat'].to_s))`, `sql.gsub!(':lon_ne', conn.quote_string(bounds_ne['lng'].to_s))`, `sql.gsub!(':lon_sw', conn.quote_string(bounds_sw['lng'].to_s))`, `sql.gsub!(':lat', conn.quote_string(@location.latitude.to_s))`, `sql.gsub!(':lon', conn.quote_string(@location.longitude.to_s))`
BUG FOUND: YES

Note: Although the 'conn.quote_string' method is used to sanitize the string inputs, it is still possible for an SQL Injection to occur if the 'conn' object is not properly configured or if an attacker is able to manipulate the 'conn' object. It is generally recommended to use parameterized queries or an ORM to prevent SQL Injection.",buggy
8916," SE: The 'language' parameter in the SQL query is directly concatenated without proper sanitation which may lead to SQL Injection.
BL: `WHERE i.language = ?'`, in the `const QUERY_BROWSE`
BUG FOUND: YES

Explanation:
The 'language' parameter in the SQL query is directly concatenated using the '?' placeholder. However, it'",buggy
378," SE: The 'id' from GET request is directly used in an SQL query without proper sanitization.
BL: `$wpdb->query('DELETE FROM `'.$wpdb->prefix.$this->table_messages.'` WHERE id='.$_GET['ld']);`
BUG FOUND: YES

SE: The 'formid', 'time', 'ipaddr', 'notifyto' from POST request are directly used in an SQL query without proper sanitization.
BL: `$wpdb->insert($wpdb->prefix.$this->table_messages, array('formid' => $this->item,'time' => $time,'ipaddr' => $ip,'notifyto' => $email,'data' => $formatted_data,'posted_data' => serialize($rowdata)));`
BUG FOUND: YES

SE: The 'cal' from GET request is directly used in an SQL query without proper sanitization.
BL: `$myform = $wpdb->get_results( 'SELECT * FROM '.$wpdb->prefix.$this->table_items .' WHERE id='.$this->item);`
BUG FOUND: YES

SE: The 'p' from GET request is directly used in an SQL query without proper sanitization.
BL: `$events = $wpdb->get_results( ""SELECT * FROM "".$wpdb->prefix.$this->table_messages."" WHERE 1=1 "".$cond."" ORDER BY `time` DESC"" );`
BUG FOUND: YES

Please note that there are other lines that may be vulnerable to other types of SQL injection attacks, such as those that concatenate user input into queries with no sanitization. However, the lines called out above are specifically vulnerable to CWE-89.",not_buggy
384," SE: The 'query' parameter is directly concatenated into the SQL condition without proper sanitation, which could lead to SQL Injection.
BL: `$searcherList->setCondition($condition);`
BUG FOUND: YES",buggy
305," SE: The 'pass' variable is directly concatenated into the SQL query without proper sanitation, which could lead to SQL Injection if 'pass' contains special elements.
BL: `if (db(""SELECT * FROM `"".$table.""` WHERE `pass` = '"".$pass.""' AND `id` = '"".$id.""';"", $c))`
BUG FOUND: YES",not_buggy
315," SE: The '$_GET['searchstring']' is directly concatenated into SQL query without proper sanitation, which may lead to SQL Injection (CWE-89).
BL: `$query = ""SELECT * FROM domain AS a WHERE domain_name LIKE '%"".$_GET['searchstring'].""%' AND "".$allowed_domains1.""') ORDER BY domain_name"";`
BUG FOUND: YES",buggy
393," SE: The 'type' and 'id' variables are directly concatenated into SQL command without proper sanitation, which could lead to SQL Injection.
BL: `$sql = ""SELECT id FROM scheduled_report_types WHERE identifier="".$db->escape($type);` and `$sql = ""SELECT * from scheduled_report_periods"";`, etc.
BUG FOUND: YES",buggy
393," SE: The 'type' and 'id' variables are directly concatenated into SQL query without proper sanitation.
BL: `$sql = ""SELECT id FROM scheduled_report_types WHERE identifier="".$db->escape($type);` and `$sql = ""SELECT * from scheduled_report_periods"";`, etc.
BUG FOUND: YES",not_buggy
8916," SE: The 'language' parameter in the SQL query is being set from user input without proper sanitation or parameterization, making it susceptible to SQL Injection.
BL: `WHERE i.language = ?'`);` in the `QUERY_BROWSE` constant.
BUG FOUND: YES

While there are functions in the code that interact with a database, none of them construct SQL queries by concatenating user input directly into the query string. The code uses parameterized queries or the database layer's built-in methods to ensure the safety of the queries. However, there is still a potential issue in the `QUERY_BROWSE` constant, where the 'language' parameter is set from user input without proper sanitation or parameterization. This could potentially lead to an SQL Injection vulnerability. It is recommended to use parameterized queries or prepared statements to ensure the safety of the query.",not_buggy
305," SE: The 'pass' parameter is directly concatenated into the SQL query without proper sanitation.
BL: `if (db(""SELECT * FROM "".$_SESSION['dbprefix'].""people WHERE pass = '"".$c->real_escape_string($pass).""' LIMIT 1"", $c))`
BUG FOUND: YES

Explanation:
The 'pass' parameter is being used in an SQL query directly, which makes it vulnerable to SQL Injection attacks. The code uses $c->real_escape_string() to sanitize the input, but it is not enough to prevent SQL injection attacks. To fix this issue, consider using prepared statements instead of directly concatenating user input into the SQL query.",buggy
384," SE: The 'query' parameter is directly concatenated into the SQL condition without proper sanitation, which could lead to SQL Injection.
BL: `$queryCondition = '( MATCH (`data`,`properties`) AGAINST (' . $db->quote($query) . ' IN BOOLEAN MODE) )';`
BUG FOUND: YES",not_buggy
379," SE: The 'lid' variable from user input is directly used in an SQL query without proper sanitization, which could lead to SQL Injection.
BL: `$q = ""select l.lid, l.cid, l.title, l.ext, l.res_x, l.res_y, l.bgcolor, l.status, l.members, l.date, l.hits, l.rating, l.votes, l.comments, l.submitter, t.description, l.gametype, l.license, l.classfile from "".$xoopsDB->prefix(""flashgames_games"")."" l, "".$xoopsDB->prefix(""flashgames_text"")."" t where l.lid=$lid and l.lid=t.lid and status>0""`
BUG FOUND: YES
Please note that this code is vulnerable to SQL Injection because the 'lid' variable is directly used in the SQL query. It's important to sanitize user inputs before using them in SQL queries to prevent potential security issues.",not_buggy
379," SE: The 'lid' variable from the URL is directly used in the SQL query without any sanitization.
BL: `$q = ""select l.lid, l.cid, l.title, l.ext, l.res_x, l.res_y, l.bgcolor, l.status, l.members, l.date, l.hits, l.rating, l.votes, l.comments, l.submitter, t.description, l.gametype, l.license, l.classfile from "".$xoopsDB->prefix(""flashgames_games"")."" l, "".$xoopsDB->prefix(""flashgames_text"")."" t where l.lid=$lid and l.lid=t.lid and status>0""`
BUG FOUND: YES

Additional Notes:
- The 'include_once(XOOPS_ROOT_PATH.""/class/xoopstree.php"");' line might be vulnerable to LFI (Local File Inclusion) if the XOOPS_ROOT_PATH constant is not set securely or can be manipulated by an attacker. However, this is not a SQL injection vulnerability, so I only mentioned the SQL injection issue in the output.",buggy
8566," SE: The 'queryParams' array is directly used in a SQL query without proper sanitization or escaping.
BL: `$this->db->queryPrepared($sql, $queryParams);` in the `readData()`, `save()`, and other methods.
BUG FOUND: YES",not_buggy
8535," SE: The 'courseListToAvoid' is constructed by directly concatenating the result of a query that uses user input ($_configuration) into the SQL query.
BL: `$courseListToAvoid = CourseManager::get_special_course_list();` in `getCoursesToAvoid()` function.
BUG FOUND: YES. Although the code does use Database::escape_string() in other places, it's still risky to directly concatenate user input into SQL queries. Prepared statements should be used instead to ensure SQL injection protection.",buggy
392," SE: The 'block_ip' is directly concatenated into an SQL query without proper sanitation, which could lead to SQL Injection.
BL: `$res = $GLOBALS['TYPO3_DB']->exec_SELECTquery('block_ip, COUNT(block_ip) as count', 'tx_mhhttpbl_blocklog', '', 'block_ip', $order);`
BUG FOUND: YES
Explanation:
The code is using user input ($_GP['block_ip']) directly in the ORDER BY clause of an SQL query, which could lead to SQL Injection if the user input is not properly sanitized. It's recommended to use parameterized queries or prepared statements to avoid SQL Injection vulnerabilities.",buggy
323," SE: The 'id' parameter from the URL is directly used in the SQL query without proper sanitization.
BL: `var query = connection.query('SELECT Section.id, Section.name AS secname, Section.description AS secdesc, Survey.title AS stitle, Survey.description AS sdesc, Survey.id AS sid, Survey.holder from Section,Survey WHERE Survey.sectionId=Section.id AND Section.status=1 AND Survey.status=1 AND sectionId=?', [id], function(err, rows, fields) {`
BUG FOUND: YES

Explanation:
Although the 'id' parameter is extracted from a route with a specific pattern (/:id), it still needs to be properly sanitized before using it in an SQL query to prevent SQL Injection attacks. In this case, the 'id' parameter is directly used in the 'sectionId=?' part of the query, which could be a security vulnerability if the input is not properly sanitized.",not_buggy
4627," SE: The 'nome' parameter in the stmtBuscarNome, stmtBuscarCPF, and stmtBuscarEmail queries is concatenated directly into the SQL command without proper sanitation, potentially allowing SQL Injection.
BL: 
- `stmtBuscarNome = ""select * from Cliente where nome like ""`
- `stmtBuscarCPF = ""select * from Cliente where cpf like ""`
- `stmtBuscarEmail = ""select * from Cliente where email like ""`
BUG FOUND: YES

Explanation:

These three query statements are vulnerable to SQL Injection because they concatenate user-provided input directly into the SQL command without proper sanitation. An attacker can potentially inject malicious SQL code into the 'nome', 'cpf', or 'email' parameters, which can lead to unauthorized access, data exposure, or manipulation of the database. To mitigate this risk, you should use prepared statements with parameterized queries to ensure that user input is always treated as literal values and never as part of the SQL command.",buggy
8611," SE: The 'taxonomy' parameter in the 'clause' array is directly concatenated into an SQL query without proper sanitization, which could potentially lead to an SQL Injection (CWE-89) if the 'taxonomy' value is user-supplied and not properly sanitized.
BL: `$where = ""$wpdb->term_taxonomy.taxonomy = $clause[taxonomy]""`
BUG FOUND: YES",not_buggy
304," SE: The 'query' parameter is directly concatenated into the SQL condition without proper sanitation, potentially leading to SQL Injection.
BL: `String condition = """"; for (int i = 0; i < keywords.length; i++) { if (condition.trim().length() == 0) { condition = "" content like '%"" + keywords[i] + ""%' ""; } else { condition += "" or content like '%"" + keywords[i] + ""%' ""; } }`
BUG FOUND: YES

Explanation:
The code constructs an SQL condition by concatenating user-provided input ('keywords') directly into the SQL query. This practice is vulnerable to SQL Injection attacks because an attacker can provide specially crafted input to manipulate the SQL query, leading to unauthorized access, data modification, or data extraction. To mitigate this risk, use prepared statements or parameterized queries to ensure user input is always treated as literal data, not part of the SQL command.",buggy
323," SE: The 'id' is directly concatenated into SQL query without proper parameterization or sanitization, which could lead to SQL Injection.
BL: `var sql ='SELECT Survey.id as sid, Survey.title AS stitle, Survey.description AS sdesc, Question.id AS qid, Item.id AS iid,question, item, Item.count AS icnt from Survey, Question, Item where Survey.id=' + id +' AND Survey.status=1 AND Question.status=1 AND Item.status=1 AND Question.surveyId=Survey.id AND Item.questionId=Question.id ORDER BY qid,iid;';`
BUG FOUND: YES

Explanation:
The 'id' variable is directly concatenated into the SQL query string, which makes the application vulnerable to SQL Injection attacks. An attacker could manipulate the 'id' value in the request to inject malicious SQL code. To mitigate this risk, use prepared statements or parameterized queries to ensure that user input is always treated as literal data, not part of the SQL command.",buggy
408," SE: The 'value' is directly concatenated into SQL query without sanitation which may lead to SQL Injection.
BL: `$sql = 'INSERT INTO ' . static::table_name() . ' ( ' . implode( ',', static::property_names() ) . ' ) ' . 'VALUES' . ' ( ' . implode( ',', array_map( array( $this, 'property_name_to_sql_value' ), static::property_names() ) ) . ' );' ;`
BUG FOUND: YES

SE: The 'value' is directly concatenated into SQL query without sanitation which may lead to SQL Injection.
BL: `$sql = 'DELETE FROM ' . static::table_name() . ' WHERE id = ' . $this->id;`
BUG FOUND: YES

SE: The 'value' is directly concatenated into SQL query without sanitation which may lead to SQL Injection.
BL: `$sql = 'UPDATE ' . static::table_name() . ' SET ' . implode( ',', array_map( array( $this, 'property_name_to_sql_update_statement' ), static::property_names() ) ) . ' WHERE id = ' . $this->id;`
BUG FOUND: YES",buggy
8545," SE: The 'page_uri' variable, which appears to contain user input, is used in an SQL query without proper sanitization.
BL: `$exist = $wpdb->get_row( ""SELECT `page_id` FROM `"" . DB::table( 'pages' ) . ""` WHERE `date` = '"" . TimeZone::getCurrentDate( 'Y-m-d' ) . ""' "" . ( array_key_exists( ""search_query"", $current_page ) === true ? ""AND `uri` = '"" . esc_sql( $page_uri ) . ""'"" : """" ) . ""AND `type` = '{$current_page['type']}' AND `id` = {$current_page['id']}"", ARRAY_A );`
BUG FOUND: YES

SE: The 'page_uri' variable, which appears to contain user input, is used in an SQL query without proper sanitization.
BL: `$wpdb->query( $wpdb->prepare( ""UPDATE `"" . DB::table( 'pages' ) . ""` SET `count` = `count` + 1 WHERE `date` = '"" . TimeZone::getCurrentDate( 'Y-m-d' ) . ""' "" . ( array_key_exists( ""search_query"", $current_page ) === true ? ""AND `uri` = '"" . esc_sql( $page_uri ) . ""'"" : """" ) . ""AND `type` = '{$current_page['type']}' AND `id` = %d"", $current_page['id'] ) );`
BUG FOUND: YES

SE: The 'page_uri' variable, which appears to contain user input, is used in an SQL query without proper sanitization.
BL: `$page_id = self::save_page( $pages );`
BUG FOUND: YES (This one is in the 'save_page' function, which is called on this line)

Note: The 'save_page' function contains the following line of code, which applies the 'esc_sql' function to the 'uri' value: `$pages = array( ..., 'uri' => esc_sql( $page_uri ), ... );`. However, this sanitization is not sufficient to prevent SQL injection, as it only escapes single quotes and not other SQL syntax. Therefore, the bug is still present.",not_buggy
309," SE: The 'profileid' variable is directly concatenated into the SQL query without proper parameterization, which could potentially lead to an SQL Injection vulnerability.
BL: `tx.nonquery(q % field[0], (field[1], profileid))` in the `update_profile` function.
BUG FOUND: YES.",not_buggy
8641," SE: The 'filter.where' object is directly concatenated into the SQL command without proper sanitation, potentially leading to SQL Injection.
BL: `const whereClause = this._buildWhere(model, where);`
BUG FOUND: YES",not_buggy
309," SE: The 'dindex' and 'ptype' parameters are directly concatenated into the SQL command without proper sanitation, which could potentially lead to an SQL Injection vulnerability (CWE-89).
BL: `tx.nonquery(""INSERT INTO gamestat_profile (profileid, dindex, ptype, data) VALUES(?,?,?,?)"", (profileid, dindex, ptype, data))`
BUG FOUND: YES",buggy
4155," SE: The 'req.params.shortname' is directly used in the SQL query without proper sanitization, potentially leading to SQL Injection.
BL: `connection.query('SELECT * FROM bi_posts where shortname = ' + connection.escape(req.params.shortname), function(err, rows) {`
BUG FOUND: YES

SE: The 'req.params.shortname' is directly used in the SQL query without proper sanitization, potentially leading to SQL Injection.
BL: `connection.query('SELECT * FROM bi_posts where category = ' + connection.escape(info.id) + ' order by time desc', function(err, rows) {`
BUG FOUND: YES

SE: The 'req.params.query' is directly used in the SQL query without proper sanitization, potentially leading to SQL Injection.
BL: `connection.query('select * from bi_posts where concat(title,content) like ""%'+ query +'%""', function(err, rows) {`
BUG FOUND: YES",buggy
304," SE: The 'query' parameter is directly concatenated into the SQL condition without proper sanitation, which may lead to SQL Injection.
BL: `String condition = """"; for (int i = 0; i < keywords.length; i++) { if (condition.trim().length() == 0) { condition = "" content like '%"" + keywords[i] + ""%' ""; } else { condition += "" or content like '%"" + keywords[i] + ""%' ""; } }`
BUG FOUND: YES",not_buggy
8641," SE: The 'filter.where' object is directly concatenated into the SQL command without proper sanitation, potentially leading to SQL Injection.
BL: `const whereClause = this._buildWhere(model, where);`
BUG FOUND: YES",buggy
8535," SE: The 'courseListToAvoid' is constructed by directly concatenating the result of a query that uses user input ($extraFieldType and $value) into the SQL query.
BL: `$courseListToAvoid = CourseManager::get_special_course_list();`
`$extraFieldType = ExtraField::COURSE_FIELD_TYPE;`
`$sql = ""SELECT item_id FROM $TABLE_COURSE_FIELD_VALUE tcfv`
`INNER JOIN $TABLE_COURSE_FIELD tcf`
`ON tcfv.field_id = tcf.id`
`WHERE tcf.extra_field_type = $extraFieldType AND tcf.variable = '$variable' AND tcfv.value = $value"";`
BUG FOUND: YES

SE: The 'courseToAvoidCondition' is constructed by directly concatenating the 'courseListToAvoid' array, which may contain user input, into the SQL query.
BL: `$courseListToAvoid = self::getCoursesToAvoid();`
`$condition = '';`
`if (!empty($courseListToAvoid)) {`
`$courses = [];`
`foreach ($courseListToAvoid as $courseId) {`
`$courses[] = '""'.$courseId.'""';`
`}`
`$condition = ' AND course.id NOT IN ('.implode(',', $courses).')';`
`}`
`$sql = ""SELECT count(course.id) FROM $tableCourse course`
`INNER JOIN $tableCourseRelAccessUrl u`
`ON (course.id = u.c_id)`
`WHERE u.access_url_id = $accessUrlId AND course.visibility != 0 AND course.visibility != 4 $courseToAvoidCondition $visibilityCondition"";`
BUG FOUND: YES",not_buggy
8611," SE: The 'taxonomy' parameter in the $query array is directly used in the SQL query without proper sanitization.
BL: `if ( ! taxonomy_exists( $query['taxonomy'] ) ) {`
BUG FOUND: YES

SE: The 'terms' parameter in the $query array is directly used in the SQL query without proper sanitization.
BL: `$children = array_merge( $children, get_term_children( $term, $query['taxonomy'] ) )`;
BL: `$query['terms'] = array_unique( (array) $query['terms'] );`
BL: `$query['terms'] = wp_list_pluck( $term_list, $resulting_field );`
BUG FOUND: YES

SE: The 'number' parameter in the $args array is directly used in the SQL query without proper sanitization.
BL: `'number' => 0,`
BUG FOUND: YES

SE: The 'include' parameter in the $args array is directly used in the SQL query without proper sanitization.
BL: `'include' => wp_parse_id_list( $terms ),`
BUG FOUND: YES",buggy
315," SE: The 'searchstring' from user input is directly concatenated into the SQL query without proper sanitation, potentially leading to SQL Injection.
BL: `$query = ""SELECT * FROM domain AS a WHERE domain_name LIKE '%"".addslashes($_GET['searchstring']).""%' AND "".$allowed_domains1.""') ORDER BY domain_name"";`
BUG FOUND: YES

SE: The 'searchstring' from user input is directly concatenated into the SQL query without proper sanitation, potentially leading to SQL Injection.
BL: `$query = ""SELECT DISTINCT a.username, a.domain_name FROM virtual as v, accountuser as a WHERE ((v.username LIKE '%"".addslashes($_GET['searchstring']).""%') OR (v.alias LIKE '%"".addslashes($_GET['searchstring']).""%')) AND (v.username=a.username) AND "".$allowed_domains1.""') ORDER BY username"";`
BUG FOUND: YES

SE: The 'searchstring' from user input is directly concatenated into the SQL query without proper sanitation, potentially leading to SQL Injection.
BL: `$query = ""SELECT DISTINCT a.* FROM virtual as v, accountuser as a WHERE ((v.username LIKE '%"".$_GET['searchstring'].""%') OR (v.alias LIKE '%"".addslashes($_GET['searchstring']).""%')) AND (v.username=a.username) AND "".$allowed_domains1.""') ORDER BY username"";`
BUG FOUND: YES

SE: The 'searchstring' from user input is directly concatenated into the SQL query without proper sanitation, potentially leading to SQL Injection.
BL: `$query3 = ""SELECT DISTINCT alias, username FROM virtual WHERE (((dest LIKE '%"".$_GET['searchstring'].""%') OR (alias LIKE '%"".$_GET['searchstring'].""%')) AND (dest <> username) AND (username<>'')) AND "".$allowed_domains3.""') ORDER BY username"";`
BUG FOUND: YES",not_buggy
312," SE: The 'os.environ[""METRICS_MYSQL_PWD""]' is directly used in the mysql.connector.connect() function which may lead to SQL Injection if the environment variable is not properly sanitized.
BL: `db_connection = mysql.connect(host=sql_host, user=""metrics"", passwd=metrics_mysql_password, database=""metrics"")`
BUG FOUND: YES. Although it's not very likely since it's an environment variable, there's still a chance of SQL Injection if the value is not properly sanitized.",not_buggy
312, SE:,buggy
8545," SE: The 'page_uri' variable, which appears to contain user input, is used in an SQL query without proper sanitization.
BL: `$exist = $wpdb->get_row( ""SELECT `page_id` FROM `"" . DB::table( 'pages' ) . ""` WHERE `date` = '"" . TimeZone::getCurrentDate( 'Y-m-d' ) . ""' "" . ( array_key_exists( ""search_query"", $current_page ) === true ? ""AND `uri` = '"" . $page_uri . ""'"" : """" ) . ""AND `type` = '{$current_page['type']}' AND `id` = {$current_page['id']}"", ARRAY_A );`
BUG FOUND: YES

SE: The 'page_uri' variable, which appears to contain user input, is used in an SQL query without proper sanitization.
BL: `$wpdb->query( $wpdb->prepare( ""UPDATE `"" . DB::table( 'pages' ) . ""` SET `count` = `count` + 1 WHERE `date` = '"" . TimeZone::getCurrentDate( 'Y-m-d' ) . ""' "" . ( array_key_exists( ""search_query"", $current_page ) === true ? ""AND `uri` = '"" . $page_uri . ""'"" : """" ) . ""AND `type` = '{$current_page['type']}' AND `id` = %d"", $current_page['id'] ) );`
BUG FOUND: YES

SE: The 'page_uri' variable, which appears to contain user input, is used in an SQL query without proper sanitization.
BL: `$page_id = $wpdb->insert_id;` (this is after an insert query using $page_uri)
BUG FOUND: YES

SE: The 'uri' parameter, which appears to be user-provided, is used in an SQL query without proper sanitization.
BL: `$result = $wpdb->get_results( ""SELECT `pages`.`uri`,`pages`.`id`,`pages`.`type`, SUM(`pages`.`count`) + IFNULL(`historical`.`value`, 0) AS `count_sum` FROM `"" . DB::table( 'pages' ) . ""` `pages` LEFT JOIN `"" . DB::table( 'historical' ) . ""` `historical` ON `pages`.`uri`=`historical`.`uri` AND `historical`.`category`='uri' GROUP BY `uri` ORDER BY `count_sum` DESC LIMIT "" . ( $args['paged'] - 1 ) * $args['per_page'] . "","" . $args['per_page'] );`
BUG FOUND: YES",buggy
408," SE: The 'value' is directly concatenated into SQL query without sanitation which may lead to SQL Injection.
BL: `$sql = 'INSERT INTO ' . static::table_name() . ' ( ' . implode( ',', static::property_names() ) . ' ) ' . 'VALUES' . ' ( ' . implode( ',', array_map( array( $this, 'property_name_to_sql_value' ), static::property_names() ) ) . ' );' ;`
BUG FOUND: YES

SE: The 'value' is directly used in SQL query without sanitation which may lead to SQL Injection.
BL: `$sql = 'DELETE FROM ' . static::table_name() . ' WHERE id = ' . $this->id;`
BUG FOUND: YES

SE: The 'property' is directly used in SQL query without sanitation which may lead to SQL Injection.
BL: `$rows = $wpdb->get_results( 'SELECT * FROM ' . static::table_name() . ' WHERE ' . $property . ' = \'' . $value . '\'' );`
BL: `$row = $wpdb->get_row( 'SELECT * FROM ' . static::table_name() . ' WHERE ' . $property . ' = ' . (int) $id );`
BL: `$query = $wpdb->prepare('SELECT * FROM ' . static::table_name() . ' WHERE ' . $property . ' = \'%s\' LIMIT 0,1', $value);`
BUG FOUND: YES for all three lines

SE: The 'where' is directly used in SQL query without sanitation which may lead to SQL Injection.
BL: `$rows = $wpdb->get_results( 'SELECT * FROM ' . static::table_name() . ' WHERE ' . $where );`
BL: `$row = $wpdb->get_row( 'SELECT * FROM ' . static::table_name() . ' WHERE ' . $where . ' LIMIT 0,1' );`
BUG FOUND: YES for both lines

Note: The function mysqli_real_escape_string() is used in one place but it's not a reliable method to prevent SQL injection. Using prepared statements with placeholders is the recommended way to prevent SQL injection.",not_buggy
4155," SE: The 'req.params.shortname' is directly used in the SQL query without proper sanitization, which could lead to SQL Injection.
BL: `connection.query('SELECT * FROM bi_posts where shortname = ' + connection.escape(req.params.shortname), function(err, rows) {`
BUG FOUND: YES

Explanation:
The code is constructing an SQL query by concatenating strings, including the user-provided input 'req.params.shortname'. This practice is risky as it can lead to SQL Injection if the input is not properly sanitized. In this case, the 'connection.escape' function is used, which is a good practice, but it might not cover all possible edge cases for SQL Injection. It's recommended to use parameterized queries or prepared statements to avoid SQL Injection vulnerabilities.",not_buggy
8633," SE: The 'lineageValue.String' is directly used in the SQL query without any sanitization, which could potentially lead to SQL Injection if 'lineageValue.String' is user-provided or user-controllable.
BL: `if lineageValue.String == """" || !lineageValue.Valid { ... if err := db.Raw(""SELECT lineage FROM states WHERE id = ?"", st.ID).Scan(&lineageValue).Error; err != nil { ...`
BUG FOUND: YES",buggy
4738," SE: The 'values' array contains user input which is directly used in the SQL query without proper sanitization.
BL: `try { $this->Database->insertObject($table, $values); }`
BUG FOUND: YES

SE: The 'values' array contains user input which is directly used in the SQL query without proper sanitization.
BL: `try { $this->Database->updateObject($table, $values, $key); }`
BUG FOUND: YES

SE: The 'values' array contains user input which is directly used in the SQL query without proper sanitization.
BL: `try { $this->Database->updateMultipleObjects($table, $ids, $values); }`
BUG FOUND: YES

SE: The 'id' variable contains user input which is directly used in the SQL query without proper sanitization.
BL: `$this->Database->deleteRow($table, $field, $id); }`
BUG FOUND: YES",not_buggy
392," SE: The 'block_ip' is directly concatenated into the SQL query without sanitation which may lead to SQL Injection.
BL: `$GLOBALS['TYPO3_DB']->exec_DELETEquery('tx_mhhttpbl_blocklog', 'block_ip = '.$GLOBALS['TYPO3_DB']->fullQuoteStr(t3lib_div::_GP('block_ip'), 'tx_mhhttpbl_blocklog'));`
BUG FOUND: YES

SE: The 'whitelist_ip' is directly concatenated into the SQL query without sanitation which may lead to SQL Injection.
BL: `$GLOBALS['TYPO3_DB']->exec_INSERTquery('tx_mhhttpbl_whitelist', array('cruser_id'=>$BE_USER->user['uid'], 'crdate'=>time(), 'tstamp'=>time(), 'whitelist_ip'=>$whitelist_ip));`
BUG FOUND: YES

SE: The 'whitelist_ip' is directly concatenated into the SQL query without sanitation which may lead to SQL Injection.
BL: `$GLOBALS['TYPO3_DB']->exec_DELETEquery('tx_mhhttpbl_whitelist', 'uid = '.intval(t3lib_div::_GP('delete')));`
BUG FOUND: YES

SE: The 'sort' and 'order' parameters are directly concatenated into the SQL query without sanitation which may lead to SQL Injection.
BL: `$order = $sort_param.' '.$order_param;`
BL: `$res = $GLOBALS['TYPO3_DB']->exec_SELECTquery('*', 'tx_mhhttpbl_whitelist', '', '', $order);`
BUG FOUND: YES

SE: The 'sort' and 'order' parameters are directly concatenated into the SQL query without sanitation which may lead to SQL Injection.
BL: `$order = $sort_param.' '.$order_param;`
BL: `$res = $GLOBALS['TYPO3_DB']->exec_SELECTquery('block_ip, COUNT(block_ip) as count', 'tx_mhhttpbl_blocklog', '', 'block_ip', $order);`
BUG FOUND: YES",not_buggy
8633," SE: The 'lineageValue.String' is directly used in the SQL query without proper escaping or sanitization, potentially leading to an SQL Injection vulnerability (CWE-89).
BL: `if lineageValue.String == """" || !lineageValue.Valid { ... err := db.Raw(""SELECT lineage FROM states WHERE id = ?"", st.ID).Scan(&lineageValue).Error; ... }`
BUG FOUND: YES",not_buggy
4738," SE: The 'values' array contains user input which is directly used in the SQL query without proper sanitization.
BL: `try { $this->Database->insertObject($table, $values); }`
BUG FOUND: YES

SE: The 'values' array contains user input which is directly used in the SQL query without proper sanitization.
BL: `try { $this->Database->updateObject($table, $values, $key); }`
BUG FOUND: YES

SE: The 'values' array contains user input which is directly used in the SQL query without proper sanitization.
BL: `try { $this->Database->updateMultipleObjects($table, $ids, $values); }`
BUG FOUND: YES

SE: The 'id' variable contains user input which is directly used in the SQL query without proper sanitization.
BL: `$this->Database->deleteRow($table, $field, $id); }`
BUG FOUND: YES",buggy
360," SE: The 'repository' variable is directly concatenated into SQL query without proper sanitation, which may lead to SQL Injection.
BL: `cursor.execute(""SELECT id, type, replace(url, '%OWNER%', %s) FROM portrepositories WHERE id = %s AND ( username = %s OR username IS NULL )"", ( req.authname, self.repository, self.owner ))`
BUG FOUND: YES",buggy
8629," SE: The 'filterJson' is directly used in the getFilterCondition() function without proper sanitization, which could potentially lead to SQL Injection if the input is not properly escaped or validated.
BL: `$conditionFilters[] = $this->getFilterCondition($filterJson, $class, $tablePrefix ? $tablePrefix . '.' : null);` in the getFilterCondition() function.
BUG FOUND: YES.",buggy
352," SE: The 'fields' variable is being directly concatenated into the SQL query without proper sanitization, which may lead to SQL Injection if 'fields' contains user input.
BL: `return ""SELECT "" . $this->processFields();`
BUG FOUND: YES",not_buggy
360," SE: The 'repository' variable is directly concatenated into the SQL query without proper sanitation, which may lead to SQL Injection if 'repository' is user-provided input.
BL: `cursor.execute(""SELECT id, type, replace(url, '%OWNER%', %s) FROM portrepositories WHERE id = %s AND ( username = %s OR username IS NULL )"", ( req.authname, self.repository, self.owner ))`
BUG FOUND: YES",not_buggy
8566," SE: The 'readData' function constructs an SQL query using user-provided parameters without proper sanitation, potentially leading to SQL Injection.
BL: `$sql = 'DELETE FROM '.$this->tableName.' WHERE '.$this->keyColumnName.' = ? -- $this->dbColumns[$this->keyColumnName]';`
BUG FOUND: YES

SE: The 'readDataByColumns' function constructs an SQL query using user-provided parameters without proper sanitation, potentially leading to SQL Injection.
BL: `$sqlWhereCondition .= ' AND ' . $columnName . ' = \'' . $columnValue . '\' ';`
BUG FOUND: YES

SE: The 'readDataById' function calls 'readData' function with a potentially unsafe SQL query constructed from user-provided parameters, potentially leading to SQL Injection.
BL: (same as in 'readData')
BUG FOUND: YES

SE: The 'save' function constructs an SQL query using user-provided parameters without proper sanitation, potentially leading to SQL Injection.
BL: (multiple places, e.g.,) `$sql = 'INSERT INTO '.$this->tableName.' ('.implode(',', $sqlFieldArray).') VALUES ('.replaceValuesArrWithQM($sqlFieldArray).')';`
BUG FOUND: YES

SE: The 'setArray' function might use an unsanitized array of data, potentially leading to SQL Injection if used improperly.
BL: `foreach ($fieldArray as $field => $value) { $this->dbColumns[$field] = $value; $this->columnsInfos[$field]['changed'] = false; }`
BUG FOUND: YES

SE: The 'setValue' function might use an unsanitized 'newValue' parameter, potentially leading to SQL Injection if used improperly.
BL: `$this->dbColumns[$columnName] = $newValue;`
BUG FOUND: YES",buggy
8544," SE: The `$sefPath` is directly concatenated into SQL query without proper sanitation.
BL: `$section = $db->selectObject('section', ""sef_name='"".$sefPath.""'"");`
BUG FOUND: YES",not_buggy
374," SE: The 'auth' is directly concatenated into SQL query without proper sanitation which may lead to SQL Injection.
BL: `$token=KapostPreviewToken::get()->filter('Code', Convert::raw2sql($auth))->first();`
BUG FOUND: YES",not_buggy
4627," SE: The 'nome' parameter in the 'stmtBuscarNomeCliente' and 'stmtBuscarNomeFuncionario' queries is vulnerable to SQL Injection as it is directly concatenated with the wildcard characters.
BL: `stmt = con.prepareStatement(stmtBuscarNomeCliente); stmt.setString(1,nome);` and `stmt = con.prepareStatement(stmtBuscarNomeFuncionario); stmt.setString(1,nome);`
BUG FOUND: YES

SE: The 'cpf' parameter in the 'stmtBuscarCPFCliente' and 'stmtBuscarCPFFuncionario' queries is vulnerable to SQL Injection as it is directly concatenated with the wildcard characters.
BL: `stmt = con.prepareStatement(stmtBuscarCPFCliente); stmt.setString(1, cpf);` and `stmt = con.prepareStatement(stmtBuscarCPFFuncionario); stmt.setString(1, cpf);`
BUG FOUND: YES

SE: The 'email' parameter in the 'stmtBuscarEmailCliente' and 'stmtBuscarEmailFuncionario' queries is vulnerable to SQL Injection as it is directly concatenated with the wildcard characters.
BL: `stmt = con.prepareStatement(stmtBuscarEmailCliente); stmt.setString(1,email);` and `stmt = con.prepareStatement(stmtBuscarEmailFuncionario); stmt.setString(1,email);`
BUG FOUND: YES

SE: The 'email' parameter in the 'stmtBuscarEmailExato' query is vulnerable to SQL Injection.
BL: `stmt = con.prepareStatement(stmtBuscarEmailExato); stmt.setString(1, email);`
BUG FOUND: YES

Note: The 'stmtBuscarNomeFuncionario', 'stmtBuscarCPFFuncionario', 'stmtBuscarEmailFuncionario', and 'stmtBuscarEmailExato' queries are also used in other methods with similar direct concatenation, so they are also vulnerable to SQL Injection.",not_buggy
352," SE: The 'fields' variable is being directly concatenated into the SQL query without proper sanitization, which may lead to SQL Injection if the 'fields' variable is user-supplied.
BL: `return ""SELECT "" . $this->processFields();`
BUG FOUND: YES",buggy
8629," SE: The 'filterJson' is directly used in the 'getFilterCondition' method without proper sanitation, which could potentially lead to SQL Injection if 'filterJson' contains malicious SQL code.
BL: `$conditionFilters[] = $this->getFilterCondition($requestParams['filter'], $class, $tablePrefix ? $tablePrefix . '.' : null);` in 'getFilterCondition' method.
BUG FOUND: YES.",not_buggy
8572," SE: The 'task_id' is directly concatenated into an SQL query without sanitation, which may lead to SQL Injection.
BL: `await adapter.unsafeSqlQuery('tag_assignments', `SELECT * FROM tag_assignments WHERE task_id = '${task_id}'`),`
BUG FOUND: YES",not_buggy
8544," SE: The 'params' array contains user input which is directly used in an SQL query without proper sanitation.
BL: `$section = $db->selectObject('section', ""sef_name='"" . $url_name . ""'"");`
BUG FOUND: YES",buggy
398," SE: The 'filterJson' is directly concatenated into the SQL query without proper sanitation, potentially allowing for SQL Injection.
BL: `$conditionFilters[] = $this->getFilterCondition($requestParams['filter'], $class, $list->getDao()->getTableName());`
BUG FOUND: YES",not_buggy
374," SE: The 'username' and 'password' are directly concatenated into SQL query without parameterization or sanitation in the authenticate() function.
BL: `$member=$authenticator::authenticate(array( $this->config()->authenticator_username_field=>$username, 'Password'=>$password ));`
BUG FOUND: YES

Please note that this is a partial analysis of the provided code. The rest of the code does not contain any instances of CWE-89 (Improper Neutralization of Special Elements used in an SQL Command ('SQL Injection')). However, the authentication function does have a potential SQL injection vulnerability. It's recommended to use prepared statements or parameterized queries to avoid SQL injection attacks.",buggy
8917," SE: The SQL queries are using user input directly in the query without any sanitation, which could lead to SQL Injection.
BL: Multiple lines in the code contain SQL queries that are vulnerable. For example, `self::QUERY_DATAGRID_BROWSE`, `self::QUERY_DATAGRID_BROWSE_FOR_CATEGORY`, etc.
BUG FOUND: YES",not_buggy
400," SE: The 'id_product' is being concatenated directly into the SQL query without proper sanitization, potentially leading to SQL Injection.
BL: `$qb->where('p.id_product = :productId')`
BUG FOUND: YES

Please note that this is a part of the code and there are many other places where 'id_product' is used in a similar way. The whole file should be checked for potential SQL Injection vulnerabilities.",not_buggy
8572," SE: The 'schemaMigrations' function is directly concatenated into SQL command without sanitation.
BL: `adapterWithRealMigrations = migrations => adapterWithMigrations(schemaMigrations({ migrations }))`
BUG FOUND: YES",buggy
8606," SE: The 'db_ei' function is used to directly insert the $_branch, $_commit_id, and $_commiter variables into the SQL query without proper sanitization, which may lead to an SQL Injection vulnerability (CWE-89).
BL: `$branch_str = ""AND cvs_checkins.branchid="" . db_ei($_branch);`
BUG FOUND: YES",buggy
400," SE: The 'productId' is directly concatenated into SQL query without proper sanitation, potentially leading to SQL Injection.
BL: `$qb = $this->connection->createQueryBuilder();
        $qb
            ->select('id_shop')
            ->from($this->dbPrefix . 'product_shop')
            ->where('id_product = :productId')
            ->setParameter('productId', $productId->getValue())`
BUG FOUND: YES",buggy
387," SE: The '$_POST[""name""]', '$_POST[""email""]', '$_POST[""phone""]', and '$_POST[""question""]' variables are directly concatenated into SQL query without sanitation.
BL: `$rows_affected = $wpdb->insert( DEX_APPOINTMENTS_TABLE_NAME, array( 'time' => current_time('mysql'), 'booked_time' => $_POST[""Date""], 'name' => $_POST[""name""], 'email' => $_POST[""email""], 'phone' => $_POST[""phone""], 'question' => $_POST[""question""], 'buffered_date' => $_POST[""dateAndTime""] ) );`
BUG FOUND: YES

Explanation:
The code is directly using user inputs '$_POST[""name""]', '$_POST[""email""]', '$_POST[""phone""]', and '$_POST[""question""]' in the SQL query. If these inputs are not properly sanitized, it can lead to an SQL Injection vulnerability (CWE-89). It's recommended to use prepared statements or sanitize the inputs using the wpdb::escape() function before using them in the query.",not_buggy
8606," SE: The SQL query constructs its WHERE clause by directly concatenating user input ($_branch, $_commit\_id, $_commiter, $_srch) without any sanitization. This could potentially lead to an SQL Injection if the input is not properly escaped.

BL: `$branch_str = ''; if ($_branch != 100) { //for open tasks, add status=100 to make sure we show all $branch_str = ""AND cvs_checkins.branchid="" . db_ei($_branch); }`

BUG FOUND: YES",not_buggy
388," SE: The 'widget_id' and 'maintype' are directly concatenated into the SQL query without proper sanitization, making it susceptible to SQL Injection.
BL: $query = ""INSERT INTO "" . $this->dbtable . "" (widget_id, maintype, name, value) VALUES ('"" . esc_sql($widget_id) . ""', '"" . esc_sql($maintype) . ""', '"" . esc_sql($name) . ""', '"" . esc_sql($date) . ""')"";
BUG FOUND: YES",not_buggy
8638," SE: The 'id' is directly used in an SQL query without proper sanitation, which could potentially lead to SQL Injection.
BL: `echo $this->leaves_model->individual($id, $start, $end);` in the 'individual' function.
BUG FOUND: YES",not_buggy
387," SE: The 'calid' variable is directly used in the SQL query without proper sanitization.
BL: `$calid = str_replace (TDE_APP_CAL_PREFIX, """",$_GET[""id""]); $wpdb->query(""update TDE_APP_CONFIG set TDE_APP_CONFIG_WORKINGDATES='"".$_POST[""workingDates""].""',TDE_APP_CONFIG_RESTRICTEDDATES='"".$_POST[""restrictedDates""].""',TDE_APP_CONFIG_TIMEWORKINGDATES0='"".$_POST[""timeWorkingDates0""].""',TDE_APP_CONFIG_TIMEWORKINGDATES1='"".$_POST[""timeWorkingDates1""].""',TDE_APP_CONFIG_TIMEWORKINGDATES2='"".$_POST[""timeWorkingDates2""].""',TDE_APP_CONFIG_TIMEWORKINGDATES3='"".$_POST[""timeWorkingDates3""].""',TDE_APP_CONFIG_TIMEWORKINGDATES4='"".$_POST[""timeWorkingDates4""].""',TDE_APP_CONFIG_TIMEWORKINGDATES5='"".$_POST[""timeWorkingDates5""].""',TDE_APP_CONFIG_TIMEWORKINGDATES6='"".$_POST[""timeWorkingDates6""].""' where TDE_APP_CONFIG_ID="".$calid);`
BUG FOUND: YES",buggy
8512," SE: The 'search_lastname' is directly concatenated into SQL query without parameterization or sanitation, making it vulnerable to SQL Injection.
BL: `$sql.= "" AND d.lastname like '%"".$db->escape($search_lastname).""%'"";`
BUG FOUND: YES",buggy
8541," SE: The 'encounter', 'pid', and other parameters are directly concatenated into the SQL query without proper sanitation, which could potentially lead to SQL Injection.
BL: `$query = ""SELECT * FROM documents where encounter_id=? and foreign_id=? and url like ?""; $doc = sqlQuery($query, array($encounter,$pid,'%'.$filename.'%' ));`
BUG FOUND: YES

SE: The 'from_id', 'to_id', 'patient_id', and 'enc' parameters are directly concatenated into the SQL query without proper sanitation, which could potentially lead to SQL Injection.
BL: `$query = ""SELECT * FROM users WHERE id=?""; $to_data = sqlQuery($query, array($to_id));`
BUG FOUND: YES

SE: The 'from_id', 'to_id', 'patient_id', and 'enc' parameters are directly concatenated into the SQL query without proper sanitation, which could potentially lead to SQL Injection.
BL: `$query = ""SELECT * FROM users WHERE id=?""; $from_data = sqlQuery($query, array($from_id));`
BUG FOUND: YES

SE: The 'pid' parameter is directly concatenated into the SQL query without proper sanitation, which could potentially lead to SQL Injection.
BL: `$query = ""SELECT * FROM patient_data where pid=?""; $patientData = sqlQuery($query, array($task['PATIENT_ID']));`
BUG FOUND: YES

SE: The 'id' parameter is directly concatenated into the SQL query without proper sanitation, which could potentially lead to SQL Injection.
BL: `$query = ""SELECT * FROM forms,form_encounter,form_eye_base, form_eye_hpi,form_eye_ros,form_eye_vitals, form_eye_acuity,form_eye_refraction,form_eye_biometrics, form_eye_external, form_eye_antseg,form_eye_postseg, form_eye_neuro,form_eye_locking where forms.deleted != '1' and forms.formdir='eye_mag' and forms.encounter=form_encounter.encounter and forms.form_id=form_eye_base.id and forms.form_id=form_eye_hpi.id and forms.form_id=form_eye_ros.id and forms.form_id=form_eye_vitals.id and forms.form_id=form_eye_acuity.id and forms.form_id=form_eye_refraction.id and forms.form_id=form_eye_biometrics.id and forms.form_id=form_eye_external.id and forms.form_id=form_eye_antseg.id and forms.form_id=form_eye_postseg.id and forms.form_id=form_eye_ne",buggy
388," SE: The variable $result is directly concatenated into the SQL query without proper sanitization, making it vulnerable to SQL Injection.
BL: `$result = $this->wpdb->get_var($query);`
BUG FOUND: YES

Explanation:
The variable $result is directly used in the SQL query in the get_var() method of the $wpdb object. If $result contains user input that is not properly sanitized, it can lead to an SQL Injection vulnerability. It is recommended to use the $wpdb->prepare() method to properly sanitize the query before executing it.",buggy
8512," SE: The 'search_ref' is directly concatenated into SQL query without parameterization or sanitation, making it vulnerable to SQL Injection attacks.
BL: `$sql = ""SELECT d.rowid, d.login, d.lastname, d.firstname, d.societe as company, d.fk_soc,"";` (line 76)
BUG FOUND: YES",not_buggy
8541," SE: The 'encounter', 'pid', and 'doc_id' variables are directly concatenated into the SQL query without proper sanitation, which could potentially lead to an SQL Injection vulnerability (CWE-89).
BL: `$query = ""SELECT * FROM documents where encounter_id=? and foreign_id=? and url like ?""; $doc = sqlQuery($query, array($encounter,$pid,'%'.$filename.'%' ));`
BUG FOUND: YES

SE: The 'from_id', 'to_id', 'patient_id', 'doc_type', and 'enc' variables are directly concatenated into the SQL query without proper sanitation, which could potentially lead to an SQL Injection vulnerability (CWE-89).
BL: `$sql = ""SELECT * from form_taskman where FROM_ID=? and TO_ID=? and PATIENT_ID=? and ENC_ID=?""; $task = sqlQuery($sql, array($from_id,$to_id,$patient_id,$enc));`
BUG FOUND: YES

SE: The 'from_id', 'to_id', 'patient_id', 'doc_type', and 'doc_id' variables are directly concatenated into the SQL query without proper sanitation, which could potentially lead to an SQL Injection vulnerability (CWE-89).
BL: `$sql = ""INSERT into form_taskman (REQ_DATE, FROM_ID, TO_ID, PATIENT_ID, DOC_TYPE, DOC_ID, ENC_ID) VALUES (NOW(), ?, ?, ?, ?, ?, ?)""; sqlQuery($sql, array($from_id, $to_id, $patient_id, $doc_type, $doc_id, $enc));`
BUG FOUND: YES

SE: The 'ID', 'DOC_ID', and 'value' variables are directly concatenated into the SQL query without proper sanitation, which could potentially lead to an SQL Injection vulnerability (CWE-89).
BL: `$sql = ""UPDATE form_taskman set DOC_ID=?,COMPLETED =?,COMPLETED_DATE=NOW(),COMMENT=concat(COMMENT,'Completed: ', NOW(),'\n') where ID=?""; sqlQuery($sql, array($task['DOC_ID'],$value,$task['ID']));`
BUG FOUND: YES

SE: The 'from_fax', 'to_fax', 'email_sender', 'file_to_attach', and 'file_name' variables are directly concatenated into the email without proper sanitation, which could potentially lead to an email injection vulnerability. However, this is not an SQL Injection vulnerability (CWE-89).
BL: This section does not contain any SQL queries, so it is not relevant to the requested check for SQL Injection vulnerabilities.
BUG FOUND: NO (for SQL Injection vulnerabilities)",not_buggy
398," SE: The 'filterJson' is directly concatenated into the SQL query without proper sanitation, which could lead to SQL Injection.
BL: `$conditionFilters[] = $this->getFilterCondition($requestParams['filter'], $class, $list->getDao()->getTableName());`
BUG FOUND: YES

Explanation:

The 'filterJson' variable is passed directly into the 'getFilterCondition' method, which then concatenates it into the SQL query using the 'addConditionParam' method. If the 'filterJson' variable contains user input that is not properly sanitized, it could lead to an SQL Injection vulnerability.

To prevent this, the 'filterJson' variable should be properly sanitized before being passed to the 'getFilterCondition' method. This can be done using prepared statements or by using a library that provides proper sanitization functions. Additionally, the 'getFilterCondition' method should be updated to accept prepared statements or sanitized input instead of directly concatenating user input into the SQL query.",buggy
4767," SE: The code does not contain any line that may contain a bug of type CWE-89 (Improper Neutralization of Special Elements used in an SQL Command ('SQL Injection')). The code uses the $wpdb->prepare() function for SQL queries which helps prevent SQL injection attacks.

BL: none

BUG FOUND: NO",not_buggy
8591," SE: The 'title' and 'change' values from $_POST are directly concatenated into the SQL query without proper sanitation, potentially allowing for SQL Injection.
BL: `$this->Event->Attribute->saveAll($attributes);` (this line is within a larger function)
BUG FOUND: YES",not_buggy
8575," SE: The 'id_product' and 'id_product_attribute' are directly concatenated into the SQL query without proper sanitation, which could potentially lead to an SQL Injection if these inputs are not properly validated and sanitized.
BL: `$query->where('id_product = ' . (int) $id_product);` and `$query->where('id_product_attribute = ' . (int) $id_product_attribute);`
BUG FOUND: YES

SE: The 'id_shop' is directly concatenated into the SQL query without proper sanitation, which could potentially lead to an SQL Injection if this input is not properly validated and sanitized.
BL: `$query->where('id_shop = ' . (int) $id_shop);`
BUG FOUND: YES

SE: The 'id_shop_group' is directly concatenated into the SQL query without proper sanitation, which could potentially lead to an SQL Injection if this input is not properly validated and sanitized.
BL: `$query->where('id_shop_group = ' . (int) $id_shop_group);`
BUG FOUND: YES

Note: These potential SQL Injection vulnerabilities can be mitigated by properly validating and sanitizing the inputs before concatenating them into the SQL query. It is recommended to use prepared statements or parameterized queries to ensure the safety of the application.",not_buggy
4749," SE: The 'edcal_startDate' and 'edcal_endDate' variables are used in the SQL query but are obtained from user input through GET request without proper sanitization.
BL: `add_filter( 'posts_where', array(&$this, 'edcal_filter_where' ));` (in the 'edcal_posts()' function)
BUG FOUND: YES",buggy
386," SE: The 'object_id' is directly concatenated into the SQL query without proper sanitation, potentially leading to SQL Injection.
BL: `$sql = sprintf(""INSERT INTO `%s` (`id`, `name`, `description`) VALUES ('','%s',NULL)"", TABLE_PREFIX.'event', $eType);`
BUG FOUND: YES

Explanation:
The function 'autoCreateTable()' in the provided code contains a SQL query that is vulnerable to SQL Injection. The 'eType' variable is directly inserted into the SQL query using sprintf() without proper sanitation. If an attacker can control the 'eType' variable, they could potentially inject malicious SQL code, leading to unauthorized access or data manipulation. To fix this issue, use prepared statements or parameterized queries to ensure the safe handling of user input in SQL queries.",buggy
8638," SE: The 'id' is directly used in an SQL query in the 'individual' function without proper sanitation.
BL: `echo $this->leaves_model->individual($id, $start, $end);` in the 'individual' function.
BUG FOUND: YES

SE: The 'list_id' is directly used in an SQL query in the 'listEvents' function without proper sanitation.
BL: `echo $this->leaves_model->getListRequest($list_id, $start, $end, $statuses);` in the 'listEvents' function.
BUG FOUND: YES

SE: The 'entity_id' is directly used in an SQL query in the 'organization' function without proper sanitation.
BL: `echo $this->leaves_model->department($entity_id, $start, $end, $children, $statuses);` in the 'organization' function.
BUG FOUND: YES

The rest of the code does not show any instances of 'user_input' being directly concatenated into SQL commands, so they are not susceptible to SQL Injection attacks. However, it is still important to use prepared statements or parameterized queries to ensure the security of your application.",buggy
386," SE: The 'object_id' and 'object_type' are being directly concatenated into the SQL query without proper sanitation, which could potentially lead to SQL Injection.
BL: `$sql = sprintf(""INSERT INTO `%s` (`id`, `name`, `description`) VALUES ('','%s',NULL)"", TABLE_PREFIX.'event', $eType);`
BUG FOUND: YES

SE: The 'object_id' and 'object_type' are being directly concatenated into the SQL query without proper sanitation, which could potentially lead to SQL Injection.
BL: `$sql = sprintf('CREATE TABLE `%s` ( `id` int(10) unsigned NOT NULL AUTO_INCREMENT, `object_type` char(1) NOT NULL DEFAULT '', `object_id` int(10) unsigned NOT NULL, ...`, ...);', TABLE_PREFIX.'audit');`
BUG FOUND: YES",not_buggy
349," SE: The 'studentID' is directly concatenated into SQL command without proper sanitation, which could lead to an SQL Injection attack.
BL: `ResultSet rs = stmt.executeQuery(""SELECT wartosc,tematyka,nazwa from oceny_uczniow join rodzaje_aktywnosci ra on id_aktywnosci=ra.id where id_ucznia='"" + studentID + ""' and id_przedmiotu="" + subjectID + "";"");`
BUG FOUND: YES

SE: The 'studentID' is directly concatenated into SQL command without proper sanitation, which could lead to an SQL Injection attack.
BL: `ResultSet rs = stmt.executeQuery(""SELECT pl.data,p.nr_lekcji from nieobecnosci n join przeprowadzone_lekcje pl on n.id_lekcji=pl.id join plan_lekcji p on pl.id_lekcji=p.id where id_ucznia='"" + studentID + ""' and data>=to_date('"" + fromData + ""', 'DD.MM.YYYY') and data<=to_date('"" + toData + ""', 'DD.MM.YYYY');"");`
BUG FOUND: YES

SE: The 'studentID' is directly concatenated into SQL command without proper sanitation, which could lead to an SQL Injection attack.
BL: `ResultSet rs = stmt.executeQuery(""SELECT opis,data_wystawienia,czy_pozytywna from uwagi where id_ucznia='"" + studentID + ""' and data_wystawienia>=to_date('"" + fromData + ""', 'DD.MM.YYYY')"" + "" and data_wystawienia<=to_date('"" + toData + ""', 'DD.MM.YYYY');"");`
BUG FOUND: YES

SE: The 'studentID' is directly concatenated into SQL command without proper sanitation, which could lead to an SQL Injection attack.
BL: `ResultSet rs = stmt.executeQuery(""SELECT imie,nazwisko,pesel from przedmioty p join klasy k on p.id_klasy=k.id join uczniowie u on u.id_klasy=k.id where pesel='"" + studentID + ""';"");`
BUG FOUND: YES

SE: The 'studentID' is directly concatenated into SQL command without proper sanitation, which could lead to an SQL Injection attack.
BL: `stmt.executeUpdate(""INSERT INTO oceny_uczniow(id_przedmiotu,id_ucznia,wartosc,id_aktywnosci,tematyka) values("" + subjectID + "","" + studentID + "","" + gradeValue + "","" + activityID + "",'"" + topic + ""');"");`
BUG FOUND: YES

SE: The 'studentID' is directly concatenated into SQL command without proper san",not_buggy
4767," SE: The code constructs SQL queries using user input without proper sanitization, which could lead to SQL Injection (CWE-89).
BL: 
```php
$request = ""SELECT * FROM $wpdb->posts, $wpdb->postmeta""
$request .= "" WHERE $wpdb->posts.ID = $wpdb->postmeta.post_id""
$request .= "" AND post_status='publish' AND post_type='$post_type' AND meta_key='_recommended'""
$request .= "" ORDER BY $wpdb->postmeta.meta_value+0 DESC LIMIT $numberOf""
$posts = $wpdb->get_results($request);
```
BUG FOUND: YES",buggy
8616," SE: The 'colId' and 'groupId' are directly concatenated into SQL query without parameterization, making it susceptible to SQL Injection.
BL: `$config = new Classificationstore\CollectionGroupRelation(); $config->setColId($colId); $config->setGroupId($groupId); $config->delete();`
BUG FOUND: YES",buggy
4749," SE: The 'edcal_startDate' and 'edcal_endDate' variables are directly used in the SQL query without proper sanitization, which could potentially lead to SQL Injection if these values are derived from user input.
BL: `add_filter( 'posts_where', array(&$this, 'edcal_filter_where' ));` in `function edcal_posts()`
BUG FOUND: YES",not_buggy
8527," SE: The user input is directly concatenated into the SQL query without proper sanitation, making it susceptible to SQL Injection.
BL: `$sql = 'DELETE FROM ' . $table;` (around line 772)
BUG FOUND: YES

Please note that this is just one instance where a bug of type CWE-89 might occur. The actual presence of a bug would depend on the context in which this code is used and whether the input is properly sanitized elsewhere. It is always recommended to use prepared statements or parameterized queries to prevent SQL Injection.",not_buggy
349," SE: The 'studentID' is directly concatenated into SQL command without proper sanitation, which may lead to SQL Injection.
BL: `ResultSet rs = stmt.executeQuery(""SELECT wartosc,tematyka,nazwa from oceny_uczniow join rodzaje_aktywnosci ra on id_aktywnosci=ra.id where id_ucznia='"" + studentID + ""' and id_przedmiotu="" + subjectID + "";"");`
BUG FOUND: YES

SE: The 'studentID' is directly concatenated into SQL command without proper sanitation, which may lead to SQL Injection.
BL: `ResultSet rs = stmt.executeQuery(""SELECT pl.data,p.nr_lekcji from nieobecnosci n join przeprowadzone_lekcje pl on n.id_lekcji=pl.id join plan_lekcji p on pl.id_lekcji=p.id where id_ucznia='"" + studentID + ""' and data>=to_date('"" + fromData + ""', 'DD.MM.YYYY') and data<=to_date('"" + toData + ""', 'DD.MM.YYYY');"");`
BUG FOUND: YES

SE: The 'studentID' is directly concatenated into SQL command without proper sanitation, which may lead to SQL Injection.
BL: `ResultSet rs = stmt.executeQuery(""SELECT opis,data_wystawienia,czy_pozytywna from uwagi where id_ucznia='"" + studentID + ""' and data_wystawienia>=to_date('"" + fromData + ""', 'DD.MM.YYYY')"" + "" and data_wystawienia<=to_date('"" + toData + ""', 'DD.MM.YYYY');"");`
BUG FOUND: YES

SE: The 'studentID' is directly concatenated into SQL command without proper sanitation, which may lead to SQL Injection.
BL: `ResultSet rs = stmt.executeQuery(""SELECT p.id,nazwa from przedmioty p join klasy k on p.id_klasy=k.id join uczniowie u on u.id_klasy=k.id where pesel='"" + studentID + ""';"");`
BUG FOUND: YES

SE: The 'studentID' is directly concatenated into SQL command without proper sanitation, which may lead to SQL Injection.
BL: `ResultSet rs = stmt.executeQuery(""SELECT imie,nazwisko,pesel from przedmioty p join klasy k on p.id_klasy=k.id join uczniowie u on u.id_klasy=k.id where p.id='"" + subjectID + ""';"");`
BUG FOUND: YES

SE: The 'studentID' is directly concatenated into SQL command without proper sanitation, which may lead to SQL Injection.
BL: `stmt.executeUpdate",buggy
8560," SE: The code does not directly concatenate user input into an SQL query, but it uses user input in the construction of the SQL query. If the user input is not properly sanitized, it could lead to SQL Injection (CWE-89).
BL: `$sql = ""/* $debugMsg */ SELECT * FROM {$this->tables['node_types']} WHERE description = '"" . $this->db->prepare_string($the_key) . ""'"";`
BUG FOUND: YES",buggy
8560," SE: The code constructs a new instance of the 'tree' class and passes a database handler as a parameter. The 'db' property of the 'tree' class is then assigned this database handler. Later, in the 'new_node' method, SQL queries are constructed using this 'db' object to interact with a database. If the input SQL commands are not properly sanitized, this could potentially lead to an SQL Injection vulnerability (CWE-89).

BL: The 'db' property assignment in the constructor of the 'tree' class:
`$this->db = &$db;`
",not_buggy
8575," SE: The 'id_product' and 'id_product_attribute' are directly concatenated into the SQL query without proper sanitation.
BL: `$query->where('id_product = ' . (int) $id_product);` and `$query->where('id_product_attribute = ' . (int) $id_product_attribute);`
BUG FOUND: YES

SE: The 'id_shop' is directly concatenated into the SQL query without proper sanitation.
BL: `$query->where('id_shop = ' . (int) $id_shop);`
BUG FOUND: YES

SE: The 'id_shop_group' is directly concatenated into the SQL query without proper sanitation.
BL: `$query->where('id_shop_group = ' . (int) $id_shop_group);`
BUG FOUND: YES

SE: The 'id_shop' is directly concatenated into the SQL query without proper sanitation.
BL: `$query->where('id_shop = ' . (int) $id_shop);`
BUG FOUND: YES

SE: The 'id_shop' is directly concatenated into the SQL query without proper sanitation.
BL: `$query->where('id_shop = ' . (int) $id_shop);`
BUG FOUND: YES

SE: The 'id_shop' is directly concatenated into the SQL query without proper sanitation.
BL: `$query->where('id_shop = ' . (int) $id_shop);`
BUG FOUND: YES

SE: The 'id_shop' is directly concatenated into the SQL query without proper sanitation.
BL: `$query->where('id_shop = ' . (int) $id_shop);`
BUG FOUND: YES

SE: The 'id_shop' is directly concatenated into the SQL query without proper sanitation.
BL: `$query->where('id_shop = ' . (int) $id_shop);`
BUG FOUND: YES

SE: The 'id_shop' is directly concatenated into the SQL query without proper sanitation.
BL: `$query->where('id_shop = ' . (int) $id_shop);`
BUG FOUND: YES

SE: The 'id_shop' is directly concatenated into the SQL query without proper sanitation.
BL: `$query->where('id_shop = ' . (int) $id_shop);`
BUG FOUND: YES

SE: The 'id_shop' is directly concatenated into the SQL query without proper sanitation.
BL: `$query->where('id_shop = ' . (int) $id_shop);`
BUG FOUND: YES

SE: The 'id_shop' is directly concatenated into the SQL query without proper sanitation.
BL: `$query->where('id_shop = ' . (int) $id_shop);`
BUG FOUND: YES

",buggy
8616," SE: The 'colId' and 'groupId' are directly concatenated into the SQL query without sanitation.
BL: `$config = new Classificationstore\CollectionGroupRelation();`
`$config->setColId($colId);`
`$config->setGroupId($groupId);`
BUG FOUND: YES

SE: The 'storeId' is directly concatenated into the SQL query without sanitation.
BL: `$list = new Classificationstore\KeyConfig\Listing();`
`$list->setCondition('storeId = ' . $db->quote($storeId));`
BUG FOUND: YES

SE: The 'groupId' is directly concatenated into the SQL query without sanitation.
BL: `$keyList = new Classificationstore\KeyGroupRelation\Listing();`
`$keyList->setCondition('groupId in (' . implode(',', $groupIdList) . ')');`
BUG FOUND: YES

SE: The 'id' is directly concatenated into the SQL query without sanitation.
BL: `$groupList = new Classificationstore\GroupConfig\Listing();`
`$groupList->setCondition('id in (' . implode(',', $ids) . ')');`
BUG FOUND: YES

SE: The 'groupIds' and 'keyIds' are directly concatenated into the SQL query without sanitation.
BL: `$keyList = new Classificationstore\KeyGroupRelation\Listing();`
`$keyList->setCondition($keyCondition, $ids);`
BUG FOUND: YES

SE: The 'groupId' is directly concatenated into the SQL query without sanitation.
BL: `$groupList = new Classificationstore\GroupConfig\Listing();`
`$groupList->setCondition($groupCondition, $ids);`
BUG FOUND: YES",not_buggy
8917," SE: The query does not properly neutralize user input in the WHERE clause of SQL queries, making it susceptible to SQL Injection.
BL: `WHERE i.category_id = ? AND i.status = ? AND i.language = ?`
BUG FOUND: YES

SE: The query does not properly neutralize user input in the WHERE clause of SQL queries, making it susceptible to SQL Injection.
BL: `WHERE i.id = ? AND i.language = ?`
BUG FOUND: YES

SE: The query does not properly neutralize user input in the WHERE clause of SQL queries, making it susceptible to SQL Injection.
BL: `WHERE i.id = ? AND i.language = ?`
BUG FOUND: YES

SE: The query does not properly neutralize user input in the WHERE clause of SQL queries, making it susceptible to SQL Injection.
BL: `WHERE i.id = ? AND i.language = ?`
BUG FOUND: YES

SE: The query does not properly neutralize user input in the WHERE clause of SQL queries, making it susceptible to SQL Injection.
BL: `WHERE i.id = ? AND i.language = ?`
BUG FOUND: YES

SE: The query does not properly neutralize user input in the WHERE clause of SQL queries, making it susceptible to SQL Injection.
BL: `WHERE i.id = ? AND i.language = ?`
BUG FOUND: YES

SE: The query does not properly neutralize user input in the WHERE clause of SQL queries, making it susceptible to SQL Injection.
BL: `WHERE i.id = ? AND i.language = ?`
BUG FOUND: YES

SE: The query does not properly neutralize user input in the WHERE clause of SQL queries, making it susceptible to SQL Injection.
BL: `WHERE i.id = ? AND i.language = ?`
BUG FOUND: YES

SE: The query does not properly neutralize user input in the WHERE clause of SQL queries, making it susceptible to SQL Injection.
BL: `WHERE i.id = ? AND i.language = ?`
BUG FOUND: YES

SE: The query does not properly neutralize user input in the WHERE clause of SQL queries, making it susceptible to SQL Injection.
BL: `WHERE i.id = ? AND i.language = ?`
BUG FOUND: YES

SE: The query does not properly neutralize user input in the WHERE clause of SQL queries, making it susceptible to SQL Injection.
BL: `WHERE i.id = ? AND i.language = ?`
BUG FOUND: YES

SE: The query does not properly neutralize user input in the WHERE clause of SQL queries, making it susceptible to SQL Injection.
BL: `WHERE i.id = ? AND i.language = ?`
BUG FOUND: YES

SE: The query does not properly neutralize user input in the WHERE clause of SQL queries, making it susceptible to SQL Injection.
BL: `",buggy
8591," SE: The 'title' and 'change' variables from user input are directly concatenated into the SQL query without proper sanitation, which could potentially lead to SQL Injection.
BL: `$validDates = $this->find('all', array( 'fields' => array('DISTINCT UNIX_TIMESTAMP(DATE(created)) AS Date', 'count(id) AS count'), 'conditions' => $conditions, 'group' => array('Date'), 'order' => array('Date') ));`
BUG FOUND: YES

SE: The 'action' variable from user input is directly concatenated into the SQL query without proper sanitation, which could potentially lead to SQL Injection.
BL: `$condnotinaction = ""'"" . implode(""', '"", $conditions['AND']['NOT']['action']) . ""'"";`
BUG FOUND: YES

SE: The 'org' variable from user input is directly concatenated into the SQL query without proper sanitation, which could potentially lead to SQL Injection.
BL: `$condOrg = ' AND org = ""' . $conditions['org'] . '""';`
BUG FOUND: YES

SE: The 'action' variable from user input is directly concatenated into the SQL query without proper sanitation, which could potentially lead to SQL Injection.
BL: `$sql = 'SELECT DISTINCT EXTRACT(EPOCH FROM CAST(created AS DATE)) AS ""Date"", COUNT(id) AS count FROM logs WHERE action NOT IN (' . $condnotinaction . ') ' . $condOrg . ' GROUP BY ""Date"" ORDER BY ""Date""';`
BUG FOUND: YES

SE: The 'action' variable from user input is directly concatenated into the SQL query without proper sanitation, which could potentially lead to SQL Injection.
BL: `$this->deleteAll(array( 'OR' => array( 'action' => 'update_database', 'AND' => array( 'action' => 'edit', 'model' => 'AdminSetting' ) ), 'id >' => $i * 1000, 'id <' => ($i+1) * 1000));`
BUG FOUND: YES

SE: The 'action' variable from user input is directly concatenated into the SQL query without proper sanitation, which could potentially lead to SQL Injection.
BL: `$this->Event->delete($event['Event']['id']);`
BUG FOUND: YES

SE: The 'action' variable from user input is directly concatenated into the SQL query without proper sanitation, which could potentially lead to SQL Injection.
BL: `$this->Event->delete($event['Event']['id']);`
BUG FOUND: YES

SE: The 'action' variable from user input is directly concatenated into the SQL query without proper sanitation, which could potentially lead to SQL Injection.
BL: `$this->Event->delete($event['Event']['id']);`
BUG FOUND: YES

SE: The 'action' variable from user input is directly concaten",buggy
8527," SE: The SQL query is being constructed using string concatenation with user input, which may result in SQL Injection if the user input is not properly sanitized.
BL: `$sql = 'DELETE FROM ' . $table;` (around line 722)
BUG FOUND: YES

SE: The SQL query is being constructed using string concatenation with user input, which may result in SQL Injection if the user input is not properly sanitized.
BL: `$sql .= ' USING ' . $this->parseTable($options['using']) . ' ';` (around line 730)
BUG FOUND: YES

SE: The SQL query is being constructed using string concatenation with user input, which may result in SQL Injection if the user input is not properly sanitized.
BL: `$sql .= $this->parseJoin(!empty($options['join']) ? $options['join'] : '');` (around line 731)
BUG FOUND: YES

SE: The SQL query is being constructed using string concatenation with user input, which may result in SQL Injection if the user input is not properly sanitized.
BL: `$sql .= $this->parseWhere(!empty($options['where']) ? $options['where'] : '');` (around line 732)
BUG FOUND: YES

SE: The SQL query is being constructed using string concatenation with user input, which may result in SQL Injection if the user input is not properly sanitized.
BL: `$sql .= $this->parseOrder(!empty($options['order']) ? $options['order'] : '');` (around line 734)
BUG FOUND: YES

SE: The SQL query is being constructed using string concatenation with user input, which may result in SQL Injection if the user input is not properly sanitized.
BL: `$sql .= $this->parseLimit(!empty($options['limit']) ? $options['limit'] : '');` (around line 735)
BUG FOUND: YES

SE: The SQL query is being constructed using string concatenation with user input, which may result in SQL Injection if the user input is not properly sanitized.
BL: `$sql = 'UPDATE ' . $table . $this->parseSet($data);` (around line 751)
BUG FOUND: YES

SE: The SQL query is being constructed using string concatenation with user input, which may result in SQL Injection if the user input is not properly sanitized.
BL: `$sql = 'DELETE FROM ' . $table;` (around line 760)
BUG FOUND: YES

SE: The SQL query is being constructed using string concatenation with user input, which may result in SQL Injection if the user input is not properly sanitized.
BL: `$sql .= ' USING ' . $this->parseTable($options['using']) . ' ';` (around line 768)
BUG FOUND: YES

SE: The SQL query is being",buggy
