file_id,model_output,type
8592,"SE: The 'search' array is directly used in the 'where' method of the Builder object without any sanitation, potentially allowing for SQL injection if the array contains user input.
BL: `return $query->where($search);`
BUG FOUND: YES",buggy
399,"SE: The user input from $_POST[""email""] and $_POST[""password""] are directly used in the SQL query without any sanitation or parameterization.
BL: $query=""select * from admin where email='$uemail' and password='$upass'"";
BUG FOUND: YES
Explanation:
The code is vulnerable to SQL injection attacks because it directly uses the user input from $_POST[""email""] and $_POST[""password""] in the SQL query. An attacker can exploit this by providing malicious input, which can modify the SQL query and lead to unauthorized access, data exposure, or manipulation. To fix this issue, consider using prepared statements or parameterized queries to ensure the safe handling of user input in SQL queries.",buggy
353,"SE: The 'params[:user]' is directly passed into the 'User.find\_by' method which can lead to SQL injection if 'params[:user]' is not properly sanitized.
BL: `@user = User.find_by(params[:user])`
BUG FOUND: YES",buggy
4268,"SE: The 'params[:sol]' is directly used in the SQL query which can lead to SQL Injection.
BL: @images = Image.where(sol: params[:sol])
BUG FOUND: YES",buggy
339,"SE: The 'name' and 'score' variables from user input are directly used in the SQL query without any sanitation or parameterization.
BL: $query = ""INSERT INTO Highscores VALUES ($id, '$name', $score)"";
BUG FOUND: YES
SE: The 'name' variable from user input is directly used in the SQL query without any sanitation or parameterization.
BL: $query = ""DELETE FROM Highscores WHERE idHighscores = $minID"";
BUG FOUND: YES",buggy
341,"SE: The user input 'key' from GET request is directly used in SQL query without any sanitation, making it vulnerable to SQL Injection.
BL: $result = mysqli_query($con,""SELECT * FROM users where secret = '$key' and authused=1"");
BUG FOUND: YES

Explanation:
The code is taking user input 'key' from GET request and using it directly in SQL query. An attacker can exploit this by injecting malicious SQL commands, leading to SQL Injection vulnerability. To fix this issue, use prepared statements or parameterized queries to ensure proper sanitation of user input.",buggy
4268,"SE: The 'params[:sol]' is directly used in the SQL query which can lead to SQL Injection.
BL: `@images = Image.where(:sol => params[:sol])`
BUG FOUND: YES",not_buggy
399,"SE: The SQL query directly uses the escaped user inputs without proper preparation which may lead to SQL injection if the escaping was not done correctly.
BL: `$query=""select * from admin where email='$uemail' and password='$upass'"";`
BUG FOUND: YES

However, it is worth noting that the code does attempt to prevent SQL injection by using the mysqli\_real\_escape\_string() function. But it's still a good practice to use prepared statements or parameterized queries to ensure the safety of the SQL queries.",not_buggy
8592,"SE: The 'search' array is directly used in the 'where' method which can lead to SQL injection if 'search' array contains user input without proper sanitation.
BL: `return $query->where($allowed_search);`
BUG FOUND: YES

However, it's important to note that if the 'searchable' trait is used correctly and the 'search' array is populated with trusted data sources, then there is no risk of SQL injection. The risk arises when the 'search' array contains user input without proper sanitation.",not_buggy
339,"SE: The 'name' and 'score' values from the POST request are directly used in the SQL query without proper sanitation.
BL: `$name = $_POST[""name""]; $score = $_POST[""score""];`
$query = mysqli_prepare($dbhandle, ""INSERT INTO Highscores Values (?, ?, ?)""); mysqli\_stmt\_bind\_param($query, 'isi', $id, $name, $score); mysqli\_stmt\_execute($query);
`$query = ""SELECT idHighscores FROM Highscores WHERE score = (SELECT Min(score) FROM Highscores)"";`
`$result = mysqli_query($dbhandle, $query);`
`$query = ""DELETE FROM Highscores WHERE idHighscores = $minID"";`
`$result = mysqli_query($dbhandle, $query);`
BUG FOUND: YES.",not_buggy
341,"SE: The user input from the 'key' GET parameter is directly used in the SQL query without proper sanitation.
BL: $result = mysqli_query($con,""SELECT \* FROM users where secret = '$key' and authused=1"");
BUG FOUND: YES

Explanation:
The code is using user input from the 'key' GET parameter in the SQL query without proper sanitation. This can lead to SQL injection vulnerabilities if the input is not properly sanitized or validated. In this case, mysqli\_real\_escape\_string is used later in the code, but it should be used immediately after getting the user input to prevent SQL injection.",not_buggy
353,"SE: The 'params[:user][:email]' is directly used in a find method of an ActiveRecord query without proper sanitation.
BL: `@user = User.find_by(email: params[:user][:email])`
BUG FOUND: YES

Explanation:
This line might be vulnerable to SQL Injection because the 'params[:user][:email]' input is directly used in a find method of an ActiveRecord query without proper sanitation. An attacker could potentially manipulate the 'email' parameter to inject malicious SQL code, which could lead to unauthorized access, data leaks, or database corruption. To prevent SQL Injection, consider using parameterized queries or sanitizing the input before using it in the query. In this case, since Rails uses ActiveRecord, it automatically handles SQL escaping and parameterization, but it's still essential to be cautious and validate user inputs.",not_buggy
371,"SE: The 'userid' value is directly concatenated into the SQL query without proper sanitation, making it vulnerable to SQL injection.
BL: $usersql = $vbulletin->db->query\_read(""SELECT `userid`, `username`, `email` FROM "" . TABLE\_PREFIX . ""user WHERE `userid` = "" . $vbulletin->db->escape\_string($vbulletin->userinfo['userid']));
BUG FOUND: YES (Note: Although $vbulletin->db->escape\_string is used, it's better to use prepared statements to avoid any potential issues.)",not_buggy
345,"SE: The '$_GET' variables $symbol, $startDate, and $endDate are directly used in the SQL query without any sanitation or parameterization.
BL: $query = ""select date, EOD, MA20, MA50, delta, deltaMA5, deltaMA10, deltaMA20, P0, P1, P2, M1, M2, M3 from $symbol where date >= $startDate and date <= $endDate order by date DESC"";
BUG FOUND: YES
SE: The '$_GET' variable $task is directly used in the conditional statement without any sanitation.
BL: if($task == 'history' & areValidDates($startDate, $endDate) & isValidSymbol($symbol) ) {
BUG FOUND: YES (although this is not an SQL injection vulnerability, it is still a security concern)",buggy
345,"SE: The 'symbol', 'startDate' and 'endDate' variables from user input are directly inserted into the SQL query through string interpolation.
BL: $query = ""select date, EOD, MA20, MA50, delta, deltaMA5, deltaMA10, deltaMA20, P0, P1, P2, M1, M2, M3 from $pdo->quote($symbol) where date between $pdo->quote($startDate) and $pdo->quote($endDate) order by date DESC"";
BUG FOUND: YES
}
```python

In this code, the 'symbol', 'startDate', and 'endDate' variables from user input are directly inserted into the SQL query through string interpolation, which makes the code vulnerable to SQL Injection. To fix this issue, consider using prepared statements or parameterized queries to ensure the safe handling of user input.
```",not_buggy
356,"SE: The 'username' and 'password' variables are inserted into the SQL query without proper sanitation, making it vulnerable to SQL Injection.
BL: `conn.query(""INSERT INTO user (username, password) VALUES ('""+username+""', '""+password+""')"", function (err, result) {`
BUG FOUND: YES",not_buggy
356,"SE: The 'username' and 'password' values from 'req.body' are directly concatenated into the SQL query without proper sanitation, making it vulnerable to SQL Injection.
BL: `conn.query(""INSERT INTO user (username, password) VALUES ('""+username+""', '""+password+""')"", function (err, result) {`
BUG FOUND: YES",buggy
336,"SE: The 'sort' and 'direction' variables from the user request are directly used in the SQL query without any sanitation, making it susceptible to SQL injection.
BL: $sql = ""select * from sample order by \""{$sort}\"" {$direction}"";
BUG FOUND: YES

Explanation:
The code constructs an SQL query by concatenating the 'sort' and 'direction' variables from the user request directly into the query. If these variables are not properly sanitized, an attacker can manipulate the query and inject malicious SQL code, leading to SQL injection vulnerabilities. To mitigate this risk, consider using prepared statements or parameterized queries to ensure proper sanitation of user inputs.",buggy
371,"SE: The 'userid' value from user input is directly concatenated into the SQL query without any sanitation or parameterization, making it vulnerable to SQL Injection.
BL: $usersql = $vbulletin->db->query\_read(""SELECT `userid`, `username`, `email` FROM "" . TABLE\_PREFIX . ""user WHERE `userid` = '"" . $vbulletin->userinfo['userid'] . ""'"");
BUG FOUND: YES",buggy
8622,"SE: The '$_POST['custom\_css\_code']' is directly concatenated into SQL query without proper sanitation.
BL: `$_POST['custom_css_code'] = $DB->escape($_UPOST['custom_css_code']);`
BUG FOUND: YES

Explanation:
The code is trying to escape the input before using it in the query, but it is using the `escape` method of the `$DB` object, which is not the correct method for escaping SQL input. It should use the `$DB->safeQuery()` method instead. The current method is not sufficient to prevent SQL injection attacks.",not_buggy
369,"SE: The '$_POST['referrername']' is directly concatenated into the SQL query without proper sanitation, making it vulnerable to SQL Injection.
BL: $usersql = $vbulletin->db->query\_read(""SELECT `userid`, `username`, `email` FROM "" . TABLE\_PREFIX . ""user WHERE `username` = "" . $vbulletin->db->escape\_string($_POST['referrername']));
BUG FOUND: YES",not_buggy
369,"SE: The '$_POST['referrername']' is directly concatenated into the SQL query without proper sanitation, making it susceptible to SQL Injection.
BL: $usersql  = $vbulletin->db->query\_read(""SELECT `userid`, `username`, `email` FROM "" . TABLE\_PREFIX . ""user WHERE `username` = '"" . $_POST['referrername'] . ""'"");
BUG FOUND: YES",buggy
8643,"SE: The '$_POST' variables are directly used in the construction of the SQL query without any sanitation or parameterization.
BL: `if (method_exists($plugin, $_POST['action'])) { call_user_func([$plugin, $_POST['action']], $_POST['id']); }`
BUG FOUND: YES",buggy
336,"SE: The 'sort' variable is directly concatenated into the SQL query without proper sanitization, making it vulnerable to SQL injection.
BL: $sql = ""select * from sample order by {$sort} {$direction}"";
BUG FOUND: YES",not_buggy
8643,"SE: The 'id' and 'action' values from the POST request are directly used in function calls and conditional statements without proper sanitation.
BL: `$id = isset($_POST['id']) && is_numeric($_POST['id']) ? (int)$_POST['id'] : null;`
`$action = $id > 0 && isset($_POST['action']) ? $_POST['action'] : null;`
`$plugin->install($id);`
`$plugin->activate($id);`
`$plugin->unactivate($id);`
`$plugin->uninstall($id);`
`$plugin->clean($id);`
BUG FOUND: YES

While the code checks if the 'id' is numeric and casts it to integer, and checks if 'action' is set, it doesn't properly neutralize special elements that could lead to SQL injection. It's recommended to use prepared statements or parameterized queries to ensure the security of the application.",not_buggy
314,"SE: The 'sort' and 'direction' variables from user input are directly used in the SQL query without any sanitation, making it susceptible to SQL Injection.
BL: `$sql = ""SELECT u.*, CONCAT( u.fname, ' ', u.lname ) AS name, ( SELECT COUNT( * ) FROM failed_logins WHERE email = u.email ) AS failed_logins, ( SELECT COUNT( * ) FROM sessions WHERE userid = u.id ) AS active_sessions, COUNT( g.id ) AS remaining FROM users u LEFT OUTER JOIN games g ON 1 = 1 LEFT OUTER JOIN picks p ON p.game_id = g.id AND p.user_id = u.id WHERE g.week = ? AND p.id IS NULL GROUP BY u.id ORDER BY {$sort} {$direction}"";`
BUG FOUND: YES

Explanation:
The 'sort' and 'direction' variables are obtained from user input using the Functions::Post() function and directly used in the SQL query. If these inputs are not properly sanitized or validated, an attacker can inject malicious SQL code, leading to an SQL Injection vulnerability. To mitigate this risk, consider using prepared statements or parameterized queries to ensure user input is properly escaped and safe to use in the SQL query.",buggy
365,"SE: The '$_GET['id']' is directly concatenated into SQL query without proper sanitation.
BL: `mysql_query(""DELETE FROM contract_signer_role WHERE id="".$_GET['id']);`
BUG FOUND: YES",buggy
365,"SE: The 'id' value from the GET request is directly concatenated into the SQL query without proper sanitation.
BL: `mysql_query(""DELETE FROM contract_signer_role WHERE id="".$_GET['id']);`
BUG FOUND: YES",not_buggy
366,"SE: The 'id' value from GET request is directly used in the SQL query without proper sanitation.
BL: `mysql_query(""DELETE FROM webfinance_pref WHERE id_pref="".$_GET['id']);`
BUG FOUND: YES

SE: The 'id_pref' value from GET request is directly used in the SQL query without proper sanitation.
BL: `mysql_query(""DELETE FROM webfinance_pref WHERE id_pref="".$_GET['id']);`
BUG FOUND: YES

SE: The 'type_pref', 'value' and 'id_pref' values from POST request are directly used in the SQL query without proper sanitation.
BL: `mysql_query($q) or wf_mysqldie();`
BUG FOUND: YES

Exploiting SQL injection vulnerabilities requires careful planning and execution. Always ensure proper sanitation and validation of user inputs, and use parameterized queries or prepared statements to prevent SQL injection attacks.",not_buggy
319,"SE: The 'where' input from the user is directly concatenated into the SQL query without any sanitation, making it vulnerable to SQL Injection.
BL: `$whereCondition = 'WHERE ' . (is_numeric($where) ? 'id=\''.$where.'\'' : 'naam=\''.$where.'\'');`
BUG FOUND: YES.",buggy
367,"SE: The 'id' value from GET request is directly used in SQL query without proper sanitation.
BL: `mysql_query(""DELETE FROM webfinance_roles WHERE id_role="".$_GET['id']);`
BUG FOUND: YES

SE: The 'data' array values are directly used in SQL query without proper sanitation.
BL: `mysql_query($q) or wf_mysqldie();`
BUG FOUND: YES

Explanation:
The code is directly using user-supplied input from GET and POST requests in SQL queries without proper sanitation, which makes it vulnerable to SQL injection attacks. It's recommended to use prepared statements or parameterized queries to avoid such vulnerabilities.",not_buggy
8546,"SE: The 'statement' variable is directly concatenated into the $sql variable without any sanitation, which might lead to SQL Injection.
BL: `$sql = ""SELECT a.id FROM "" . static::getTableName() . "" a LEFT JOIN users u ON u.id = users_id WHERE 1=1 "" . $sql .= self::getSqlSearchFromPost();`
BUG FOUND: YES

SE: The 'sql' variable is directly concatenated into the $sql variable without any sanitation, which might lead to SQL Injection.
BL: `$sql = ""SELECT u.*, a.* FROM "" . static::getTableName() . "" a LEFT JOIN users u ON u.id = users_id WHERE 1=1 "" . $sql .= self::getSqlFromPost(""a."");`
BUG FOUND: YES",not_buggy
350,"SE: The 'new' parameter is directly concatenated into the SQL query without proper sanitation, making it susceptible to SQL injection.
BL: `$results = $this->db->query(""SELECT * FROM `mirna` WHERE Name = '$new'"");`
BUG FOUND: YES

SE: The '$name' parameter is directly concatenated into the SQL query without proper sanitation, making it susceptible to SQL injection.
BL: `$total = $this->db->query(""SELECT count(*) FROM mirna WHERE Name LIKE '%$name%'"");`
BUG FOUND: YES

SE: The '$name' parameter is directly concatenated into the SQL query without proper sanitation, making it susceptible to SQL injection.
BL: `$results = $this->db->query(""SELECT * FROM mirna WHERE Name LIKE '%$name%' ORDER BY databaseid ASC LIMIT $records_perpage OFFSET $c_p"");`
BUG FOUND: YES",buggy
8539,"SE: The 'cycle' parameter from the URL is directly used in the SQL query without any sanitation, which could potentially lead to SQL Injection.
BL: `$query = ""SELECT \`id\`, \`name\` FROM \`glpi_crontasks\` WHERE \`state\` = '"".Crontask::STATE_RUNNING.""' AND unix_timestamp(`lastrun`) + $cycle * \`frequency` < unix_timestamp(now())"";`
BUG FOUND: YES",buggy
8539,"SE: The 'cycle' parameter from the URL is directly used in the SQL query without any sanitation, which could potentially lead to SQL Injection.
BL: $query = ""SELECT `id`, `name` FROM `glpi_crontasks` WHERE `state` = '"".Crontask::STATE\_RUNNING.""' AND unix\_timestamp(`lastrun`) + $cycle \* `frequency` < unix\_timestamp(now())"";
BUG FOUND: YES",not_buggy
326,"SE: The 'first\_name' and 'last\_name' variables are directly concatenated into the SQL query without proper sanitation, which may lead to SQL Injection.
BL: `people = Person.where(""first_name LIKE '%#{first_name}%'"")`
BL: `people = Person.where(""last_name LIKE '%#{last_name}%'"")`
BUG FOUND: YES

SE: The 'email' variable is directly concatenated into the SQL query without proper sanitation, which may lead to SQL Injection.
BL: `emails = Email.where(""email LIKE '%#{email}%'"")`
BUG FOUND: YES",buggy
348,"SE: The 'DB\_USERNAME', 'DB\_PASSWORD', 'DB\_DATABASE' and 'DB\_HOST' are directly concatenated into the SQL query without sanitation, which could potentially lead to SQL Injection if these values are derived from user input.
BL: $conn = mysqli\_connect(DB\_HOST, DB\_USERNAME, DB\_PASSWORD, DB\_DATABASE)
BUG FOUND: YES

However, it's important to note that if the 'DB\_HOST', 'DB\_USERNAME', 'DB\_PASSWORD', and 'DB\_DATABASE' constants are not derived from user input, then there is no risk of SQL Injection. The risk arises when these values are derived from user input, which is not shown in the provided code.",buggy
377,"SE: The '$_GET[""user""]' and '$_GET[""password""]' are directly concatenated into the SQL query without proper sanitation.
BL: $query = ""SELECT `password` FROM `admin_users` WHERE `name` = '"".$my->real_escape_string($_GET[""user""]).""';"";
BUG FOUND: YES

SE: The '$_GET[""user""]' and '$_GET[""password""]' are directly concatenated into the SQL query without proper sanitation.
BL: $query = ""INSERT INTO `ibis_server-php`.`admin_users` (`id`, `name`, `password`, `created`) VALUES (NULL, '"".$my->real_escape_string($_GET[""user""]).""', '"".$pw.""', CURRENT_TIMESTAMP);"";
BUG FOUND: YES",not_buggy
377,"SE: The '$_GET[""user""]' and '$_GET[""password""]' are directly concatenated into the SQL query without proper sanitation.
BL: $query = ""SELECT `password` FROM `admin_users` WHERE `name` = '"".$_GET[""user""].""';"";
$query = ""INSERT INTO `ibis_server-php`.`admin_users` (`id`, `name`, `password`, `created`) VALUES (NULL, '"".$my->real_escape_string($_GET[""user""]).""', '"".$pw.""', CURRENT_TIMESTAMP);"";
BUG FOUND: YES
Explanation:
The code is directly concatenating user input from GET request into the SQL query, making it vulnerable to SQL Injection attacks. To prevent this, use prepared statements or parameterized queries. In this case, the '$_GET[""user""]' and '$_GET[""password""]' are not properly sanitized before being used in the SQL query.",buggy
8607,"SE: The '$_POST[""U""]' and '$_POST[""M""]' are directly concatenated into the SQL query without proper sanitation.
BL: $sql = 'INSERT INTO User (Username, Mail, Password, Type) VALUES ('.""'"".mysqli::real_escape_string($_POST[""U""]).""'"".','.""'"".mysqli::real_escape_string($_POST[""M""]).""'"".','.""'"".password\_hash(mysqli::real\_escape\_string($_POST[""P""]),PASSWORD\_DEFAULT).""'"".','.$USOC[""userRights""][""AfterRegistration""].');';
BUG FOUND: YES

Explanation:
The code is using mysqli::real\_escape\_string() to sanitize the input, which is a step in the right direction. However, it is always recommended to use prepared statements with bound parameters to prevent SQL injection attacks. The current implementation might still be vulnerable if the escaping function is not used correctly or if there is a bug in the function itself. Prepared statements are a safer and more robust solution.",not_buggy
8621,"SE: The 'username' input is used in an SQL query without proper sanitation, making it susceptible to SQL Injection.
BL: `$where .= "" and username like '%{$username}%' "";`
BUG FOUND: YES
",buggy
8621,"SE: The 'username' input is concatenated into the SQL query without proper sanitation, making it susceptible to SQL injection.
BL: `$where .= "" and username like '%{$username}%' "";`
BUG FOUND: YES",not_buggy
342,"SE: The 'session\_id' and 'id' are directly concatenated into SQL query without sanitation which could lead to SQL Injection.
BL: `$result = $dbCon->query('SELECT cash FROM users WHERE session\_id = ""' . $userData['session\_id'] . '""')`
$result = $dbCon->query('UPDATE users SET cash = (cash + ""' . (int) (addslashes($_POST['gambleMoney']) * 36) . '"") WHERE id = ""' . $userData['id'] . '""')
BUG FOUND: YES
Explanation:
The input $userData['session\_id'] and $userData['id'] are directly used in the SQL query without any sanitation or parameterization which could lead to SQL Injection. It is recommended to use prepared statements or parameterized queries to avoid such vulnerabilities.",not_buggy
340,"SE: The 'data' input from Ajax request is directly concatenated into SQL query without sanitation.
BL: `$query = 'SELECT arten.title AS label, count(data1) AS value, arten.marker AS color FROM #__eiko_einsatzberichte AS berichte INNER JOIN #__eiko_einsatzarten AS arten ON berichte.data1=arten.id WHERE berichte.state=1 AND berichte.date1 LIKE \''.$year.'%\' GROUP BY data1 ORDER BY arten.ordering;';`
BUG FOUND: YES
Note: The 'data' input is properly sanitized and used in another method 'getAjax()' but it's not used in the provided buggy line.",buggy
361,"SE: The 'table' and 'id' variables are directly concatenated into the SQL query without proper sanitation, which could potentially lead to SQL Injection.
BL: `$query .= '`' . $table . '` WHERE ';` (getById function), `$query = 'SELECT * FROM `wuersch`.`' . $table . '` WHERE ';` (getByColumns function)
BUG FOUND: YES

SE: The 'query' variable is directly concatenated into the SQL query without proper sanitation, which could potentially lead to SQL Injection.
BL: `$sth = Store::$pdo->prepare($query . ';');` (getByCustomQuery function)
BUG FOUND: YES",buggy
329,"SE: The 'vars[""num""]' is directly concatenated into the SQL query without sanitation, which could lead to SQL Injection.
BL: `query := fmt.Sprintf(`SELECT json_agg(r) FROM (select EXTRACT(epoch FROM day) as day, up_count, down_count, finished_count from trello.dailytallies order by day DESC limit %s) r;`, vars[""num""])`
BUG FOUND: YES

SE: The 'vars[""num""]' is directly concatenated into the SQL query without sanitation, which could lead to SQL Injection.
BL: `err := db.QueryRow(query).Scan(&output)` where query is constructed using vars[""num""] without sanitation.
BUG FOUND: YES

SE: The 'vars[""num""]' is directly concatenated into the SQL query without sanitation, which could lead to SQL Injection.
BL: `query := fmt.Sprintf(`SELECT json_agg(r) FROM (select EXTRACT(epoch FROM day) as day, end_of_day_total from trello.dailytallies order by day DESC limit %s) r;`, vars[""num""])`
BUG FOUND: YES

SE: The 'vars[""num""]' is directly concatenated into the SQL query without sanitation, which could lead to SQL Injection.
BL: `err := db.QueryRow(query).Scan(&output)` where query is constructed using vars[""num""] without sanitation.
BUG FOUND: YES",buggy
4626,"SE: The 'q' parameter from request.GET is directly concatenated into the SQL query without proper sanitization, making it vulnerable to SQL Injection.
BL: `cursor.execute(""SELECT id,title,artist,cover FROM recordstoreapp_record WHERE title like '%"" + q + ""%' or artist like '%"" + q + ""%' or label like '%"" + q + ""%' or cat_no like '%"" + q + ""%';"")`
BUG FOUND: YES",buggy
364,"SE: The user input from the 'username' and 'password' are directly concatenated into the SQL query without any sanitation, which could lead to SQL Injection.
BL: $query = ""SELECT * FROM users where userName='$username' and userPassword='$password'"";
BUG FOUND: YES

SE: The user input from the 'username' is directly concatenated into the SQL query without any sanitation, which could lead to SQL Injection.
BL: $query = ""SELECT * FROM users where userName='$username'"";
BUG FOUND: YES

SE: The user input from the 'username' and 'password' are directly concatenated into the SQL query without any sanitation, which could lead to SQL Injection.
BL: $query = ""INSERT INTO users values('$username', '$password')"";
BUG FOUND: YES",buggy
368,"SE: The '$_POST' variables are directly concatenated into SQL queries without proper sanitization in the lines containing 'mysql\_real\_escape\_string()' and 'removeSpace()' functions. Although 'mysql\_real\_escape\_string()' is a step towards preventing SQL injection, it is not enough. It's recommended to use prepared statements or parameterized queries to ensure proper neutralization of special elements in SQL commands.
BL: $q = sprintf(""INSERT INTO webfinance\_personne (nom,prenom,email,tel,mobile,client,fonction,date\_created,note) VALUES ('%s', '%s', '%s', '%s', '%s', %d, '%s', now(),'%s')"", $_POST['nom'], $_POST['prenom'], $_POST['email'], removeSpace($_POST['tel']), removeSpace($_POST['mobile']), $_POST['client'], $_POST['fonction'], $_POST['note'] );
$q = sprintf(""UPDATE webfinance\_personne SET nom='%s',prenom='%s',email='%s',tel='%s',mobile='%s',fonction='%s',note='%s' WHERE id\_personne=%d"", mysql\_real\_escape\_string($_POST['nom']), mysql\_real\_escape\_string($_POST['prenom']), mysql\_real\_escape\_string($_POST['email']), mysql\_real\_escape\_string(removeSpace($_POST['tel'])), mysql\_real\_escape\_string(removeSpace($_POST['mobile'])), mysql\_real\_escape\_string($_POST['fonction']), mysql\_real\_escape\_string($_POST['note']), mysql\_real\_escape\_string($_POST['id\_personne']));
BUG FOUND: YES",buggy
306,"SE: The 'name' variable is directly concatenated into the SQL query without proper sanitation, making it susceptible to SQL Injection.
BL: `$results = $db->query('SELECT name, score FROM highscore WHERE cheater = 0 AND name != """" ORDER BY score DESC LIMIT 10 OFFSET ' . ($page-1)*10);`
BUG FOUND: YES

Additionally, the 'name' variable is also directly concatenated into the SQL query in the addHighscore function without proper sanitation, making it susceptible to SQL Injection.
BL: `$db->exec('INSERT INTO highscore (name, score, level, date, log_referer, log_user_agent, log_remote_addr, log_remote_host, cheater)VALUES(?,?,?,?,?,?,?,?,?)',$name, $score,$level,$date,$ref,$ua,$remA,$remH,$cheater);`
BUG FOUND: YES",not_buggy
358,"SE: The '$_GET['s""]' is directly concatenated into SQL query without proper sanitation, which may result in SQL Injection.
BL: $haku\_s = mysqli\_query($yht, ""SELECT \* FROM `sivut` WHERE uid = '"".$_GET['s'].""' LIMIT 1"");
BUG FOUND: YES.",buggy
358,"SE: The '$_GET['s']' is directly concatenated into SQL query without proper sanitation.
BL: $haku_s = mysqli_query($yht, ""SELECT * FROM `sivut` WHERE uid = '"".$_GET['s'].""' LIMIT 1"");
BUG FOUND: YES.",not_buggy
313,"SE: The 'username', 'password', 'name', 'email', 'caption', 'loc\_id', 'timing\_id', 'pos\_id' variables are directly concatenated into SQL commands without proper sanitation, making them vulnerable to SQL Injection.
BL: $sql = ""insert into MEMBER values (member\_seq.nextval, '$username', '$password', '$name', '$email', $all\_score, '$profile')"";
$sql = ""insert into PHOTO values (member\_seq.nextval, '$caption', $owner, $loc\_id, $timing\_id, $pos\_id, systimestamp)"";
$sql = ""insert into COMMENT\_PHOTO values (comment\_photo\_seq.nextval, $m\_id, $p\_id, '$msg', systimestamp)"";
$sql = ""insert into LIKE\_PHOTO values ($m\_id, $p\_id, systimestamp)"";
$sql = ""insert into MESSAGE values (message.nextval, $m\_id, $to, msg, systimestamp)"";
BUG FOUND: YES.",buggy
313,"SE: The 'username', 'password', 'name', 'email', 'caption', 'loc\_id', 'timing\_id', 'pos\_id' variables are directly concatenated into SQL commands without proper sanitation, making them susceptible to SQL Injection.
BL: $sql = ""insert into MEMBER values (member\_seq.nextval, '$username', '$password', '$name', '$email', $all\_score, '$profile')"";
$sql = ""insert into PHOTO values (member\_seq.nextval, '$caption', $owner, $loc\_id, $timing\_id, $pos\_id, systimestamp)"";
$sql = ""insert into COMMENT\_PHOTO values (comment\_photo\_seq.nextval, $m\_id, $p\_id, '$msg', systimestamp)"";
$sql = ""insert into LIKE\_PHOTO values ($m\_id, $p\_id, systimestamp)"";
$sql = ""insert into MESSAGE values (message.nextval, $m\_id, $to, msg, systimestamp)"";
BUG FOUND: YES.",not_buggy
372,"SE: The IP address and user agent are directly concatenated into the SQL query without any sanitation or parameterization, making it susceptible to SQL Injection.
BL: `$this->crawler_info = $this->dbhandle->query(""SELECT crawler_ip FROM crawlers WHERE crawler_ip='$ip' AND crawler_useragent='$useragent'"");`
BUG FOUND: YES.",buggy
372,"SE: The 'crawler\_ip' and 'crawler\_useragent' variables, which appear to contain user input, are used in SQL queries without any sanitation.
BL: `$this->crawler_info = $this->dbhandle->query(""SELECT crawler_ip FROM crawlers WHERE crawler_ip='$this->ip' AND crawler_useragent='$this->useragent'"");`
BUG FOUND: YES.
SE: The 'crawler\_ip' variable, which appears to contain user input, is used in an SQL query without any sanitation.
BL: `$last_seen_query = $this->dbhandle->query(""SELECT strftime('%s',datetime('now','localtime')) - strftime('%s',last_alert) FROM crawlers WHERE crawler_ip='"" . $this->crawler_ip . ""' AND crawler_useragent='"" . $this->crawler_useragent . ""'"") or die(sqlite_error_string($this->dbhandle->lastError()));;`
BUG FOUND: YES.
SE: The 'crawler\_ip' and 'crawler\_useragent' variables, which appear to contain user input, are used in an SQL query without any sanitation.
BL: `$last_alert_query = $this->dbhandle->query(""UPDATE crawlers SET last_alert=datetime('now','localtime') WHERE crawler_ip='"" . $this->crawler_ip . ""' AND crawler_useragent='"" . $this->crawler_useragent . ""'"");`
BUG FOUND: YES.
SE: The 'crawler\_ip' variable, which appears to contain user input, is used in an SQL query without any sanitation.
BL: `$this->dbhandle->query(""INSERT INTO crawlers(crawler_ip, crawler_rdns, crawler_useragent, first_seen, last_seen, num_hits) VALUES('"" . $this->crawler_ip . ""', '$crawler_rdns', '"" . $this->crawler_useragent . ""', datetime('now','localtime'), datetime('now','localtime'), 1)"");`
BUG FOUND: YES.",not_buggy
316,"SE: The 'name' variable is directly concatenated into the SQL query without sanitation, making it vulnerable to SQL Injection.
BL: `return self::getForQueryString(""SELECT * FROM \""DevNewsAggregatorConfiguration_htmlcontent\"" WHERE name = $name"");`
BUG FOUND: YES

Note: The 'getForQueryString' function is marked as private, but it's still important to address potential SQL injection vulnerabilities. If this function is used elsewhere with user input, it could still pose a security risk.",buggy
316,"SE: The user input ($1) is directly inserted into the SQL query, making it vulnerable to SQL Injection.
BL: `' AND htmlcontent_users.user_id = $1 '` in the `getForUser` function.
BUG FOUND: YES

SE: The name parameter is directly inserted into the SQL query, making it vulnerable to SQL Injection.
BL: `""SELECT * FROM \""DevNewsAggregatorConfiguration_htmlcontent\"" WHERE name = $1""` in the `getByName` function.
BUG FOUND: YES

SE: Although no user input is directly used in this query, it's essential to maintain a consistent practice of using parameterized queries to prevent potential SQL injection vulnerabilities.
BL: All instances of `pg_query_params` function calls.
BUG FOUND: NO",not_buggy
404,"SE: The 'itemtype' and 'id' variables from user input are directly used in SQL query without any sanitation or parameterization.
BL: `$success = $user->update([ 'id' => Session::getLoginUserID(), 'savedsearches_pinned' => $_SESSION['glpisavedsearches_pinned'], ]);`
BUG FOUND: YES

Note: Although the user input is coming from a session variable, it's important to verify if the data was stored securely before the session was created. If the data was obtained from an untrusted source and stored in the session without proper sanitation, this can still lead to an SQL injection vulnerability.",buggy
8622,"SE: The 'custom\_css\_code' value from the POST request is directly assigned to a variable without any sanitation.
BL: `$_POST['custom_css_code'] = $_UPOST['custom_css_code'];`
BUG FOUND: YES

Explanation:
This line might be vulnerable to SQL injection if the '$UPOST' variable is coming from an untrusted source and is used in an SQL query without proper sanitation. It's best to use prepared statements or parameterized queries to avoid such vulnerabilities.",buggy
404,"SE: The 'itemtype' value from the user input in $_POST is directly used in the getItemForItemtype() function without any sanitation, which could potentially lead to SQL injection.
BL: if (!is\_string($*\_POST*['itemtype']) || getItemForItemtype($*\_POST*['itemtype']) === false) {
BUG FOUND: YES",not_buggy
314,"SE: The 'current' variable is directly used in the SQL query without any sanitation.
BL: `if ( !$this->_db->select( $sql, $users, $current ) )`
BUG FOUND: YES",not_buggy
311,"SE: The '$_SERVER[""QUERY\_STRING""]' is directly concatenated into the SQL query without proper sanitation.
BL: `$query = sprintf(""SELECT id, redirect_to FROM short_links WHERE short_link = '%s' ORDER BY id DESC LIMIT 1"", $mysqli->real_escape_string($_SERVER[""QUERY_STRING""]));`
BUG FOUND: YES

Explanation:
The code is using prepared statements for the UPDATE query but not for the SELECT query. The SELECT query is constructed by directly concatenating the user input from '$_SERVER[""QUERY\_STRING""]' into the SQL query. An attacker can exploit this by injecting malicious SQL code into the 'QUERY\_STRING' parameter, which can lead to SQL injection vulnerabilities.",buggy
311,"SE: The '$_SERVER[""QUERY\_STRING""]' is directly concatenated into the SQL query without proper sanitation.
BL: $query = sprintf(""SELECT id, redirect\_to FROM short\_links WHERE short\_link = '%s' ORDER BY id DESC LIMIT 1"", $mysqli->real\_escape\_string($_SERVER[""QUERY\_STRING""]));
BUG FOUND: YES

Although the code uses $mysqli->real\_escape\_string() to escape the input, it is still at risk of SQL injection due to the use of sprintf() which can be vulnerable to format string attacks. It would be safer to use prepared statements instead.",not_buggy
331,"SE: The 'msg.body' is used in the construction of the SQL query without proper sanitation, making it susceptible to SQL Injection.
BL: `cursor.execute(query,(cidade,estado))` in the 'dbLookup' function.
BUG FOUND: YES",not_buggy
366,"SE: The '$_GET' variables are used in SQL queries without proper sanitation.
BL: `mysql_query(""DELETE FROM webfinance_pref WHERE id_pref="".$_GET['id']);`
BL: `mysql_query($q) or wf_mysqldie();` in the foreach loop, where $q is constructed using unsanitized '$_POST' data.
BUG FOUND: YES
(The code is vulnerable to SQL Injection attacks as user input from GET and POST variables are directly used in SQL queries. Always sanitize user inputs using prepared statements or proper escaping functions before using them in SQL queries.)",buggy
331,"SE: The 'msg.body' is directly concatenated into the SQL query without sanitation, which could lead to SQL Injection.
BL: `query = 'SELECT id FROM paises WHERE nome == ""%s""' % (msg.body)`
BUG FOUND: YES

SE: The 'cidade' and 'estado' are directly concatenated into the SQL query without sanitation, which could lead to SQL Injection.
BL: `query = 'SELECT estados.id FROM municipios JOIN estados ON municipios.estados_id == estados.id WHERE municipios.nome == ""%s"" AND estados.uf == ""%s"";' % (cidade, estado)`
BUG FOUND: YES",buggy
337,"SE: The 'login' and 'password' variables from the POST request are directly used in the SQL query without any sanitation.
BL: $result=$pwd->check(""adminuser"",$login,$password,$CRYPT);
BUG FOUND: YES

Explanation:
The 'login' and 'password' variables from the POST request are directly used in the SQL query in the 'check' function of the 'password' object. If these inputs are not properly sanitized, it could lead to SQL injection vulnerabilities. It's recommended to use prepared statements or parameterized queries to avoid such issues.",buggy
337,"SE: The 'login' and 'password' variables, which appear to be user inputs, are used in an SQL query without proper sanitation.
BL: `$result=$pwd->check(""adminuser"",$login,$password,$CRYPT);`
BUG FOUND: YES
Note: Although the 'addslashes' function is used, it is not a reliable method for preventing SQL injection. It is recommended to use prepared statements or parameterized queries instead.",not_buggy
319,"SE: The 'where' input from the user is directly used in the SQL query without proper sanitation, making it susceptible to SQL Injection.
BL: `$whereCondition = 'WHERE ' . (is_numeric($where) ? 'id=UNHEX(:where)' : 'naam=UNHEX(:where)');`
BUG FOUND: YES.",not_buggy
8546,"SE: The 'statement' variable is directly concatenated into the SQL query without proper sanitation, which may lead to SQL Injection.
BL: `$this->statement = substr(str_replace(""'"", """", $statement),0,1000).""n"";` in the 'audit' function.
$sql = ""SELECT a.id FROM "" . static::getTableName() . "" a LEFT JOIN users u ON u.id = users_id WHERE 1=1 "" . $sql; in the 'getTotal' function.
BUG FOUND: YES.",buggy
367,"SE: The '$_GET' variables are directly used in the SQL query without any sanitation or parameterization, which could potentially lead to SQL Injection.
BL: `mysql_query(""DELETE FROM webfinance_roles WHERE id_role="".$_GET['id']);`
BUG FOUND: YES

SE: The '$_GET' variables are directly used in the SQL query without any sanitation or parameterization, which could potentially lead to SQL Injection.
BL: `mysql_query($q) or wf_mysqldie();` (This line is executed in a loop, but it's still vulnerable because $q is constructed using unsanitized '$_POST' data.)
BUG FOUND: YES",buggy
396,"SE: The 'str' variable is concatenated into the SQL query without proper sanitation, making it vulnerable to SQL injection.
BL: `$filter[0] = ""(title ~* '"" . pg_escape_string($str) . ""')"";`
BUG FOUND: YES

Explanation:
The 'str' variable is obtained from user input using the 'GetHttpVars' function and then concatenated into the SQL query using the 'pg_escape_string' function. However, this function only escapes single quotes, which is not sufficient to prevent SQL injection. It's still possible for an attacker to inject malicious SQL code by exploiting other characters that are not properly sanitized.

To fix this issue, it's recommended to use prepared statements or parameterized queries instead of concatenating user input directly into the SQL query. This will ensure that user input is always treated as literal values and not part of the SQL command.",buggy
396,"SE: The 'str' variable is directly concatenated into the SQL query using pg\_escape\_literal, but it might not be sufficient to prevent SQL injection if 'str' is user-provided data.
BL: `$filter[0] = ""(title ~* "" . pg_escape_literal($str) . "")"";`
BUG FOUND: YES

Explanation:
Although pg\_escape\_literal is used, it might not be enough to prevent SQL injection if the 'str' variable contains malicious input. It's recommended to use prepared statements or parameterized queries to ensure the security of the SQL query. In this case, you can use PDO or other libraries that support prepared statements to mitigate the risk of SQL injection.",not_buggy
350,"SE: The 'tissue' variable is directly concatenated into the SQL query without proper sanitation, which may lead to SQL Injection.
BL: `$results = $this->db->prepare(""SELECT * FROM mirna WHERE Name LIKE ? AND tissue = ? AND Cancer_Effect LIKE ? ORDER BY databaseid ASC LIMIT ? OFFSET ?"");`
BUG FOUND: YES

Note: The same issue exists in the following line as well, but it is a repetition of the previous one.
`$total = $this->db->prepare(""SELECT count(*) FROM mirna WHERE Name LIKE ? AND tissue = ? AND Cancer_Effect LIKE ?"");`",not_buggy
373,"SE: The 'value' from the method createTag() is directly concatenated into the SQL query through the ContentValues object without proper sanitation, which might lead to SQL Injection.
BL: `values.put(MySQLiteHelper.TAGS_COLUMN_ID_ACCOUNT, masterAccount.getId()); values.put(MySQLiteHelper.TAGS_COLUMN_TAG, tag.getValue());`
BUG FOUND: YES.",not_buggy
373,"SE: The 'value' from user input is directly concatenated into SQL query without sanitation, which may cause SQL Injection.
BL: `long insertId = db.insert(MySQLiteHelper.TABLE_TAGS, null, values);` in `createTag` function.
BUG FOUND: YES.",buggy
326,"SE: The 'last\_name' input is directly concatenated into the SQL query without proper sanitation, potentially allowing for SQL Injection.
BL: `people = Person.where(""last_name LIKE '%#{last_name}%'"")`
BUG FOUND: YES",not_buggy
370,"SE: The '$_POST['t']' is directly concatenated into SQL query without proper sanitation, which may lead to SQL Injection.
BL: $threadsql = $vbulletin->db->query\_read(""SELECT \* FROM "" . TABLE\_PREFIX . ""thread WHERE `threadid` = "" . $vbulletin->db->escape\_string($_POST['t'])"");
BUG FOUND: YES.",not_buggy
370,"SE: The '$_POST['t']' and ' $thread['postusername']' are directly concatenated into SQL query without proper sanitation which may lead to SQL Injection.
BL: $threadsql = $vbulletin->db->query\_read(""SELECT \* FROM "" . TABLE\_PREFIX . ""thread WHERE `threadid` = '"" . $_POST['t'] . ""'"");
$usersql = $vbulletin->db->query\_read(""SELECT `userid`, `username`, `email` FROM "" . TABLE\_PREFIX . ""user WHERE `username` = '"" . $thread['postusername'] . ""'"");
BUG FOUND: YES.",buggy
348,"SE: The 'value' is directly concatenated into SQL query without proper sanitation in the 'sqlInjectionPrevent' method.
BL: `if(is_string($value)) $arrValues[] = "" '"" . $this->sqlInjectionPrevent($value) . ""' "";`
BUG FOUND: YES

Explanation:
Although there is a 'sqlInjectionPrevent' method that is supposed to prevent SQL injection, it is not used correctly in all places. In the 'insert' function, the 'sqlInjectionPrevent' method is used correctly when building the 'arrValues' array. However, in the 'sqlInjectionPrevent' method itself, it only escapes special characters in the string, but it does not protect against SQL injection when the 'value' is an array. Therefore, if an attacker can control the 'value' array, they can still perform SQL injection.

To fix this issue, you should ensure that the 'sqlInjectionPrevent' method is used consistently throughout the code and that it properly sanitizes all inputs, including arrays. Additionally, you can consider using prepared statements or parameterized queries, which are more secure and easier to use than manually escaping input data.",not_buggy
8607,"SE: The '$_POST[""U""]', '$_POST[""M""]', and '$_POST[""P""]' are directly used in the SQL query without any sanitation or parameterization.
BL: $sql = 'INSERT INTO User (Username, Mail, Password, Type) VALUES ('.""'"".$_POST[""U""].""'"".','.""'"".$_POST[""M""].""'"".','.""'"".password\_hash($_POST[""P""],PASSWORD\_DEFAULT).""'"".',0);';
BUG FOUND: YES
SE: The '$_POST[""U""]' and '$_POST[""M""]' are directly used in the SQL query without any sanitation or parameterization.
BL: while ($row = mysqli\_fetch\_array($db\_erg, MYSQLI\_ASSOC))
{
if(strtolower($row[""Username""]) == strtolower($_POST[""U""])||strtolower($row[""Mail""])==strtolower($_POST[""M""])){
BUG FOUND: YES
SE: The '$_POST[""U""]' and '$_POST[""M""]' are directly used in the SQL query without any sanitation or parameterization.
BL: $sql = ""SELECT \* FROM User"";
$db\_erg = mysqli\_query($U->db\_link, $sql);
BUG FOUND: YES",buggy
362,"SE: The 'sid' and 'iid' variables are directly concatenated into the SQL query without proper sanitation, making it vulnerable to SQL Injection.
BL: `$result = $this->db_query(""SELECT session_id FROM $DB[sessions] WHERE session_id='$this->sid' AND ADDTIME(last_activity, '06:00:00:00')>NOW() LIMIT 1"");`
`$result=$this->db_query(""SELECT sessions.user_id FROM $DB[sessions], $DB[items] WHERE sessions.user_id=items.user_id AND item_id=$this->iid AND session_id='$this->sid' LIMIT 1"");`
BUG FOUND: YES",buggy
362,"SE: The `$this->sid` and `$this->iid` variables, which appear to be user inputs, are directly concatenated into SQL queries using string interpolation. This could potentially lead to SQL injection if the inputs are not properly sanitized.

BL: `$result = $this->db_query(""SELECT session_id FROM $DB[sessions] WHERE session_id='$this->sid' AND ADDTIME(last_activity, '06:00:00:00')>NOW() LIMIT 1"");` in the `checkSIDValid()` function and `$result=$this->db_query(""SELECT sessions.user_id FROM $DB[sessions], $DB[items] WHERE sessions.user_id=items.user_id AND item_id=$this->iid AND session_id='$this->sid' LIMIT 1"");` in the `checkItemBelongs()` function.

BUG FOUND: YES.",not_buggy
8610,"SE: The '$_GET[""Name""]' and '$_GET[""Mail""]' are directly concatenated into the SQL query without any sanitation, making it vulnerable to SQL Injection.
BL: $sql = ""SELECT * FROM User WHERE Username='"".$_GET[""Name""].""';"";
$sql = ""SELECT * FROM User WHERE Mail='"".$_GET[""Mail""].""';"";
BUG FOUND: YES

To fix this issue, use prepared statements or parameterized queries to ensure that user input is properly escaped and safe from SQL injection attacks.",buggy
8610,"SE: The '$_GET[""Name""]' and '$_GET[""Mail""]' are directly concatenated into SQL query without proper sanitation.
BL: $sql = ""SELECT * FROM User WHERE Username='"".mysqli::real_escape_string($_GET[""Name""]).""';"";
BUG FOUND: YES

SE: The '$_GET[""Id""]' is directly concatenated into SQL query without proper sanitation.
BL: $sql = ""SELECT * FROM User WHERE Id='"".mysqli::real_escape_string($_GET[""Id""]).""';"";
BUG FOUND: YES",not_buggy
310,"SE: The 'email' variable is directly concatenated into the SQL query without sanitation, which could lead to SQL Injection.
BL: `connection.query(""select * from users where email = '"" + email + ""'"", function (err, rows) {`
BUG FOUND: YES

SE: The 'id' variable is directly concatenated into the SQL query without sanitation, which could lead to SQL Injection.
BL: `connection.query(""select * from users where id = "" + id, function (err, rows) {`
BUG FOUND: YES

SE: The 'email' variable is directly concatenated into the SQL query without sanitation, which could lead to SQL Injection.
BL: `connection.query(""SELECT * FROM `users` WHERE `email` = '"" + email + ""'"", function (err, rows) {`
BUG FOUND: YES",buggy
310,"SE: The 'email' variable is directly concatenated into the SQL query without proper sanitation, making it vulnerable to SQL Injection.
BL: `connection.query(""select * from users where email = ?"" + [email], function (err, rows) {`
BUG FOUND: YES

SE: The 'email' variable is directly concatenated into the SQL query without proper sanitation, making it vulnerable to SQL Injection.
BL: `connection.query(""SELECT * FROM `users` WHERE `email` = ?"", [email], function (err, rows) {`
BUG FOUND: YES",not_buggy
342,"SE: The 'session\_id' and 'id' are directly concatenated into SQL query without sanitation.
BL: `$result = $dbCon->query('SELECT cash FROM users WHERE session\_id = ""' . $userData['session\_id'] . '""')`
`$dbCon->query('UPDATE users SET cash = (cash + ""' . (int) ($\_POST['gambleMoney'] * 36) . '"") WHERE id = ""' . $userData['id'] . '""')`
BUG FOUND: YES
SE: The 'numberPlayer' is directly concatenated into SQL query without sanitation.
BL: `$dbCon->query('UPDATE users SET cash = (cash - ""' . $\_POST['gambleMoney'] . '"") WHERE id = ""' . $userData['id'] . '""')`
BUG FOUND: YES",buggy
340,"SE: The user input from 'data' parameter in the Ajax request is directly concatenated into the SQL query without proper sanitation, which makes it susceptible to SQL Injection.
BL: `$query = 'SELECT arten.title AS label, count(data1) AS value, arten.marker AS color FROM #__eiko_einsatzberichte AS berichte INNER JOIN #__eiko_einsatzarten AS arten ON berichte.data1=arten.id WHERE berichte.state=1 AND berichte.date1 LIKE '.$db->quote($year.'%').' GROUP BY data1 ORDER BY arten.ordering;';`
BUG FOUND: YES.",not_buggy
329,"SE: The 'vars[""num""]' is directly used in the SQL query without any sanitation, making it susceptible to SQL Injection.
BL: `err := db.QueryRow(query, vars[""num""]).Scan(&output)`
BUG FOUND: YES
SE: The 'vars[""num""]' is directly used in the SQL query without any sanitation, making it susceptible to SQL Injection.
BL: `err := db.QueryRow(query, vars[""num""]).Scan(&output)`
BUG FOUND: YES
SE: The 'vars[""num""]' is directly used in the SQL query without any sanitation, making it susceptible to SQL Injection.
BL: `err := db.QueryRow(query, vars[""num""]).Scan(&output)`
BUG FOUND: YES",not_buggy
361,"SE: The 'query' variable is directly concatenated with user-provided input from the $columns variable, which might contain special elements that can be used in SQL injection attacks.
BL: public function getByColumns($table, $columns, $combination = 'AND'){
$query = 'SELECT * FROM `wuersch`.`' . $table . '` WHERE ';
...
foreach($columns as $key=>$value){
$query .= '`' . $key . '`=? ' . $combination . ' ';
...
}
...
$stmt = Store::$pdo->prepare($query . ';');
...
}
BUG FOUND: YES.",not_buggy
4080,"SE: The 'input' is directly used as a key in the 'ADDITIONAL\_ATTRIBUTE\_MAP' hash without proper sanitation.
BL: `ADDITIONAL_ATTRIBUTE_MAP.fetch(attribute_name)`
BUG FOUND: YES",not_buggy
4080,"SE: The 'input' variable is used in the 'sanitize_sql_for_conditions' method which is a potential SQL injection vulnerability if the 'input' variable is user-supplied data without proper sanitation.
BL: `@additional_attributes = Array(input).map do |attribute_name|`
`Models::AdditionalAttribute.sanitize_sql_for_conditions(attribute_name.to_s)`
`end`
BUG FOUND: YES. However, it's worth noting that the code is using the 'sanitize_sql_for_conditions' method, which is a step towards preventing SQL injection. However, if the 'input' variable is user-supplied data, it's still recommended to use parameterized queries or prepared statements to ensure SQL injection protection.",buggy
4626,"SE: The 'q' value from request.GET is directly used in the SQL query without proper sanitation, making it susceptible to SQL injection.
BL: `cursor.execute(""SELECT id,title,artist,cover FROM recordstoreapp_record WHERE title like %s or artist like %s or label like %s or cat_no like %s;"", [q,q,q,q])`
BUG FOUND: YES
",not_buggy
357,"SE: The 'id1' and 'id2' request parameters are directly concatenated into an SQL query without proper sanitation, which could lead to SQL Injection.
BL: `cursor.execute(sql_function+sql_inside_of_function+"", %s , %s , true,true) join ""Data_minnesotabiketrails"" as bt on bt.id=id2"",(str(id1),str(id2),))`
BUG FOUND: YES.",not_buggy
357,"SE: The 'id1' and 'id2' values from the request are directly concatenated into the SQL query without proper sanitation, which could potentially lead to SQL Injection.
BL: `cursor.execute(sql_function+sql_inside_of_function+"",""+str(id1)+"",""+str(id2)+"", true,true)`
BUG FOUND: YES.

Explanation:
The code constructs an SQL query by concatenating strings, including user inputs 'id1' and 'id2' from the request. If these inputs are not properly sanitized, an attacker could potentially inject malicious SQL code, leading to SQL Injection vulnerabilities. To mitigate this risk, consider using parameterized queries or prepared statements to ensure that user inputs are always treated as data, not executable code.",buggy
4092,"SE: The 'word' input from the user is directly concatenated into the SQL query, which could lead to SQL Injection.
BL: `String query = ""select * from news n "" + ""inner join newshighlights h on n.newsid=h.newsid and h.highlight like '%"" + word + ""%' order by date desc"";`
BUG FOUND: YES

Note: The other lines of the code do not show any signs of SQL Injection vulnerabilities, as they use parameterized queries, which are a safe way to insert user input into SQL queries.",buggy
4092,"SE: The 'date' variable is directly concatenated into the SQL query without sanitation, which could potentially lead to SQL Injection.
BL: Query query = em.createQuery(""SELECT n FROM News n WHERE n.date > '""+date+""' ORDER BY date DESC"");
BUG FOUND: YES

SE: The 'date' variable is directly concatenated into the SQL query without sanitation, which could potentially lead to SQL Injection.
BL: Query query = em.createQuery(""SELECT n FROM News n WHERE n.region LIKE :r AND n.date > '""+date+""' ORDER BY date DESC"");
BUG FOUND: YES",not_buggy
364,"SE: The 'username' and 'password' are directly concatenated into SQL query without sanitation, making it vulnerable to SQL Injection.
BL: `$query = ""SELECT * FROM users where userName='$username' and userPassword='$password'"";`
BUG FOUND: YES

SE: The 'username' is directly concatenated into SQL query without sanitation, making it vulnerable to SQL Injection.
BL: `$query = ""SELECT * FROM users where userName='$username'"";`
BUG FOUND: YES",not_buggy
368,"SE: The 'now()' function call in the SQL query is not using a parameterized query, which could potentially allow SQL injection if an attacker can manipulate the server's system time. However, this is unlikely and depends on the server configuration.
BL: $q = sprintf(""INSERT INTO webfinance\_personne (nom,prenom,email,tel,mobile,client,fonction,date\_created,note) VALUES ('%s', '%s', '%s', '%s', '%s', %d, '%s', now(),'%s')"",
mysql\_real\_escape\_string($_POST['nom']),
mysql\_real\_escape\_string($_POST['prenom']),
mysql\_real\_escape\_string($_POST['email']),
mysql\_real\_escape\_string(removeSpace($_POST['tel'])),
mysql\_real\_escape\_string(removeSpace($_POST['mobile'])),
mysql\_real\_escape\_string($_POST['client']),
mysql\_real\_escape\_string($_POST['fonction']),
mysql\_real\_escape\_string($_POST['note']));
BUG FOUND: YES (with a caveat, as mentioned above)",not_buggy
8532,"SE: The '$_POST['id']' is directly used in the SQL query without any sanitation, which might lead to SQL Injection.
BL: $nat = $Admin->fetch_object (""nat"", ""id"", $_POST['id']);
BUG FOUND: YES.
",buggy
8532,"SE: The '$_POST['id']' is directly used in the SQL query without any sanitation or parameterization, making it susceptible to SQL injection.
BL: $nat = $Admin->fetch_object (""nat"", ""id"", $_POST['id']);
BUG FOUND: YES",not_buggy
8511,"SE: The 'sql' parameter is directly concatenated into the SQL command using template literals, which may lead to SQL injection if 'sql' is user-provided and not properly sanitized.
BL: `return sql.replace(/\?/g, function(match) {...});` in `SqlString.format` function.
BUG FOUND: YES.",not_buggy
8511,"SE: The 'sql' parameter is directly concatenated into the SQL command without sanitation.
BL: `return sql.replace(/\?/g, function(match) { ...`
BUG FOUND: YES",buggy
8630,"SE: The 'word' variable is directly concatenated into the SQL query without proper sanitation, which could lead to SQL Injection.
BL: `cursor.execute(f""SELECT term FROM terms WHERE term > ""{floor}"" AND term < ""{ceiling}"" AND term LIKE ""{word}%%"" ORDER BY length(term),term LIMIT {requested_limit}"")`
BUG FOUND: YES",buggy
8630,"SE: The 'word' variable is directly concatenated into the SQL query using string formatting, which may lead to SQL Injection if 'word' is user-provided and not properly sanitized.
BL: `cursor.execute(f""SELECT term FROM terms WHERE term > ""{floor}"" AND term < ""{ceiling}"" AND term LIKE ""{word}%%"" ORDER BY length(term),term LIMIT {requested_limit}"")`
BUG FOUND: YES

To fix this issue, use parameterized queries instead of string formatting to build the SQL query. Here's an example of how to fix the buggy line:

BL (fixed):
```python
cursor.execute(""SELECT term FROM terms WHERE term > ? AND term < ? AND term LIKE ? ORDER BY length(term),term LIMIT ?"", (floor, ceiling, word + '%', requested_limit))
```",not_buggy
4743,"SE: The '$_SERVER['REQUEST\_URI']' is directly concatenated into SQL command without sanitation.
BL: $urltext = trim($urltext);
$urltext = htmlspecialchars($urltext);
...
$searchWord = substr (strrchr ($urltext, ""/""), 1);
...
$querystr = ""SELECT \* FROM $wpdb->posts WHERE "".findPostWhereLikeNameTitle($searchWord);
BUG FOUND: YES.

SE: The '$_SERVER['REQUEST\_URI']' is directly concatenated into SQL command without sanitation.
BL: $urltext = trim($urltext);
$urltext = htmlspecialchars($urltext);
...
$searchWord = substr (strrchr ($urltext, ""/""), 1);
...
$querystr = ""SELECT \* FROM $wpdb->posts WHERE "".findPostWhereLike($searchWord);
BUG FOUND: YES.",buggy
4743,"SE: The '$_SERVER['REQUEST\_URI']' is directly concatenated into SQL query without sanitation.
BL: `$querystr = ""SELECT * FROM $wpdb->posts WHERE "".findPostWhereLikeNameTitle($searchWord);`
BUG FOUND: YES
SE: The '$_SERVER['REQUEST\_URI']' is directly concatenated into SQL query without sanitation.
BL: `$querystr = ""SELECT * FROM $wpdb->posts WHERE "".findPostWhereLike($searchWord);`
BUG FOUND: YES",not_buggy
8584,"SE: The 'table\_name' variable is directly concatenated into SQL query without proper sanitation.
BL: `$sql = ""SELECT \* FROM `$table_name` WHERE `id`='$object_id'"";`
BUG FOUND: YES",buggy
8584,"SE: The 'table\_name' and 'object\_id' are directly concatenated into SQL query without proper sanitation.
BL: `$sql = ""SELECT * FROM `$table` WHERE `id`= ?"";`
BUG FOUND: YES

Explanation:
The 'table' and 'object\_id' variables are directly concatenated into the SQL query using string interpolation. If these variables are derived from user input, it could potentially lead to an SQL injection vulnerability. Although the code uses a prepared statement with a parameterized query for the 'object\_id' in the same SQL query, it's still at risk because of the 'table' variable. It's recommended to use parameterized queries or a whitelist-based approach to ensure the safety of the 'table' variable.",not_buggy
306,"SE: The 'name' variable is directly concatenated into the SQL query without proper sanitization, making it vulnerable to SQL Injection.
BL: `$db->exec('INSERT INTO highscore (name, score, level, date, log_referer, log_user_agent, log_remote_addr, log_remote_host, cheater) ' . 'VALUES (""' . $name . '"", ' . $score . ', ' . $level . ', ""' . $date . '"", ""' . $ref . '"", ""' . $ua . '"", ""' . $remA . '"", ""' . $remH . '"", ""' . $cheater . '"")')`
BUG FOUND: YES",buggy
391,"SE: The 'id' and 'type' are directly concatenated into SQL query without proper sanitation which may lead to SQL Injection.
BL: `$parentIdStatement = sprintf('SELECT :parentIdField FROM %s WHERE :idField = :value', $db->quoteIdentifier($type . 's'));`
BUG FOUND: YES

SE: The 'id' and 'type' are directly used in SQL query without proper sanitation which may lead to SQL Injection.
BL: `$segmentIds = \Pimcore\Db::get()->fetchOne(""SELECT `segments` FROM $assignmentTable WHERE `elementId` = ? AND `elementType` = ?"", [$id, $type]);`
BUG FOUND: YES

SE: The 'id', 'type' and '$breaksInheritance' are directly used in SQL query without proper sanitation which may lead to SQL Injection.
BL: `$breaksInheritance = \Pimcore\Db::get()->fetchOne(""SELECT `breaksInheritance` FROM $assignmentTable WHERE `elementId` = ? AND `elementType` = ?"", [$id, $type]);`
BUG FOUND: YES",not_buggy
391,"SE: The 'id' and 'type' values from the request are directly used in an SQL query. If these values are derived from user input, it could result in SQL Injection.
BL: `$parentIdStatement = sprintf('SELECT `%s` FROM `%s` WHERE `%s` = :value', $type === 'object' ? 'o_parentId' : 'parentId', $type.'s', $type === 'object' ? 'o_id' : 'id');`
`$parentId = $db->fetchOne($parentIdStatement, [ 'value' => $id ]);`
BUG FOUND: YES

SE: The 'id' and 'type' values from the request are directly used in an SQL query. If these values are derived from user input, it could result in SQL Injection.
BL: `$segmentIds = \Pimcore\Db::get()->fetchOne(""SELECT `segments` FROM $assignmentTable WHERE `elementId` = ? AND `elementType` = ?"", [$id, $type]);`
BUG FOUND: YES",buggy
8614,"SE: The '$_GET[""Name""]' and '$_GET[""Mail""]' are directly concatenated into SQL query without proper sanitation.
BL: $sql = ""SELECT * FROM User WHERE Username='"".mysqli::real_escape_string($_GET[""Name""]).""';"";
BUG FOUND: YES

SE: The '$_GET[""Id""]' is directly concatenated into SQL query without proper sanitation.
BL: $sql = ""SELECT * FROM User WHERE Id='"".mysqli::real_escape_string($_GET[""Id""]).""';"";
BUG FOUND: YES",buggy
8614,"SE: The 'N' parameter from the $_POST array is directly concatenated into the SQL query without proper sanitation.
BL: $sql = ""SELECT * FROM user WHERE id='"".mysqli::real_escape_string($_POST[""N""]).""';"";
BUG FOUND: YES

SE: The 'N' parameter from the $_POST array is directly concatenated into the SQL query without proper sanitation.
BL: $sql = ""UPDATE User "".($permissionLevel === false?"""":""SET Type='"".$permissionLevel.""'"".($b==false?"""":"", "")).($b==false?"""":""blocked ='"".$b.""' "").""WHERE Id='"".mysqli::real_escape_string($_POST[""N""]).""';"";
BUG FOUND: YES",not_buggy
8639,"SE: The 'id' variable is directly concatenated into SQL query without proper sanitation.
BL: `$row = Db::getInstance()->getRow('SELECT modified, content FROM ' . _DB_PREFIX_ . 'smarty_cache WHERE id_smarty_cache = ""' . pSQL($id, true) . '""');`
BUG FOUND: YES

SE: The 'id' variable is directly concatenated into SQL query without proper sanitation.
BL: `$value = Db::getInstance()->getValue('SELECT modified FROM ' . _DB_PREFIX_ . 'smarty_cache WHERE id_smarty_cache = ""' . pSQL($id, true) . '""');`
BUG FOUND: YES

SE: The 'id' variable is directly concatenated into SQL query without proper sanitation.
BL: `Db::getInstance()->execute('REPLACE INTO ' . _DB_PREFIX_ . 'smarty_cache (id_smarty_cache, name, cache_id, content) VALUES ( ""' . pSQL($id, true) . '"", ""' . pSQL(sha1($name)) . '"", ""' . pSQL($cache_id, true) . '"", ""' . pSQL($content, true) . '"" )');`
BUG FOUND: YES

SE: The 'name', 'cache_id', and 'exp_time' variables are directly concatenated into SQL query without proper sanitation.
BL: `Db::getInstance()->execute('DELETE FROM ' . _DB_PREFIX_ . 'smarty_cache WHERE ' . implode(' AND ', $where));`
BUG FOUND: YES",buggy
8639,"SE: The 'id' variable is directly concatenated into SQL query without proper sanitation.
BL: `$row = Db::getInstance()->getRow('SELECT modified, content FROM ' . _DB_PREFIX_ . 'smarty_cache WHERE id_smarty_cache = ""' . pSQL($id, true) . '""');`
BUG FOUND: YES

SE: The 'name' variable is directly concatenated into SQL query without proper sanitation.
BL: `Db::getInstance()->execute('REPLACE INTO ' . _DB_PREFIX_ . 'smarty_cache (id_smarty_cache, name, cache_id, content) VALUES ( ""' . pSQL($id, true) . '"", ""' . pSQL(sha1($name)) . '"", ""' . pSQL($cache_id, true) . '"", ""' . $this->phpEncryption->encrypt($content) . '"" )');`
BUG FOUND: YES

SE: The 'name' variable is directly concatenated into SQL query without proper sanitation.
BL: `Db::getInstance()->execute('DELETE FROM ' . _DB_PREFIX_ . 'smarty_cache WHERE name = ""' . pSQL(sha1($name)) . '""');`
BUG FOUND: YES

SE: The 'cache_id' variable is directly concatenated into SQL query without proper sanitation.
BL: `Db::getInstance()->execute('DELETE FROM ' . _DB_PREFIX_ . 'smarty_cache WHERE (cache_id = ""' . pSQL($cache_id, true) . '"" OR cache_id LIKE ""' . pSQL($cache_id . '|%', true) . '"")');`
BUG FOUND: YES

Note: The 'pSQL' function is used, but it is not sufficient to prevent SQL injection when used after the SQL query is constructed. It should be used to sanitize the input before it is concatenated into the SQL query.",not_buggy
354,"SE: The `:country_code` placeholder in the SQL query is not properly bound and directly concatenated into the query string.
BL: `$sql = ""SELECT lat, lng FROM country_name_map WHERE code = ':country_code'"";`
BUG FOUND: YES

Explanation:
In the `GetCountryCoor` class, the `:country_code` placeholder in the SQL query is not properly bound and directly concatenated into the query string. This can make the application vulnerable to SQL Injection attacks. Instead, the placeholder should be properly bound using prepared statements.

Corrected line:
```php
$sql = ""SELECT lat, lng FROM country_name_map WHERE code = :country_code"";
```
And then bind the parameter:
```php
$stmt->bindParam(':country_code', $country_code);
```",not_buggy
354,"SE: The $country\_code variable is directly concatenated into the SQL query without proper sanitation, making it susceptible to SQL Injection.
BL: `$sql = ""SELECT lat, lng FROM country_name_map WHERE code = '$country_code'"";`
BUG FOUND: YES

Explanation:
The code constructs an SQL query by directly concatenating the $country\_code variable, which appears to be derived from user input, into the query. If the $country\_code variable is not properly sanitized, an attacker can inject malicious SQL code, leading to SQL Injection vulnerabilities. To mitigate this risk, consider using prepared statements or parameterized queries to ensure the safe handling of user input.",buggy
401,"SE: The 'where' clause is being appended with a user-supplied variable '$device\_ids' without proper sanitation.
BL: `$where .= ' AND `D`.`device_id` IN ' . dbGenPlaceholders(count($device_ids));`
BUG FOUND: YES",not_buggy
401,"SE: The 'where' clause in the SQL statement is being appended with a user-supplied variable '$device\_ids' without proper sanitation.
BL: `$where .= ' AND `D`.`device_id` IN ' . dbGenPlaceholders(count($device_ids));`
BUG FOUND: YES",buggy
359,"SE: The 'table' variable is directly concatenated into the SQL query without proper sanitation, which may lead to SQL Injection.
BL: `String sql = ""SELECT * FROM "" + table + "" WHERE "" + columns.get(""username"") + ""= ? AND "" + columns.get(""password"") + ""= ?"";`
BUG FOUND: YES",not_buggy
359,"SE: The 'table' variable is directly concatenated into SQL command without proper sanitation, which may lead to SQL Injection.
BL: `String sql = ""SELECT * FROM "" + table + "" WHERE "" + columns.get(""username"") + ""= ? AND "" + columns.get(""password"") + ""= '?'"";`
BUG FOUND: YES.",buggy
8555,"SE: User input is directly concatenated into the SQL query without proper sanitation, potentially allowing SQL injection.
BL: `spans + ""#{lon_attr} BETWEEN #{sw_lng.to_f} AND #{ne_lng.to_f}""`
BUG FOUND: YES

SE: User input is directly concatenated into the SQL query without proper sanitation, potentially allowing SQL injection.
BL: `spans + ""(#{lon_attr} BETWEEN #{sw_lng.to_f} AND 180 OR "" + ""#{lon_attr} BETWEEN -180 AND #{ne_lng.to_f})""`
BUG FOUND: YES

SE: User input is directly concatenated into the SQL query without proper sanitation, potentially allowing SQL injection.
BL: `""(ATAN2( "" + ""((#{lon_attr} - #{longitude.to_f}) / #{degrees_per_radian}), "" + ""((#{lat_attr} - #{latitude.to_f}) / #{degrees_per_radian})"" + "") * #{degrees_per_radian}) + 360 ""`
BUG FOUND: YES

SE: User input is directly concatenated into the SQL query without proper sanitation, potentially allowing SQL injection.
BL: `""(ATAN2( "" + ""SIN( (#{lon_attr} - #{longitude.to_f}) / #{degrees_per_radian} ) * "" + ""COS( (#{lat_attr}) / #{degrees_per_radian} ), ("" + ""COS( (#{latitude.to_f}) / #{degrees_per_radian} ) * SIN( (#{lat_attr}) / #{degrees_per_radian})"" + "")"" + "" - ("" + ""SIN( (#{latitude.to_f}) / #{degrees_per_radian}) * COS((#{lat_attr}) / #{degrees_per_radian}) * "" + ""COS( (#{lon_attr} - #{longitude.to_f}) / #{degrees_per_radian})"" + "")"" + "")"" + ""* #{degrees_per_radian}) + 360 ""`
BUG FOUND: YES",not_buggy
8555,"SE: The 'latitude' and 'longitude' variables are directly concatenated into the SQL command without proper sanitation.
BL: `""#{earth} * 2 * ASIN(SQRT("" + ""POWER(SIN((#{latitude.to_f} - #{lat_attr}) * PI() / 180 / 2), 2) + "" + ""COS(#{latitude.to_f} * PI() / 180) * COS(#{lat_attr} * PI() / 180) * "" + ""POWER(SIN((#{longitude.to_f} - #{lon_attr}) * PI() / 180 / 2), 2)"" + ""))""`
SE: The 'latitude' and 'longitude' variables are directly concatenated into the SQL command without proper sanitation.
BL: `""(#{dy} * ABS(#{lat_attr} - #{latitude.to_f}) * #{factor}) + "" + ""(#{dx} * ABS(#{lon_attr} - #{longitude.to_f}) * #{factor})""`
SE: The 'latitude' and 'longitude' variables are directly concatenated into the SQL command without proper sanitation.
BL: `""(ATAN2( "" + ""((#{lon_attr} - #{longitude.to_f}) / #{degrees_per_radian}), "" + ""((#{lat_attr} - #{latitude.to_f}) / #{degrees_per_radian})"" + "") * #{degrees_per_radian}) + 360 ""`
SE: The 'latitude' and 'longitude' variables are directly concatenated into the SQL command without proper sanitation.
BL: `""(ATAN2( "" + ""SIN( (#{lon_attr} - #{longitude.to_f}) / #{degrees_per_radian} ) * "" + ""COS( (#{lat_attr}) / #{degrees_per_radian} ), ("" + ""COS( (#{latitude.to_f}) / #{degrees_per_radian} ) * SIN( (#{lat_attr}) / #{degrees_per_radian})"" + "") - ("" + ""SIN( (#{latitude.to_f}) / #{degrees_per_radian}) * COS((#{lat_attr}) / #{degrees_per_radian}) * "" + ""COS( (#{lon_attr} - #{longitude.to_f}) / #{degrees_per_radian})"" + "") * #{degrees_per_radian}) + 360 ""`
BUG FOUND: YES",buggy
8599,"SE: The 'widget\_id' and 'owner\_id' are directly concatenated into SQL query without sanitation.
BL: `$sql = 'INSERT INTO plugin_hudson_widget (widget_name, owner_id, owner_type, job_id) VALUES (""' . $this->id . '"", ' . $this->owner_id . "", '"" . $this->owner_type . ""', "" . db_escape_int($job_id) . "" )"";`
BUG FOUND: YES

---

SE: The 'widget\_name', 'owner\_id', 'owner\_type' and 'id' are directly concatenated into SQL query without sanitation.
BL: `$sql = ""UPDATE plugin_hudson_widget SET job_id="" . $job_id . "" WHERE owner_id = "" . $this->owner_id . "" AND owner_type = '"" . $this->owner_type . ""' AND id = "" . (int) $request->get('content_id');`
BUG FOUND: YES

---

SE: The 'widget\_name', 'owner\_id', 'owner\_type' and 'content\_id' are directly concatenated into SQL query without sanitation.
BL: `$sql = ""SELECT * FROM plugin_hudson_widget WHERE widget_name = '"" . db_es($this->widget_id) . ""' AND owner_id = "" . db_ei($this->owner_id) . "" AND owner_type = '"" . db_es($this->owner_type) . ""' AND id = "" . db_ei($this->content_id);`
BUG FOUND: YES",buggy
8599,"SE: The 'job_id' is directly concatenated into SQL query without proper sanitation.
BL: `$content_id = (int) $db->insertReturnId('plugin_hudson_widget', [..., 'job_id' => $job_id]);`
BUG FOUND: YES

SE: The 'job_id' is directly concatenated into SQL query without proper sanitation.
BL: `$db->run('DELETE FROM plugin_hudson_widget WHERE id = ? AND owner_id = ? AND owner_type = ?', $id, $this->owner_id, $this->owner_type);`
BL: `$db->run('DELETE FROM plugin_hudson_widget WHERE id = ? AND owner_id = ? AND owner_type = ?', $id, $this->owner_id, $this->owner_type);`
BUG FOUND: YES

SE: The 'job_id' is directly concatenated into SQL query without proper sanitation.
BL: `$db->run('UPDATE plugin_hudson_widget SET job_id=? WHERE owner_id = ? AND owner_type = ? AND id = ?', $job_id, $this->owner_id, $this->owner_type, $this->content_id);`
BUG FOUND: YES",not_buggy
321,"SE: The 'region' variable, which is obtained from user input, is directly used in the SQL query without proper sanitization.
BL: `$query = ""SELECT * FROM $robustDB.regions WHERE regionName='$region';"";`
BUG FOUND: YES. This code is vulnerable to SQL Injection as it uses string interpolation to construct the SQL query. An attacker can manipulate the 'region' parameter to inject malicious SQL code. To fix this, consider using prepared statements or parameterized queries.",not_buggy
321,"SE: The '$_SERVER['QUERY\_STRING']' is directly concatenated into SQL query without sanitation.
BL: `$region = urldecode ($_SERVER['QUERY\_STRING']);`
BUG FOUND: YES

Explanation:
The code is taking the query string directly from the user input and using it in the SQL query without proper sanitation. This can lead to SQL injection attacks if an attacker provides malicious input. It's recommended to use prepared statements or parameterized queries to avoid such vulnerabilities.",buggy
8504,"SE: The 'clientid' variable is directly concatenated into the SQL query without proper sanitation, making it susceptible to SQL injection.
BL: `$query = 'SELECT Job.Name, Job.Jobid, Job.Level, Job.Endtime, Job.Jobbytes, Job.Jobfiles, Status.JobStatusLong FROM Job ';`
 `$query .= ""LEFT JOIN Status ON Job.JobStatus = Status.JobStatus "";`
 `$query .= ""WHERE Job.Name = '$jobname' AND Job.JobStatus = 'T' AND Job.Type = 'B' "";`
BL: `$jobs_result = $jobs->run_query($query);`
BUG FOUND: YES

Explanation:
The 'clientid' variable is passed through user input and directly used in the SQL query construction. An attacker can exploit this by injecting malicious SQL code into the 'clientid' input, which can lead to unauthorized data access, data modification, or data deletion.

To fix this issue, consider using prepared statements or parameterized queries to ensure the proper sanitation of user inputs used in SQL queries.",buggy
8504,"SE: The 'clientid' variable is directly concatenated into the SQL query without sanitation, which may lead to SQL Injection.
BL: `$query = 'SELECT Job.Name, Job.Jobid, Job.Level, Job.Endtime, Job.Jobbytes, Job.Jobfiles, Status.JobStatusLong FROM Job ';`
`$query .= ""LEFT JOIN Status ON Job.JobStatus = Status.JobStatus "";`
`$query .= ""WHERE Job.Name = '$jobname' AND Job.JobStatus = 'T' AND Job.Type = 'B' "";`
BUG FOUND: YES",not_buggy
8571,"SE: The 'device\_id' and 'oid' variables from user input are directly used in SQL queries, making them susceptible to SQL injection if not properly sanitized.
BL: `$query = ""SELECT * FROM `devices` WHERE `device_id` = ? LIMIT 1""; $device = dbFetchRow($query, [$device_id]);`
`$query = ""INSERT INTO `customoids` (`device_id`, `customoid_oid`, ...) VALUES (?, ?, ...)""; dbExec($query, [$device_id, $oid, ...]);`
BUG FOUND: YES

Note: Although the code uses prepared statements, it's still vulnerable if the 'mres' function doesn't properly sanitize the input.",not_buggy
8571,"SE: The 'device\_id' and 'id' are directly used in the SQL query without any sanitation or parameterization.
BL: `$query = ""SELECT * FROM `devices` WHERE `device_id` = $device_id LIMIT 1"";`, `dbUpdate(array(...), 'customoids', ""`customoid_id` = ?"", array($id))`
BUG FOUND: YES",buggy
376,"SE: The 'ps.tag' and elements of 'ps.query' are used in SQL query construction using concatenation without proper sanitation.
BL: `query.andWhere(\`'{""${normalizeForSearch(ps.tag)}""}' <@ note.tags\`);`
BL: `qb.andWhere(\`'{""${normalizeForSearch(tag)}""}' <@ note.tags\`);`
BUG FOUND: YES",buggy
376,"SE: The 'ps.tag' and elements of 'ps.query' are used in SQL query directly after normalizeForSearch() function, but it's not clear if this function properly escapes or sanitizes special elements used in SQL command.
BL: `query.andWhere(\`'{""${normalizeForSearch(ps.tag)}""}' <@ note.tags\`);`
BL: `qb.andWhere(\`'{""${normalizeForSearch(tag)}""}' <@ note.tags\`);`
BUG FOUND: YES.",not_buggy
8598,"SE: The 'cardwall\_tracker\_id' is directly concatenated into SQL query without sanitation.
BL: $sql = ""SELECT \*
FROM plugin\_cardwall\_on\_top\_column\_mapping\_field\_value
WHERE cardwall\_tracker\_id = $cardwall\_tracker\_id"";
BUG FOUND: YES

SE: The 'cardwall\_tracker\_id', 'tracker\_id', 'field\_id', 'value\_id' and 'column\_id' are directly concatenated into SQL query without sanitation.
BL: $sql = ""REPLACE INTO plugin\_cardwall\_on\_top\_column\_mapping\_field\_value (cardwall\_tracker\_id, tracker\_id, field\_id, value\_id, column\_id)
VALUES ($cardwall\_tracker\_id, $tracker\_id, $field\_id, $value\_id, $column\_id)"";
BUG FOUND: YES

SE: The 'cardwall\_tracker\_id' and 'column\_id' are directly concatenated into SQL query without sanitation.
BL: $sql = ""DELETE FROM plugin\_cardwall\_on\_top\_column\_mapping\_field\_value
WHERE cardwall\_tracker\_id = $cardwall\_tracker\_id
AND column\_id = $column\_id"";
BUG FOUND: YES

SE: The 'cardwall\_tracker\_id', 'tracker\_id', 'field\_id' and 'column\_id' are directly concatenated into SQL query without sanitation.
BL: $sql = ""DELETE FROM plugin\_cardwall\_on\_top\_column\_mapping\_field\_value
WHERE cardwall\_tracker\_id = $cardwall\_tracker\_id
AND tracker\_id = $tracker\_id
AND field\_id = $field\_id
AND column\_id = $column\_id"";
BUG FOUND: YES

SE: The 'cardwall\_tracker\_id' and 'tracker\_id' are directly concatenated into SQL query without sanitation.
BL: $sql = ""DELETE FROM plugin\_cardwall\_on\_top\_column\_mapping\_field\_value
WHERE tracker\_id = $tracker\_id
AND cardwall\_tracker\_id = $cardwall\_tracker\_id"";
BUG FOUND: YES

SE: The 'from\_cardwall\_tracker\_id', 'to\_cardwall\_tracker\_id', 'from' and 'to' are directly concatenated into SQL query without sanitation.
BL: $sql = ""INSERT INTO plugin\_cardwall\_on\_top\_column\_mapping\_field\_value (cardwall\_tracker\_id, tracker\_id, field\_id, value\_id, column\_id)
SELECT $to\_cardwall\_tracker\_id, $to\_tracker\_stmt, $to\_field\_stmt, $to\_value\_stmt, $to\_column\_stmt
FROM plugin\_cardwall\_on\_top\_column\_mapping\_field\_value
WHERE cardwall\_tracker\_id = $from\_cardwall\_tracker\_id"";
BUG FOUND: YES",not_buggy
8598,"SE: The 'cardwall\_tracker\_id' is directly concatenated into SQL command without sanitation or parameterization.
BL: $sql = ""DELETE FROM plugin\_cardwall\_on\_top\_column\_mapping\_field\_value
WHERE tracker\_id = $tracker\_id
AND cardwall\_tracker\_id = $cardwall\_tracker\_id"";
BUG FOUND: YES

SE: The 'cardwall\_tracker\_id', 'tracker\_id', 'field\_id', 'value\_id' and 'column\_id' are directly concatenated into SQL command without sanitation or parameterization.
BL: $sql = ""REPLACE INTO plugin\_cardwall\_on\_top\_column\_mapping\_field\_value (cardwall\_tracker\_id, tracker\_id, field\_id, value\_id, column\_id)
VALUES ($cardwall\_tracker\_id, $tracker\_id, $field\_id, $value\_id, $column\_id)"";
BUG FOUND: YES

SE: The 'cardwall\_tracker\_id' and 'column\_id' are directly concatenated into SQL command without sanitation or parameterization.
BL: $sql = ""DELETE FROM plugin\_cardwall\_on\_top\_column\_mapping\_field\_value
WHERE cardwall\_tracker\_id = $cardwall\_tracker\_id
AND column\_id = $column\_id"";
BUG FOUND: YES

SE: The 'cardwall\_tracker\_id', 'tracker\_id', 'field\_id', 'value\_id' and 'column\_id' are directly concatenated into SQL command without sanitation or parameterization.
BL: $sql = ""DELETE FROM plugin\_cardwall\_on\_top\_column\_mapping\_field\_value
WHERE cardwall\_tracker\_id = $cardwall\_tracker\_id
AND tracker\_id = $tracker\_id
AND field\_id = $field\_id
AND column\_id = $column\_id"";
BUG FOUND: YES

SE: The 'cardwall\_tracker\_id' and 'tracker\_id' are directly concatenated into SQL command without sanitation or parameterization.
BL: $sql = ""DELETE FROM plugin\_cardwall\_on\_top\_column\_mapping\_field\_value
WHERE tracker\_id = $tracker\_id
AND cardwall\_tracker\_id = $cardwall\_tracker\_id"";
BUG FOUND: YES

SE: The 'from\_cardwall\_tracker\_id', 'to\_cardwall\_tracker\_id', 'tracker\_mapping', 'field\_mapping', 'column\_mapping' are directly concatenated into SQL command without sanitation or parameterization.
BL: $sql = ""INSERT INTO plugin\_cardwall\_on\_top\_column\_mapping\_field\_value (cardwall\_tracker\_id, tracker\_id, field\_id, value\_id, column\_id)
SELECT $to\_cardwall\_tracker\_id, $to\_tracker\_stmt, $to\_field\_stmt, $to\_value\_stmt, $to\_column\_stmt
FROM plugin\_cardwall\_on\_top\_column\_mapping\_field\_value
WHERE cardwall\_tracker\_id = $from\_cardwall\_tracker\_id"";
BUG FOUND: YES",buggy
334,"SE: The 'name' variable is directly concatenated into SQL query without sanitation, which may cause SQL Injection.
BL: `keks = self.DBcursor.execute(u""SELECT nickname, count from kekse WHERE nickname like ? AND item ==? LIMIT 1"", (name, item)).fetchall()`
BUG FOUND: YES",not_buggy
334,"SE: The 'name' variable is directly concatenated into the SQL query without sanitation, which could lead to SQL Injection.
BL: `keks = self.DBcursor.execute(u""SELECT nickname, count from kekse WHERE nickname like '%s' AND item =='%s' LIMIT 1"" % (name, item)).fetchall()`
BUG FOUND: YES
Note: There are several other instances of 'name' being directly concatenated into SQL queries, for example at `self.DBcursor.execute(u""UPDATE kekse set count=? WHERE item==? AND nickname like ?""`, `keks = self.DBcursor.execute(u""SELECT nickname, count from kekse WHERE nickname like '%s' AND item =='%s' LIMIT 1"" % (name, item)).fetchall()`, `self.DBcursor.execute(u""UPDATE kekse set count=? WHERE nickname like ? AND item==?""`, `self.DBcursor.execute(u""INSERT INTO kekse (nickname, count, item) VALUES (?, ?, ?)"")`, `keks = self.DBcursor.execute(u""SELECT nickname, count from kekse WHERE nickname like '%s' AND item =='%s' AND count>=1 ORDER BY count DESC LIMIT 1"" % (name, name)).fetchall()`, `kekst += u""%s hat %i"" % keksi`.",buggy
8625,"SE: The 'request->get('filterFullText')' is directly concatenated into the SQL query without proper sanitation, making it susceptible to SQL Injection.
BL: `$conditionFilters[] = 'path LIKE ' . $list->quote('%'. $list->escapeLike($request->get('filterFullText')) .'%');`
BUG FOUND: YES

SE: The 'filter['value']' is directly concatenated into the SQL query without proper sanitation, making it susceptible to SQL Injection.
BL: `$conditionFilters[] = $field . $operator . "" '"" . $value . ""' "";`
BUG FOUND: YES

SE: The 'filter['value']' is directly concatenated into the SQL query without proper sanitation, making it susceptible to SQL Injection.
BL: `$condition = $field . ' BETWEEN ' . $db->quote($value) . ' AND ' . $db->quote($maxTime);`
BUG FOUND: YES",buggy
8625,"SE: The 'request->get('filterFullText'))' is directly concatenated into the SQL query without proper sanitation, making it susceptible to SQL injection.
BL: `$conditionFilters[] = 'path LIKE ' . $list->quote('%'. $list->escapeLike($request->get('filterFullText')) .'%');`
BUG FOUND: YES
SE: The 'filter['value']' is directly used in the SQL query without proper sanitation, making it susceptible to SQL injection.
BL: `$conditionFilters[] = $field . $operator . ' ' . $db->quote($value);`
BUG FOUND: YES",not_buggy
394,"SE: The 'settings' array contains user input that is directly used in the instantiation of the 'Driver' object without any sanitation or parameterization.
BL: `$this->driver = DriverFactory::getDriver($settings);`
BUG FOUND: YES. This code is vulnerable to SQL injection if the 'settings' array contains user input that is not properly sanitized. It is recommended to use prepared statements or parameterized queries to prevent SQL injection.",buggy
346,"SE: The 'config[""instances""][""timeout""]' and 'config[""engines""][""timeout""]' values are directly concatenated into SQL query without sanitation.
BL: $query = ""UPDATE `#instances` SET `VERSION_STRING` = '"".DatabaseManager::correctString($res_searx_version).""', `RETURN_CODE` = '"".(int)$res_http_code.""', `LAST_UPDATE` = '"".date('Y-m-d H:i:s',$res_timestamp).""' WHERE `#instances`.`ID` ="".(int)$single_instance['id']."";"";
BUG FOUND: YES

SE: The 'config[""engines""][""wait_time""]' value is directly concatenated into SQL query without sanitation.
BL: $query = ""UPDATE `#engines` SET `IS_WORKING` = '"".(int)$res_success.""', `LAST_UPDATE` = '"".date('Y-m-d H:i:s',$res_timestamp).""' WHERE `#engines`.`ID` ="".(int)$single_engine['id']."";"";
BUG FOUND: YES",not_buggy
335,"SE: The 'word' variable is directly concatenated into SQL query without sanitation.
BL: $sql = 'SELECT word\_id FROM ' . SEARCH\_WORDLIST\_TABLE . ' WHERE word\_text = ""' . $word . '""';
BUG FOUND: YES

SE: The 'word' variable is directly concatenated into SQL query without sanitation.
BL: $sql = 'SELECT search\_keywords, last\_time FROM ' . $this->searchresults\_table . ' WHERE search\_keywords = ""' . $word . '""';
BUG FOUND: YES

SE: The 'row[\'search\_keywords\']' variable is directly concatenated into SQL query without sanitation.
BL: $sql = 'SELECT search\_keywords, last\_time FROM ' . $this->searchresults\_table . ' WHERE search\_keywords = \'' . $this->db->sql\_escape($row['search\_keywords']) . '\'';
BUG FOUND: YES",buggy
335,"SE: The 'keywords' variable from a user request is directly concatenated into an SQL query through the 'sql_escape' function. If the 'keywords' variable is not properly sanitized, it could lead to an SQL Injection.
BL: `$sql = 'SELECT word_id FROM ' . SEARCH_WORDLIST_TABLE . ' WHERE word_text = ""' . $this->db->sql_escape($word) . '""';`
BUG FOUND: YES

SE: The 'search\_keywords' variable from a user request is directly concatenated into an SQL query through the 'sql\_escape' function. If the 'search\_keywords' variable is not properly sanitized, it could lead to an SQL Injection.
BL: `$sql = 'SELECT search_keywords, last_time FROM ' . $this->searchresults_table . ' WHERE search_keywords = ""' . $this->db->sql_escape($word) . '""';`
BUG FOUND: YES

SE: The 'search\_keywords' variable from a row is directly concatenated into an SQL query through the 'sql\_escape' function. If the 'search\_keywords' variable is not properly sanitized, it could lead to an SQL Injection.
BL: `$sql = 'SELECT search_keywords, last_time FROM ' . $this->searchresults_table . ' WHERE search_keywords = \'' . $this->db->sql_escape($row['search_keywords']) . '\'';`
BUG FOUND: YES",not_buggy
330,"SE: The 'fetch' parameter from user input is directly concatenated into SQL query without proper sanitation, making it susceptible to SQL Injection.
BL: db\_uquery(""CREATE TABLE IF NOT EXISTS `$LM\_CCPWGL\_CACHESCHEMA`.`lmproxyfiles` (...,'$url'...
BUG FOUND: YES",buggy
330,"SE: The 'secureGETstr' function is used to get the 'fetch' variable from the URL, but it's not clear if this function properly neutralizes special elements used in an SQL command.
BL: `$addr = secureGETstr('fetch');`
BUG FOUND: YES",not_buggy
338,"SE: The 'langarg' variable is directly concatenated into the SQL query without proper sanitation, which may lead to SQL Injection.
BL: `my $langid=$dbh->selectrow_array(""SELECT langid FROM languages WHERE tag=?"", undef, $langarg);`
BUG FOUND: YES",buggy
338,"SE: The 'type' variable is directly used in the SQL query without proper sanitation, which may lead to SQL Injection.
BL: `push @conditions, ""typeid=(SELECT typeid FROM valsitypes WHERE descriptor=?)""; push @args, $type;`
BUG FOUND: YES

SE: The 'initial' variable is directly used in the SQL query without proper sanitation, which may lead to SQL Injection.
BL: `push @conditions, ""word LIKE ?""; push @args, ($initial . ""%"");`
BUG FOUND: YES

SE: The 'langarg' variable is directly used in the SQL query without proper sanitation, which may lead to SQL Injection. However, it seems to be used with a separate prepared statement for getting the langid, so it might be safe in this specific context.
BL: `my $langid=$dbh->selectrow_array(""SELECT langid FROM languages WHERE tag=?"", undef, $langarg); push @conditions, ""d.langid=$langid"";`
BUG FOUND: NO (but check the context where this variable is used)",not_buggy
8637,"SE: The 'id_wishlist' is directly concatenated into SQL query without sanitation.
BL: `$querySearch->where('wp.id_wishlist = ' . (int) $this->wishList->id);`
BUG FOUND: YES",not_buggy
383,"SE: The $login variable is directly concatenated into the SQL query without proper sanitation, making it susceptible to SQL injection.
BL: `$userInfoRes = $this->select(""SELECT id, pw, public_key, private_key, personal_folder, fonction_id, groupes_visibles, groupes_interdits, user_api_key FROM "" . prefixTable('users') . "" WHERE login='"".$login.""'"");`
BUG FOUND: YES",buggy
383,"SE: The 'inputData' array is directly concatenated into SQL query without sanitation.
BL: `$apiInfo = $this->select(""SELECT count(*) FROM "" . prefixTable('api') . "" WHERE value='"".$inputData['apikey'].""' AND label='"".$inputData['login'].""'"");`
BUG FOUND: YES",not_buggy
320,"SE: The 'username' and 'hashPassword(password)' are directly concatenated into the SQL query without proper sanitation, making it susceptible to SQL Injection.
BL: `strQuery = ""SELECT * FROM adult WHERE username= '"" +connection.escape(username)+""'""`
BL: `strQuery = ""SELECT * FROM adult WHERE username= '"" +connection.escape(username)+""'"" +""AND password= '"" +connection.escape(hashPassword(password))+""'""`
BL: `strQuery = ""UPDATE adult SET ""+ ""first_name="" +connection.escape(firstName) +"", last_name="" +connection.escape(lastName) +""`
BL: `strQuery = ""UPDATE adult SET ""+ ""first_name="" +connection.escape(firstName) +"", last_name="" +connection.escape(lastName) +""`
BUG FOUND: YES

Explanation:
The code constructs SQL queries by directly concatenating user-supplied inputs such as 'username' and 'hashPassword(password)' into the query. This practice is risky because it can lead to SQL Injection if the input is not properly sanitized. Although the code uses the connection.escape() function to escape single quotes, it does not protect against other forms of SQL injection attacks. To mitigate this risk, it's recommended to use parameterized queries or prepared statements, which can help ensure that user input is always treated as literal values and not part of the SQL command.",not_buggy
320,"SE: The 'username' variable is directly concatenated into the SQL query without proper sanitation, which may lead to SQL Injection.
BL: `var strQuery = ""SELECT * FROM adult WHERE username= '"" +connection.escape(username)+""'"";`
BUG FOUND: YES

SE: The 'username' and 'hashPassword(password)' variables are directly concatenated into the SQL query without proper sanitation, which may lead to SQL Injection.
BL: `var strQuery = ""SELECT * FROM adult WHERE username= '"" +connection.escape(username)+""'"" +""AND password= '"" + hashPassword(password)+""'"";`
BUG FOUND: YES

SE: The 'firstName', 'lastName', 'username', 'hashPassword(password)', 'packNumber', 'leaderType', 'rankType', 'phoneNumber' variables are directly concatenated into the SQL query without proper sanitation, which may lead to SQL Injection.
BL: `var strQuery = ""INSERT INTO adult VALUES('""+firstName+""', '""+lastName+""', '""+ username + ""', '"" +hashPassword(password) + ""', '"" + packNumber+""', '""+leaderType +""', '""+ rankType+""', '""+phoneNumber+ ""', 'NULL')"";`
BUG FOUND: YES

SE: The 'firstName', 'lastName', 'username', 'hashPassword(password)', 'packNumber', 'leaderType', 'rankType', 'phoneNumber', 'adultID' variables are directly concatenated into the SQL query without proper sanitation, which may lead to SQL Injection.
BL: `var strQuery = ""UPDATE adult SET first_name=""+firstName+"", last_name=""+lastName+"", username=""+ username + "", password="" +hashPassword(password) + "", pack_number="" + packNumber+"", leader_type=""+ leaderType +"", rank_type=""+ rankType+"", phone_number=""+phoneNumber+ ""WHERE adult_id=""+id;`
BUG FOUND: YES",buggy
4673,"SE: The 'cc_number' from request.POST is directly used in an SQL query, making it susceptible to SQL Injection.
BL: `card = get_card(request, cc_number)` in `cc_number_view` function.
BUG FOUND: YES.",buggy
8588,"SE: The 'search' parameter's value is directly used in the SQL query without proper sanitization, making it susceptible to SQL Injection.
BL: `$sWhere = ""WHERE (""; ... $sWhere .= $aColumns[$i]."" LIKE '%"".pwg_db_real_escape_string( $_REQUEST['search'][""value""] ).""%' OR ""; ... $sWhere = substr_replace( $sWhere, """", -3 ); $sWhere .= ')';`
BUG FOUND: YES",buggy
8588,"SE: The '$_REQUEST[""search""][""value""]' is directly concatenated into the SQL query without proper sanitation.
BL: `$sWhere = ""WHERE (""; ... for ($i=0 ; $i<count($aColumns) ; $i++ ) { $sWhere .= $aColumns[$i]."" LIKE '%"".pwg_db_real_escape_string( $_REQUEST['search'][""value""] ).""%' OR ""; }`
BUG FOUND: YES

SE: The '$_REQUEST[""columns""][$i][""search""][""value""]' is directly concatenated into the SQL query without proper sanitation.
BL: `if (isset($_REQUEST['columns'][$i][""searchable""]) && isset($_REQUEST['columns'][$i]['search']['value']) && $_REQUEST['columns'][$i][""searchable""] == ""true"" && $_REQUEST['columns'][$i]['search']['value'] != '' ) { if ( $sWhere == """" ) { $sWhere = ""WHERE ""; } else { $sWhere .= "" AND ""; } $sWhere .= $aColumns[$i]."" LIKE '%"".pwg_db_real_escape_string($_REQUEST['columns'][$i]['search']['value']).""%' ""; }`
BUG FOUND: YES",not_buggy
390,"SE: The 'id' variable is directly concatenated into SQL query without any sanitation.
BL: `$estmt = $edb->conn->query(""SELECT email, username FROM $tbl_name WHERE id = '$id'"");`
BUG FOUND: YES.

Explanation:
The 'id' variable is directly concatenated into the SQL query, making it vulnerable to SQL injection attacks. An attacker can manipulate the 'id' variable to inject malicious SQL code. To fix this issue, consider using prepared statements or parameterized queries to ensure the safe handling of user input.",not_buggy
390,"SE: The 'id' variable is directly concatenated into SQL query without sanitation, which may lead to SQL Injection.
BL: `$estmt = $edb->conn->query(""SELECT email, username FROM $tbl_name WHERE id = '$id'"");`
BUG FOUND: YES.

SE: The 'myusername' variable is directly concatenated into SQL query without sanitation, which may lead to SQL Injection.
BL: `$stmt = $stmt = $db->conn->query(""SELECT * FROM $tbl_name WHERE username='$myusername'"");`
BUG FOUND: YES.

Please note that the root cause of these potential SQL Injection vulnerabilities is the direct concatenation of user-supplied data (e.g., $id, $myusername) into SQL queries. To mitigate this risk, consider using prepared statements with parameterized queries to ensure that user input is always treated as literal data, not executable code, by the database.",buggy
333,"SE: The 'user\_input' from GET request is directly used in SQL query without proper sanitization.
BL: `mysql_query('INSERT INTO `peer` (`peer_id`, `user_agent`, `ip_address`, `key`, `port`) ' . ""VALUES ('"" . mysql_real_escape_string(bin2hex($_GET['peer\_id'])) . ""', '"" . mysql_real_escape_string(substr($_SERVER['HTTP\_USER\_AGENT'], 0, 80)) . ""', INET\_ATON('"" . mysql\_real\_escape\_string($_SERVER['REMOTE\_ADDR']) . ""'), '"" . mysql\_real\_escape\_string(sha1($_GET['key'])) . ""', "" . intval($_GET['port']) . "") ""`
BUG FOUND: YES

SE: The 'info\_hash' from GET request is directly used in SQL query without proper sanitization.
BL: `mysql_query(""INSERT INTO `torrent` (`hash`) VALUES ('"" . mysql_real_escape_string(bin2hex($_GET['info\_hash'])) . ""') "" . ""ON DUPLICATE KEY UPDATE `id` = LAST_INSERT_ID(`id`)"")`
BUG FOUND: YES

SE: The 'info\_hash' from GET request is directly used in SQL query without proper sanitization.
BL: `mysql_query('INSERT INTO peer_torrent (peer_id, torrent_id, uploaded, downloaded, `left`, state, attempt, `last_updated`) ' . 'SELECT ' . $pk_peer . ', `torrent`.`id`, ' . intval($_GET['uploaded']) . ', ' . intval($_GET['downloaded']) . ', ' . intval($_GET['left']) . ', ' . $state . ', ' . 0 . ', UTC_TIMESTAMP() ' . 'FROM `torrent` ' . ""WHERE `torrent`.`hash` = '"" . mysql_real_escape_string(bin2hex($_GET['info\_hash'])) . ""' "" . 'ON DUPLICATE KEY UPDATE `uploaded` = VALUES(`uploaded`), `downloaded` = VALUES(`downloaded`), `left` = VALUES(`left`), ' . 'state=' . $state . ', attempt=' . $attempt . ', ' . 'last\_updated = VALUES(`last\_updated`), ')`
BUG FOUND: YES",buggy
333,"SE: The 'user\_input' from \_GET['key'] is directly concatenated into SQL query without sanitation.
BL: `mysql_query(""INSERT INTO `peer` (`peer_id`, `user_agent`, `ip_address`, `key`, `port`) ' . ""VALUES ('"" . mysql_real_escape_string(bin2hex($_GET['peer\_id'])) . ""', '"" . mysql_real_escape_string(substr($_SERVER['HTTP\_USER\_AGENT'], 0, 80)) . ""', INET\_ATON('"" . mysql\_real\_escape\_string($_SERVER['REMOTE\_ADDR']) . ""'), '"" . mysql\_real\_escape\_string(sha1($_GET['key'])) . ""', "" . intval($_GET['port']) . "") ""`
BUG FOUND: YES",not_buggy
351,"SE: The 'c.getPackagesLike()' is directly concatenated into SQL query without sanitation which may cause SQL Injection.
BL: `List<OraclePackage> allPackage = getAllRealOraclePackage(c);`
BUG FOUND: YES",buggy
351,"SE: The 'c.getPackagesLike()' is directly concatenated into the SQL query as a parameter which may contain user input leading to SQL Injection if not properly sanitized.
BL: `return jdbcTemplate.query(query, (resultSet, i) -> {...}, c.getPackagesLike());`
BUG FOUND: YES",not_buggy
8596,"SE: The 'dbname' variable is directly concatenated into SQL query without sanitation, which may lead to SQL Injection if 'dbname' is user-supplied.
BL: `$stmt = Database::prepare(""CREATE DATABASE :dbname"");`
BUG FOUND: YES

SE: The 'username' and 'host' variables are directly concatenated into SQL query without sanitation, which may lead to SQL Injection if they are user-supplied.
BL: `$stmt = Database::prepare(""CREATE USER '"" . $username . ""'@'"" . $access_host . ""' IDENTIFIED BY :password"");`
BUG FOUND: YES (twice)

SE: The 'username' variable is directly concatenated into SQL query without sanitation, which may lead to SQL Injection if it is user-supplied.
BL: `$stmt = Database::prepare(""GRANT ALL ON `"" . $username . ""`.* TO :username@:host"");`
BUG FOUND: YES

SE: The 'username' and 'host' variables are directly concatenated into SQL query without sanitation, which may lead to SQL Injection if they are user-supplied.
BL: `$stmt = Database::prepare(""REVOKE ALL PRIVILEGES, GRANT OPTION FROM `"" . $username . ""`@`"" . $host . ""`"");`
BUG FOUND: YES (twice)

SE: The 'username' variable is directly concatenated into SQL query without sanitation, which may lead to SQL Injection if it is user-supplied.
BL: `$exist_check_stmt = Database::prepare(""SELECT EXISTS(SELECT 1 FROM mysql.user WHERE user = '"" . $username . ""' AND host = '"" . $host . ""')"");`
BUG FOUND: YES

Note: The other lines do not contain any obvious SQL injection vulnerabilities, but it's still essential to ensure that the values for 'dbname', 'username', 'password', 'access_host', and 'host' are always properly sanitized or come from a trusted source.",not_buggy
8596,"SE: The 'dbname' variable is directly concatenated into the SQL query without sanitation, which could potentially lead to SQL Injection.
BL: `Database::query(""CREATE DATABASE `"" . $dbname . ""`"");`
BUG FOUND: YES",buggy
403,"SE: The 'state\_name' variable is directly concatenated into the 'view\_name' variable which is used in an SQL query. If the 'state\_name' variable is derived from user input, this could potentially lead to SQL Injection.
BL: `view_name = ""{}.cluster_offgrid_mv"".format(schema, view_code)`
BUG FOUND: YES",not_buggy
403,"SE: The 'state\_name' variable is directly concatenated into the SQL query without proper sanitation, making it susceptible to SQL Injection.
BL: `view_name = ""{}.cluster_offgrid_mv"".format(schema, state_code)`
BUG FOUND: YES

Explanation:
The 'state\_name' variable, which appears to be user-provided, is directly used in the formation of the 'view\_name' variable, which is then used in a SQL query. If the 'state\_name' variable is not properly sanitized, it can lead to SQL Injection vulnerabilities. An attacker can manipulate the 'state\_name' variable to modify the SQL query, leading to unauthorized access, data manipulation, or data exposure.",buggy
325,"SE: The 'comment\_to\_edit' is used in a query without proper sanitation using pwg\_db\_real\_escape\_string.
BL: `$where_clauses[] = 'com.id = '.pwg_db_real_escape_string($_GET['comment_to_edit']);`
BUG FOUND: YES

SE: The 'comment\_to\_delete' and 'comment\_to\_validate' are used in a query without proper sanitation using pwg\_db\_real\_escape\_string.
BL: `$where_clauses[] = 'com.id = '.pwg_db_real_escape_string($_GET['comment_to_delete']);` (2 occurrences)
BUG FOUND: YES",buggy
325,"SE: The 'comment\_to\_edit' is used in a SQL query without proper sanitation using pwg\_db\_real\_escape\_string().
BL: `$author_id = get_comment_author_id_guestbook($_GET['comment_to_edit']);`
BUG FOUND: YES

SE: The 'comment\_to\_delete' is used in a SQL query without proper sanitation using pwg\_db\_real\_escape\_string().
BL: `$author_id = get_comment_author_id_guestbook($_GET['comment_to_delete']);`
BUG FOUND: YES

SE: The 'comment\_to\_validate' is used in a SQL query without proper sanitation using pwg\_db\_real\_escape\_string().
BL: `$author_id = get_comment_author_id_guestbook($_GET['comment_to_validate']);`
BUG FOUND: YES

SE: The 'comment\_id' is used in a SQL query without proper sanitation using pwg\_db\_real\_escape\_string().
BL: `$where_clauses[] = 'com.id = '.pwg_db_real_escape_string($_GET['comment_id']);`
BUG FOUND: YES",not_buggy
307,"SE: The 'filters' array, which may contain user input, is directly used in the 'whereNested' method of the Eloquent query builder without proper sanitation. This could potentially lead to an SQL injection if the user input is not properly escaped or validated.
BL: `return  intval($this->Database->whereNested(function($query) use ($filters)
		{
			foreach ($filters as $filter)
			{
				...
			}
		})
		->count());`
BUG FOUND: YES",buggy
307,"SE: The 'filters' array, which may contain user input, is directly used in the 'whereNested' method call without proper sanitation.
BL: return  intval($this->Database->whereNested(function($query) use ($filters)
BUG FOUND: YES",not_buggy
317,"SE: The ':uke\_import\_id' parameter is directly concatenated into the SQL command without proper sanitation, making it susceptible to SQL Injection.
BL: sql.gsub!(':uke\_import\_id', @active\_import.id.to\_s) in by\_news, by\_location, by\_frq\_range, by\_frq, by\_string, by\_frq\_order\_by\_distance methods.
BUG FOUND: YES.

Additional notes:
- The same issue is present for other parameters such as :lat, :lon, :lat\_ne, :lat\_sw, :lon\_ne, :lon\_sw, :mhz\_start, :mhz\_end, :mhz, and :like.
- It is recommended to use parameterized queries or prepared statements to avoid SQL Injection vulnerabilities.",buggy
317,"SE: The ':uke\_import\_id' parameter is directly concatenated into the SQL command without proper sanitation, making it susceptible to SQL Injection.
BL: sql.gsub!(':uke\_import\_id', @active\_import.id.to\_s) in by\_news, by\_location, by\_frq\_range, by\_frq, and by\_string methods.
BUG FOUND: YES.",not_buggy
303,"SE: The 'body' variable, which appears to be coming from an external source, is directly used in the SQL query in the prepare statement without any sanitation.
BL: `stmt, err := tx.Prepare(""INSERT INTO messages(id, user_id, body, eventType, hidden_at, timestamp, image, link, title, subtitle) values(?, ?, ?, ?, ?, ?, ?, ?, ?, ?)"")`
BUG FOUND: YES.",buggy
378,"SE: The 'dfrom' and 'dto' parameters from the URL are directly concatenated into the SQL query without any sanitation.
BL: `$wpdb->get_results( ""SELECT * FROM "".$wpdb->prefix.$this->table_messages."" WHERE 1=1 "".$cond."" ORDER BY `time` DESC""`
BUG FOUND: YES
Explanation:
The code is using the user input from the 'dfrom' and 'dto' parameters in the SQL query without any sanitation, making it vulnerable to SQL Injection attacks.
The 'esc_sql' function should be used to sanitize these inputs before concatenating them into the SQL query.
The corrected code should look like this:
```php
if ($_GET[""dfrom""] != '') $cond .= "" AND (`time` >= '"".esc_sql($_GET[""dfrom""]).""')""
if ($_GET[""dto""] != '') $cond .= "" AND (`time` <= '"".esc_sql($_GET[""dto""])."" 23:59:59')""
$events = $wpdb->get_results( ""SELECT * FROM "".$wpdb->prefix.$this->table_messages."" WHERE 1=1 "".$cond."" ORDER BY `time` DESC""
```
Note:
The same issue is present in the following lines:
```php
if ($_GET[""search""] != '') $cond .= "" AND (data like '%"".esc_sql($_GET[""search""]).""%' OR posted_data LIKE '%"".esc_sql($_GET[""search""]).""%')""
```
It should be corrected in the same way.",buggy
378,"SE: The 'dfrom' and 'dto' variables from user input are directly concatenated into the SQL query without proper sanitation.
BL: `$wpdb->get_results( ""SELECT * FROM "".$wpdb->prefix.$this->table_messages."" WHERE 1=1 "".$cond."" ORDER BY `time` DESC""`
BUG FOUND: YES
Explanation:
The variables 'dfrom' and 'dto' are obtained from user input through the GET request and directly used in the SQL query without any sanitation or parameterization. This makes the code vulnerable to SQL Injection attacks. To fix this issue, consider using parameterized queries or prepared statements instead of directly concatenating user input into the SQL query.",not_buggy
407,"SE: The user input from $_GET['dni_profe'] is directly used in an SQL query without proper sanitation, which may lead to SQL Injection.
BL: `mysqli_query($db_con, ""delete from departamentos where dni = '"".$_GET['dni_profe'].""'"");`
BUG FOUND: YES",buggy
407,"SE: The user input from the GET parameter 'dni\_profe' is directly used in an SQL query without proper sanitation, which may lead to SQL Injection.
BL: `mysqli_query($db_con, ""delete from departamentos where dni = '"".$dni_profe.""'"");`
BUG FOUND: YES",not_buggy
379,"SE: The 'lid' variable from the URL is directly used in the SQL query without any sanitation.
BL: `$q = ""select l.lid, l.cid, l.title, l.ext, l.res_x, l.res_y, l.bgcolor, l.status, l.members, l.date, l.hits, l.rating, l.votes, l.comments, l.submitter, t.description, l.gametype, l.license, l.classfile from "".$xoopsDB->prefix(""flashgames_games"")."" l, "".$xoopsDB->prefix(""flashgames_text"")."" t where l.lid=$lid and l.lid=t.lid and status>0""`
BUG FOUND: YES",buggy
379,"SE: The 'lid' variable from user input is directly used in the SQL query without any sanitation, making it susceptible to SQL Injection.
BL: `list($lid, $cid, $ltitle, $ext, $res_x, $res_y, $bgcolor, $status, $members, $time, $hits, $rating, $votes, $comments, $submitter, $description, $gametype, $license, $classfile)=$xoopsDB->fetchRow($result);`
BUG FOUND: YES.",not_buggy
4931,"SE: The 'dsn' attribute is directly concatenated into the SQL query without sanitation.
BL: `proxy = cursor.execute(qs, query_data)`
BUG FOUND: YES. This is because the 'dsn' attribute is directly used in the SQL query, and if the 'dsn' attribute is derived from user input, it can lead to an SQL injection vulnerability.",not_buggy
4931,"SE: The 'dsn' attribute is directly concatenated into the SQL query without sanitation.
BL: `query_string = '; '.join(query_parts) + ';'` (inside the `query` method)
BUG FOUND: YES",buggy
8916,"SE: The query uses a parameterized query, which is good, but the function formatRecipients() unserializes a string without proper sanitation, which might lead to SQL Injection if the string comes from an untrusted source.
BL: `return implode(', ', (array) array_map('htmlspecialchars', @unserialize($string, ['allowed_classes' => false])`
BUG FOUND: YES",buggy
408,"SE: The 'property' is directly concatenated into SQL query without sanitation in the 'find_all_by_property', 'find_one_by_property', 'find_all_by_where' and 'find_one_by_where' methods.
BL: `$rows = $wpdb->get_results('SELECT * FROM ' . static::table_name() . ' WHERE ' . $property . ' = \'' . $value . '\'');`
BUG FOUND: YES.

SE: The 'where' is directly concatenated into SQL query without sanitation in the 'find_all_by_where' and 'find_one_by_where' methods.
BL: `$rows = $wpdb->get_results('SELECT * FROM ' . static::table_name() . ' WHERE ' . $where);`
BUG FOUND: YES.

SE: The 'sql_suffix' is directly concatenated into SQL query without sanitation in the 'all' method.
BL: `$rows = $wpdb->get_results('SELECT * FROM ' . static::table_name() . ' ' . $sql_suffix );`
BUG FOUND: YES.",not_buggy
315,"SE: The 'searchstring' from user input is directly concatenated into the SQL query without proper sanitation, which may lead to SQL Injection.
BL: `$query = ""SELECT * FROM domain AS a WHERE domain_name LIKE '%"".$_GET['searchstring'].""%' AND "".$allowed_domains1.""') ORDER BY domain_name"";`
BUG FOUND: YES",buggy
