file_id,model_output,type
4268,"Expected Output Structure:
SE: The 'params[:sol]' is directly used in the SQL query without sanitization or parameterization, potentially allowing SQL injection.
BL: `@images = Image.where(sol: params[:sol])`",buggy
399,"SE: The variables 'uemail' and 'upass' are directly used in the SQL query without any form of sanitization or parameterization, making the code vulnerable to SQL injection.
BL: `$query=""select * from admin where email='$uemail' and password='$upass'"";`",buggy
8592,"Expected Output Structure:
SE: The 'search' array is directly used in the SQL query without validation or sanitization, potentially allowing SQL injection if the array contains malicious SQL code.
BL: `return $query->where($search);`",buggy
339,"SE: The 'name' and 'score' variables are directly used in the SQL query without proper sanitization or parameterization, which can lead to SQL injection.
BL: `$query = ""INSERT INTO Highscores VALUES ($id, '$name', $score)"";`",buggy
353,"Expected Output Structure:
SE: The 'params[:user]' is directly used in the 'find_by' method without specifying a key or sanitizing the input, which could lead to SQL Injection if the parameter is manipulated.
BL: `@user = User.find_by(params[:user])`",buggy
341,"SE: The 'key' variable from user input ($_GET['key']) is directly used in the SQL query without sanitization or parameterization, making it vulnerable to SQL injection.
BL: `$result = mysqli_query($con,""SELECT * FROM users where secret = '$key' and authused=1"");`",buggy
371,"SE: The 'userid' from user input is directly concatenated into the SQL query without proper sanitization or parameterization, which may lead to SQL Injection.
BL: `$usersql  = $vbulletin->db->query_read(""SELECT `userid`, `username`, `email` FROM "" . TABLE_PREFIX . ""user WHERE `userid` = '"" . $vbulletin->userinfo['userid'] . ""'"");`",buggy
369,"SE: The '$_POST['referrername']' is directly concatenated into the SQL query without sanitization, potentially leading to SQL injection.
BL: `$usersql  = $vbulletin->db->query_read(""SELECT `userid`, `username`, `email` FROM "" . TABLE_PREFIX . ""user WHERE `username` = '"" . $_POST['referrername'] . ""'"");`",buggy
8622,"Expected Output Structure:
SE: No SQL query or database interaction code is present in the provided script.
BL: none",buggy
345,"Expected Output Structure:
SE: The variables `$symbol`, `$startDate`, and `$endDate` are directly used in the SQL query without proper sanitization or parameterization, potentially allowing SQL injection.
BL: `$query = ""select date, EOD, MA20, MA50, delta, deltaMA5, deltaMA10, deltaMA20, P0, P1, P2, M1, M2, M3 from $symbol where date >= $startDate and date <= $endDate order by date DESC"";`",buggy
8643,"Expected Output Structure:
SE: The '$_POST['action']' and '$_POST['id']' are directly used in a method call without validation or sanitization, potentially allowing SQL injection if these methods interact with the database unsafely.
BL: `call_user_func([$plugin, $_POST['action']], $_POST['id']);`",buggy
316,"Expected Output Structure:
SE: The variable '$name' is directly interpolated into the SQL query without being sanitized or parameterized, which may lead to SQL injection.
BL: `return self::getForQueryString(""SELECT * FROM \""DevNewsAggregatorConfiguration_htmlcontent\"" WHERE name = $name"");`",buggy
356,"SE: The 'username' and 'password' are directly concatenated into the SQL query without proper sanitization or parameterization, which can lead to SQL injection vulnerabilities.
BL: `conn.query(""INSERT INTO user (username, password) VALUES ('""+username+""', '""+password+""')"", function (err, result) {...`",buggy
404,"Expected Output Structure:
SE: The '$_POST['itemtype']' is directly used in an array access which might be manipulated for unintended operations or data leakage if not properly sanitized.
BL: `$already_pinned = $all_pinned[$_POST['itemtype']] ?? 0;`",buggy
336,"SE: The variables `$sort` and `$direction` are directly used in the SQL query without proper sanitization or parameterization, which can lead to SQL injection if the input is not properly validated or escaped.
BL: `$sql = ""select * from sample order by \""{$sort}\"" {$direction}"";`",buggy
314,"SE: The variables `$sort` and `$direction` are directly used in the SQL query without proper sanitization or parameterization, which can lead to SQL injection if the input is not properly controlled.
BL: `$sql = ""SELECT u.*, CONCAT( u.fname, ' ', u.lname ) AS name, ( SELECT COUNT( * ) FROM failed_logins WHERE email = u.email ) AS failed_logins, ( SELECT COUNT( * ) FROM sessions WHERE userid = u.id ) AS active_sessions, COUNT( g.id ) AS remaining FROM users u LEFT OUTER JOIN games g ON 1 = 1 LEFT OUTER JOIN picks p ON p.game_id = g.id AND p.user_id = u.id WHERE g.week = ? AND p.id IS NULL GROUP BY u.id ORDER BY {$sort} {$direction}"";`",buggy
311,"SE: The 'id' value from the database is directly used in an SQL command without proper sanitization or parameterization.
BL: `$query = ""UPDATE short_links SET count = count + 1, last_request = NOW() WHERE id = "" . $link[""id""];`",buggy
365,"SE: The 'id' parameter from user input is directly used in an SQL query without proper sanitization or parameterization.
BL: `mysql_query(""DELETE FROM contract_signer_role WHERE id="".$_GET['id']);`",buggy
331,"SE: The 'msg' variable is directly used in the SQL query without sanitization, which may lead to SQL injection.
BL: `query = 'SELECT id FROM paises WHERE nome == ""%s""' % (msg)`",buggy
366,"SE: The 'id' parameter from the GET request is directly used in the SQL query without sanitization or parameterization, which may lead to SQL injection.
BL: `mysql_query(""DELETE FROM webfinance_pref WHERE id_pref="".$_GET['id']);`",buggy
337,"Expected Output Structure:
SE: The 'LANG' parameter from user input is directly appended to the URL without proper sanitization, potentially leading to SQL injection if improperly handled elsewhere.
BL: `header (""Location: failed.php?LANG="".$LANG);`",buggy
319,"SE: The 'where' parameter is directly used in the SQL query without proper sanitization or parameterization, leading to potential SQL injection.
BL: `$whereCondition = 'WHERE ' . (is_numeric($where) ? 'id=\''.$where.'\'' : 'naam=\''.$where.'\'');`",buggy
8546,"Expected Output Structure:
SE: The method 'getSqlFromPost' is used to append user-controlled input directly into an SQL query without proper sanitization.
BL: `$sql .= self::getSqlFromPost(""a."");`",buggy
367,"SE: The 'id' parameter from $_GET is directly used in the SQL query without sanitization or parameterization, making it vulnerable to SQL injection.
BL: `mysql_query(""DELETE FROM webfinance_roles WHERE id_role="".$_GET['id']);`",buggy
396,"Expected Output Structure:
SE: The 'user' input is directly used in an SQL-like filter without proper neutralization, potentially allowing SQL injection.
BL: `if ($sys == 1) $filter[2] = ""(owner = "" . pg_escape_string($user) . "" or gui_sysrss = 'yes')"";`",buggy
350,"SE: The variable `$new` is directly used in the SQL query without proper sanitization or parameterization, which may lead to SQL injection.
BL: `$results = $this->db->query(""SELECT * FROM \`mirna\` WHERE Name = '$new'"");`

SE: The variable `$name` is directly embedded into the SQL query within a LIKE clause without proper sanitization or parameterization, potentially leading to SQL injection.
BL: `$total = $this->db->query(""SELECT count(*) FROM mirna WHERE Name LIKE '%$name%'"");`

SE: The variable `$name` and `$tissue` are directly embedded into the SQL query without proper sanitization or parameterization, potentially leading to SQL injection.
BL: `$total = $this->db->query(""SELECT count(*) FROM mirna WHERE Name LIKE '%$name%' AND tissue = '$tissue'"");`

SE: The variable `$name` is directly embedded into the SQL query within a LIKE clause without proper sanitization or parameterization, potentially leading to SQL injection.
BL: `$results = $this->db->query(""SELECT * FROM mirna WHERE Name LIKE '%$name%' ORDER BY databaseid ASC LIMIT $records_perpage OFFSET $c_p"");`

SE: The variables `$name`, `$tissue`, `$records_perpage`, and `$c_p` are directly embedded into the SQL query without proper sanitization or parameterization, potentially leading to SQL injection.
BL: `$results = $this->db->query(""SELECT * FROM mirna WHERE Name LIKE '%$name%' AND tissue = '$tissue' ORDER BY databaseid ASC LIMIT $records_perpage OFFSET $c_p"");`",buggy
373,"Expected Output Structure:
SE: The 'tag.getValue()' and 'tag.getMasterAccountId()' are directly concatenated into the SQL query without proper sanitization or parameterization, which may lead to SQL injection vulnerabilities.
BL: `MySQLiteHelper.TAGS_COLUMN_ID_ACCOUNT + "" = "" + tag.getMasterAccountId() + "" AND "" + MySQLiteHelper.TAGS_COLUMN_TAG + "" = '"" + tag.getValue() + ""'""`",buggy
8539,"SE: The variable `$cycle` is directly used in the SQL query without proper sanitization or parameterization, which could lead to SQL injection if the input is not properly validated.
BL: `WHERE \`state\` = '"".Crontask::STATE_RUNNING.""' AND unix_timestamp(\`lastrun\`) + $cycle * \`frequency\` < unix_timestamp(now())"";`",buggy
326,"SE: User input for 'first_name' is directly interpolated into SQL query without sanitization, risking SQL injection.
BL: `people = Person.where(""first_name LIKE '%#{first_name}%'"")`

SE: User input for 'last_name' is directly interpolated into SQL query without sanitization, risking SQL injection.
BL: `people = Person.where(""last_name LIKE '%#{last_name}%'"")`

SE: User input for 'email' is directly interpolated into SQL query without sanitization, risking SQL injection.
BL: `emails = Email.where(""email LIKE '%#{email}%'"")`",buggy
370,"SE: The '$_POST['t']' user input is directly used in an SQL query without proper sanitization or parameterization, which may lead to SQL injection.
BL: `$threadsql  = $vbulletin->db->query_read(""SELECT * FROM "" . TABLE_PREFIX . ""thread WHERE `threadid` = '"" . $_POST['t'] . ""'"");`",buggy
348,"SE: The 'where' function constructs SQL conditions by directly concatenating key-value pairs without sanitizing or escaping the values, which can lead to SQL injection if user-controlled data is passed.
BL: `if(is_string($value)) $arrTempWhere[] = '' . $key . "" = '"" . $value . ""'"";`",buggy
377,"SE: The 'user' parameter from GET request is directly used in the SQL query without proper sanitization or parameterization, leading to potential SQL injection.
BL: `$query = ""SELECT \`password\` FROM \`admin_users\` WHERE \`name\` = '"".$_GET[""user""].""';"";`",buggy
8607,"SE: User input for username, mail, and password is directly used in SQL query without proper sanitization or parameterization, leading to potential SQL injection.
BL: `$sql = 'INSERT INTO User (Username, Mail, Password, Type) VALUES ('.""'"".$_POST[""U""].""'"".','.""'"".$_POST[""M""].""'"".','.""'"".password_hash($_POST[""P""],PASSWORD_DEFAULT).""'"".',0);';`",buggy
362,"SE: The 'sid' and 'iid' variables are directly used in SQL queries without proper sanitization or parameterization, which can lead to SQL injection vulnerabilities.
BL: `result = $this->db_query(""SELECT session_id FROM $DB[sessions] WHERE session_id='$this->sid' AND ADDTIME(last_activity, '06:00:00:00')>NOW() LIMIT 1"");` and `result=$this->db_query(""SELECT sessions.user_id FROM $DB[sessions], $DB[items] WHERE sessions.user_id=items.user_id AND item_id=$this->iid AND session_id='$this->sid' LIMIT 1"");`",buggy
8610,"SE: User input from $_GET[""Name""] is directly used in an SQL query without sanitization, leading to potential SQL injection.
BL: `$sql = ""SELECT * FROM User WHERE Username='"".$_GET[""Name""].""';"";`

SE: User input from $_GET[""Mail""] is directly used in an SQL query without sanitization, leading to potential SQL injection.
BL: `$sql = ""SELECT * FROM User WHERE Mail='"".$_GET[""Mail""].""';"";`",buggy
8621,"SE: The 'uid' variable is directly used in an SQL query without proper sanitization or parameterization, potentially allowing SQL injection.
BL: `if (D(""Item"")->where(""uid = '$uid' and is del = 0 "")->find()) {`",buggy
310,"SE: The 'email' variable is directly concatenated into the SQL query without proper sanitization or parameterization, which can lead to SQL injection vulnerabilities.
BL: `connection.query(""select * from users where email = '"" + email + ""'"", function (err, rows) {`",buggy
342,"SE: The 'userData['session_id']' and 'userData['id']' are directly used in SQL queries without proper sanitization or parameterization, which can lead to SQL injection.
BL: `$result = $dbCon->query('SELECT cash FROM users WHERE session_id = ""' . $userData['session_id'] . '""');`

SE: The '$_POST['gambleMoney']' is directly used in an SQL query without proper sanitization or parameterization, which can lead to SQL injection.
BL: `$dbCon->query('UPDATE users SET cash = (cash + ""' . (int) ($_POST['gambleMoney'] * 36) . '"") WHERE id = ""' . $userData['id'] . '""');`

SE: The '$_POST['gambleMoney']' is directly used in an SQL query without proper sanitization or parameterization, which can lead to SQL injection.
BL: `$dbCon->query('UPDATE users SET cash = (cash - ""' . $_POST['gambleMoney'] . '"") WHERE id = ""' . $userData['id'] . '""');`",buggy
340,"SE: The 'year' variable is directly concatenated into the SQL query without proper sanitization or parameterization, which can lead to SQL injection if the input is not properly validated or sanitized.
BL: `WHERE berichte.state=1 AND berichte.date1 LIKE \''.$year.'%\'`",buggy
329,"SE: User input is directly used in SQL query without sanitization or parameterization, leading to potential SQL injection.
BL: `query := fmt.Sprintf(`SELECT json_agg(r) FROM (select EXTRACT(epoch FROM day) as day, end_of_day_total from trello.dailytallies order by day DESC limit %s) r;`, vars[""num""])`",buggy
361,"SE: The 'table' parameter is directly concatenated into the SQL query without proper sanitization or parameterization, which can lead to SQL injection if the 'table' parameter is controlled by the user.
BL: `query = 'SELECT * FROM `wuersch`.`' . $table . '` WHERE ';`

SE: The 'table' parameter is directly concatenated into the SQL query without proper sanitization or parameterization, which can lead to SQL injection if the 'table' parameter is controlled by the user.
BL: `result = Store::$pdo->exec('INSERT INTO `wuersch`.`' . $table . '`(' . $columns . ') VALUES(' . $values . ');');`

SE: The 'table' parameter is directly concatenated into the SQL query without proper sanitization or parameterization, which can lead to SQL injection if the 'table' parameter is controlled by the user.
BL: `query = 'UPDATE `wuersch`.`' . $table . '` SET ' . $columns . ' ';`",buggy
4080,"SE: The 'attribute' variable is directly used in SQL JOIN clause without proper sanitization or parameterization, potentially leading to SQL injection.
BL: `%(LEFT OUTER JOIN #{attr_table_name} AS #{table_name} ON #{table_name}.work_id = #{work_table_name}.id AND #{table_name}.key = ""#{attribute}"")`",buggy
4626,"SE: The 'q' parameter from the request is directly concatenated into the SQL query without sanitization, potentially allowing SQL injection.
BL: `cursor.execute(""SELECT id,title,artist,cover FROM recordstoreapp_record WHERE title like '%"" + q + ""%' or artist like '%"" + q + ""%' or label like '%"" + q + ""%' or cat_no like '%"" + q + ""%';"")`",buggy
357,"SE: The 'id1' and 'id2' parameters are directly concatenated into the SQL query without proper sanitization or parameterization, which can lead to SQL injection vulnerabilities.
BL: `cursor.execute(sql_function+sql_inside_of_function+"",""+str(id1)+"",""+str(id2)+"", true,true) join \""Data_minnesotabiketrails\"" as bt on bt.id=id2"")`",buggy
4092,"SE: The 'word' parameter is directly included in the SQL query without proper sanitization or parameterization, leading to potential SQL injection.
BL: `String query = ""select * from news n inner join newshighlights h on n.newsid=h.newsid and h.highlight like '%murder%' order by date desc"";`",buggy
364,"SE: The 'username' and 'password' are directly used in the SQL query without sanitization or parameterization, leading to potential SQL injection.
BL: `$query = ""SELECT * FROM  users where userName='$username' and userPassword='$password'"";`

SE: The 'username' is directly used in the SQL query without sanitization or parameterization, leading to potential SQL injection.
BL: `$query = ""SELECT * FROM  users where userName='$username'"";`

SE: The 'username' and 'password' are directly used in the SQL query without sanitization or parameterization, leading to potential SQL injection.
BL: `$insert = ""INSERT INTO users values('$username', '$password')"";`

SE: The 'username' is directly used in the SQL query without sanitization or parameterization, leading to potential SQL injection.
BL: `$query = ""select redditor from followingRedditors where '$username' = userName"";`

SE: The 'username' is directly used in the SQL query without sanitization or parameterization, leading to potential SQL injection.
BL: `$query = ""select subreddit from followingSubreddit where '$username' = userName"";`",buggy
368,"SE: User input is directly used in SQL query without proper sanitization or parameterization, leading to potential SQL injection.
BL: `$q = sprintf(""INSERT INTO webfinance_personne (nom,prenom,email,tel,mobile,client,fonction,date_created,note) VALUES ('%s', '%s', '%s', '%s', '%s', %d, '%s', now(),'%s')"", $_POST['nom'], $_POST['prenom'], $_POST['email'], removeSpace($_POST['tel']), removeSpace($_POST['mobile']), $_POST['client'], $_POST['fonction'], $_POST['note'] );`",buggy
8532,"SE: The 'id' from $_POST is directly used in the SQL query without proper sanitization or parameterization.
BL: `$nat = $Admin->fetch_object (""nat"", ""id"", $_POST['id']);`",buggy
8511,"SE: The 'values' array elements are directly used in SQL command construction without proper escaping or parameterized queries, which may lead to SQL injection if the array contains malicious SQL code.
BL: `return sql.replace(/\?/g, function(match) { if (!values.length) { return match; } return SqlString.escape(values.shift(), false, timeZone, dialect); });`",buggy
8630,"Expected Output Structure:
SE: The 'word' variable is directly interpolated into the SQL query without proper sanitization, potentially allowing SQL injection.
BL: `cursor.execute(""SELECT term FROM terms WHERE term LIKE \""%%%s%%\"" ORDER BY length(term),term LIMIT %s"" % (word,10000))`",buggy
4743,"SE: The 'title' parameter is directly used in SQL LIKE clauses without proper sanitization, potentially allowing SQL injection.
BL: `post_name like '%"".$title.""%' OR post_title like '%"".$title.""%'`",buggy
8584,"SE: The 'object_id' is directly used in the SQL query without proper validation or binding, which may lead to SQL injection.
BL: `$sql = ""SELECT * FROM \`$table_name\` WHERE \`id\`='\$object_id'"";`",buggy
306,"SE: User input for 'name', 'score', and 'level' is directly used in SQL query without proper sanitization or parameterization, leading to potential SQL injection.
BL: `$db->exec('INSERT INTO highscore (name, score, level, date, log_referer, log_user_agent, log_remote_addr, log_remote_host, cheater) ' . 'VALUES (""' . $name . '"", ' . $score . ', ' . $level . ', ""' . $date . '"", ""' . $ref .'"", ""' . $ua . '"", ""' . $remA .'"", ""' . $remH . '"", ""' . $cheater .'"")');`",buggy
391,"SE: The 'type' and 'id' parameters from the request are directly used in the SQL query without proper sanitization or parameterized queries, which may lead to SQL injection.
BL: `$segmentIds = \Pimcore\Db::get()->fetchOne(""SELECT \`segments\` FROM $assignmentTable WHERE \`elementId\` = ? AND \`elementType\` = ?"", [$id, $type]);`",buggy
8614,"Expected Output Structure:
SE: The user input from GET parameters is directly used in SQL queries without proper sanitization.
BL: `$sql = ""SELECT * FROM User WHERE Username='"".mysqli::real_escape_string($_GET[""Name""]).""';"";`",buggy
8639,"Expected Output Structure:
SE: The 'id' parameter is directly used in the SQL query without proper sanitization or parameterized query, which may lead to SQL injection.
BL: `$row = Db::getInstance()->getRow('SELECT modified, content FROM ' . _DB_PREFIX_ . 'smarty_cache WHERE id_smarty_cache = ""' . pSQL($id, true) . '""');`",buggy
354,"SE: The 'country_code' parameter is directly included in the SQL query without being parameterized or sanitized, which may lead to SQL injection.
BL: `WHERE code = '$country_code'`",buggy
401,"SE: The 'prefix' variable is directly included in the SQL query without proper parameterization, potentially allowing SQL injection.
BL: `$sql .= "" AND ipv6_prefixlen = '$prefix'"";`",buggy
358,"SE: The '$_GET['s']' parameter is directly used in the SQL query without sanitization or parameterization, which may lead to SQL injection.
BL: `$haku_s = mysqli_query($yht, ""SELECT * FROM `sivut` WHERE uid = '"".$_GET['s'].""' LIMIT 1"");`",buggy
359,"SE: The SQL query string is constructed by directly concatenating untrusted input without proper sanitization or parameterization.
BL: `String sql = ""SELECT * FROM "" + table + "" WHERE "" + columns.get(""username"") + ""= ? AND "" + columns.get(""password"") + ""= '?'"";`",buggy
8555,"SE: The latitude and longitude values are directly interpolated into the SQL query without proper sanitization or parameterization, potentially allowing SQL injection if these values are not strictly controlled.
BL: `""#{earth} * 2 * ASIN(SQRT("" + ""POWER(SIN((#{latitude.to_f} - #{lat_attr}) * PI() / 180 / 2), 2) + "" + ""COS(#{latitude.to_f} * PI() / 180) * COS(#{lat_attr} * PI() / 180) * "" + ""POWER(SIN((#{longitude.to_f} - #{lon_attr}) * PI() / 180 / 2), 2)"" + ""))""`",buggy
8599,"SE: The 'job_id' is directly used in an SQL query without proper sanitization or parameterized query, potentially allowing SQL injection.
BL: `sql = ""UPDATE plugin_hudson_widget SET job_id="" + $job_id + "" WHERE owner_id = "" + $this->owner_id + "" AND owner_type = '"" + $this->owner_type + ""' AND id = "" + (int) $request->get('content_id');`",buggy
321,"SE: The 'region' variable from the query string is directly used in the SQL query without sanitization.
BL: `$query  = ""SELECT * FROM $robustDB.regions WHERE regionName='$region';"";`

SE: The 'regionUuid' variable, derived from a database query but potentially manipulable if the database is compromised, is directly used in another SQL query without sanitization.
BL: `$query = ""SELECT primitems.name AS itemName, primitems.primID,primitems.assetID, prims.Name AS primName, prims.LinkNumber, prims.SceneGroupID, prims.GroupPositionX, prims.GroupPositionY, prims.GroupPositionZ FROM $regionDB.primitems JOIN $regionDB.prims ON primitems.primID = prims.UUID WHERE prims.RegionUUID = '$regionUuid' AND   primitems.assetType=10 ORDER BY prims.SceneGroupID, prims.LinkNumber;"";`

SE: The 'groupID' variable, derived from a database query but potentially manipulable if the database is compromised, is directly used in another SQL query without sanitization.
BL: `$query = ""SELECT name, LinkNumber, SceneGroupID, GroupPositionX, GroupPositionY, GroupPositionZ FROM $regionDB.prims WHERE SceneGroupID = '$groupID' AND   LinkNumber IN (0,1);"";`",buggy
8504,"SE: The 'jobname' variable is directly concatenated into the SQL query without proper sanitization or parameterization, leading to potential SQL injection.
BL: `$query .= ""WHERE Job.Name = '$jobname' AND Job.JobStatus = 'T' AND Job.Type = 'B' "";`",buggy
8571,"Expected Output Structure:
SE: The 'device_id' is directly used in the SQL query without proper sanitization or parameterization, potentially leading to SQL injection.
BL: `$query = ""SELECT * FROM \`devices\` WHERE \`device_id\` = $device_id LIMIT 1"";`",buggy
376,"Expected Output Structure:
SE: User input for tags is directly used in SQL query without proper neutralization, even though there's a check for SQL safety, the normalization process might not handle all edge cases.
BL: `query.andWhere('{""${normalizeForSearch(ps.tag)}""}' <@ note.tags`);",buggy
8598,"SE: The 'value_id' parameter is directly used in the SQL query without proper sanitization or escaping, potentially leading to SQL injection.
BL: `$sql = ""REPLACE INTO plugin_cardwall_on_top_column_mapping_field_value (cardwall_tracker_id, tracker_id, field_id, value_id, column_id)
                VALUES ($cardwall_tracker_id, $tracker_id, $field_id, $value_id, $column_id)"";`",buggy
334,"SE: The 'name' and 'item' variables are directly interpolated into SQL queries without proper sanitization or parameterization, which can lead to SQL injection vulnerabilities.
BL: `keks = self.DBcursor.execute(u""SELECT nickname, count from kekse WHERE nickname like '%s' AND item =='%s' LIMIT 1"" % (name, item)).fetchall()`",buggy
8625,"Expected Output Structure:
SE: User input is directly used in SQL-like query construction without proper sanitization, potentially allowing SQL injection.
BL: `conditionFilters[] = 'path LIKE ' . $list->quote('%'. $list->escapeLike($request->get('filterFullText')) .'%');`",buggy
394,"Expected Output Structure:
SE: none
BL: none

Explanation:
The provided PHP code does not contain any explicit SQL queries where user input is directly concatenated into the SQL statement, which would typically be a clear indicator of SQL Injection (CWE-89). The code uses a `StatementHandler` for executing SQL statements, which suggests the use of prepared statements or a similar mechanism that safely handles SQL parameters. The `escapeIdentifier` and `escapeIdentifierList` methods are used for escaping identifiers, which is a good practice for preventing SQL injection in database identifiers. However, without seeing the implementation details of these methods and the `StatementHandler`, it's not possible to definitively rule out all potential for SQL injection, but based on the given code snippet, no SQL injection vulnerabilities are apparent.",buggy
346,"Expected Output Structure:
SE: The 'single_instance['id']' and 'res_searx_version' are directly concatenated into the SQL query without proper sanitization or parameterized queries, which may lead to SQL injection.
BL: `$query = ""UPDATE `#instances` SET "".
            ""`VERSION_STRING` = '"".$res_searx_version.""', "".
            ""`RETURN_CODE` = '"".$res_http_code.""', "".
            ""`LAST_UPDATE` = '"".date('Y-m-d H:i:s',$res_timestamp).""' "".
            ""WHERE `#instances`.`ID` ="".$single_instance['id']."";"";`",buggy
335,"SE: The 'word' variable is directly used in SQL queries without proper sanitization or parameterized queries, which may lead to SQL injection.
BL: `sql = 'SELECT word_id FROM ' . SEARCH_WORDLIST_TABLE . ' WHERE word_text = ""' . $word . '""';`",buggy
330,"SE: The 'url' variable is directly used in an SQL query without proper sanitization or parameterized queries, which may lead to SQL injection vulnerabilities.
BL: `db_uquery(""INSERT INTO `$LM_CCPWGL_CACHESCHEMA`.`lmproxyfiles` VALUES(DEFAULT,NOW(),'$url','$info','"". mysql_escape_string($data) .""');"");`",buggy
338,"SE: The 'initial' variable is directly used in an SQL LIKE clause without proper sanitization or parameterization, potentially leading to SQL injection.
BL: `push @conditions, ""word LIKE '$initial%'"";`",buggy
8637,"Expected Output Structure:
SE: The 'sortOrder' variable is directly used in the SQL query without proper sanitization or parameterization, potentially allowing SQL injection.
BL: `$querySearch->orderBy($sortOrder . ' ' . $query->getSortOrder()->toLegacyOrderWay());`",buggy
383,"SE: The 'login' and 'apikey' parameters are directly concatenated into SQL queries without proper sanitization or parameterized queries, which may lead to SQL injection vulnerabilities.
BL: `$userInfoRes = $this->select(""SELECT id, pw, public_key, private_key, personal_folder, fonction_id, groupes_visibles, groupes_interdits, user_api_key FROM "" . prefixTable('users') . "" WHERE login='"".$login.""'"");`
BL: `$apiInfo = $this->select(""SELECT count(*) FROM "" . prefixTable('api') . "" WHERE value='"".$apikey.""'"");`",buggy
372,"SE: The 'crawler_ip' and 'crawler_useragent' variables are directly used in SQL queries without proper sanitization or parameterization, which can lead to SQL injection vulnerabilities.
BL: `$this->crawler_info = $this->dbhandle->query(""SELECT crawler_ip FROM crawlers WHERE crawler_ip='$ip' AND crawler_useragent='$useragent'"");`",buggy
313,"SE: The 'msg' variable is directly used in the SQL query without proper sanitization or parameterization, which may lead to SQL injection.
BL: `$sql = ""insert into MESSAGE values (message.nextval, $m_id, $to, msg, systimestamp)"";`",buggy
320,"SE: The 'updateAdult' function constructs an SQL query by directly concatenating user inputs without proper escaping or parameterization, leading to potential SQL injection vulnerabilities.
BL: `var strQuery = ""UPDATE adult SET first_name=""+firstName+"", last_name=""+lastName+"", username=""+ username + "", password="" +hashPassword(password) + "", pack_number="" + packNumber+"", leader_type=""+ leaderType +"", rank_type=""+ rankType+"", phone_number=""+phoneNumber+ ""WHERE adult_id=""+id;`",buggy
4673,"Expected Output Structure:
SE: User input for credit card number is directly used in SQL query without proper sanitization, leading to potential SQL injection.
BL: `q = ""select * from cards where cc_number = '%s'"" % cc_number.replace('-', '')`",buggy
8588,"Expected Output Structure:
SE: The 'search' parameter is directly used in SQL LIKE clauses without proper sanitization, potentially allowing SQL injection.
BL: `$sWhere .= $aColumns[$i]."" LIKE '%"".pwg_db_real_escape_string( $_REQUEST['search'][""value""] ).""%' OR "";`",buggy
324,"Expected Output Structure:
SE: none
BL: none

Explanation:
The provided PHP code uses Yii framework's ActiveRecord and ActiveQuery methods for database interactions. These methods are designed to prevent SQL injection by using parameter binding and prepared statements internally. The code does not directly concatenate or interpolate user input into SQL queries. Instead, it uses methods like `findOne()`, `andWhere()`, and `like()` which are part of Yii's abstraction that safely handles user inputs. Therefore, there are no lines in the provided code that contain a bug of type CWE-89 (SQL Injection).",buggy
390,"SE: The variable `$id` is directly included in the SQL query without proper sanitization or parameter binding, which can lead to SQL injection vulnerabilities.
BL: `$estmt = $edb->conn->query(""SELECT email, username FROM $tbl_name WHERE id = '$id'"");`

SE: The variables `$tbl_name` and `$myusername` are directly included in the SQL query without proper sanitization or parameter binding, which can lead to SQL injection vulnerabilities.
BL: `$stmt = $stmt = $db->conn->query(""SELECT * FROM $tbl_name WHERE username='$myusername'"");`",buggy
322,"The provided PHP file content is part of a Yii framework controller class that handles various actions related to file management, such as viewing, creating, updating, uploading, and deleting files. The file does not explicitly show any SQL queries being constructed directly from user input, which is typically where SQL injection vulnerabilities (CWE-89) occur. However, it's important to analyze how the framework handles the model attributes and whether any indirect vulnerabilities might exist.

**Analysis:**
1. **Direct SQL Query Construction:** There are no lines in the provided code where SQL queries are directly constructed using user input. Yii framework uses Active Record for database interactions, which generally provides a safer way of handling SQL queries by using parameter binding and prepared statements.

2. **Indirect SQL Injection Risk:**
   - The methods `actionCreate`, `actionUpdate`, `actionAdmin`, and others set model attributes directly from `$_POST` or `$_GET` arrays. For example:
     ```php
     $model->attributes = $_POST['D2files'];
     ```
     This line in itself does not directly lead to SQL injection, as Yii's Active Record is designed to handle this safely. However, if the underlying model or database schema is misconfigured or if certain callbacks or behaviors attached to the model manipulate these attributes unsafely, there could be a risk.

3. **Validation and Sanitization:**
   - The code uses methods like `performAjaxValidation` to validate the models based on rules defined in the model class. This is a good practice as it helps prevent invalid data from being processed.
   - The `loadModel` method uses `findByPk`, which is safe from SQL injection as it uses parameterized queries internally.

**Conclusion:**
There are no explicit SQL injection vulnerabilities (CWE-89) in the provided code snippet based on the direct analysis of SQL query construction. The use of Yii's Active Record and the absence of raw SQL queries reduce the risk significantly. However, without seeing the model implementations and any behaviors or additional methods that manipulate SQL queries, it's not possible to completely rule out the risk. It's recommended to review the model classes and any SQL-related behaviors or extensions used in the application to ensure they do not introduce SQL injection vulnerabilities.

**Expected Output Structure:**
```
SE: No direct SQL injection vulnerabilities found. Indirect risks depend on model implementations and database handling not shown in the snippet.
BL: none
```",buggy
318,"SE: The 'static::$tom' variable is directly used in an SQL query without proper sanitization or parameter binding, potentially allowing SQL injection.
BL: `Settings::$sql->query(""delete from sio_session where TIMESTAMPADD(MINUTE,"" . static::$tom . "",ts) < CURRENT_TIMESTAMP"");`",buggy
333,"Expected Output Structure:
SE: User input is directly used in SQL without proper sanitization, potentially allowing SQL injection.
BL: `mysql_query('INSERT INTO peer_torrent (peer_id, torrent_id, uploaded, downloaded, `left`, state, attempt, `last_updated`) ' . 'SELECT ' . $pk_peer . ', `torrent`.`id`, ' . intval($_GET['uploaded']) . ', ' . intval($_GET['downloaded']) . ', ' . intval($_GET['left']) . ', ' . $state .  ', ' . 0 . ', UTC_TIMESTAMP() ' . 'FROM `torrent` ' . ""WHERE `torrent`.`hash` = '"" . mysql_real_escape_string(bin2hex($_GET['info_hash'])) . ""' "" . 'ON DUPLICATE KEY UPDATE `uploaded` = VALUES(`uploaded`), `downloaded` = VALUES(`downloaded`), `left` = VALUES(`left`), '  . 'state=' . $state . ', attempt=' . $attempt . ', '  . 'last_updated = VALUES(`last_updated`), ')`",buggy
351,"Expected Output Structure:
SE: The 'c.getPackagesLike()' method's return value is directly concatenated into the SQL query without proper sanitization or parameterization, potentially leading to SQL injection.
BL: `String query = ""select object_name from user_objects where object_type = 'PACKAGE' and object_name like '"" + c.getPackagesLike() + ""'"";`",buggy
8596,"SE: The 'dbname' parameter is directly concatenated into the SQL command without proper sanitization or parameterization, which may lead to SQL injection.
BL: `Database::query(""CREATE DATABASE `"" . $dbname . ""`"");`",buggy
403,"SE: The `state_code` is directly interpolated into the SQL query without proper sanitization or parameterization, which can lead to SQL injection if the `state_code` is not properly validated or sanitized.
BL: `filter_cond = f"" WHERE {view_name}.{key}='{state_code}'""`",buggy
325,"SE: User input from `$_GET['comment_id']` is directly used in an SQL query without proper sanitization, potentially allowing SQL injection.
BL: `$where_clauses[] = 'com.id = '.pwg_db_real_escape_string($_GET['comment_id']);`",buggy
385,"SE: The 'searchname' variable is directly used in an SQL-like query without proper sanitization or parameterization, potentially allowing SQL injection.
BL: `$searchnum = get_item($mydbh, ""userid"", ""accounts"", ""username"", $searchname);`

SE: Direct SQL query concatenation with user-controlled input 'idcookie' and 'searchnum', which can lead to SQL injection.
BL: `mysql_query(""DELETE FROM autofinger WHERE owner = '$idcookie' and interest = '$searchnum'"");`

SE: Direct SQL query concatenation with user-controlled input 'idcookie', 'searchnum', and 'privlevel', which can lead to SQL injection.
BL: `mysql_query(""INSERT INTO autofinger (owner, interest, priority) VALUES ('$idcookie', '$searchnum', '$privlevel') ON DUPLICATE KEY UPDATE priority=$privlevel"");`

SE: Direct SQL query concatenation with user-controlled input 'idcookie' and 'searchnum', which can lead to SQL injection.
BL: `mysql_query(""Select priority From autofinger where owner = '$idcookie' and interest = '$searchnum'"");`",buggy
307,"Expected Output Structure:
SE: The 'orderBy' parameter is directly used in the SQL query without proper validation or escaping, potentially allowing SQL injection if the input is not properly sanitized elsewhere.
BL: `$rows = $this->Database->whereNested(function($query) use ($filters, $nodeId, $exporting) {...})->take($limit)->skip($offset)->orderByRaw($orderByRaw)->get($this->visibleColumns);`",buggy
317,"SE: The 'user_input' is directly concatenated into SQL content without proper parameterized SQL queries, which may lead to SQL injection.
BL: `sql.gsub(':like', conn.quote_string(@q))` in the `by_string` method.",buggy
303,"The provided file content contains a line that may be vulnerable to SQL Injection (CWE-89). The vulnerability arises from the direct concatenation of user input into an SQL query without proper sanitization or parameterization. Here's the analysis:

**Vulnerable Line:**
```go
query := fmt.Sprintf(""SELECT messages.id, user_id, body, title, subtitle, image, link, eventType, hidden_at, timestamp, display_name, display_color, created_at, disabled_at,  previous_names, namechanged_at, authenticated_at, scopes, type FROM messages INNER JOIN users ON messages.user_id = users.id WHERE user_id IS '%s'"", userID)
```

**Explanation:**
In this line, the `userID` variable is directly embedded into the SQL query string. If `userID` contains malicious SQL code, it could be executed by the database, leading to SQL Injection. This happens because the input is not sanitized or parameterized, allowing an attacker to manipulate the query by injecting SQL commands.

**Expected Output:**
```
SE: The 'userID' is directly concatenated into the SQL query without sanitization, potentially leading to SQL Injection.
BL: query := fmt.Sprintf(""SELECT messages.id, user_id, body, title, subtitle, image, link, eventType, hidden_at, timestamp, display_name, display_color, created_at, disabled_at,  previous_names, namechanged_at, authenticated_at, scopes, type FROM messages INNER JOIN users ON messages.user_id = users.id WHERE user_id IS '%s'"", userID)
```",buggy
378,"SE: The 'status' parameter from the URL is directly used in the SQL query without proper sanitization or parameterized queries, potentially allowing SQL injection.
BL: `$wpdb->query('UPDATE `'.$wpdb->prefix.$this->table_messages.'` SET paid='.esc_sql($_GET[""status""]).' WHERE id='.$_GET['lu']);`",buggy
375,"Expected Output Structure:
SE: none
BL: none

Explanation:
The provided PHP file content does not contain any explicit SQL queries where user input is directly concatenated into SQL commands without proper sanitization or parameterization. The methods that interact with the database use the Zend Framework's database abstraction layer, which includes methods like `quoteInto()` and `quoteIdentifier()` for preventing SQL injection by escaping inputs and identifiers appropriately. The file primarily handles configuration, logging, and error handling without direct SQL command construction using unsanitized input.",buggy
8635,"Expected Output Structure:
SE: none
BL: none

Explanation:
The provided PHP code from the Pimcore Model Listing class does not contain any explicit SQL queries that concatenate user input directly into SQL commands. The class uses parameterized queries and proper handling of SQL conditions, which are designed to prevent SQL injection vulnerabilities (CWE-89). The methods related to setting conditions (`setCondition`, `addConditionParam`, etc.) use placeholders and parameter binding, which are safe practices against SQL injection.",buggy
402,"SE: The 'value' variable is directly used in an SQL LIKE clause without proper sanitization or parameterized queries, which may lead to SQL injection.
BL: `return $key.' LIKE '.$value.' ';`",buggy
405,"Expected Output Structure:
SE: The 'metaValue' variable is constructed from user input without proper sanitization or parameterized queries, leading to potential SQL injection.
BL: `$prepare     = $this->db->prepare(""SELECT * from `{$this->tb_prefix}sms_subscribes` WHERE name LIKE %s OR mobile IN ({$metaValue})"", '%' . $this->db->esc_like($_GET['s']) . '%');`",buggy
407,"SE: The 'dni_profe' parameter from the GET request is directly used in an SQL query without sanitization, potentially allowing SQL injection.
BL: `mysqli_query($db_con, ""delete from departamentos where dni = '"".$_GET['dni_profe'].""'""`",buggy
8545,"Expected Output Structure:
SE: The SQL query directly includes unparameterized user input, which can lead to SQL injection.
BL: `$exist = $wpdb->get_row( ""SELECT \`page_id\` FROM \`"" . DB::table( 'pages' ) . ""\` WHERE \`date\` = '"" . TimeZone::getCurrentDate( 'Y-m-d' ) . ""' "" . ( array_key_exists( ""search_query"", $current_page ) === true ? ""AND \`uri\` = '"" . $page_uri . ""'"" : """" ) . ""AND \`type\` = '{$current_page['type']}' AND \`id\` = {$current_page['id']}"", ARRAY_A );`",buggy
379,"SE: The 'lid' variable is directly used in the SQL query without proper sanitization or parameterized queries, making it vulnerable to SQL injection.
BL: `$q = ""select l.lid, l.cid, l.title, l.ext, l.res_x, l.res_y, l.bgcolor, l.status, l.members, l.date, l.hits, l.rating, l.votes, l.comments, l.submitter, t.description, l.gametype, l.license, l.classfile from "".$xoopsDB->prefix(""flashgames_games"")."" l, "".$xoopsDB->prefix(""flashgames_text"")."" t where l.lid=$lid and l.lid=t.lid and status>0"";`",buggy
4931,"Expected Output Structure:
SE: User input is directly used in SQL query without sanitization, potentially allowing SQL injection.
BL: `proxy = cursor.execute(qs, query_data)`",buggy
8916,"Expected Output Structure:
SE: The 'id' parameter is directly used in the SQL query without proper sanitization or parameter binding, which may lead to SQL injection vulnerabilities.
BL: `BackendModel::getContainer()->get('database')->delete('forms_fields', 'id = ?', $id);`",buggy
408,"SE: The 'where' clause is directly constructed using unfiltered input, which can lead to SQL injection.
BL: `'SELECT * FROM ' . static::table_name() . ' WHERE ' . $where`",buggy
315,"SE: User input from `$_GET['searchstring']` is directly used in SQL queries without proper sanitization, potentially allowing SQL injection.
BL: `$query = ""SELECT * FROM domain AS a WHERE domain_name LIKE '%"".$_GET['searchstring'].""%' AND "".$allowed_domains1.""') ORDER BY domain_name"";`",buggy
305,"SE: The line directly uses user input in an SQL query without proper sanitization, which can lead to SQL injection.
BL: `$q = ""SELECT * FROM "".$_SESSION['dbprefix'].""people WHERE name LIKE '%"".$c->real_escape_string($detail).""%' OR form LIKE '%"".$c->real_escape_string($detail).""%' ORDER BY updated DESC LIMIT 1"", $c;`",buggy
393,"SE: The 'type' parameter is directly used in the SQL query without proper sanitization or parameterized queries, which may lead to SQL injection.
BL: `$sql = ""SELECT id FROM scheduled_report_types WHERE identifier="".$db->escape($type);`",buggy
8535,"SE: The variable `$extraFieldType` is directly used in the SQL query without proper sanitization or parameterization, potentially allowing SQL injection.
BL: `WHERE tcf.extra_field_type = $extraFieldType AND`",buggy
392,"SE: User input is directly used in SQL queries without proper sanitization, leading to potential SQL injection vulnerabilities.
BL: `$GLOBALS['TYPO3_DB']->exec_DELETEquery('tx_mhhttpbl_blocklog', 'block_ip = '.$GLOBALS['TYPO3_DB']->fullQuoteStr(t3lib_div::_GP('move_whitelist'), 'tx_mhhttpbl_blocklog'));`",buggy
384,"SE: The 'query' parameter is directly used in an SQL MATCH AGAINST clause without proper sanitization, potentially allowing SQL injection.
BL: `$queryCondition = '( MATCH (`data`,`properties`) AGAINST (' . $db->quote($query) . ' IN BOOLEAN MODE) )';`",buggy
4627,"SE: User input is directly concatenated into SQL query without proper sanitization or parameterization, leading to potential SQL injection vulnerabilities.
BL: `stmt = con.prepareStatement(stmtBuscarNome + ""'%"" + nome + ""%' and (perfil = 2 or perfil = 3) and inativo=false order by nome"");`",buggy
8541,"The analysis of the provided PHP file content reveals a potential SQL Injection vulnerability in the following line:

```php
$sql = ""INSERT into form_taskman
        (REQ_DATE, FROM_ID, TO_ID, PATIENT_ID, DOC_TYPE, DOC_ID, ENC_ID) VALUES
        (NOW(), '$from_id', '$to_id','$patient_id','$doc_type','$doc_id','$enc')"";
sqlQuery($sql);
```

This line constructs an SQL query by directly embedding variables into the SQL string without using prepared statements or parameterized queries. This practice can lead to SQL Injection if the variables (`$from_id`, `$to_id`, `$patient_id`, `$doc_type`, `$doc_id`, `$enc`) are not properly sanitized or escaped, especially since they seem to be derived from user input or external sources.

Expected Output Structure:
SE: The variables are directly embedded into the SQL command string without using prepared statements, leading to potential SQL Injection vulnerabilities.
BL: `$sql = ""INSERT into form_taskman (REQ_DATE, FROM_ID, TO_ID, PATIENT_ID, DOC_TYPE, DOC_ID, ENC_ID) VALUES (NOW(), '$from_id', '$to_id','$patient_id','$doc_type','$doc_id','$enc')""; sqlQuery($sql);`",buggy
8566,"Expected Output Structure:
SE: The method `readData` constructs an SQL query using direct concatenation of table and column names, which could lead to SQL injection if the input is not properly sanitized or validated.
BL: `$sql = 'SELECT * FROM '.$this->tableName.' '.$sqlAdditionalTables.' WHERE '.$sqlWhereCondition;`",buggy
323,"SE: The 'id' parameter from the URL is directly used in the SQL query without proper sanitization or parameterization, which can lead to SQL injection.
BL: `var query = connection.query('SELECT Section.id, Section.name AS secname, Section.description AS secdesc, Survey.title AS stitle, Survey.description AS sdesc, Survey.id AS sid, Survey.holder from Section,Survey WHERE Survey.sectionId=Section.id AND Section.status=1 AND Survey.status=1 AND sectionId='+id, function(err, rows, fields) {...`",buggy
8611,"The provided PHP file content defines a class `WP_Tax_Query` used for creating SQL queries based on taxonomy terms in WordPress. The class includes methods for sanitizing and transforming taxonomy queries, generating SQL clauses, and handling query logic. The primary concern for CWE-89 (SQL Injection) would be in methods that generate SQL clauses, particularly where user input might be directly included in SQL statements without proper sanitization or parameterization.

Upon reviewing the code, the method `get_sql_for_clause` constructs SQL queries based on the taxonomy query parameters. The potential for SQL injection arises in the following scenarios:

1. **Direct Inclusion of Terms in SQL Statements**:
   - The `$terms` variable, which can be influenced by user input, is directly included in SQL statements within the `IN` and `NOT IN` operators. If `$terms` is not properly sanitized to ensure that it only contains valid term IDs, this could lead to SQL injection.

Here is the specific line and explanation:

**Expected Output Structure:**
SE: The `$terms` variable, which may contain user-supplied input, is directly used in SQL statements without explicit sanitization or parameterization, potentially leading to SQL injection.
BL: 
```php
$where = ""$alias.term_taxonomy_id $operator ($terms)"";
```
and
```php
$where = ""(
    SELECT COUNT(1)
    FROM $wpdb->term_relationships
    WHERE term_taxonomy_id IN ($terms)
    AND object_id = $this->primary_table.$this->primary_id_column
) = $num_terms"";
```

These lines are vulnerable because they directly include the `$terms` variable, which is a concatenated string of term IDs, into the SQL query. If `$terms` is manipulated to include malicious SQL code, it could alter the query's behavior or leak sensitive information. Proper parameterization or rigorous sanitization of `$terms` before its inclusion in SQL queries is necessary to mitigate this risk.",buggy
304,"SE: User input is directly used in SQL query construction without proper sanitization, leading to potential SQL injection.
BL: `String SQL = ""SELECT bible.*,book.book_name FROM "" + bible.getTableName() + "" as bible left join "" + book.getTableName() + "" as book on bible.book_id=book.book_id where "" + condition + "" order by bible.book_id,bible.chapter_id limit "" + startIndex + "","" + pageSize;`",buggy
4155,"SE: User input for 'query' is directly used in SQL query without proper sanitization, leading to potential SQL injection.
BL: `connection.query('select * from bi_posts where concat(title,content) like ""%'+ query +'%""', function(err, rows) {...}`",buggy
309,"SE: The SQL statement is dynamically constructed using string formatting which can lead to SQL injection if the input is not properly sanitized.
BL: `tx.nonquery(q % field[0], (field[1], profileid))`",buggy
8641,"The provided file content is a JavaScript module implementing a PostgreSQL connector for LoopBack, a Node.js framework. The code includes various functions for database operations such as initialization, connection, and SQL execution. To identify potential SQL injection vulnerabilities (CWE-89), we need to focus on how SQL queries are constructed and executed, particularly looking for instances where user input might be concatenated directly into SQL statements without proper sanitization or parameterization.

Upon reviewing the code, the following observations are made:

1. **Parameterized Queries**: The `executeSQL` function, which is responsible for executing SQL statements, uses parameterized queries. This is evident from the use of `connection.query(sql, params, function(err, data) {...})` where `sql` is the SQL statement and `params` is an array of parameters that replace placeholders in the SQL statement. This approach prevents SQL injection as user inputs are not directly concatenated into the SQL query string.

2. **SQL Construction**: The `buildWhere` and related functions construct SQL WHERE clauses based on input conditions. These functions use a combination of parameterized SQL (`ParameterizedSQL`) and escaping mechanisms to safely include user inputs in SQL queries. For example, the `buildExpression` function handles different operators and ensures values are properly parameterized or escaped.

3. **Escaping Functions**: Functions like `escapeIdentifier` and `escapeLiteral` are used to escape SQL identifiers and literals, respectively. These functions are designed to prevent SQL injection by escaping special characters that could alter SQL command execution.

4. **Use of Prepared Statements and Parameterized SQL**: Throughout the module, SQL commands are either parameterized or constructed using methods that prevent injection, such as escaping inputs and using placeholders for parameter values.

Given the above points, the code appears to be well-guarded against SQL injection vulnerabilities due to the consistent use of parameterized queries and proper escaping of user inputs. There are no obvious lines where user input is directly concatenated into SQL commands without appropriate safeguards.

**Expected Output Structure**:
```
SE: none
BL: none
```

This output indicates that no potential SQL injection vulnerabilities (CWE-89) were identified in the provided code. The use of parameterized queries and input escaping mechanisms effectively mitigates the risk of SQL injection.",buggy
4738,"The analysis of the provided PHP code, particularly focusing on SQL injection vulnerabilities (CWE-89), reveals a potential issue in the following lines:

```php
public function remove_object_references ($table, $field, $old_value, $new_value = NULL) {
    $table = $this->Database->escape($table);
    $field = $this->Database->escape($field);

    try { $this->Database->runQuery(""update `$table` set `$field` = ? where `$field` = ?;"", array($new_value, $old_value)); }
    catch (Exception $e) {
        $this->Result->show(""danger"", _(""Error: "").$e->getMessage(), false);
        return false;
    }
}
```

**Explanation:**
- The method `remove_object_references` attempts to prevent SQL injection by escaping the table and field names using `$this->Database->escape()`. However, escaping alone may not be sufficient to prevent SQL injection, especially if the escaping function does not adequately handle all edge cases or is not designed to secure against SQL injection specifically. The use of variable table and field names in SQL queries can be risky if not handled correctly.

**Potential Issue:**
- If the escaping function `Database->escape()` is not robust, specially crafted inputs could manipulate the SQL query structure, leading to SQL injection vulnerabilities.

**Recommendation:**
- It is generally safer to avoid dynamic table and field names in SQL queries. If dynamic table or field names are necessary, ensure that the escaping function is specifically designed to handle SQL identifiers securely and is thoroughly tested against SQL injection attacks.
- Use whitelisting for table and field names where possible, comparing provided names against a list of known good identifiers.

**Output:**
```
SE: The escaping function may not adequately prevent SQL injection when dynamic table and field names are used.
BL: $this->Database->runQuery(""update `$table` set `$field` = ? where `$field` = ?;"", array($new_value, $old_value));
```",buggy
312,"The provided file content includes a function `upload_user_data` that interacts with a MySQL database. This function constructs and executes SQL queries, which could potentially be vulnerable to SQL injection if not handled properly. Here's the analysis:

**Vulnerable Line:**
```python
update_new_dev_tokens_statement = (
    ""update user_info set dev_token_first_seen = now() ""
    ""where dev_token_first_seen is null and ""
    ""username in ('"" + dev_tokens_string + ""')""
)
cursor.execute(update_new_dev_tokens_statement)
```

**Explanation:**
The variable `dev_tokens_string` is constructed by joining user inputs (`dev_tokens_users`) with `', '`. This string is then directly interpolated into the SQL query. If any of the usernames contain SQL control characters or statements, they could manipulate the SQL query's logic, leading to SQL injection.

**Expected Output Structure:**
SE: User input is directly included in SQL query without proper sanitization or parameterization, potentially leading to SQL injection.
BL: `update_new_dev_tokens_statement = ( ""update user_info set dev_token_first_seen = now() "" ""where dev_token_first_seen is null and "" ""username in ('"" + dev_tokens_string + ""')"") cursor.execute(update_new_dev_tokens_statement)`",buggy
8633,"SE: The SQL query string is dynamically constructed using unvalidated user input, which can lead to SQL injection vulnerabilities.
BL: `sql := ""SELECT states.path, versions.version_id, states.tf_version, states.serial, lineages.value as lineage_value, modules.path as module_path, resources.type, resources.name, resources.index, attributes.key, attributes.value"" + sqlQuery + "" ORDER BY states.path, states.serial, lineage_value, modules.path, resources.type, resources.name, resources.index, attributes.key"" + "" LIMIT ?""`",buggy
349,"SE: The 'studentID' parameter is directly concatenated into the SQL query without sanitization, which can lead to SQL injection vulnerabilities.
BL: `ResultSet rs = stmt.executeQuery(""SELECT wartosc,tematyka,nazwa from oceny_uczniow join rodzaje_aktywnosci ra on id_aktywnosci=ra.id where id_ucznia='"" + studentID + ""' and id_przedmiotu="" + subjectID + "";"");`",buggy
360,"SE: The line uses string replacement in SQL without proper sanitization, potentially allowing SQL injection.
BL: `cursor.execute(""SELECT id, type, replace(url, '%OWNER%', %s) FROM portrepositories WHERE id = %s AND ( username = %s OR username IS NULL )"", ( req.authname, self.repository, self.owner ))`",buggy
387,"SE: User input is directly used in SQL queries without proper sanitization or parameterized queries, leading to potential SQL injection vulnerabilities.
BL: `$rows_affected = $wpdb->insert( DEX_APPOINTMENTS_TABLE_NAME, array( 'time' => current_time('mysql'), 'booked_time' => $_POST[""Date""], 'name' => $_POST[""name""], 'email' => $_POST[""email""], 'phone' => $_POST[""phone""], 'question' => $_POST[""question""], 'buffered_date' => $_POST[""dateAndTime""] ) );`",buggy
8629,"SE: The filter values are directly used in SQL queries without proper sanitization or parameterized queries, which may lead to SQL injection vulnerabilities.
BL: `$conditionPartsFilters[] = 'concat(o_path, o_key) ' . $operator . ' ' . $db->quote('%' . $filter['value'] . '%');`",buggy
352,"Expected Output Structure:
SE: none
BL: none

Explanation:
The provided PHP file content defines a class for building SQL queries with methods to handle different types of SQL operations (SELECT, INSERT, UPDATE, DELETE) and conditions (WHERE, HAVING, etc.). The class uses a database abstraction layer to safely handle SQL queries, which includes quoting identifiers and values to prevent SQL injection. The methods for constructing SQL statements are designed to use these safe practices, and there is no direct concatenation of user input into SQL statements without proper handling. Therefore, there is no line in the provided content that clearly contains a bug of type CWE-89 (SQL Injection).",buggy
374,"SE: The 'auth' parameter from the request is directly used in a database query without proper sanitization, potentially allowing SQL injection.
BL: `$token=KapostPreviewToken::get()->filter('Code', Convert::raw2xml($auth))->first();`",buggy
8575,"The provided PHP file content defines a class `StockAvailableCore` which is part of a stock management system, likely for an e-commerce platform. The class includes methods for managing stock quantities, locations, and dependencies on physical stock. The file does not contain any explicit SQL concatenation with user inputs directly in the methods provided. The SQL queries are constructed using parameterized methods or by casting variables to specific types (like `(int)`), which inherently prevents SQL injection by ensuring that the values are treated as integers.

However, there is a potential concern in the method `synchronize` where SQL queries are constructed dynamically based on various conditions. Although the inputs are cast to integers, the complexity of the method and the dynamic construction of SQL could potentially lead to mistakes in future modifications or extensions of the code. Here's the specific part of the method:

```php
$query = array(
    'table' => 'stock_available',
    'data' => array('quantity' => $quantity),
    'where' => 'id_product = ' . (int) $id_product . ' AND id_product_attribute = ' . (int) $id_product_attribute .
    StockAvailable::addSqlShopRestriction(null, $id_shop),
);
Db::getInstance()->update($query['table'], $query['data'], $query['where']);
```

While the current implementation appears safe due to type casting, the practice of constructing SQL queries in this manner can be risky. If the method `addSqlShopRestriction` or similar methods are modified to include user-controlled input without proper sanitization, it could introduce SQL injection vulnerabilities.

Expected Output Structure:
SE: Dynamic SQL construction with type casting; future modifications could introduce risks without proper safeguards.
BL: `Db::getInstance()->update($query['table'], $query['data'], $query['where']);`",buggy
400,"The provided PHP code is a part of a product repository class that interacts with a database using Doctrine's DBAL for building SQL queries. The code is structured to prevent SQL injection by using parameterized queries, which is a common and effective practice to mitigate SQL injection risks (CWE-89).

**Analysis:**
- The code consistently uses parameterized queries (`setParameter`) for all database interactions. This approach ensures that user inputs or variable contents are not directly concatenated into SQL statements, which would be vulnerable to SQL injection.
- The use of Doctrine's QueryBuilder (`$this->connection->createQueryBuilder()`) further encapsulates the SQL construction, making it less prone to injection as the parameters are bound rather than concatenated.
- Each SQL query in the code specifies placeholders for parameters (e.g., `:productId`, `:shopId`) and later binds these parameters using the `setParameter` method. This method ensures that the inputs are escaped appropriately, preventing SQL injection.

**Conclusion:**
Based on the provided code, there are no lines that contain a bug of type CWE-89 (SQL Injection) due to the consistent use of parameterized queries and proper handling of SQL query construction.

**Expected Output Structure:**
```
SE: none
BL: none
```",buggy
398,"SE: Direct use of user input in SQL query without proper sanitization or parameterization, leading to potential SQL injection.
BL: `$conditionPartsFilters[] = $field->getFilterCondition($filter['value'] ?? null, $operator, ['brickPrefix' => ($tablePrefix ? $tablePrefix . '.' : null)]);`",buggy
8606,"SE: The 'cvs_repository' variable is directly used in SQL queries without proper sanitization or parameterized queries, which can lead to SQL injection.
BL: `$sql = ""select distinct cvs_branches.* FROM cvs_branches, cvs_checkins, cvs_repositories  where "" . ""cvs_checkins.repositoryid=cvs_repositories.id AND cvs_repositories.repository='$cvs_repository' "" . ""AND cvs_checkins.branchid=cvs_branches.id"";`",buggy
8544,"SE: The 'params' array values are directly used in SQL queries without proper sanitization, potentially allowing SQL injection.
BL: `$params['sef_name'] = $db->selectValue('section', 'sef_name', 'id='.intval($params['section']));`",buggy
8572,"SE: The line uses unsafe SQL query construction with direct string concatenation, which can lead to SQL injection if user input is not properly sanitized.
BL: `expectSortedEqual(await adapter.unsafeSqlQuery('tasks', \`SELECT * FROM tasks WHERE text1 = 'nope'\`), [])`",buggy
8917,"Expected Output Structure:
SE: The 'idPlaceHolders' string is directly used in SQL queries without proper parameterization, potentially leading to SQL injection.
BL: `'SELECT meta_id FROM blog_posts AS p WHERE id IN (' . $idPlaceHolders . ') AND language = ?', array_merge($ids, [BL::getWorkingLanguage()])`",buggy
388,"SE: The 'widget_id' and 'maintype' values are directly used in SQL queries without proper sanitization or parameterized queries, which may lead to SQL injection vulnerabilities.
BL: `$query = ""SELECT COUNT(1) AS total FROM "" . $this->dbtable . "" WHERE widget_id = '"" . $widget_id . ""' AND maintype = '"" . $maintype .""'"";`",buggy
386,"Expected Output Structure:
SE: The 'qwhere' string is dynamically constructed using unsanitized input from the '$_REQUEST' array, which can lead to SQL injection if the input is not properly sanitized.
BL: `$qwhere.=' AND object_type='.db_input($_REQUEST['type'] ?: 'D');`",buggy
8638,"Expected Output Structure:
SE: The 'id' parameter from user input is directly used in the SQL query without proper sanitization or parameterized query, potentially leading to SQL injection.
BL: `$leave = $this->leaves_model->getLeaves($id);`",buggy
8512,"Expected Output Structure:
SE: The 'search' parameters are directly used in SQL queries without proper sanitization, potentially leading to SQL injection.
BL: `$sql = ""SELECT d.rowid, d.login, d.lastname, d.firstname, d.societe as company, d.fk_soc,"";`",buggy
8591,"The provided PHP file content does not explicitly show any SQL queries being constructed through direct string concatenation or interpolation with user input, which are common causes of SQL Injection (CWE-89). However, there are complex interactions with the database using CakePHP's ORM (Object-Relational Mapping) methods, which generally provide a layer of protection against SQL injection by using prepared statements and parameterized queries.

However, there is a potential concern in the `returnDates` function where SQL queries are manually constructed based on conditions. This could potentially lead to SQL injection if not properly handled:

```php
if ($dataSource == 'Database/Postgres') {
    $condnotinaction = ""'"" . implode(""', '"", $conditions['AND']['NOT']['action']) . ""'"";
    if (!empty($conditions['org'])) {
        $condOrg = ' AND org = ""' . $conditions['org'] . '""';
    } else {
        $condOrg = '';
    }
    $sql = 'SELECT DISTINCT EXTRACT(EPOCH FROM CAST(created AS DATE)) AS ""Date"",
                            COUNT(id) AS count
            FROM logs
            WHERE action NOT IN (' . $condnotinaction . ')
            ' . $condOrg . '
            GROUP BY ""Date"" ORDER BY ""Date""';
    $validDates = $this->query($sql);
}
```

In this block, the `$condOrg` is directly appended to the SQL query string, which could be manipulated if the `$conditions['org']` variable is influenced by user input. This could potentially lead to SQL injection if the input is not properly sanitized before being used in the query.

Expected Output Structure:
SE: Direct SQL query construction with potential unsanitized input could lead to SQL injection.
BL: `$sql = 'SELECT DISTINCT EXTRACT(EPOCH FROM CAST(created AS DATE)) AS ""Date"",
                            COUNT(id) AS count
            FROM logs
            WHERE action NOT IN (' . $condnotinaction . ')
            ' . $condOrg . '
            GROUP BY ""Date"" ORDER BY ""Date""';`",buggy
4767,"The provided PHP file contains a potential SQL injection vulnerability related to the handling of IP addresses in SQL queries. The vulnerability is found in the `ajax_callback` function where IP addresses are directly included in SQL queries without proper sanitization or parameterized queries.

Expected Output Structure:
SE: The 'ip' variable is directly used in SQL queries without proper sanitization, leading to potential SQL injection.
BL: `$voteStatusByIp = $wpdb->get_var(""SELECT COUNT(*) FROM "".$wpdb->prefix.""irecommendthis_votes WHERE post_id = '$post_id' AND ip = '$ip'"");`",buggy
8527,"The provided PHP file contains a class `Driver` that abstracts database operations using PDO. The class includes methods for querying and executing SQL statements, managing transactions, and handling connections. The file does not contain any explicit SQL concatenation with user input directly in the methods provided. However, the potential for SQL injection exists depending on how the methods are used externally, particularly with the `query` and `execute` methods.

Here's the analysis based on the provided content:

1. **SQL Injection Concerns**:
   - The methods `query` and `execute` accept a SQL string `$str` and execute it. These methods do attempt to prepare statements and bind parameters, which are good practices to prevent SQL injection. However, the effectiveness of these protections depends on how these methods are called. If user input is concatenated to form SQL queries before being passed to these methods without proper sanitization or preparation, SQL injection vulnerabilities could occur.

2. **Binding Parameters**:
   - The class uses parameter binding (`$this->bindParam`) which, if used correctly, can mitigate SQL injection risks. The class maintains an array `$this->bind` to manage bindings.

3. **Dynamic SQL Generation**:
   - The class constructs SQL dynamically in several places (e.g., `parseWhere`, `parseSet`). While these methods themselves do not directly introduce SQL injection vulnerabilities, incorrect usage or extension of these methods could lead to vulnerabilities if user inputs are not properly sanitized or parameterized.

4. **Potential Vulnerable Line**:
   - Without specific lines where external data is directly incorporated into SQL statements unsafely, it's difficult to pinpoint a vulnerable line in the provided code. The risk primarily lies in how the methods of this class are used rather than the methods themselves.

**Expected Output Structure**:
```
SE: Potential SQL injection risks if methods are used with unsanitized user inputs.
BL: none
```

**Conclusion**:
The class itself adheres to good practices by using prepared statements and parameter bindings. The actual risk of SQL injection would depend on how the class's methods are utilized in the broader application, specifically whether user inputs are sanitized and validated before being included in SQL queries.",buggy
8616,"The provided PHP file contains a potential SQL injection vulnerability related to the use of dynamic SQL without proper sanitization or parameterization. The specific line of concern is:

```php
$query = 'select * from classificationstore_collectionrelations where groupId in (' . implode(',', $allowedGroupIds) .')';
```

This line constructs a SQL query by directly concatenating user-supplied input (`$allowedGroupIds`) into the SQL statement. If `$allowedGroupIds` is not properly sanitized or validated before being used in this context, it could lead to SQL injection, where an attacker could manipulate the SQL query to perform unauthorized actions on the database.

Expected Output Structure:
SE: User input is directly used in SQL query without proper sanitization, leading to potential SQL injection.
BL: `$query = 'select * from classificationstore_collectionrelations where groupId in (' . implode(',', $allowedGroupIds) .')';`",buggy
4749,"The provided PHP file contains a significant amount of code related to a WordPress plugin, specifically an editorial calendar. The code includes various functions for managing posts, handling AJAX requests, and rendering UI components. However, after a thorough review of the code, there is no explicit SQL query manipulation or direct database query execution that involves user input being directly included in SQL statements. Therefore, there is no clear instance of CWE-89 (SQL Injection) in the provided code.

Expected Output Structure:
SE: No SQL injection vulnerabilities found as there are no direct SQL queries being manipulated with user input.
BL: none",buggy
8560,"SE: The 'name' parameter is directly used in the SQL query without proper sanitization or parameterized queries, which may lead to SQL injection.
BL: `$sql = ""INSERT INTO {$this->object_table} "" . ""(name,node_type_id,node_order""; $values="" VALUES('"" . $this->db->prepare_string($name). ""',"" . "" {$node_type_id},"" . intval($node_order);`",buggy
4268,"Expected Output Structure:
SE: The 'params[:sol]' is directly used in the SQL query without sanitization or parameterization, potentially allowing SQL injection.
BL: `@images = Image.where(:sol => params[:sol])`",not_buggy
399,"SE: The 'uemail' and 'upass' variables are directly used in the SQL query without parameterized queries, which may lead to SQL injection despite escaping.
BL: `$query=""select * from admin where email='$uemail' and password='$upass'"";`",not_buggy
8592,"Expected Output Structure:
SE: The 'allowed_search' array is used directly in the 'where' method without explicit sanitization or parameter binding, potentially allowing SQL injection if the array elements are not properly sanitized elsewhere.
BL: `return $query->where($allowed_search);`",not_buggy
339,"Expected Output Structure:
SE: The 'minID' variable is directly used in the SQL query without proper sanitization or parameterization, potentially leading to SQL injection.
BL: `$query = ""DELETE FROM Highscores WHERE idHighscores = $minID"";`",not_buggy
353,"Expected Output Structure:
SE: The 'params[:id]' is directly used in the method 'load_from_reset_password_token' without any form of sanitization or parameterization.
BL: `@user = User.load_from_reset_password_token(params[:id])`",not_buggy
341,"SE: The variable `$key` is sanitized using `mysqli_real_escape_string` but is then directly used in an SQL query, which might not be sufficient to prevent SQL injection if other SQL syntax manipulation is possible.
BL: `$result = mysqli_query($con,""SELECT * FROM users where secret = '$key' and authused=1"");`",not_buggy
371,"SE: The 'userid' value is directly used in an SQL query without proper validation or parameterized query, potentially leading to SQL injection.
BL: `$usersql  = $vbulletin->db->query_read(""SELECT `userid`, `username`, `email` FROM "" . TABLE_PREFIX . ""user WHERE `userid` = "" . $vbulletin->db->escape_string($vbulletin->userinfo['userid']));`",not_buggy
369,"SE: The 'referrername' from user input is directly used in an SQL query without proper sanitization or parameterized queries, which may lead to SQL injection.
BL: `$usersql  = $vbulletin->db->query_read(""SELECT `userid`, `username`, `email` FROM "" . TABLE_PREFIX . ""user WHERE `username` = "" . $vbulletin->db->escape_string($_POST['referrername']));`",not_buggy
8622,"Expected Output Structure:
SE: The '$_UPOST['custom_css_code']' variable is directly used in an SQL query without proper validation or sanitization, potentially allowing SQL injection.
BL: `$_POST['custom_css_code'] = $DB->escape($_UPOST['custom_css_code']);`",not_buggy
345,"SE: The SQL query is constructed by directly embedding variables into the SQL string, which can lead to SQL injection if the variables are not properly sanitized or escaped.
BL: `$query = ""select date, EOD, MA20, MA50, delta, deltaMA5, deltaMA10, deltaMA20, P0, P1, P2, M1, M2, M3 from $pdo->quote($symbol) where date between $pdo->quote($startDate) and $pdo->quote($endDate) order by date DESC"";`",not_buggy
8643,"Expected Output Structure:
SE: none
BL: none

Explanation:
The provided PHP code does not contain any explicit SQL queries where user input is directly concatenated into an SQL command. The variables `$id` and `$action` derived from `$_POST` data are used to control the flow and call methods on the `$plugin` object, but there is no direct evidence of these variables being used unsafely in SQL statements within the given code snippet. The `$id` is also properly cast to an integer, which is a common mitigation technique against SQL injection. Without seeing the implementations of methods like `install`, `activate`, etc., in the `Plugin` class, we cannot definitively identify SQL injection vulnerabilities. Therefore, based on the given code alone, there is no line that clearly contains a bug of type CWE-89.",not_buggy
316,"Expected Output Structure:
SE: none
BL: none

Explanation:
The provided PHP code does not contain any direct SQL injection vulnerabilities. The `getForQueryString` method uses parameterized queries (`pg_query_params`) which safely bind parameters to the query, preventing SQL injection by ensuring that the input is treated as data, not executable code. All database queries in the file use this method to execute SQL commands, which is a secure practice against SQL injection (CWE-89).",not_buggy
356,"Expected Output Structure:
SE: The 'username' and 'password' variables are escaped after the connection object is created, which may lead to SQL injection if the escaping is not effective or if the connection object is not properly initialized before escaping.
BL: `conn.query(""INSERT INTO user (username, password) VALUES ('""+username+""', '""+password+""')"", function (err, result) {...`",not_buggy
404,"Expected Output Structure:
SE: The 'itemtype' POST parameter is directly used in a function without proper validation or sanitization, potentially leading to SQL injection if the function does not handle SQL escaping or parameterized queries internally.
BL: `if (!is_string($_POST['itemtype']) || getItemForItemtype($_POST['itemtype']) === false) {`",not_buggy
336,"SE: The 'sort' parameter is directly used in the SQL query without proper validation or escaping, making it susceptible to SQL injection.
BL: `$sql = ""select * from sample order by {$sort} {$direction}"";`",not_buggy
314,"Expected Output Structure:
SE: The 'sort' and 'direction' variables are directly used in the SQL query without proper sanitization or parameterization, potentially allowing SQL injection.
BL: `$sql 		= ""SELECT
							u.*,
							CONCAT( u.fname, ' ', u.lname ) AS name,
							( SELECT COUNT( * ) FROM failed_logins WHERE email = u.email ) AS failed_logins,
							( SELECT COUNT( * ) FROM sessions WHERE userid = u.id ) AS active_sessions,
							COUNT( g.id ) AS remaining
						FROM
							users u
							LEFT OUTER JOIN games g ON 1 = 1
							LEFT OUTER JOIN picks p ON p.game_id = g.id AND p.user_id = u.id
						WHERE
							g.week = ? AND
							p.id IS NULL
						GROUP BY
							u.id
						ORDER BY
							{$sort} {$direction}"";`",not_buggy
311,"SE: The 'id' value from the 'link' array is directly used in an SQL query without proper sanitization or parameter binding, which can lead to SQL injection.
BL: `$query = sprintf(""UPDATE short_links SET count = count + 1, last_request = NOW() WHERE id = ''%s''"", $link[""id""]);`",not_buggy
365,"SE: The 'id' parameter from $_GET is directly used in the SQL query without proper sanitization or parameterized query, which may lead to SQL injection.
BL: `mysql_query(""DELETE FROM contract_signer_role WHERE id="".$_GET['id']);`",not_buggy
331,"Expected Output Structure:
SE: The 'msg.body' is directly used in SQL queries without proper validation or parameterization, potentially allowing SQL injection.
BL: `cursor.execute(query,(cidade,estado))`",not_buggy
366,"SE: The 'data' array values are directly used in SQL queries without proper sanitization or parameterization, leading to potential SQL injection.
BL: `$q = sprintf(""INSERT INTO webfinance_pref SET type_pref='taxe_%s', value='%s'"" , $data['taxe'], $data['value']);`

SE: The 'data' array values are directly used in SQL queries without proper sanitization or parameterization, leading to potential SQL injection.
BL: `$q = sprintf(""UPDATE webfinance_pref SET type_pref='taxe_%s', value='%s' WHERE id_pref=%d "" , $data['taxe'], $data['value'] , $id );`",not_buggy
337,"Expected Output Structure:
SE: The 'LANG' parameter is directly appended to the URL without proper sanitization, potentially leading to SQL injection if used in subsequent SQL queries.
BL: `header (""Location: failed.php?LANG="".$LANG);`",not_buggy
319,"Expected Output Structure:
SE: The 'where' parameter is directly used in SQL query construction without proper validation or escaping, potentially allowing SQL injection.
BL: `$whereCondition = 'WHERE ' . (is_numeric($where) ? 'id=UNHEX(:where)' : 'naam=UNHEX(:where)');`",not_buggy
8546,"Expected Output Structure:
SE: The method `getSqlFromPost` is used to append user input directly to an SQL query without proper sanitization or parameterization, potentially leading to SQL injection.
BL: `$sql .= self::getSqlFromPost(""a."");`",not_buggy
367,"SE: The 'data' values from $_POST are directly used in SQL queries without proper sanitization or parameterization, leading to potential SQL injection.
BL: `$q .= sprintf(""%s='%s',"", $n, $v);`",not_buggy
396,"Expected Output Structure:
SE: The 'str' variable is used in a regular expression without proper escaping, potentially leading to a regular expression injection.
BL: `""title"" => preg_replace('/(' . $str . '?)/i', '<span class=""rss_warn"">\1</span>', $v[""title""]) ,`

Explanation:
The line identified uses the variable `$str` directly in a regular expression pattern within the `preg_replace` function. If `$str` contains special regex characters or patterns, it could lead to unintended behavior or regex injection vulnerabilities. Although this is not directly an SQL injection (CWE-89), it is closely related in terms of improper neutralization of special elements in a command or query. Proper sanitization or escaping of `$str` before its inclusion in the regex pattern would be necessary to prevent potential issues.",not_buggy
350,"Expected Output Structure:
SE: The 'db_name' variable is directly used in the database connection string without validation or sanitation.
BL: `$this->db = new PDO(""mysql:host=localhost;dbname=$db_name;port=3306"",""hu"","""");`",not_buggy
373,"Expected Output Structure:
SE: none
BL: none

Explanation:
The provided file content does not show any direct evidence of SQL injection vulnerabilities (CWE-89). The SQL queries are parameterized properly using placeholders (`?`) and arguments are passed securely using the `query` and `insert` methods of the `SQLiteDatabase` class. This approach prevents SQL injection by ensuring that inputs are bound as parameters rather than being concatenated directly into the query string.",not_buggy
8539,"SE: The variable `$cycle` is directly used in the SQL query without proper sanitization or parameterization, potentially leading to SQL injection if user input is manipulated.
BL: `$query    = ""SELECT \`id\`, \`name\`
             FROM \`glpi_crontasks\`
             WHERE \`state\` = '"".Crontask::STATE_RUNNING.""'
                   AND unix_timestamp(\`lastrun\`) + $cycle * \`frequency\` < unix_timestamp(now())"";`",not_buggy
326,"SE: User input is directly interpolated into SQL query without sanitization, leading to potential SQL injection.
BL: `people = Person.where(""first_name LIKE '%#{first_name}%'"")`

SE: User input is directly interpolated into SQL query without sanitization, leading to potential SQL injection.
BL: `people = Person.where(""last_name LIKE '%#{last_name}%'"")`

SE: User input is directly interpolated into SQL query without sanitization, leading to potential SQL injection.
BL: `emails = Email.where(""email LIKE '%#{email}%'"")`",not_buggy
370,"SE: The 'threadid' is directly taken from user input ($_POST['t']) and used in an SQL query without proper validation or parameterized queries, which may lead to SQL injection.
BL: `$threadsql  = $vbulletin->db->query_read(""SELECT * FROM "" . TABLE_PREFIX . ""thread WHERE `threadid` = "" . $vbulletin->db->escape_string($_POST['t']));`",not_buggy
348,"Expected Output Structure:
SE: The 'table' parameter is directly used in the SQL query without validation or sanitation, potentially allowing SQL injection.
BL: `$sql .= ' FROM ' . $table . ' ' . $this->where($where);`",not_buggy
377,"Expected Output Structure:
SE: The 'user' parameter from GET request is directly used in SQL query without proper sanitization.
BL: `$query = ""SELECT \`password\` FROM \`admin_users\` WHERE \`name\` = '"".$my->real_escape_string($_GET[""user""]).""';"";`",not_buggy
8607,"Expected Output Structure:
SE: The SQL query directly uses $_POST data without proper sanitization or parameterized queries, potentially allowing SQL injection.
BL: `$sql = ""SELECT * FROM User"";`",not_buggy
362,"SE: The 'sid' and 'iid' variables are directly used in SQL queries without proper sanitization or parameterization, which can lead to SQL injection vulnerabilities.
BL: `result = $this->db_query(""SELECT session_id FROM $DB[sessions] WHERE session_id='$this->sid' AND ADDTIME(last_activity, '06:00:00:00')>NOW() LIMIT 1"");`",not_buggy
8610,"Expected Output Structure:
SE: The user input from GET parameters is directly used in SQL queries without proper sanitization.
BL: `$sql = ""SELECT * FROM User WHERE Username='"".mysqli::real_escape_string($_GET[""Name""]).""';"";`",not_buggy
8621,"SE: The 'uid' variable is directly used in an SQL query without proper sanitization or parameterized queries, which may lead to SQL injection.
BL: `if (D(""Item"")->where(""uid = '$uid' and is_del = 0 "")->find()) {`",not_buggy
310,"SE: The email parameter is incorrectly concatenated into the SQL query, potentially allowing SQL injection.
BL: `connection.query(""select * from users where email = ?"" + [email], function (err, rows) {`",not_buggy
342,"SE: The 'gambleMoney' and 'id' from user input are directly used in SQL queries without proper sanitization or parameterized queries, which may lead to SQL injection.
BL: `$dbCon->query('UPDATE users SET cash = (cash + ""' . (int) (addslashes($_POST['gambleMoney']) * 36) . '"") WHERE id = ""' . $userData['id'] . '""');`",not_buggy
340,"Expected Output Structure:
SE: The 'year' parameter is directly used in the SQL query without proper validation or parameterized query, potentially allowing SQL injection.
BL: `WHERE berichte.state=1 AND berichte.date1 LIKE '.$db->quote($year.'%').'`",not_buggy
329,"Expected Output Structure:
SE: User input 'num' is directly used in SQL query without proper validation or sanitization, potentially leading to SQL injection.
BL: `err := db.QueryRow(query, vars[""num""]).Scan(&output)`",not_buggy
361,"Expected Output Structure:
SE: The 'query' parameter is directly used in the SQL command without any form of sanitization or parameterization, which can lead to SQL injection if the input is not controlled.
BL: `$sth = Store::$pdo->prepare($query . ';');`",not_buggy
4080,"Expected Output Structure:
SE: The 'order' parameter is directly used in the SQL 'order' clause without proper sanitization or parameterization.
BL: `scope = scope.order(order) if order?`",not_buggy
4626,"Expected Output Structure:
SE: User input for search query is directly used in SQL query without proper sanitization, potentially allowing SQL injection.
BL: `cursor.execute(""SELECT id,title,artist,cover FROM recordstoreapp_record WHERE title like %s or artist like %s or label like %s or cat_no like %s;"", [q,q,q,q])`",not_buggy
357,"SE: User input is directly used in SQL query without proper sanitization or parameterization, leading to potential SQL injection.
BL: `cursor.execute(sql_function+sql_inside_of_function+"", %s , %s , true,true) join \""Data_minnesotabiketrails\"" as bt on bt.id=id2"",(str(id1),str(id2),))`",not_buggy
4092,"Expected Output Structure:
SE: The 'date' parameter is directly concatenated into the SQL query without being parameterized, which can lead to SQL injection.
BL: `Query query = em.createQuery(""SELECT n FROM News n WHERE n.date > '""+date+""' ORDER BY date DESC"");`

SE: The 'date' parameter is directly concatenated into the SQL query without being parameterized, which can lead to SQL injection.
BL: `Query query = em.createQuery(""SELECT n FROM News n WHERE n.region LIKE :r AND n.date > '""+date+""' ORDER BY date DESC"");`

SE: The 'word' parameter is directly included in the SQL query within a native query, which can lead to SQL injection.
BL: `String query = ""select * from news n inner join newshighlights h on n.newsid=h.newsid and h.highlight like '%murder%' order by date desc"";`",not_buggy
364,"SE: The 'username' and 'password' are directly included in the SQL query without sanitization or parameterization, leading to potential SQL injection.
BL: `$query = ""SELECT * FROM  users where userName='$username' and userPassword='$password'"";`",not_buggy
368,"SE: The 'id_personne' parameter is directly used in SQL queries without proper sanitization, potentially allowing SQL injection.
BL: `mysql_query(""DELETE FROM webfinance_personne WHERE id_personne="".$_POST['id_personne']);`",not_buggy
8532,"SE: The 'id' from $_POST['id'] is directly used in the SQL query without proper sanitization or parameterization, which may lead to SQL injection.
BL: `$nat = $Admin->fetch_object (""nat"", ""id"", $_POST['id']);`",not_buggy
8511,"Expected Output Structure:
SE: The 'val' variable is directly used in SQL string construction without proper escaping for all SQL dialects, potentially allowing SQL injection.
BL: `val = val.replace(/'/g, ""''"");`",not_buggy
8630,"SE: The 'word' variable is directly used in an SQL query without proper parameterization, which can lead to SQL injection.
BL: `cursor.execute(""SELECT term FROM terms WHERE term LIKE \""%%%s%%\"" ORDER BY length(term),term LIMIT %s"" % (word,10000))`",not_buggy
4743,"SE: The 'title' parameter is directly used in SQL LIKE clause without proper sanitization, potentially allowing SQL injection.
BL: `post_status = 'publish' AND (LOWER(post_name) like '%"".$title.""%' OR post_title like '%"".$title.""%')`",not_buggy
8584,"Expected Output Structure:
SE: No SQL injection vulnerabilities detected as all SQL queries use parameterized statements.
BL: none",not_buggy
306,"SE: User input is directly used in SQL query without proper sanitization or parameterization, leading to potential SQL injection.
BL: `$results = $db->query('SELECT name, score FROM highscore WHERE cheater = 0 AND name != """" ORDER BY score DESC LIMIT 10 OFFSET ' . ($page-1)*10);`",not_buggy
391,"SE: The 'assignmentTable' variable is directly used in the SQL query without proper sanitization or parameterization, which can lead to SQL injection if the variable contains malicious SQL code.
BL: `$segmentIds = \Pimcore\Db::get()->fetchOne(""SELECT \`segments\` FROM $assignmentTable WHERE \`elementId\` = ? AND \`elementType\` = ?"", [$id, $type]);`

SE: The 'assignmentTable' variable is directly used in the SQL query without proper sanitization or parameterization, which can lead to SQL injection if the variable contains malicious SQL code.
BL: `$breaksInheritance = \Pimcore\Db::get()->fetchOne(""SELECT \`breaksInheritance\` FROM $assignmentTable WHERE \`elementId\` = ? AND \`elementType\` = ?"", [$id, $type]);`",not_buggy
8614,"SE: The '$_POST[""N""]' user input is directly used in an SQL query without proper sanitization or parameterized queries, which may lead to SQL injection.
BL: `$sql = ""UPDATE User "".($permissionLevel === false?"""":""SET Type='"".$permissionLevel.""'"".($b==false?"""":"", "")).($b==false?"""":""blocked ='"".$b.""' "").""WHERE Id='"".mysqli::real_escape_string($_POST[""N""]).""';"";`",not_buggy
8639,"Expected Output Structure:
SE: The 'id' parameter is directly used in the SQL query without proper sanitization or parameterized queries, which may lead to SQL injection.
BL: `Db::getInstance()->getRow('SELECT modified, content FROM ' . _DB_PREFIX_ . 'smarty_cache WHERE id_smarty_cache = ""' . pSQL($id, true) . '""');`",not_buggy
354,"The provided PHP code does not appear to contain any obvious SQL injection vulnerabilities in the lines where SQL queries are executed. The code uses prepared statements and parameterized queries consistently, which are effective techniques to prevent SQL injection (CWE-89). Here's a breakdown of the relevant sections:

1. **AddInfo Class - `add_info` Method:**
   - The SQL query for inserting data uses placeholders for all input values (`:uuid`, `:release`, etc.), and these placeholders are bound to actual values using the `execute` method with an array of parameters. This is a safe practice that prevents SQL injection.
   ```php
   $stmt->execute(array( ':uuid' => $uuid, ':release' => $release, ... ));
   ```

2. **GetInfo Class - `get_info` Method:**
   - The SQL query for selecting data conditionally includes a WHERE clause based on the `$interval` variable. The placeholder `:interval` is used in the SQL string, and it is safely bound using the `execute` method with `intval($interval)` to ensure it is treated as an integer. This mitigates the risk of SQL injection.
   ```php
   $stmt->execute(array(':interval' => intval($interval)));
   ```

3. **GetCountryCoor Class - `get_country_coor` Method:**
   - The SQL query for fetching latitude and longitude data uses a placeholder `:country_code` in the WHERE clause. However, there is a minor issue in the SQL string where the placeholder is enclosed in single quotes, which might prevent the placeholder from being recognized correctly by PDO. This is not an SQL injection issue but could lead to functional errors.
   ```php
   WHERE code = ':country_code'
   ```
   - To correct this, the placeholder should not be enclosed in quotes:
   ```php
   WHERE code = :country_code
   ```

**Conclusion:**
No SQL injection vulnerabilities (CWE-89) are present in the provided code. However, there is a potential functional bug in the `GetCountryCoor` class related to the incorrect usage of placeholder quotes.

**Expected Output Structure:**
```
SE: none
BL: none
```",not_buggy
401,"SE: The variable `$sort` is directly concatenated into the SQL query without proper sanitization or validation, which could lead to SQL injection if the variable is controllable by user input.
BL: `$sql .= "" ORDER BY $sort"";`",not_buggy
358,"SE: The '$_GET['s']' parameter is directly used in an SQL query without proper sanitization.
BL: `$haku_s = mysqli_query($yht, ""SELECT * FROM `sivut` WHERE uid = '"".$_GET['s'].""' LIMIT 1"");`",not_buggy
359,"Expected Output Structure:
SE: The 'table' and column names are directly concatenated into the SQL query without proper validation or escaping, potentially allowing SQL injection.
BL: `String sql = ""SELECT * FROM "" + table + "" WHERE "" + columns.get(""username"") + ""= ? AND "" + columns.get(""password"") + ""= ?"";`",not_buggy
8555,"Expected Output Structure:
SE: The 'lat_attr' and 'lon_attr' are directly used in SQL expressions without proper sanitization or parameterization, potentially allowing SQL injection if these attributes are derived from user input.
BL: `spans = ""#{lat_attr} BETWEEN #{sw_lat.to_f} AND #{ne_lat.to_f} AND ""`",not_buggy
8599,"Expected Output Structure:
SE: The 'job_id' is directly used in an SQL query without proper sanitization or parameterized query, which may lead to SQL injection.
BL: `db->run('UPDATE plugin_hudson_widget SET job_id=? WHERE owner_id = ? AND owner_type = ? AND id = ?', $job_id, $this->owner_id, $this->owner_type, $this->content_id,);`",not_buggy
321,"SE: The 'region' variable is directly used in an SQL query without proper sanitization, making it vulnerable to SQL injection.
BL: `$query  = ""SELECT * FROM $robustDB.regions WHERE regionName='$region';"";`",not_buggy
8504,"SE: The 'jobname' variable is directly concatenated into the SQL query without proper sanitization or parameterization, which can lead to SQL injection.
BL: `$query .= ""WHERE Job.Name = '$jobname' AND Job.JobStatus = 'T' AND Job.Type = 'B' "";`",not_buggy
8571,"SE: The 'device_id' and 'id' variables are directly taken from POST data without proper sanitization or validation before being used in SQL queries.
BL: `$device_id      = $_POST['device_id'];` and `$id             = $_POST['ccustomoid_id'];`",not_buggy
376,"Expected Output Structure:
SE: User input for tags is directly used in SQL query without proper neutralization, even though there's an attempt to check with `safeForSql`.
BL: `query.andWhere('{""' + normalizeForSearch(ps.tag) + '""}' <@ note.tags);`",not_buggy
8598,"Expected Output Structure:
SE: none
BL: none

Explanation:
The provided PHP code does not appear to contain any SQL injection vulnerabilities. All user inputs that are used in SQL queries are properly sanitized using the `escapeInt` method before being included in SQL statements. This method likely escapes or filters out any special SQL characters, effectively preventing SQL injection attacks. Each SQL query uses these sanitized variables, ensuring that the SQL commands are safe from injection vulnerabilities.",not_buggy
334,"SE: The 'name' and 'item' parameters are directly used in SQL queries without proper sanitization or parameterization, potentially allowing SQL injection.
BL: `self.DBcursor.execute(u""SELECT nickname, count from kekse WHERE nickname like ? AND item ==? LIMIT 1"", (name, item)).fetchall()`",not_buggy
8625,"Expected Output Structure:
SE: User input is directly used in SQL-like query construction without proper sanitization, potentially allowing SQL injection.
BL: `$conditionFilters[] = 'path LIKE ' . $list->quote('%'. $list->escapeLike($request->get('filterFullText')) .'%');`",not_buggy
394,"Expected Output Structure:
SE: none
BL: none

Explanation:
The provided PHP code does not contain any explicit SQL queries where user input is directly concatenated into the SQL statement, which would typically be a clear indication of SQL Injection (CWE-89). The code uses parameterized queries and proper escaping mechanisms for identifiers, which are good practices to prevent SQL Injection vulnerabilities. The `escapeIdentifier` method, for example, checks and throws an exception if the identifier does not match a safe pattern. Additionally, the `execute` method uses prepared statements with positional parameters, which also helps in preventing SQL Injection. Therefore, there are no lines in the provided code that contain a bug of type CWE-89.",not_buggy
346,"SE: The 'single_instance['id']' and 'res_searx_version' are directly used in an SQL query without proper sanitization or parameterized queries, which may lead to SQL injection.
BL: `$query = ""UPDATE `#instances` SET "".
            ""`VERSION_STRING` = '"".DatabaseManager::correctString($res_searx_version).""', "".
            ""`RETURN_CODE` = '"".(int)$res_http_code.""', "".
            ""`LAST_UPDATE` = '"".date('Y-m-d H:i:s',$res_timestamp).""' "".
            ""WHERE `#instances`.`ID` ="".(int)$single_instance['id']."";"";`",not_buggy
335,"SE: The 'word' variable is directly used in SQL queries without proper parameterization, potentially allowing SQL injection.
BL: `sql = 'SELECT word_id FROM ' . SEARCH_WORDLIST_TABLE . ' WHERE word_text = ""' . $this->db->sql_escape($word) . '""';`",not_buggy
330,"SE: The 'url' variable is directly used in an SQL query without proper sanitization or parameterized queries, which may lead to SQL injection vulnerabilities.
BL: `db_uquery(""INSERT INTO `$LM_CCPWGL_CACHESCHEMA`.`lmproxyfiles` VALUES(DEFAULT,NOW(),'$url','$info','"". mysql_escape_string($data) .""');"");`",not_buggy
338,"Expected Output Structure:
SE: The 'langarg' variable is directly used in SQL query without proper sanitization or parameterization, potentially allowing SQL injection.
BL: `my $langid=$dbh->selectrow_array(""SELECT langid FROM languages WHERE tag=?"", undef, $langarg);`",not_buggy
8637,"Expected Output Structure:
SE: The 'id_wishlist' is directly used in the SQL query without proper sanitization or parameterized queries, which may lead to SQL injection if the input is not properly validated elsewhere.
BL: `$querySearch->where('wp.id_wishlist = ' . (int) $this->wishList->id);`",not_buggy
383,"Expected Output Structure:
SE: User input is directly used in SQL queries without parameterized queries or prepared statements, which may lead to SQL injection.
BL: `$apiInfo = $this->select(""SELECT count(*) FROM "" . prefixTable('api') . "" WHERE value='"".$inputData['apikey'].""' AND label='"".$inputData['login'].""'""`);",not_buggy
372,"SE: The 'crawler_ip' and 'crawler_useragent' variables are directly used in SQL queries without proper parameterization, which may lead to SQL injection.
BL: `$this->crawler_info = $this->dbhandle->query(""SELECT crawler_ip FROM crawlers WHERE crawler_ip='$this->ip' AND crawler_useragent='$this->useragent'"");`",not_buggy
313,"SE: The variable `$msg` is not properly sanitized or parameterized before being used in an SQL query, which could lead to SQL injection.
BL: `$sql = ""insert into MESSAGE values (message.nextval, $m_id, $to, msg, systimestamp)"";`",not_buggy
320,"Based on the analysis of the provided file content, there is a line that may contain a bug of type CWE-89 (SQL Injection). Here is the explanation and the bugged line:

**Explanation:**
In the `updateScout` function, the variable `birthdate` is used in the SQL query without being escaped properly. This could potentially allow an attacker to inject malicious SQL code if the `birthdate` input is not properly sanitized before being passed to this function. The correct variable should be `birthDate`, and it should be properly escaped using `connection.escape()`.

**Bugged Line:**
```javascript
"", birth_date=""   +connection.escape(birthdate)  + 
```

This line should be corrected to:
```javascript
"", birth_date=""   +connection.escape(birthDate)  + 
```

**Expected Output Structure:**
SE: The 'birthdate' variable is used without proper escaping, potentially leading to SQL injection.
BL: `"", birth_date=""   +connection.escape(birthdate)  + `",not_buggy
4673,"Expected Output Structure:
SE: No SQL injection vulnerabilities detected as all database queries properly use parameterized statements.
BL: none",not_buggy
8588,"Expected Output Structure:
SE: The 'group_id' is directly used in an SQL query without proper sanitization or parameterized queries, which may lead to SQL injection.
BL: `$query = ' SELECT \`user_id\` FROM '.USER_GROUP_TABLE.' WHERE \`group_id\` = '.$group_id.' ';`",not_buggy
324,"Expected Output Structure:
SE: none
BL: none

Explanation:
The provided PHP code uses Yii framework's ActiveRecord and ActiveQuery methods for database interactions. These methods are designed to prevent SQL injection by using parameterized queries or by escaping inputs where necessary. The code does not directly concatenate user inputs into SQL statements; instead, it uses framework methods to handle inputs safely. Therefore, there is no line in the provided code that may contain a bug of type CWE-89 (SQL Injection).",not_buggy
390,"SE: The variable `$id` is directly included in the SQL query without proper sanitization or parameter binding, leading to potential SQL injection.
BL: `$estmt = $edb->conn->query(""SELECT email, username FROM $tbl_name WHERE id = '$id'"");`",not_buggy
322,"SE: The '$_GET['D2files']' is directly used to set model attributes without proper sanitization or validation, which may lead to SQL injection if the model directly uses these attributes in SQL queries.
BL: `$model->attributes = $_GET['D2files'];`",not_buggy
318,"SE: The 'tom_p' parameter is directly used in an SQL query without proper sanitization or parameterized query, potentially allowing SQL injection.
BL: `Settings::$sql->query(""delete from sio_session where TIMESTAMPADD(MINUTE,"" . static::$tom . "",ts) < CURRENT_TIMESTAMP"");`",not_buggy
333,"Expected Output Structure:
SE: User input is directly used in SQL queries without proper sanitization, potentially allowing SQL injection.
BL: `mysql_query('INSERT INTO `peer` (`peer_id`, `user_agent`, `ip_address`, `key`, `port`) ' . ""VALUES ('"" . mysql_real_escape_string(bin2hex($_GET['peer_id'])) . ""', '"" . mysql_real_escape_string(substr($_SERVER['HTTP_USER_AGENT'], 0, 80)) . ""', INET_ATON('"" . mysql_real_escape_string($_SERVER['REMOTE_ADDR']) . ""'), '"" . mysql_real_escape_string(sha1($_GET['key'])) . ""', "" . intval($_GET['port']) . "") "" . 'ON DUPLICATE KEY UPDATE `peer_id`=VALUES(`peer_id`), `user_agent` = VALUES(`user_agent`), `ip_address` = VALUES(`ip_address`), `key`=VALUES(`key`), `port` = VALUES(`port`), `id` = LAST_INSERT_ID(`peer`.`id`)') or die(track('Cannot update peer: '.mysql_error()));`",not_buggy
351,"Expected Output Structure:
SE: The 'packageName' and 'procedureName' are directly used in SQL query without proper sanitization or parameterization, potentially allowing SQL injection.
BL: `return jdbcTemplate.query(GET_ALL_PROCEDURE, (resultSet, i) -> new Procedure.Builder() .objectName(resultSet.getString(""object_name"")) .procedureName(resultSet.getString(""procedure_name"")) .overload(resultSet.getString(""overload"") == null ? """" : resultSet.getString(""overload"")) .methodType(resultSet.getInt(""proc_or_func"") == 0 ? ""PROCEDURE"" : ""FUNCTION"") .argumentList(getProcedureArguments(resultSet.getString(""object_name""), resultSet.getString(""procedure_name""), resultSet.getString(""overload""))) .build(), packageNameFilter, procedureNameFilter );`",not_buggy
8596,"Expected Output Structure:
SE: The 'username' and 'host' are directly concatenated into SQL commands without proper sanitization or parameterization, potentially leading to SQL injection vulnerabilities.
BL: `stmt = Database::prepare(""REVOKE ALL PRIVILEGES ON * . * FROM `"" + $username + ""`@`"" + $host + ""`"");`",not_buggy
403,"SE: The function `get_random_og_cluster` directly interpolates the `view_code` into the SQL query, which could lead to SQL injection if `view_code` is not properly validated or sanitized.
BL: `rs = con.execute(""SELECT {} FROM {} WHERE adm1_pcode='{}' ORDER BY area_km2 DESC LIMIT {};"".format(cols, view_name, view_code, limit))`",not_buggy
325,"SE: User input from `$_GET['comment_id']` is directly used in an SQL query without proper sanitization or parameterized queries, potentially allowing SQL injection.
BL: `$where_clauses[] = 'com.id = '.pwg_db_real_escape_string($_GET['comment_id']);`",not_buggy
385,"Expected Output Structure:
SE: User input from `$_GET['searchnum']` and `$_GET['searchname']` is directly used in SQL queries without proper sanitization, potentially leading to SQL injection vulnerabilities.
BL: `$searchnum = get_item($mydbh, ""userid"", ""accounts"", ""username"", $searchname);` and other similar lines where user input is used to construct SQL queries.",not_buggy
307,"SE: The 'orderBy' parameter is directly used in SQL query construction without proper validation or escaping, potentially allowing SQL injection.
BL: `$rows = $rows->orderBy($params[0], $params[1]);`",not_buggy
317,"SE: The 'q' parameter is directly used in SQL queries without proper sanitization, potentially allowing SQL injection.
BL: `sql.gsub!(':like', conn.quote('%'+@q.to_s+'%'))` in the `by_string` method.",not_buggy
303,"SE: The 'userID' parameter is directly used in the SQL query without proper sanitization or parameterization, potentially leading to SQL injection.
BL: `query := ""SELECT messages.id, user_id, body, title, subtitle, image, link, eventType, hidden_at, timestamp, display_name, display_color, created_at, disabled_at,  previous_names, namechanged_at, authenticated_at, scopes, type FROM messages INNER JOIN users ON messages.user_id = users.id WHERE user_id IS ?""`",not_buggy
378,"Expected Output Structure:
SE: User input from $_GET['ld'] is directly used in SQL query without proper sanitization, potentially allowing SQL injection.
BL: `$wpdb->query('DELETE FROM `'.$wpdb->prefix.$this->table_messages.'` WHERE id='.$_GET['ld']);`",not_buggy
375,"Expected Output Structure:
SE: none
BL: none

Explanation:
The provided PHP file content does not contain any explicit SQL queries or database interaction code that directly uses unfiltered or unsanitized user input in SQL statements. The methods that interact with potential SQL operations, such as `_prepareScalarCondition` and `_prepareAdvancedCondition`, use parameterized queries or proper escaping mechanisms provided by the Zend Framework's database abstraction layer (`Zend_Db_Adapter`), which inherently protects against SQL injection by design. Therefore, there are no lines in the provided code that would be vulnerable to CWE-89 SQL Injection.",not_buggy
8635,"Expected Output Structure:
SE: The 'orderKey' is directly used in SQL queries without proper validation or escaping, potentially allowing SQL injection.
BL: `$this->orderKey[] = $o;`",not_buggy
402,"SE: The SQL query construction uses direct concatenation of user input without proper sanitization, potentially allowing SQL injection.
BL: `return $key.' LIKE '.$value.' ';`",not_buggy
405,"Expected Output Structure:
SE: The 'metaValue' variable is constructed from user input without proper sanitization, leading to potential SQL injection.
BL: `$prepare     = $this->db->prepare(""SELECT * FROM `{$this->tb_prefix}sms_subscribes` WHERE name LIKE %s OR mobile IN ({$metaValue})"", '%' . $this->db->esc_like($_GET['s']) . '%');`",not_buggy
407,"SE: User input is directly used in SQL queries without proper sanitization, leading to potential SQL injection vulnerabilities.
BL: `mysqli_query($db_con, ""update c_profes set telefono = '$cargo_profe' where dni like '%$dni'"");`",not_buggy
8545,"Expected Output Structure:
SE: The SQL query string is constructed by directly including untrusted input without proper sanitization or parameterization, which can lead to SQL injection vulnerabilities.
BL: `$exist = $wpdb->get_row( ""SELECT \`page_id\` FROM \`"" . DB::table( 'pages' ) . ""\` WHERE \`date\` = '"" . TimeZone::getCurrentDate( 'Y-m-d' ) . ""' "" . ( array_key_exists( ""search_query"", $current_page ) === true ? ""AND \`uri\` = '"" . esc_sql( $page_uri ) . ""'"" : """" ) . ""AND \`type\` = '{$current_page['type']}' AND \`id\` = {$current_page['id']}"", ARRAY_A );`",not_buggy
379,"SE: The 'lid' variable is directly used in the SQL query without proper sanitization or parameterized queries, making it vulnerable to SQL injection.
BL: `q = ""select l.lid, l.cid, l.title, l.ext, l.res_x, l.res_y, l.bgcolor, l.status, l.members, l.date, l.hits, l.rating, l.votes, l.comments, l.submitter, t.description, l.gametype, l.license, l.classfile from "".$xoopsDB->prefix(""flashgames_games"")."" l, "".$xoopsDB->prefix(""flashgames_text"")."" t where l.lid=$lid and l.lid=t.lid and status>0"";`",not_buggy
4931,"Expected Output Structure:
SE: User input is directly used in SQL query without sanitization, potentially allowing SQL injection.
BL: `proxy = cursor.execute(qs, query_data)`",not_buggy
8916,"Expected Output Structure:
SE: The 'delete' method uses direct concatenation of 'fieldIds' and 'dataIds' arrays into SQL queries without proper sanitization or parameter binding, which can lead to SQL injection if the array values are not strictly controlled.
BL: `$database->delete('forms_fields_validation', 'field_id IN(' . implode(',', $fieldIds) . ')');` and `$database->delete('forms_data_fields', 'data_id IN(' . implode(',', $ids) . ')');`",not_buggy
408,"SE: The 'where' clause is directly constructed using untrusted input, which can lead to SQL injection if not properly sanitized.
BL: `SELECT * FROM ' . static::table_name() . ' WHERE ' . $where`",not_buggy
315,"SE: User input from `$_GET['searchstring']` is directly used in SQL queries without proper sanitization, potentially allowing SQL injection.
BL: `$query = ""SELECT * FROM domain AS a WHERE domain_name LIKE '%"".addslashes($_GET['searchstring']).""%' AND "".$allowed_domains1.""') ORDER BY domain_name"";`",not_buggy
305,"SE: User input is directly used in SQL query without proper sanitization, leading to potential SQL injection.
BL: `$q = ""SELECT * FROM `"".$_SESSION['dbprefix'].""people` WHERE `name` LIKE '%"".$c->real_escape_string($detail).""%' OR `form` LIKE '%"".$c->real_escape_string($detail).""%' ORDER BY `updated` DESC LIMIT 1;"", $c;`",not_buggy
393,"SE: The variable `$type` is directly used in the SQL query without proper sanitization or parameterized queries, which may lead to SQL injection.
BL: `$sql = ""SELECT id FROM scheduled_report_types WHERE identifier="".$db->escape($type);`",not_buggy
8535,"SE: The variable `$extraFieldType` is directly used in the SQL query without proper sanitization or parameterization, potentially allowing SQL injection.
BL: `WHERE tcf.extra_field_type = $extraFieldType AND`",not_buggy
392,"SE: User input is directly used in SQL queries without proper sanitization, potentially allowing SQL injection.
BL: `$GLOBALS['TYPO3_DB']->exec_DELETEquery('tx_mhhttpbl_blocklog', 'block_ip = '.$GLOBALS['TYPO3_DB']->fullQuoteStr(t3lib_div::_GP('move_whitelist'), 'tx_mhhttpbl_blocklog'));`",not_buggy
384,"SE: The 'query' parameter is directly used in an SQL MATCH AGAINST clause without proper sanitization, potentially allowing SQL injection.
BL: `$queryCondition = '( MATCH (`data`,`properties`) AGAINST (' . $db->quote($query) . ' IN BOOLEAN MODE) )';`",not_buggy
4627,"The provided file content does not contain any lines that may directly lead to SQL Injection (CWE-89). All SQL operations use prepared statements with parameterized queries, which are a primary defense against SQL injection attacks. Here's the analysis:

- The SQL statements are defined as constants and use placeholders (`?`) for parameter insertion.
- The methods that execute these statements use `PreparedStatement` and correctly set parameters using methods like `setString`, `setInt`, etc., instead of concatenating user inputs directly into the SQL commands.
- The use of `PreparedStatement` ensures that inputs are bound as data and not as SQL code, which prevents malicious inputs from being executed as part of the SQL command.

Therefore, the output according to the expected structure is:

**Expected Output Structure:**
SE: none
BL: none

This means there are no lines in the provided file content that contain a bug of type CWE-89 (SQL Injection).",not_buggy
8541,"The provided PHP file contains several SQL queries that are parameterized, which is a good practice to prevent SQL injection vulnerabilities. However, let's analyze each SQL query to ensure there are no potential CWE-89 vulnerabilities:

1. **SQL Queries with Parameterization:**
   - `$query = ""SELECT * FROM users WHERE id=?"";`
   - `$query = ""SELECT * FROM documents where encounter_id=? and foreign_id=? and url like ?"";`
   - `$sql = ""SELECT * from form_taskman where FROM_ID=? and TO_ID=? and PATIENT_ID=? and ENC_ID=?"";`
   - `$sql = ""DELETE from form_taskman where FROM_ID=? and TO_ID=? and PATIENT_ID=? and ENC_ID=?"";`
   - `$sql = ""INSERT into form_taskman (REQ_DATE, FROM_ID, TO_ID, PATIENT_ID, DOC_TYPE, DOC_ID, ENC_ID) VALUES (NOW(), ?, ?, ?, ?, ?, ?)"";`
   - `$sql = ""UPDATE form_taskman set DOC_ID=?,COMMENT=concat('Created: ',NOW(),'\n') where ID=?"";`
   - `$sql = ""UPDATE form_taskman set DOC_ID=?,COMPLETED =?,COMPLETED_DATE=NOW(),COMMENT=concat(COMMENT,'Completed: ', NOW(),'\n') where ID=?"";`
   - `$sql = ""UPDATE form_taskman set DOC_ID=?,COMPLETED =?,COMPLETED_DATE=NOW(),COMMENT=concat(COMMENT,'Refaxed: ', NOW(),'\n') where ID=?"";`
   - `$query = ""SELECT * FROM patient_data where pid=?"";`
   - `$query = ""select id from categories where name =?"";`
   - `$sql = ""DELETE from categories_to_documents where document_id IN (SELECT id from documents where documents.url like ?)"";`
   - `$sql = ""DELETE from documents where documents.url like ?"";`
   - `$query = ""select  *,form_encounter.date as encounter_date from forms,form_encounter,form_eye_base, form_eye_hpi,form_eye_ros,form_eye_vitals, form_eye_acuity,form_eye_refraction,form_eye_biometrics, form_eye_external, form_eye_antseg,form_eye_postseg, form_eye_neuro,form_eye_locking where forms.deleted != '1'  and forms.formdir='eye_mag' and forms.encounter=form_encounter.encounter  and forms.form_id=form_eye_base.id and forms.form_id=form_eye_hpi.id and forms.form_id=form_eye_ros.id and forms.form_id=form_eye_vitals.id and forms.form_id=form_eye_acuity.id and forms.form_id=form_eye_refraction.id and forms.form_id=form_eye_biometrics.id and forms.form_id=form_eye_external.id and forms.form_id=form_eye_antseg.id and forms.form_id=form_eye_postseg.id and forms.form_id=form_eye_neuro.id and forms.form_id=form_eye_locking.id and forms.form_id =? and forms.pid=?"";`
   - `$sql = ""UPDATE documents set encounter_id=? where id=?"";`

All these queries use parameterized statements, which are a secure way to handle SQL queries as they prevent SQL injection by separating SQL logic from the data being input.

**Conclusion:**
Based on the analysis of the provided PHP file content, there are no lines that contain a bug of type CWE-89 (SQL Injection) as all SQL queries are properly parameterized to prevent SQL injection vulnerabilities.

**Expected Output Structure:**
```
SE: none
BL: none
```",not_buggy
8566,"Expected Output Structure:
SE: The 'sqlWhereCondition' is directly used in an SQL query without proper sanitization or parameterization, potentially allowing SQL injection.
BL: `$sql = 'SELECT * FROM '.$this->tableName.' '.$sqlAdditionalTables.' WHERE '.$sqlWhereCondition;`",not_buggy
323,"SE: User input for 'id' is directly used in SQL query without proper sanitization or parameterization, potentially allowing SQL injection.
BL: `var query = connection.query('UPDATE Section SET status=0 WHERE id=?', [id], function(err, rows, fields) {`",not_buggy
8611,"The provided PHP file content defines a class `WP_Tax_Query` used for generating SQL clauses based on taxonomy queries in WordPress. The class includes methods for sanitizing, transforming, and generating SQL based on user input. The primary concern for CWE-89 (SQL Injection) would be how user inputs (like taxonomy terms) are handled before being included in SQL queries.

Upon reviewing the code, it appears that the class takes several precautions to prevent SQL injection:

1. **Sanitization and Validation**: The `sanitize_query`, `clean_query`, and `transform_query` methods are used to sanitize and validate the inputs. These methods ensure that the inputs conform to expected values and formats.

2. **Preparation of SQL Statements**: The `get_sql_for_clause` method, which constructs the SQL, uses parameterized inputs (`$wpdb->prepare`) when constructing SQL queries that include user inputs. This method is crucial for preventing SQL injection as it ensures that any input is properly escaped, making it safe for SQL execution.

3. **Use of WordPress Core Functions**: The class uses WordPress core functions like `wp_parse_id_list` and `sanitize_key`, which are designed to handle data safely and prevent SQL injection.

4. **Logical Checks and Error Handling**: The class includes checks for empty or invalid inputs and returns errors or alters the query logic accordingly, which helps in avoiding malformed SQL queries.

Given these observations, there are no explicit lines in the provided code that directly indicate a vulnerability to SQL injection (CWE-89). The class methods that generate SQL do so using safe practices, including the use of prepared statements and sanitization functions.

**Expected Output Structure:**
```
SE: No SQL injection vulnerabilities found as inputs are sanitized and SQL queries are parameterized.
BL: none
```",not_buggy
304,"SE: The 'query' parameter is directly used in SQL query construction without proper sanitization, leading to potential SQL injection.
BL: `String SQL = ""SELECT bible.*,book.book_name FROM "" + bible.getTableName() + "" as bible left join "" + book.getTableName() + "" as book on bible.book_id=book.book_id where "" + condition + "" order by bible.book_id,bible.chapter_id limit "" + startIndex + "","" + pageSize;`",not_buggy
4155,"SE: User input is directly used in SQL query without proper sanitization, leading to potential SQL injection.
BL: `connection.query('select * from bi_posts where concat(title,content) like ""%'+ connection.escape(query) +'%""', function(err, rows) {...}`",not_buggy
309,"Expected Output Structure:
SE: No SQL injection vulnerabilities detected as all SQL queries use parameterized statements which prevent SQL injection.
BL: none",not_buggy
8641,"The provided file content is a JavaScript module implementing a PostgreSQL connector for LoopBack, a Node.js framework. The module includes various functions for database operations, such as connecting to the database, executing SQL queries, and handling transactions.

Upon reviewing the code, there is a potential SQL injection vulnerability in the `executeSQL` method. This method constructs and executes SQL queries based on input parameters. If the input parameters are not properly sanitized or parameterized, it could lead to SQL injection attacks.

Expected Output Structure:
SE: The 'params' array is directly used in SQL query execution which may lead to SQL injection if not properly sanitized.
BL: `connection.query(sql, params, function(err, data) {...}`",not_buggy
4738,"SE: The 'table' and 'field' variables are directly used in SQL queries after being escaped, but escaping alone may not prevent SQL injection if the escaping function is not robust.
BL: `$this->Database->runQuery(""update `$table` set `$field` = ? where `$field` = ?;"", array($new_value, $old_value));`",not_buggy
312,"The provided file content does not contain any explicit SQL queries that involve direct concatenation of user input into SQL commands, which is the typical scenario for SQL Injection vulnerabilities (CWE-89). The file primarily deals with MongoDB operations and HTTP requests, and the SQL operations shown use parameterized queries, which are a safe way to handle SQL commands.

However, it's important to note that while the file does not show direct SQL injection vulnerabilities, it's crucial to ensure that all user inputs are properly sanitized and validated before being used in any context, including database queries, to prevent other types of security issues.

Expected Output Structure:
SE: No SQL Injection vulnerabilities found as there are no direct user inputs concatenated into SQL commands.
BL: none",not_buggy
8633,"SE: The SQL query string is dynamically constructed using unvalidated user input, which can lead to SQL injection vulnerabilities.
BL: `sql := ""SELECT states.path, versions.version_id, states.tf_version, states.serial, lineages.value as lineage_value, modules.path as module_path, resources.type, resources.name, resources.index, attributes.key, attributes.value"" + sqlQuery + "" ORDER BY states.path, states.serial, lineage_value, modules.path, resources.type, resources.name, resources.index, attributes.key"" + "" LIMIT ?""`",not_buggy
349,"SE: The 'studentID' parameter is directly concatenated into the SQL query without sanitization, which can lead to SQL injection.
BL: `ResultSet rs = stmt.executeQuery(""SELECT wartosc,tematyka,nazwa from oceny_uczniow join rodzaje_aktywnosci ra on id_aktywnosci=ra.id where id_ucznia='"" + studentID + ""' and id_przedmiotu="" + subjectID + "";"");`",not_buggy
360,"The provided file content contains a line that may be vulnerable to SQL Injection (CWE-89). The vulnerability arises from the improper neutralization of special elements used in an SQL command, specifically due to the direct inclusion of user input in SQL queries without proper sanitization or parameterization.

**Vulnerable Line:**
```python
cursor.execute(""SELECT id, type, replace(url, '%OWNER%', %s) FROM portrepositories WHERE id = %s AND ( username = %s OR username IS NULL )"", (req.authname, self.repository, self.owner))
```

**Explanation:**
In this line, the SQL query uses the `replace` function to dynamically replace a placeholder in the URL with the value of `req.authname`, which is user input. Although the query parameters are being used, the use of `replace` directly on user-controlled input (`req.authname`) can potentially be manipulated to alter the query if not properly sanitized, leading to SQL injection vulnerabilities.

**Expected Output Structure:**
```
SE: User input 'req.authname' is used in a replace function within an SQL query, potentially leading to SQL injection if not properly sanitized.
BL: cursor.execute(""SELECT id, type, replace(url, '%OWNER%', %s) FROM portrepositories WHERE id = %s AND ( username = %s OR username IS NULL )"", (req.authname, self.repository, self.owner))
```",not_buggy
387,"SE: User input is directly used in SQL queries without proper sanitization or parameterized queries, leading to potential SQL injection vulnerabilities.
BL: `$rows_affected = $wpdb->insert( DEX_APPOINTMENTS_TABLE_NAME, array( 'time' => current_time('mysql'), 'booked_time' => $_POST[""Date""], 'name' => $_POST[""name""], 'email' => $_POST[""email""], 'phone' => $_POST[""phone""], 'question' => $_POST[""question""], 'buffered_date' => $_POST[""dateAndTime""] ) );`",not_buggy
8629,"SE: The 'filterJson' is directly used to construct SQL queries without proper sanitization or parameterized queries, which may lead to SQL injection vulnerabilities.
BL: `conditionFilters[] = 'id IN (SELECT cid FROM assets_metadata WHERE `name` = ' . $db->quote($filterField) . ' AND `data` ' . $operator . ' ' . $value . ' AND `language` = ' . $db->quote($language). ')';`",not_buggy
352,"Expected Output Structure:
SE: none
BL: none

Explanation:
The provided PHP file content defines a class for building SQL queries with methods to handle different types of SQL operations (SELECT, INSERT, UPDATE, DELETE) and conditions (WHERE, HAVING, etc.). The class uses parameterized methods and proper escaping to prevent SQL injection vulnerabilities. There is no direct concatenation of user input into SQL statements without proper handling, such as quoting or parameterization. Each method that constructs SQL queries ensures that identifiers and values are appropriately quoted or parameterized, mitigating the risk of SQL injection (CWE-89).",not_buggy
374,"SE: The 'auth' parameter from the request is directly used in a SQL query without proper sanitization, potentially allowing SQL injection.
BL: `$token=KapostPreviewToken::get()->filter('Code', Convert::raw2sql($auth))->first();`",not_buggy
8575,"The provided PHP file content defines a class `StockAvailableCore` which is part of a stock management system, likely for an e-commerce platform. The class includes methods for managing stock quantities, locations, and dependencies on physical stock. The file does not contain any explicit SQL concatenation with user inputs directly; instead, it uses parameterized methods and proper validation checks before making database queries.

However, there is a potential concern in the method `synchronize` where SQL queries are constructed dynamically based on conditions. Here's the relevant part:

```php
$query = array(
    'table' => 'stock_available',
    'data' => array('quantity' => $quantity),
    'where' => 'id_product = ' . (int) $id_product . ' AND id_product_attribute = ' . (int) $id_product_attribute .
    StockAvailable::addSqlShopRestriction(null, $id_shop),
);
Db::getInstance()->update($query['table'], $query['data'], $query['where']);
```

In this snippet, the `where` clause is constructed by directly appending integer-casted variables (`$id_product` and `$id_product_attribute`) and a method call that adds additional SQL restrictions based on shop context. Although the casting to integer (`(int)`) mitigates SQL injection risks by ensuring that only integers are included in the SQL statement, the practice of constructing SQL queries by concatenating strings can be risky and is generally discouraged.

The use of parameterized queries or prepared statements is recommended to further reduce any risk of SQL injection, even if the current implementation does not directly expose vulnerabilities due to the type casting and controlled method for adding shop restrictions.

Expected Output Structure:
SE: Although direct SQL injection is mitigated by integer casting and controlled SQL construction, constructing SQL queries by string concatenation can be risky and is generally discouraged.
BL: `Db::getInstance()->update($query['table'], $query['data'], $query['where']);` in the `synchronize` method.",not_buggy
400,"The provided PHP file content does not contain any explicit SQL injection vulnerabilities (CWE-89). The code uses parameterized queries consistently, which is a best practice to prevent SQL injection. Here's a breakdown of the analysis:

1. **Parameterized Queries**: All SQL operations are performed using Doctrine's QueryBuilder, which inherently supports parameterized queries. This means that all input variables are bound as parameters rather than being concatenated directly into the SQL string. This approach prevents attackers from injecting malicious SQL code.

2. **Example of Safe SQL Handling**:
   ```php
   $qb = $this->connection->createQueryBuilder();
   $qb
       ->select('id_shop_default')
       ->from($this->dbPrefix . 'product')
       ->where('id_product = :productId')
       ->setParameter('productId', $productId->getValue());
   ```
   In this snippet, the `:productId` is a placeholder for a parameter that gets safely bound to a value using `setParameter()`. This prevents any part of the SQL query from being tampered with by external input.

3. **No Direct SQL String Concatenation**: Throughout the file, there are no instances where user input is directly concatenated into SQL queries. All user inputs are treated as parameters, which are then passed to the SQL query securely.

4. **Use of Doctrine DBAL**: The use of Doctrine DBAL (Database Abstraction Layer) further abstracts the database interactions and encourages the use of secure and optimized database operations, reducing the risk of SQL injection.

Given this analysis, the file content adheres to secure coding practices regarding SQL operations, effectively mitigating risks associated with SQL injection (CWE-89).

**Expected Output Structure**:
```
SE: No SQL injection vulnerabilities found as all database queries use parameterized statements.
BL: none
```",not_buggy
398,"SE: The 'filterJson' is directly used to construct SQL queries without proper sanitization or parameterized queries, which may lead to SQL injection vulnerabilities.
BL: `conditionFilters[] = 'id IN (SELECT cid FROM assets_metadata WHERE `name` = ' . $db->quote($filterField) . ' AND `data` ' . $operator . ' ' . $value . ' AND `language` = ' . $db->quote($language). ')';`",not_buggy
8606,"SE: The 'group_id' and 'projectname' are directly used in SQL queries without proper sanitization or parameterized queries, which can lead to SQL injection.
BL: `$sql = ""SELECT unix_group_name from \`groups\` where group_id="" . db_ei($group_id);`",not_buggy
8544,"SE: The 'params' array values are directly used in SQL queries without proper sanitization or parameterized queries, potentially allowing SQL injection.
BL: `$params['sef_name'] = $db->selectValue('section', 'sef_name', 'id='.intval($params['section']));`",not_buggy
8572,"SE: The line uses unsafe SQL query construction by directly embedding user input, which can lead to SQL injection.
BL: `await adapter.unsafeSqlQuery('tasks', \`SELECT * FROM tasks WHERE id = 't2'\`)`",not_buggy
8917,"Expected Output Structure:
SE: none
BL: none

Explanation:
The provided PHP file contains multiple SQL queries, but all of them use parameterized queries or placeholders (`?`) for variable data, which is a safe practice that prevents SQL injection. There are no instances of string concatenation or interpolation with user input directly in SQL queries. Therefore, there are no lines in the file that contain a bug of type CWE-89 (SQL Injection).",not_buggy
388,"SE: The SQL query is constructed using direct concatenation with variables that could be manipulated by user input, leading to SQL injection vulnerabilities.
BL: `$query = ""SHOW TABLES LIKE '"" . $this->dbtable . ""'"";`",not_buggy
386,"The provided PHP file content defines a class `AuditEntry` with various methods for handling audit logs, including SQL queries. The potential SQL injection vulnerability is found in the method `getQwhere`.

**Explanation:**
The method `getQwhere` constructs a SQL `WHERE` clause based on the type of object and potentially user-supplied input. The method uses `sprintf` to format the SQL string, which includes direct insertion of variables such as `$objectId` and user input from `$_REQUEST['type']`, `$_REQUEST['state']`, `$_REQUEST['startDate']`, and `$_REQUEST['endDate']`. These inputs are used directly in the SQL query without proper sanitization or parameterized queries, making the code vulnerable to SQL injection attacks.

**Bugged Line:**
```php
$qwhere = $type ? sprintf(' WHERE audit.object_id=%d AND audit.object_type = ""%s""', $objectId, $type) : sprintf('WHERE audit.object_id=%d', $objectId);
```
This line directly inserts `$objectId` and `$type` into the SQL query. If `$type` is manipulated by an attacker, it could lead to SQL injection.

**Output:**
```
SE: Direct insertion of user input into SQL query without sanitization.
BL: $qwhere = $type ? sprintf(' WHERE audit.object_id=%d AND audit.object_type = ""%s""', $objectId, $type) : sprintf('WHERE audit.object_id=%d', $objectId);
```",not_buggy
8638,"Expected Output Structure:
SE: The 'id' parameter from the session is directly used in SQL queries without proper sanitization or parameterized queries, potentially leading to SQL injection.
BL: `$leave = $this->leaves_model->getLeaves($id);`",not_buggy
8512,"Expected Output Structure:
SE: Direct inclusion of user input in SQL query without proper sanitization or parameterized queries.
BL: `$sql.= "" AND (d.rowid = "".$db->escape($search_ref)."")"";`",not_buggy
8591,"SE: The SQL query is dynamically constructed using direct string concatenation with unvalidated user input, which can lead to SQL injection vulnerabilities.
BL: `$sql = 'SELECT DISTINCT EXTRACT(EPOCH FROM CAST(created AS DATE)) AS ""Date"",
                                    COUNT(id) AS count
                    FROM logs
                    WHERE action NOT IN (' . $condnotinaction . ')
                    ' . $condOrg . '
                    GROUP BY ""Date"" ORDER BY ""Date""';`",not_buggy
4767,"The provided PHP file contains a potential SQL injection vulnerability related to the handling of IP addresses in SQL queries. Here's the analysis:

**Vulnerable Line:**
```php
$voteStatusByIp = $wpdb->get_var(""SELECT COUNT(*) FROM "".$wpdb->prefix.""irecommendthis_votes WHERE post_id = '$post_id' AND ip = '$ip'"");
```

**Explanation:**
- The variable `$ip` is directly included in the SQL query without any form of sanitization or parameterized query. This can lead to SQL injection if the IP address is somehow tampered with or spoofed to include malicious SQL commands.

**Expected Output Structure:**
SE: The 'ip' variable is directly included in the SQL query without sanitization, potentially leading to SQL injection.
BL: `$voteStatusByIp = $wpdb->get_var(""SELECT COUNT(*) FROM "".$wpdb->prefix.""irecommendthis_votes WHERE post_id = '$post_id' AND ip = '$ip'"");`",not_buggy
8527,"The provided PHP file contains a class `Driver` that abstracts database operations using PDO. The class includes methods for executing SQL queries and managing transactions. The file does not contain any explicit SQL concatenation with user input directly in the methods provided. However, the potential for SQL injection exists depending on how the methods are used externally, particularly how user inputs are handled before being passed to these methods.

**Analysis:**
- The class uses prepared statements (`$this->_linkID->prepare($str)`) and parameter binding (`$this->PDOStatement->bindValue($key, $val)`) for executing SQL commands, which are good practices to mitigate SQL injection risks.
- The methods `query` and `execute` replace placeholders in SQL queries with sanitized values using the `escapeString` method before execution. This is generally safe, assuming `escapeString` is implemented correctly.
- The class does not directly include user inputs into SQL statements within the provided methods. Instead, it relies on data passed to these methods, which should be properly sanitized or parameterized before being included in SQL queries.

**Potential Vulnerabilities:**
- If external code that uses this `Driver` class improperly concatenates user inputs into SQL queries before passing them to methods like `query` or `execute`, SQL injection vulnerabilities could occur.
- The method `escapeString` uses `addslashes`, which is generally not sufficient for preventing SQL injection in all cases, especially when special character sets or certain database configurations are used.

**Conclusion:**
- No explicit SQL injection vulnerabilities (CWE-89) are present within the provided class methods themselves.
- The risk of SQL injection exists if the class is misused by not properly handling user inputs before passing them to the class methods.

**Expected Output Structure:**
```
SE: No direct SQL injection vulnerabilities in the class methods; potential vulnerabilities depend on external usage and input handling.
BL: none
```",not_buggy
8616,"The provided PHP file contains a potential SQL injection vulnerability related to the handling of SQL queries without proper parameterization or escaping of user inputs. Here's the analysis:

**Vulnerable Line:**
```php
$query = 'select * from classificationstore_collectionrelations where groupId in (' . implode(',', $allowedGroupIds) .')';
```

**Explanation:**
- The variable `$allowedGroupIds` is directly included in the SQL query string. If `$allowedGroupIds` is manipulated by an attacker, it could lead to SQL injection.
- This line constructs a SQL query by concatenating user-controlled input (`$allowedGroupIds`) without proper sanitization or parameterization, which is a classic example of SQL injection vulnerability (CWE-89).

**Expected Output Structure:**
```
SE: User input for 'allowedGroupIds' is directly used in SQL query without parameterization, leading to SQL injection.
BL: $query = 'select * from classificationstore_collectionrelations where groupId in (' . implode(',', $allowedGroupIds) .')';
```",not_buggy
4749,"SE: The start and end dates for the post query are directly used in SQL queries without proper parameterized queries, which may lead to SQL injection.
BL: `$where .= "" AND post_date >= '"" . $edcal_startDate . ""' AND post_date < '"" . $edcal_endDate . ""' AND post_date_gmt NOT LIKE '0000%'"";`",not_buggy
8560,"SE: The 'name' parameter is directly used in the SQL query without proper sanitization or parameterized queries, which may lead to SQL injection.
BL: `$sql = ""INSERT INTO {$this->object_table} "" . ""(name,node_type_id,node_order"";`",not_buggy
