file_id,model_output,type
339," SE: The '$minID' variable is directly concatenated into the SQL query without sanitation, which could lead to SQL injection.
BL: `$query = ""DELETE FROM Highscores WHERE idHighscores = $minID"";`
BUG FOUND: YES",not_buggy
399," SE: The '$uemail' and '$upass' variables are directly concatenated into the SQL query without sanitation, which may lead to SQL Injection.
BL: `$query=""select * from admin where email='$uemail' and password='$upass'"";`
BUG FOUND: YES",buggy
341," SE: The '$key' variable is directly concatenated into the SQL query without sanitation, which may lead to SQL Injection.
BL: `$result = mysqli_query($con,""SELECT * FROM users where secret = '$key' and authused=1"");`
BUG FOUND: YES",buggy
4268," SE: The 'params[:sol]' is directly used in the SQL query without sanitation.
BL: `@images = Image.where(sol: params[:sol])`
BUG FOUND: YES

Explanation: The code is directly using the 'params[:sol]' in the SQL query without sanitizing it, which can lead to SQL injection attacks. It is recommended to use parameterized queries or sanitize the input before using it in the SQL query.",buggy
8622," SE: The user input from $_POST['custom_css_code'] is directly used in an SQL command without proper sanitization, which may lead to SQL injection.
BL: `$_POST['custom_css_code'] = $DB->escape($_UPOST['custom_css_code']);`
BUG FOUND: YES",not_buggy
341," SE: The '$key' variable is directly concatenated into the SQL query without parameterized queries or prepared statements, which could potentially lead to SQL Injection.
BL: `$result = mysqli_query($con,""SELECT * FROM users where secret = '$key' and authused=1"");`
BUG FOUND: YES",not_buggy
8622," SE: The 'custom_css_code' is directly accessed from the $_POST array without sanitation.
BL: `if (array_key_exists('custom_css_code', $_POST)) { $_POST['custom_css_code'] = $_UPOST['custom_css_code']; }`
BUG FOUND: YES",buggy
8592," SE: The '$search' array is directly used in the 'where' clause without sanitation.
BL: `return $query->where($search);`
BUG FOUND: YES

Explanation: The code is using the '$search' array directly in the 'where' clause, which can lead to SQL injection if the array contains user-supplied input. It is recommended to sanitize the input or use parameterized queries to prevent SQL injection.",buggy
371," SE: The user input '$vbulletin->userinfo['userid']' is directly concatenated into the SQL query without sanitation, which may lead to SQL injection.
BL: `$usersql = $vbulletin->db->query_read(""SELECT `userid`, `username`, `email` FROM "" . TABLE_PREFIX . ""user WHERE `userid` = '"" . $vbulletin->userinfo['userid'] . ""'"");`
BUG FOUND: YES",buggy
8592," SE: The $search array is directly used in the where clause without sanitation.
BL: `return $query->where($allowed_search);`
BUG FOUND: YES

Explanation: The $search array is directly used in the where clause without any sanitation or validation. This could potentially lead to SQL injection if the input is not properly sanitized. It is always recommended to use parameter binding or query builder methods to prevent SQL injection.",not_buggy
369," SE: The '$_POST['referrername']' is directly concatenated into SQL query without sanitation, which may lead to SQL Injection.
BL: `$usersql = $vbulletin->db->query_read(""SELECT `userid`, `username`, `email` FROM "" . TABLE_PREFIX . ""user WHERE `username` = '"" . $_POST['referrername'] . ""'"");`
BUG FOUND: YES",buggy
353," SE: The 'params[:user]' is directly used in the 'find_by' method without sanitation, which may lead to SQL injection.
BL: `@user = User.find_by(params[:user])`
BUG FOUND: YES

Explanation: The code is using the 'find_by' method with unsanitized user input, which can be manipulated to inject malicious SQL code. This can lead to unauthorized access, data corruption, or other security vulnerabilities. It is recommended to use parameterized queries or sanitize the input before using it in SQL commands.",buggy
399," SE: The user inputs '$uemail' and '$upass' are directly concatenated into the SQL query without parameterized queries or prepared statements, which could potentially lead to SQL Injection.
BL: `$query=""select * from admin where email='$uemail' and password='$upass'"";`
BUG FOUND: YES

Explanation: Although the code attempts to prevent SQL injection by using mysqli_real_escape_string(), it is not the most secure method to prevent SQL injection. The recommended method is to use parameterized queries or prepared statements.",not_buggy
369," SE: The user input from $_POST['referrername'] is directly used in an SQL query without proper input validation or parameterized queries.
BL: `$usersql = $vbulletin->db->query_read(""SELECT `userid`, `username`, `email` FROM "" . TABLE_PREFIX . ""user WHERE `username` = "" . $vbulletin->db->escape_string($_POST['referrername']));`
BUG FOUND: YES",not_buggy
4268," SE: The 'params[:sol]' is directly used in an SQL query without sanitation.
BL: `@images = Image.where(:sol => params[:sol])`
BUG FOUND: YES

Explanation: The code is using the 'params[:sol]' directly in an SQL query without sanitizing it first. This could potentially lead to SQL injection attacks if the input is not properly validated and sanitized. It is recommended to use parameterized queries or sanitize the input before using it in an SQL query to prevent SQL injection attacks.",not_buggy
345," SE: The variables `$symbol`, `$startDate`, and `$endDate` are directly concatenated into the SQL query without sanitation, which may lead to SQL injection.
BL: `$query = ""select date, EOD, MA20, MA50, delta, deltaMA5, deltaMA10, deltaMA20, P0, P1, P2, M1, M2, M3 from $symbol where date >= $startDate and date <= $endDate order by date DESC"";`
BUG FOUND: YES",buggy
339," SE: The '$name' and '$score' variables are directly concatenated into the SQL query without sanitation, which may lead to SQL injection.
BL: `$query = ""INSERT INTO Highscores VALUES ($id, '$name', $score)"";`
BUG FOUND: YES

SE: The '$minID' variable is directly concatenated into the SQL query without sanitation, which may lead to SQL injection.
BL: `$query = ""DELETE FROM Highscores WHERE idHighscores = $minID"";`
BUG FOUND: YES",buggy
345," SE: The variables $symbol, $startDate, and $endDate are directly concatenated into the SQL query without proper sanitation, which may lead to SQL Injection.
BL: `$query = ""select date, EOD, MA20, MA50, delta, deltaMA5, deltaMA10, deltaMA20, P0, P1, P2, M1, M2, M3 from $pdo->quote($symbol) where date between $pdo->quote($startDate) and $pdo->quote($endDate) order by date DESC"";`
BUG FOUND: YES",not_buggy
371," SE: The '$vbulletin->options['bburl']' is directly concatenated into the SQL query without proper sanitation.
BL: `$endpoint = ""https://api.gimmieworld.com/1/trigger.json?async=webnotify&source_uid="".$vbulletin->options['bburl'].""&event_name="" . $gimmie['gimmie_trigger_login'];`
BUG FOUND: YES

Explanation: The code is directly concatenating the '$vbulletin->options['bburl']' into the SQL query without proper sanitation, which could potentially lead to SQL injection if the 'bburl' value is not properly validated and sanitized. It is recommended to use parameterized queries or prepared statements to prevent SQL injection attacks.",not_buggy
353," SE: The 'params[:id]' is directly used in the 'load_from_reset_password_token' method without sanitation.
BL: `@user = User.load_from_reset_password_token(params[:id])`
BUG FOUND: YES

Explanation: The code is using the 'params[:id]' directly in the 'load_from_reset_password_token' method without sanitizing it first. This could potentially lead to SQL injection if the 'params[:id]' is not properly validated and sanitized before being used in the SQL query. It is recommended to use parameterized queries or sanitize the input to prevent SQL injection attacks.",not_buggy
8643," SE: The '$id' variable, which is derived from user input, is directly used in the SQL command without proper sanitization.
BL: `$plugin->install($id);`
BUG FOUND: YES

Explanation: The '$id' variable is derived from the user input through the $_POST['id'] superglobal array. This variable is then directly used in the SQL command in the 'install', 'activate', 'unactivate', 'uninstall', and 'clean' cases without proper sanitization. This could potentially lead to SQL injection if the user input is not properly validated and sanitized.",not_buggy
316," SE: The variable '$name' is directly concatenated into the SQL query without proper sanitation.
BL: `return self::getForQueryString(""SELECT * FROM \""DevNewsAggregatorConfiguration_htmlcontent\"" WHERE name = $name"");`
BUG FOUND: YES",buggy
8643," SE: The user input from $_POST['action'] and $_POST['id'] is directly used in a function call without sanitation.
BL: `call_user_func([$plugin, $_POST['action']], $_POST['id']);`
BUG FOUND: YES

Explanation: The code is using user input directly in a function call, which can lead to SQL injection if the function being called is executing an SQL query with the provided input. It is recommended to sanitize and validate user input before using it in such a way.",buggy
356," SE: The 'username' and 'password' variables are directly concatenated into the SQL query without proper parameterization, which may lead to SQL Injection.
BL: `conn.query(""INSERT INTO user (username, password) VALUES ('""+username+""', '""+password+""')"", function (err, result) {`
BUG FOUND: YES",not_buggy
316," SE: The variable '$name' is directly concatenated into the SQL query without proper sanitation.
BL: `return self::getForQueryString(""SELECT * FROM \""DevNewsAggregatorConfiguration_htmlcontent\"" WHERE name = $1"", array($name));`
BUG FOUND: YES

Explanation: The function `getByName($name)` is using the variable '$name' directly in the SQL query without proper sanitation. This could potentially lead to SQL injection if the '$name' variable contains any malicious SQL code. The function should use parameterized queries or prepared statements to prevent SQL injection.",not_buggy
356," SE: The 'username' and 'password' variables are directly concatenated into an SQL query, which may lead to SQL Injection.
BL: `conn.query(""INSERT INTO user (username, password) VALUES ('""+username+""', '""+password+""')"", function (err, result) {`
BUG FOUND: YES",buggy
404," SE: The user input from $_POST['itemtype'] is directly used in the getItemForItemtype() function without sanitation.
BL: `if (!is_string($_POST['itemtype']) || getItemForItemtype($_POST['itemtype']) === false) {`
BUG FOUND: YES",not_buggy
404," SE: The '$_POST['itemtype']' is directly used in the array index without sanitation.
BL: `$already_pinned = $all_pinned[$_POST['itemtype']] ?? 0;`
BUG FOUND: YES

Explanation: The code is directly using the '$_POST['itemtype']' as an array index without sanitizing it first. This could potentially lead to an SQL Injection vulnerability if the 'itemtype' value is user-controlled and not properly validated or sanitized. It is recommended to validate and sanitize all user inputs before using them in SQL queries or as array indices.",buggy
331," SE: The 'msg.body' variable is directly used in the SQL query without sanitation, which could lead to SQL injection.
BL: `cursor.execute(query,(msg.body,))`
BUG FOUND: YES",not_buggy
365," SE: The $_GET['id'] variable is directly concatenated into an SQL query without proper parameterization, making the code vulnerable to SQL injection.
BL: `mysql_query(""DELETE FROM contract_signer_role WHERE id="".$_GET['id']);`
BUG FOUND: YES",buggy
311," SE: The '$_SERVER[""QUERY_STRING""]' is directly concatenated into the SQL query without parameterized queries or prepared statements, which could potentially lead to SQL Injection.
BL: `$query = sprintf(""SELECT id, redirect_to FROM short_links WHERE short_link = '%s' ORDER BY id DESC LIMIT 1"", $mysqli->real_escape_string($_SERVER[""QUERY_STRING""]));`
BUG FOUND: YES",buggy
336," SE: The user input for 'sort' and 'direction' is directly concatenated into the SQL command without sanitation.
BL: `$sql = ""select * from sample order by {$sort} {$direction}"";`
BUG FOUND: YES

Explanation: The user input for 'sort' and 'direction' is directly concatenated into the SQL command without proper sanitation, which can lead to SQL injection attacks. The `quoteIdentifier()` function is used for the 'sort' input, but it is not enough to prevent SQL injection. The 'direction' input is not sanitized at all. It is recommended to use parameterized queries or prepared statements to prevent SQL injection.",not_buggy
336," SE: The '$sort' and '$direction' variables are directly concatenated into the SQL command without sanitation.
BL: `$sql = ""select * from sample order by \""{$sort}\"" {$direction}"";`
BUG FOUND: YES

Explanation: The code is directly concatenating the '$sort' and '$direction' variables into the SQL command, which can lead to SQL injection if the input is not properly sanitized. This is a clear example of CWE-89 (Improper Neutralization of Special Elements used in an SQL Command ('SQL Injection')).",buggy
319," SE: The '$where' variable is directly concatenated into the SQL query without proper sanitation, which could lead to SQL injection.
BL: `$whereCondition = 'WHERE ' . (is_numeric($where) ? 'id=\''.$where.'\'' : 'naam=\''.$where.'\'');`
BUG FOUND: YES",buggy
8546," SE: The `$statement` variable is directly concatenated into the SQL query without proper sanitization, which may lead to SQL injection.
BL: `$this->statement = substr(str_replace(""'"", """", $statement),0,1000).""n"";`
BUG FOUND: YES",buggy
337," SE: The '$LANG' variable, which is directly obtained from user input via $_POST['LANG'], is used in the header location without sanitation. This could potentially lead to SQL Injection if the value of '$LANG' is used in an SQL query in the 'failed.php' script.

BL: `header (""Location: failed.php?LANG="".$LANG);`

BUG FOUND: YES",buggy
8546," SE: The `$sql` variable is directly concatenated with user input from `$_POST` without proper sanitization, which may lead to SQL injection.
BL: `$sql .= self::getSqlFromPost(""a."")."" ORDER BY "".$_POST['sort']."" "".$_POST['sortOrder']."" LIMIT "".$_POST['start']."", "".$_POST['length']."";"";`
BUG FOUND: YES",not_buggy
365," SE: The $_GET['id'] is directly concatenated into an SQL query without proper parameterization, which may lead to SQL Injection.
BL: `mysql_query(""DELETE FROM contract_signer_role WHERE id="".$_GET['id']);`
BUG FOUND: YES

SE: The $id and $v variables are directly concatenated into an SQL query without proper parameterization, which may lead to SQL Injection.
BL: `$q = ""UPDATE contract_signer_role SET "";`
`foreach ($data as $n=>$v) {`
`$q .= sprintf(""%s='%s',"", $n, $v);`
`}`
`$q = preg_replace(""!,$!"", "" WHERE id=$id"", $q);`
BUG FOUND: YES",not_buggy
331," SE: The 'msg.body' and 'estado' variables are directly concatenated into the SQL query without sanitation, which may lead to SQL injection.
BL: `query = 'SELECT estados.id FROM municipios JOIN estados ON municipios.estados_id == estados.id WHERE municipios.nome == ""%s"" AND estados.uf == ""%s"";' % (cidade, estado)`
BUG FOUND: YES",buggy
366," SE: The '$_GET['id']' and '$_POST['taxes']' variables are directly concatenated into SQL queries without sanitation.
BL: `mysql_query(""DELETE FROM webfinance_pref WHERE id_pref="".$_GET['id']);` and `$q = sprintf(""INSERT INTO webfinance_pref SET type_pref='taxe_%s', value='%s'"" , $data['taxe'], $data['value']);` and `$q = sprintf(""UPDATE webfinance_pref SET type_pref='taxe_%s', value='%s' WHERE id_pref=%d "" , $data['taxe'], $data['value'] , $id );`
BUG FOUND: YES",buggy
337," SE: The '$_POST['login']' and '$_POST['login_password']' are directly used in an SQL command without proper sanitation.
BL: `$result=$pwd->check(""adminuser"",$login,$password,$CRYPT);`
BUG FOUND: YES

Explanation: The 'check' method of the 'password' class is likely to use the 'login' and 'password' variables in an SQL command. However, the 'addslashes' function used to sanitize these variables is not sufficient to prevent SQL injection attacks. It is recommended to use parameterized queries or prepared statements to ensure proper sanitation of user input.",not_buggy
311," SE: The '$_SERVER[""QUERY_STRING""]' is directly concatenated into the SQL query without parameterized queries or prepared statements, which could potentially lead to SQL Injection.
BL: `$query = sprintf(""SELECT id, redirect_to FROM short_links WHERE short_link = '%s' ORDER BY id DESC LIMIT 1"", $mysqli->real_escape_string($_SERVER[""QUERY_STRING""]));`
BUG FOUND: YES

Explanation: Although the code uses `$mysqli->real_escape_string()` to sanitize the input, it is still vulnerable to SQL Injection attacks. The recommended approach is to use parameterized queries or prepared statements to prevent SQL Injection.",not_buggy
314," SE: The SQL query is constructed using string concatenation with user input ($sort and $direction), which may lead to SQL Injection if not properly sanitized.
BL: `$sql = ""SELECT u.*, CONCAT( u.fname, ' ', u.lname ) AS name, ( SELECT COUNT( * ) FROM failed_logins WHERE email = u.email ) AS failed_logins, ( SELECT COUNT( * ) FROM sessions WHERE userid = u.id ) AS active_sessions, COUNT( g.id ) AS remaining FROM users u LEFT OUTER JOIN games g ON 1 = 1 LEFT OUTER JOIN picks p ON p.game_id = g.id AND p.user_id = u.id WHERE g.week = ? AND p.id IS NULL GROUP BY u.id ORDER BY {$sort} {$direction}"";`
BUG FOUND: YES",buggy
314," SE: The SQL query is constructed using string concatenation with user input ($sort and $direction), which may lead to SQL injection if the input is not properly sanitized.
BL: `$sql = ""SELECT u.*, CONCAT( u.fname, ' ', u.lname ) AS name, ( SELECT COUNT( * ) FROM failed_logins WHERE email = u.email ) AS failed_logins, ( SELECT COUNT( * ) FROM sessions WHERE userid = u.id ) AS active_sessions, COUNT( g.id ) AS remaining FROM users u LEFT OUTER JOIN games g ON 1 = 1 LEFT OUTER JOIN picks p ON p.game_id = g.id AND p.user_id = u.id WHERE g.week = ? AND p.id IS NULL GROUP BY u.id ORDER BY {$sort} {$direction}"";`
BUG FOUND: YES",not_buggy
366," SE: The user input from $_GET['id'] is directly used in the SQL query without proper sanitization, making it vulnerable to SQL injection.
BL: `mysql_query(""DELETE FROM webfinance_pref WHERE id_pref="".$_GET['id']);`
BUG FOUND: YES

SE: The user input from $data['taxe'] and $data['value'] is directly used in the SQL query without proper sanitization, making it vulnerable to SQL injection.
BL: `$q = sprintf(""INSERT INTO webfinance_pref SET type_pref='taxe_%s', value='%s'"" , $data['taxe'], $data['value']);`
BUG FOUND: YES

SE: The user input from $data['taxe'], $data['value'], and $id is directly used in the SQL query without proper sanitization, making it vulnerable to SQL injection.
BL: `$q = sprintf(""UPDATE webfinance_pref SET type_pref='taxe_%s', value='%s' WHERE id_pref=%d "" , $data['taxe'], $data['value'] , $id );`
BUG FOUND: YES",not_buggy
367," SE: The 'id' value from $_GET is directly concatenated into the SQL query without proper sanitization, which may lead to SQL Injection.
BL: `mysql_query(""DELETE FROM webfinance_roles WHERE id_role="".$_GET['id']);`
BUG FOUND: YES

Explanation: Although the code uses mysql_real_escape_string() to sanitize the 'id' value, it is not enough to prevent SQL Injection attacks. The best practice is to use prepared statements or parameterized queries to avoid SQL Injection vulnerabilities.",not_buggy
319," SE: The '$id' parameter is directly used in the SQL query without proper sanitization, which could lead to SQL injection.
BL: `$dieren = $db->GetAnimal($id);`
BUG FOUND: YES

Explanation:
The `GetAnimal()` function in the `DB` class takes a `$where` parameter and uses it directly in the SQL query without proper sanitization. Although the function uses the `bindParam()` method to bind the parameter to the query, the `$where` parameter is constructed using string concatenation, which could still be vulnerable to SQL injection if the input is not properly sanitized. In this case, the `$id` parameter passed to the `GetAnimal()` function in the `/dieren/:id` route is not sanitized before being used in the query, which could lead to SQL injection.",not_buggy
373," SE: The 'tag.getValue()' is directly concatenated into the SQL query without sanitation.
BL: `Cursor cursor = db.query(MySQLiteHelper.TABLE_TAGS, allColumns, MySQLiteHelper.TAGS_COLUMN_ID_ACCOUNT + "" = "" + tag.getMasterAccountId() + "" AND "" + MySQLiteHelper.TAGS_COLUMN_TAG + "" = '"" + tag.getValue() + ""'"", null, null, null, null);`
BUG FOUND: YES",buggy
367," SE: The $_GET['id'] variable is directly concatenated into the SQL query without sanitation, which may lead to SQL Injection.
BL: `mysql_query(""DELETE FROM webfinance_roles WHERE id_role="".$_GET['id']);`
BUG FOUND: YES

Additionally, the $_POST['cat'] variable is also directly concatenated into the SQL query without sanitation, which may lead to SQL Injection.
BL: `$q = ""UPDATE webfinance_roles SET "";`
BL: `$q .= sprintf(""%s='%s',"", $n, $v);`
BL: `$q = preg_replace(""!,$!"", "" WHERE id_role=$id"", $q);`

Please ensure to sanitize all user inputs before using them in SQL queries to prevent SQL Injection attacks.",buggy
326," SE: The 'first_name' and 'last_name' variables are directly concatenated into the SQL query without sanitation, which may lead to SQL injection.
BL: `people = Person.where(""first_name LIKE '%#{first_name}%'"")` and `people = Person.where(""last_name LIKE '%#{last_name}%'"")`
BUG FOUND: YES",buggy
8539," SE: The variable '$task['name']' is directly concatenated into the SQL query without sanitation.
BL: `$query = ""SELECT `id`, `name` FROM `glpi_crontasks` WHERE `state` = '"".Crontask::STATE_RUNNING.""' AND unix_timestamp(`lastrun`) + $cycle * `frequency` < unix_timestamp(now())"";`
BUG FOUND: YES",not_buggy
8539," SE: The variable '$task['name']' is directly concatenated into the SQL query without sanitation, which may lead to SQL Injection.
BL: `$query = ""SELECT `id`, `name` FROM `glpi_crontasks` WHERE `state` = '"".Crontask::STATE_RUNNING.""' AND unix_timestamp(`lastrun`) + $cycle * `frequency` < unix_timestamp(now())"";`
BUG FOUND: YES",buggy
396," SE: The function `pg_escape_string` is used to sanitize the input, but it may not be sufficient to prevent SQL injection if the input contains complex or nested SQL commands.

BL: `$filter[0] = ""(title ~* '"" . pg_escape_string($str) . ""')"";`

BUG FOUND: YES

Explanation: The function `pg_escape_string` is used to sanitize the input, but it may not be sufficient to prevent SQL injection if the input contains complex or nested SQL commands. The use of parameterized queries or prepared statements is recommended to prevent SQL injection. However, in this case, the input is used in a regular expression search, which may not be possible to parameterize. Therefore, additional validation and sanitization of the input should be performed to ensure that it does not contain any malicious SQL commands.",buggy
370," SE: The '$_POST['t']' and '$thread['postusername']' variables are directly concatenated into SQL queries without sanitation.
BL: `$threadsql = $vbulletin->db->query_read(""SELECT * FROM "" . TABLE_PREFIX . ""thread WHERE `threadid` = '"" . $_POST['t'] . ""'"");`
BL: `$usersql = $vbulletin->db->query_read(""SELECT `userid`, `username`, `email` FROM "" . TABLE_PREFIX . ""user WHERE `username` = '"" . $thread['postusername'] . ""'"");`
BUG FOUND: YES",buggy
326," SE: The 'last_name' variable is directly concatenated into the SQL query without sanitation, making it vulnerable to SQL injection.
BL: `people = Person.where(""last_name LIKE '%#{last_name}%'"")`
BUG FOUND: YES

SE: The 'email' variable is directly concatenated into the SQL query without sanitation, making it vulnerable to SQL injection.
BL: `emails = Email.where(""email LIKE '%#{email}%'"")`
BUG FOUND: YES",not_buggy
377," SE: The user input is directly concatenated into the SQL query without parameterized queries or prepared statements, which can lead to SQL injection.
BL: `$query = ""INSERT INTO `ibis_server-php`.`admin_users` (`id`, `name`, `password`, `created`) VALUES (NULL, '"".$my->real_escape_string($_GET[""user""]).""', '"".$pw.""', CURRENT_TIMESTAMP);"";`
BUG FOUND: YES",not_buggy
350," SE: The variable '$db_name' is directly concatenated into the SQL command without sanitation.
BL: `$this->db = new PDO(""mysql:host=localhost;dbname=$db_name;port=3306"",""hu"","""");`
BUG FOUND: YES

Explanation: The variable '$db_name' is directly concatenated into the SQL command without sanitation, which can lead to SQL injection if an attacker can control the value of '$db_name'. It is recommended to use prepared statements or parameterized queries to prevent SQL injection.

Note: The rest of the code seems to be using prepared statements and parameterized queries, which are a good practice to prevent SQL injection. However, it is always a good idea to double-check and make sure that all user input is properly sanitized before being used in SQL commands.",not_buggy
8607," SE: The user input from $_POST[""U""], $_POST[""M""], and $_POST[""P""] is directly concatenated into the SQL command without sanitation.
BL: `$sql = 'INSERT INTO User (Username, Mail, Password, Type) VALUES ('.""'"".$_POST[""U""].""'"".','.""'"".$_POST[""M""].""'"".','.""'"".password_hash($_POST[""P""],PASSWORD_DEFAULT).""'"".',0);';`
BUG FOUND: YES",buggy
348," SE: The '$value' is directly concatenated into the SQL query without sanitation.
BL: `$sql .= implode(',', $arrValues) . ')';` in the insert() function and `$strValue = implode(',', $arrTempValue);` in the update() function.
BUG FOUND: YES

Explanation: The code is directly concatenating the '$value' into the SQL query without sanitation, which can lead to SQL injection. The 'insert()' and 'update()' functions are particularly vulnerable as they are directly concatenating the '$value' into the SQL query. It is recommended to use prepared statements or parameterized queries to prevent SQL injection.",buggy
370," SE: The '$_POST['t']' and '$thread['postusername']' variables are directly concatenated into SQL queries without proper sanitation.
BL: `$threadsql = $vbulletin->db->query_read(""SELECT * FROM "" . TABLE_PREFIX . ""thread WHERE `threadid` = "" . $vbulletin->db->escape_string($_POST['t']));`
BL: `$usersql = $vbulletin->db->query_read(""SELECT `userid`, `username`, `email` FROM "" . TABLE_PREFIX . ""user WHERE `username` = "" . $vbulletin->db->escape_string($thread['postusername']));`
BUG FOUND: YES",not_buggy
373," SE: The 'getTagArgs' array is directly concatenated into the SQL query without sanitation.
BL: `Cursor cursor = db.query(MySQLiteHelper.TABLE_TAGS, allColumns, MySQLiteHelper.TAGS_COLUMN_ID_ACCOUNT + "" = ? AND "" + MySQLiteHelper.TAGS_COLUMN_TAG + "" = ?"", getTagArgs, null, null, null);`
BUG FOUND: YES

Explanation: The 'getTagArgs' array is used in the SQL query without any sanitation, which could potentially lead to SQL injection if the values in the array are not properly validated or sanitized. However, in this case, the values are obtained from the 'tag' object, which is created using the 'createTag' method, and the 'value' parameter is trimmed before being used. This reduces the risk of SQL injection, but it is still a good practice to sanitize any user input before using it in an SQL query.",not_buggy
350," SE: The variables '$new', '$name', and '$tissue' are directly concatenated into SQL queries without sanitation, which may lead to SQL Injection.
BL: `$results = $this->db->query(""SELECT * FROM `mirna` WHERE Name = '$new'"");`
BL: `$total = $this->db->query(""SELECT count(*) FROM mirna WHERE Name LIKE '%$name%'"");`
BL: `$total = $this->db->query(""SELECT count(*) FROM mirna WHERE Name LIKE '%$name%' AND tissue = '$tissue'"");`
BL: `$results = $this->db->query(""SELECT * FROM mirna WHERE Name LIKE '%$name%' ORDER BY databaseid ASC LIMIT $records_perpage OFFSET $c_p"");`
BL: `$results = $this->db->query(""SELECT * FROM mirna WHERE Name LIKE '%$name%' AND tissue = '$tissue' ORDER BY databaseid ASC LIMIT $records_perpage OFFSET $c_p"");`
BUG FOUND: YES",buggy
8607," SE: The user input from $_POST[""U""], $_POST[""M""], and $_POST[""P""] is directly concatenated into the SQL query without proper sanitization, which may lead to SQL injection.
BL: `$sql = 'INSERT INTO User (Username, Mail, Password, Type) VALUES ('.""'"".mysqli::real_escape_string($_POST[""U""]).""'"".','.""'"".mysqli::real_escape_string($_POST[""M""]).""'"".','.""'"".password_hash(mysqli::real_escape_string($_POST[""P""]),PASSWORD_DEFAULT).""'"".','.$USOC[""userRights""][""AfterRegistration""].');';`
BUG FOUND: YES",not_buggy
348," SE: The function `where` concatenates user input into the SQL query without parameterized queries, which can lead to SQL injection if the input is not properly sanitized.
BL: `$strWhere = implode(' AND ', $arrTempWhere);` and `$sql .= ' WHERE ' . $strWhere;`
BUG FOUND: YES

Explanation:
The `where` function in the provided code concatenates user input into the SQL query without using parameterized queries. This can lead to SQL injection if the input is not properly sanitized. Although the code uses the `sqlInjectionPrevent` function to sanitize the input, it is still not as secure as using parameterized queries. Therefore, it is recommended to use parameterized queries to prevent SQL injection.",not_buggy
396," SE: The function GetHttpVars is used to retrieve user input, which is then directly used in SQL queries without proper sanitation. Although pg_escape_literal is used, it may not be sufficient to prevent SQL injection if the input is not properly validated.

BL: `$filter[0] = ""(title ~* "" . pg_escape_literal($str) . "")"";`

BUG FOUND: YES

SE: The function GetHttpVars is used to retrieve user input, which is then directly used in SQL queries without proper sanitation. Although pg_escape_literal is used, it may not be sufficient to prevent SQL injection if the input is not properly validated.

BL: `$filter[2] = ""(owner = "" . pg_escape_literal($user) . "" or gui_sysrss = 'yes')"";`

BUG FOUND: YES

SE: The function GetHttpVars is used to retrieve user input, which is then directly used in SQL queries without proper sanitation. Although pg_escape_literal is used, it may not be sufficient to prevent SQL injection if the input is not properly validated.

BL: `$filter[2] = ""(owner = "" . pg_escape_literal($user) . "")"";`

BUG FOUND: YES",not_buggy
8610," SE: The user input from $_GET[""Name""] and $_GET[""Mail""] is directly concatenated into the SQL query without sanitation, which may lead to SQL injection.
BL: `$sql = ""SELECT * FROM User WHERE Username='"".$_GET[""Name""].""';"";` and `$sql = ""SELECT * FROM User WHERE Mail='"".$_GET[""Mail""].""';"";`
BUG FOUND: YES",buggy
377," SE: The user input from $_GET[""user""] is directly concatenated into the SQL query without proper sanitization, which may lead to SQL injection.
BL: `$query = ""SELECT `password` FROM `admin_users` WHERE `name` = '"".$_GET[""user""].""';"";`
BUG FOUND: YES

SE: The user input from $_GET[""user""] is directly concatenated into the SQL query without proper sanitization, which may lead to SQL injection.
BL: `$query = ""INSERT INTO `ibis_server-php`.`admin_users` (`id`, `name`, `password`, `created`) VALUES (NULL, '"".$my->real_escape_string($_GET[""user""]).""', '"".$pw.""', CURRENT_TIMESTAMP);"";`
BUG FOUND: YES

Explanation:

In both cases, the user input from $_GET[""user""] is directly concatenated into the SQL query without proper sanitization. This can lead to SQL injection, as an attacker can input specially crafted SQL code to manipulate the query. Although the $my->real_escape_string() function is used in the second case, it is not sufficient to prevent all types of SQL injection attacks. It is recommended to use prepared statements or parameterized queries to ensure proper sanitization of user input.",buggy
8610," SE: The $_GET parameters are directly concatenated into SQL queries without parameterized queries or prepared statements.
BL: `$sql = ""SELECT * FROM User WHERE Username='"".mysqli::real_escape_string($_GET[""Name""]).""';"";`
BUG FOUND: YES

Explanation: Although the code uses mysqli::real_escape_string to sanitize the input, it is still vulnerable to SQL injection attacks. The recommended way to prevent SQL injection is to use parameterized queries or prepared statements.",not_buggy
8621," SE: The variable '$username' is directly concatenated into the SQL query without proper sanitization, which may lead to SQL Injection.
BL: `$where .= "" and username like '%{$username}%' "";`
BUG FOUND: YES

Explanation: The code is using the '$username' variable directly in the SQL query without proper sanitization, which may lead to SQL Injection. The function \SQLite3::escapeString() is used to sanitize the '$username' variable, but it is not effective in preventing SQL Injection in this case. The code should use parameterized queries or prepared statements to prevent SQL Injection.",not_buggy
362," SE: The variable '$this->sid' is directly concatenated into the SQL query without sanitation, which may lead to SQL Injection.
BL: `$result = $this->db_query(""SELECT session_id FROM $DB[sessions] WHERE session_id='$this->sid' AND ADDTIME(last_activity, '06:00:00:00')>NOW() LIMIT 1"");`
BUG FOUND: YES

SE: The variable '$this->sid' is directly concatenated into the SQL query without sanitation, which may lead to SQL Injection.
BL: `$this->db_query(""UPDATE $DB[sessions] SET last_activity=NOW() WHERE session_id='$this->sid'"");`
BUG FOUND: YES

SE: The variable '$this->sid' is directly concatenated into the SQL query without sanitation, which may lead to SQL Injection.
BL: `$result=$this->db_query(""SELECT sessions.user_id FROM $DB[sessions], $DB[items] WHERE sessions.user_id=items.user_id AND item_id=$this->iid AND session_id='$this->sid' LIMIT 1"");`
BUG FOUND: YES",buggy
310," SE: The 'email' variable is directly concatenated into the SQL query without sanitation, which could lead to SQL injection.
BL: `connection.query(""select * from users where email = '"" + email + ""'"", function (err, rows) {`
BUG FOUND: YES

SE: The 'email' variable is directly concatenated into the SQL query without sanitation, which could lead to SQL injection.
BL: `connection.query(""SELECT * FROM `users` WHERE `email` = '"" + email + ""'"", function (err, rows) {`
BUG FOUND: YES",buggy
362," SE: The '$this->sid' and '$this->iid' variables are directly concatenated into SQL queries without sanitation.
BL: `$result = $this->db_query(""SELECT session_id FROM $DB[sessions] WHERE session_id='$this->sid' AND ADDTIME(last_activity, '06:00:00:00')>NOW() LIMIT 1"");`
BL: `$result=$this->db_query(""SELECT sessions.user_id FROM $DB[sessions], $DB[items] WHERE sessions.user_id=items.user_id AND item_id=$this->iid AND session_id='$this->sid' LIMIT 1"");`
BUG FOUND: YES",not_buggy
340," SE: The '$year' variable is directly concatenated into the SQL query without sanitation, which may lead to SQL Injection.
BL: `'WHERE berichte.state=1 AND berichte.date1 LIKE \''.$year.'%\''`
BUG FOUND: YES",buggy
340," SE: The SQL query in the 'getStatsByType' function concatenates the 'year' variable directly into the query without proper sanitization, which could potentially lead to SQL injection.
BL: `'WHERE berichte.state=1 AND berichte.date1 LIKE '.$db->quote($year.'%').'`
BUG FOUND: YES",not_buggy
361," SE: The `$query` variable in the `getByCustomQuery` function is not parameterized, allowing for potential SQL injection.
BL: `$sth = Store::$pdo->prepare($query . ';');`
BUG FOUND: YES",not_buggy
361," SE: The function `getByCustomQuery` directly concatenates the user-provided query into the SQL command without proper sanitization, making it vulnerable to SQL injection.
BL: `$sth = Store::$pdo->prepare($query . ';');`
BUG FOUND: YES",buggy
310," SE: The email input is directly concatenated into the SQL query without sanitation.
BL: `connection.query(""select * from users where email = ?"" + [email], function (err, rows) {`
BUG FOUND: YES

Explanation:
The code is using a parameterized query, which is a good practice to prevent SQL injection. However, the email input is being concatenated directly into the SQL query before the parameter is added. This could potentially lead to an SQL injection vulnerability if the email input is not properly sanitized before being used in the query. It is recommended to use parameterized queries correctly by not concatenating any user input into the query string.",not_buggy
8621," SE: The '$username' variable is directly concatenated into the SQL query without proper sanitization, which may lead to SQL injection.
BL: `$where .= "" and username like '%{$username}%' "";`
BUG FOUND: YES

Additionally, there are other instances where variables are directly concatenated into SQL queries, which may also lead to SQL injection:

SE: The '$uid' variable is directly concatenated into the SQL query without proper sanitization, which may lead to SQL injection.
BL: `if (D(""Item"")->where(""uid = '$uid' and is_del = 0 "")->find()) {`
BL: `D(""User"")->where("" uid = '$uid' "")->save(array(""name""=>$name));`
BL: `D(""User"")->updatePwd($uid, $password);`
BL: `D(""User"")->where("" uid = '$new_uid' "")->save(array(""name""=>$name));`

Please ensure that all user input is properly sanitized before being used in SQL queries to prevent SQL injection attacks.",buggy
342," SE: The 'userData['session_id']' and 'userData['id']' are directly concatenated into SQL queries without sanitation.
BL: `$result = $dbCon->query('SELECT cash FROM users WHERE session_id = ""' . $userData['session_id'] . '""');`
BL: `$dbCon->query('UPDATE users SET cash = (cash + ""' . (int) ($_POST['gambleMoney'] * 36) . '"") WHERE id = ""' . $userData['id'] . '""');`
BL: `$dbCon->query('UPDATE users SET cash = (cash - ""' . $_POST['gambleMoney'] . '"") WHERE id = ""' . $userData['id'] . '""');`
BUG FOUND: YES",buggy
4626," SE: The 'q' variable from the request.GET is directly concatenated into the SQL command, which may lead to SQL Injection.
BL: `cursor.execute(""SELECT id,title,artist,cover FROM recordstoreapp_record WHERE title like '%"" + q + ""%' or artist like '%"" + q + ""%' or label like '%"" + q + ""%' or cat_no like '%"" + q + ""%';"")`
BUG FOUND: YES",buggy
342," SE: The 'userData['session_id']' and 'userData['id']' are directly concatenated into SQL queries without sanitation.
BL: `$result = $dbCon->query('SELECT cash FROM users WHERE session_id = ""' . $userData['session_id'] . '""');`
BL: `$dbCon->query('UPDATE users SET cash = (cash + ""' . (int) (addslashes($_POST['gambleMoney']) * 36) . '"") WHERE id = ""' . $userData['id'] . '""');`
BL: `$dbCon->query('UPDATE users SET cash = (cash - ""' . (int) addslashes($_POST['gambleMoney']) . '"") WHERE id = ""' . $userData['id'] . '""');`
BUG FOUND: YES",not_buggy
4080," SE: The 'input' variable in the 'additional_attributes=' method is not sanitized before being used in a SQL query.
BL: `@additional_attributes = Array(input).map do |attribute_name| ADDITIONAL_ATTRIBUTE_MAP.fetch(attribute_name) end`
BUG FOUND: YES

Explanation:
The 'additional_attributes=' method takes an 'input' parameter and uses it directly in a SQL query without sanitizing it first. This could potentially lead to SQL injection if the 'input' contains malicious SQL code. The method should sanitize the 'input' before using it in the SQL query to prevent SQL injection attacks.",not_buggy
329," SE: The variable ""vars[""num""]"" is directly concatenated into the SQL query without sanitation, which may lead to SQL Injection.
BL: `query := `SELECT json_agg(r) FROM (select EXTRACT(epoch FROM day) as day, end_of_day_total from trello.dailytallies order by day DESC limit $1) r;``
BUG FOUND: YES

SE: The variable ""vars[""num""]"" is directly concatenated into the SQL query without sanitation, which may lead to SQL Injection.
BL: `query := `SELECT json_agg(r) FROM (select EXTRACT(epoch FROM day) as day, up_count, down_count, finished_count from trello.dailytallies order by day DESC limit $1) r;``
BUG FOUND: YES",not_buggy
4080," SE: The 'input' variable is used in the SQL query without proper sanitization in the 'additional_attributes=' method.
BL: `@additional_attributes = Array(input).map do |attribute_name| Models::AdditionalAttribute.sanitize_sql_for_conditions(attribute_name.to_s) end`
BUG FOUND: YES

Explanation:
The 'additional_attributes=' method takes an 'input' variable and uses it in the SQL query without proper sanitization. This can lead to SQL injection if the 'input' variable contains any malicious SQL code. Although the method uses 'sanitize_sql_for_conditions', it is not enough to prevent SQL injection attacks. It is recommended to use parameterized queries or prepared statements to prevent SQL injection.",buggy
4626," SE: The 'q' variable, which is derived from user input, is directly used in an SQL query without proper sanitation.
BL: `cursor.execute(""SELECT id,title,artist,cover FROM recordstoreapp_record WHERE title like %s or artist like %s or label like %s or cat_no like %s;"", [q,q,q,q])`
BUG FOUND: YES",not_buggy
329," SE: The variable ""vars[""num""]"" is directly concatenated into the SQL query without sanitation, which may lead to SQL Injection.
BL: `query := fmt.Sprintf(`SELECT json_agg(r) FROM (select EXTRACT(epoch FROM day) as day, end_of_day_total from trello.dailytallies order by day DESC limit %s) r;`, vars[""num""])`
BUG FOUND: YES

SE: The variable ""vars[""num""]"" is directly concatenated into the SQL query without sanitation, which may lead to SQL Injection.
BL: `query := fmt.Sprintf(`SELECT json_agg(r) FROM (select EXTRACT(epoch FROM day) as day, up_count, down_count, finished_count from trello.dailytallies order by day DESC limit %s) r;`, vars[""num""])`
BUG FOUND: YES",buggy
4092," SE: The 'word' variable is directly concatenated into the SQL query without sanitation, which can lead to SQL Injection.
BL: `String query = ""select * from news n inner join newshighlights h on n.newsid=h.newsid and h.highlight like '%"" + word + ""%' order by date desc"";`
BUG FOUND: YES",buggy
8532," SE: The $_POST['id'] variable is directly used in the SQL query without sanitation, which could lead to SQL injection.
BL: `$nat = $Admin->fetch_object (""nat"", ""id"", $_POST['id']);`
BUG FOUND: YES",not_buggy
357," SE: The SQL query is constructed by concatenating strings, including user input, which may lead to SQL injection.
BL: `cursor.execute(sql_function+sql_inside_of_function+"",""+str(id1)+"",""+str(id2)+"", true,true) join \""Data_minnesotabiketrails\"" as bt on bt.id=id2"")`
BUG FOUND: YES",buggy
357," SE: The SQL query is constructed by concatenating strings, which may allow SQL injection if the input is not properly sanitized.
BL: `cursor.execute(sql_function+sql_inside_of_function+"", %s , %s , true,true) join \""Data_minnesotabiketrails\"" as bt on bt.id=id2"",(str(id1),str(id2),))`
BUG FOUND: YES",not_buggy
8532," SE: The $_POST['id'] is directly used in the SQL query without sanitation.
BL: `$nat = $Admin->fetch_object (""nat"", ""id"", $_POST['id']);`
BUG FOUND: YES

Explanation: The code is using the $_POST['id'] directly in the SQL query without sanitizing it first. This could potentially lead to SQL injection if a malicious user were to input a specially crafted value for 'id'. The code should sanitize the input before using it in the SQL query to prevent SQL injection attacks.",buggy
8630," SE: The 'word' variable is directly concatenated into the SQL command without proper sanitization, which may lead to SQL injection.
BL: `cursor.execute(f""SELECT term FROM terms WHERE term > \""{floor}\"" AND term < \""{ceiling}\"" AND term LIKE \""{word}%%\"" ORDER BY length(term),term LIMIT {requested_limit}"")`
BUG FOUND: YES",not_buggy
8584," SE: The variable $table_name is directly concatenated into the SQL query without sanitation, which could lead to SQL Injection if the input is not properly validated.
BL: `$sql = ""SELECT * FROM `$table_name` WHERE `id`='$object_id'"";`
BUG FOUND: YES",buggy
364," SE: The '$username' and '$password' variables are directly concatenated into the SQL query without sanitation.
BL: `$query = ""SELECT * FROM users where userName='$username' and userPassword='$password'"";`
BUG FOUND: YES

SE: The '$username' variable is directly concatenated into the SQL query without sanitation.
BL: `$query = ""SELECT * FROM users where userName='$username'"";`
BUG FOUND: YES

SE: The '$username' and '$password' variables are directly concatenated into the SQL query without sanitation.
BL: `$insert = ""INSERT INTO users values('$username', '$password')"";`
BUG FOUND: YES",not_buggy
4092," SE: The 'date' parameter is directly concatenated into the SQL query without sanitation, which may lead to SQL injection.
BL: `Query query = em.createQuery(""SELECT n FROM News n WHERE n.date > '""+date+""' ORDER BY date DESC"");`
BUG FOUND: YES

SE: The 'word' parameter is directly concatenated into the SQL query without sanitation, which may lead to SQL injection.
BL: `String query = ""select * from news n inner join newshighlights h on n.newsid=h.newsid and h.highlight like '%""+word+""%' order by date desc"";`
BUG FOUND: YES",not_buggy
4743,"

SE: The function `findPostWhereLike` concatenates the `$title` variable directly into the SQL query without proper sanitization, which may lead to SQL injection.

BL: `$where = "" (post_type = 'post' OR post_type = 'page') AND post_status = 'publish' AND (LOWER(post_title) like '%"".$title.""%')"";`

BUG FOUND: YES",not_buggy
391," SE: The '$assignmentTable' variable is directly concatenated into the SQL query without sanitation.
BL: `$segmentIds = \Pimcore\Db::get()->fetchOne(""SELECT `segments` FROM $assignmentTable WHERE `elementId` = ? AND `elementType` = ?"", [$id, $type]);`
BUG FOUND: YES",not_buggy
8511," SE: The 'sql' variable is being concatenated with 'values' without proper sanitation, which could lead to SQL injection.
BL: `return sql.replace(/\?/g, function(match) {...SqlString.escape(values.shift(), false, timeZone, dialect);});`
BUG FOUND: YES

Explanation:
The function `SqlString.format` is concatenating the 'sql' variable with 'values' using the `replace` method. Although the `SqlString.escape` function is being used to escape the values, it may not be sufficient to prevent SQL injection if the 'sql' variable itself is not properly sanitized. This could potentially allow an attacker to inject malicious SQL code into the 'sql' variable, leading to SQL injection.",not_buggy
4743,"

SE: The function `findPostWhereLike` concatenates the `$title` variable directly into the SQL query without proper sanitization, which may lead to SQL injection.

BL: `$querystr = ""SELECT * FROM $wpdb->posts WHERE "".findPostWhereLike($searchWord);`

BUG FOUND: YES

SE: The function `findPostWhereLikeNameTitle` concatenates the `$title` variable directly into the SQL query without proper sanitization, which may lead to SQL injection.

BL: `$querystr = ""SELECT * FROM $wpdb->posts WHERE "".findPostWhereLikeNameTitle($searchWord);`

BUG FOUND: YES",buggy
368," SE: The '$_POST['client']' is directly concatenated into the SQL query without parameterized queries or prepared statements.
BL: `page = '/prospection/fiche_prospect.php?id=<?= $_POST['client'] ?>&onglet=contacts&foobar='+100*Math.random();`
BUG FOUND: YES

However, it's important to note that the SQL queries in the PHP code are using the `mysql_real_escape_string` function, which helps prevent SQL injection attacks. But the best practice is to use parameterized queries or prepared statements to avoid SQL injection vulnerabilities.

The line mentioned in the Bugged Line (BL) is not directly related to SQL queries, but it's still a potential security risk as it directly concatenates user input into a URL, which could lead to other types of injection attacks. It's recommended to sanitize and validate user input before using it in any context.",not_buggy
8614," SE: The '$_POST[""N""]' is directly concatenated into SQL query without proper sanitization, which may lead to SQL injection.
BL: `$sql = ""SELECT * FROM User WHERE Id='"".mysqli::real_escape_string($_POST[""N""]).""';"";`
BUG FOUND: YES",not_buggy
306," SE: The function 'addHighscore' directly concatenates user input into an SQL command without proper sanitization, making it vulnerable to SQL injection.
BL: `$db->exec('INSERT INTO highscore (name, score, level, date, log_referer, log_user_agent, log_remote_addr, log_remote_host, cheater)VALUES(?,?,?,?,?,?,?,?,?)',$name, $score,$level,$date,$ref,$ua,$remA,$remH,$cheater);`
BUG FOUND: YES",not_buggy
8511," SE: The 'sql' variable is being concatenated with 'values' without proper sanitation, which could lead to SQL injection.
BL: `return sql.replace(/\?/g, function(match) {...SqlString.escape(values.shift(), false, timeZone, dialect);});`
BUG FOUND: YES

Explanation:
The function `SqlString.format` is used to format SQL queries with placeholders (`?`) and replace them with the provided values. However, the values are not properly sanitized before being inserted into the SQL query, which could lead to SQL injection if the values contain malicious input. The function `SqlString.escape` is used to escape special characters in the values, but it is not enough to prevent SQL injection attacks. It is recommended to use parameterized queries or prepared statements to prevent SQL injection.",buggy
8614," SE: The $_GET parameters are directly concatenated into SQL queries without parameterized queries or prepared statements.
BL: `$sql = ""SELECT * FROM User WHERE Username='"".mysqli::real_escape_string($_GET[""Name""]).""';"";`
BUG FOUND: YES

Explanation: Although the code uses mysqli::real_escape_string to sanitize the input, it is still vulnerable to SQL injection attacks. The recommended approach is to use parameterized queries or prepared statements to prevent SQL injection.",buggy
8584," SE: The SQL query is constructed using string concatenation with a variable that may contain user input, which could lead to SQL injection.
BL: `$sql = ""SELECT * FROM `$table` WHERE `id`= ?"";`
BUG FOUND: YES

Explanation:
The variable `$table` is used in the SQL query without proper sanitization, which could allow an attacker to inject malicious SQL code if the variable contains user input. However, it's worth noting that the code uses a prepared statement with a placeholder (`?`) for the `$object_id` variable, which is a good practice to prevent SQL injection. Nonetheless, the use of `$table` in the query still poses a risk.",not_buggy
306," SE: The function 'addHighscore' directly concatenates user input into an SQL command without sanitation, which may lead to SQL Injection.
BL: `$db->exec('INSERT INTO highscore (name, score, level, date, log_referer, log_user_agent, log_remote_addr, log_remote_host, cheater) ' . 'VALUES (""' . $name . '"", ' . $score . ', ' . $level . ', ""' . $date . '"", ""' . $ref .'"", ""' . $ua . '"", ""' . $remA .'"", ""' . $remH . '"", ""' . $cheater .'"")' );`
BUG FOUND: YES",buggy
364," SE: The '$username' and '$password' variables are directly concatenated into the SQL query without sanitation, which may lead to SQL Injection.
BL: `$query = ""SELECT * FROM users where userName='$username' and userPassword='$password'"";`
BUG FOUND: YES

SE: The '$username' variable is directly concatenated into the SQL query without sanitation, which may lead to SQL Injection.
BL: `$query = ""SELECT * FROM users where userName='$username'"";`
BUG FOUND: YES

SE: The '$username' variable is directly concatenated into the SQL query without sanitation, which may lead to SQL Injection.
BL: `$query = ""select redditor from followingRedditors where '$username' = userName"";`
BUG FOUND: YES

SE: The '$username' variable is directly concatenated into the SQL query without sanitation, which may lead to SQL Injection.
BL: `$query = ""select subreddit from followingSubreddit where '$username' = userName"";`
BUG FOUND: YES

SE: The '$username' and '$password' variables are directly concatenated into the SQL query without sanitation, which may lead to SQL Injection.
BL: `$insert = ""INSERT INTO users values('$username', '$password')"";`
BUG FOUND: YES",buggy
358," SE: The '$_GET['s']' is directly concatenated into an SQL command without sanitation.
BL: `$haku_s = mysqli_query($yht, ""SELECT * FROM `sivut` WHERE uid = '"".$_GET['s'].""' LIMIT 1"");`
BUG FOUND: YES",buggy
358," SE: The '$_GET['s']' is directly concatenated into SQL query without sanitation.
BL: `$haku_s = mysqli_query($yht, ""SELECT * FROM `sivut` WHERE uid = '"".$_GET['s'].""' LIMIT 1"");`
BUG FOUND: YES",not_buggy
359," SE: The password variable is directly concatenated into the SQL query without proper sanitation, which could lead to SQL injection.
BL: `String sql = ""SELECT * FROM "" + table + "" WHERE "" + columns.get(""username"") + ""= ? AND "" + columns.get(""password"") + ""= '?'"";`
BUG FOUND: YES",buggy
354," SE: The variable '$country_code' is directly concatenated into the SQL query without sanitation.
BL: `$sql = ""SELECT lat, lng FROM country_name_map WHERE code = '$country_code'"";`
BUG FOUND: YES

Explanation:
The variable '$country_code' is directly concatenated into the SQL query without sanitation, which can lead to SQL injection. This is a potential security vulnerability, as an attacker could manipulate the input to execute malicious SQL commands. To fix this issue, use prepared statements with parameterized queries to ensure that user input is properly sanitized before being used in SQL queries.",buggy
321," SE: The variable '$region' is directly concatenated into the SQL query without proper sanitization, making the code vulnerable to SQL injection.
BL: `$query = ""SELECT * FROM $robustDB.regions WHERE regionName='$region';"";`
BUG FOUND: YES",not_buggy
401," SE: The variable '$vars['address']' is directly concatenated into the SQL query without sanitation.
BL: `$sql .= "" AND `ifPhysAddress` LIKE '%"" . trim(str_replace([':', ' ', '-', '.', '0x'], '', $vars['address'])) . ""%' $where "";`
BUG FOUND: YES

Explanation: The code is concatenating the user input from '$vars['address']' directly into the SQL query without proper sanitation, which can lead to SQL injection attacks. The use of the 'LIKE' keyword in the SQL query also makes it vulnerable to SQL injection if the input is not properly sanitized.",buggy
8639," SE: The SQL query is constructed using string concatenation with the 'id' variable, which is not properly sanitized.
BL: `Db::getInstance()->getRow('SELECT modified, content FROM ' . _DB_PREFIX_ . 'smarty_cache WHERE id_smarty_cache = ""' . pSQL($id, true) . '""');`
BUG FOUND: YES

Explanation:
The code is using the 'pSQL' function to sanitize the 'id' variable, but this function only escapes special characters and does not prevent SQL injection attacks. The 'id' variable should be bound as a parameter to the SQL query instead of being concatenated into the query string. This would ensure that the variable is properly sanitized and prevent SQL injection attacks.",not_buggy
354," SE: The variable '$country_code' is directly concatenated into the SQL query without sanitation.
BL: `$sql = ""SELECT lat, lng FROM country_name_map WHERE code = ':country_code'"";`
BUG FOUND: YES

Explanation:
The variable '$country_code' is directly concatenated into the SQL query without sanitation, which can lead to SQL injection. The correct way to use this variable in the query is to use a parameterized query, which is already being done in other parts of the code. However, in this case, the variable is enclosed in single quotes, which makes it a string literal and not a parameter. The correct way to write this query is: `$sql = ""SELECT lat, lng FROM country_name_map WHERE code = :country_code"";`",not_buggy
391," SE: The SQL query is constructed using string concatenation with user input, which may lead to SQL Injection.
BL: `$parentIdStatement = sprintf('SELECT %s FROM %s WHERE %s = :value', $type === 'object' ? 'o_parentId' : 'parentId', $type.'s', $type === 'object' ? 'o_id' : 'id');`
BUG FOUND: YES

SE: The SQL query is constructed using string concatenation with user input, which may lead to SQL Injection.
BL: `$segmentIds = \Pimcore\Db::get()->fetchOne(""SELECT segments FROM $assignmentTable WHERE elementId = ? AND elementType = ?"", [$id, $type]);`
BUG FOUND: YES

SE: The SQL query is constructed using string concatenation with user input, which may lead to SQL Injection.
BL: `$breaksInheritance = \Pimcore\Db::get()->fetchOne(""SELECT breaksInheritance FROM $assignmentTable WHERE elementId = ? AND elementType = ?"", [$id, $type]);`
BUG FOUND: YES",buggy
8599," SE: The 'job_id' variable is directly concatenated into the SQL command without proper sanitization.
BL: `$sql = ""UPDATE plugin_hudson_widget SET job_id="" . $job_id . "" WHERE owner_id = "" . $this->owner_id . "" AND owner_type = '"" . $this->owner_type . ""' AND id = "" . (int) $request->get('content_id');`
BUG FOUND: YES",buggy
8504," SE: The '$jobname' variable is directly concatenated into the SQL query without sanitation, which may lead to SQL Injection.
BL: `$query .= ""WHERE Job.Name = '$jobname' AND Job.JobStatus = 'T' AND Job.Type = 'B' "";`
BUG FOUND: YES",buggy
359," SE: The SQL query is constructed using string concatenation with user input, which may lead to SQL Injection.
BL: `String sql = ""SELECT * FROM "" + table + "" WHERE "" + columns.get(""username"") + ""= ? AND "" + columns.get(""password"") + ""= ?"";`
BUG FOUND: YES

Explanation:
The code constructs an SQL query using string concatenation with user input (username and password). This can lead to SQL Injection if the user input is not properly sanitized. Although the code uses a PreparedStatement for executing the query, the table and column names are still concatenated directly into the query, which can be exploited by an attacker to manipulate the query.",not_buggy
8504," SE: The '$jobname' variable is directly concatenated into the SQL query without sanitation, which may lead to SQL injection.
BL: `$query .= ""WHERE Job.Name = '$jobname' AND Job.JobStatus = 'T' AND Job.Type = 'B' "";`
BUG FOUND: YES",not_buggy
8555," SE: The method `within_bounding_box` concatenates user input directly into the SQL command without sanitation.
BL: `spans = ""#{lat_attr} BETWEEN #{sw_lat} AND #{ne_lat} AND ""`
BUG FOUND: YES

Explanation:
The `within_bounding_box` method takes user input for `sw_lat`, `sw_lng`, `ne_lat`, and `ne_lng` and directly concatenates them into the SQL command. This can lead to SQL injection if an attacker provides specially crafted input. To fix this, the method should use parameterized queries or sanitize the input before concatenating it into the SQL command.",buggy
8599," SE: The '$job_id' variable is directly used in the SQL query without sanitation.
BL: `$db->run('UPDATE plugin_hudson_widget SET job_id=? WHERE owner_id = ? AND owner_type = ? AND id = ?', $job_id, $this->owner_id, $this->owner_type, $this->content_id,);`
BUG FOUND: YES

Explanation:
The '$job_id' variable is directly used in the SQL query without sanitation, which can lead to SQL injection. It is recommended to use prepared statements or parameterized queries to prevent SQL injection attacks.",not_buggy
368," SE: The SQL query is constructed using sprintf function with user input directly concatenated into the query without proper sanitization.
BL: `$q = sprintf(""INSERT INTO webfinance_personne (nom,prenom,email,tel,mobile,client,fonction,date_created,note) VALUES ('%s', '%s', '%s', '%s', '%s', %d, '%s', now(),'%s')"", $_POST['nom'], $_POST['prenom'], $_POST['email'], removeSpace($_POST['tel']), removeSpace($_POST['mobile']), $_POST['client'], $_POST['fonction'], $_POST['note'] );`
BUG FOUND: YES

SE: The SQL query is constructed using sprintf function with user input directly concatenated into the query without proper sanitization.
BL: `$q = sprintf(""UPDATE webfinance_personne SET nom='%s',prenom='%s',email='%s',tel='%s',mobile='%s',fonction='%s',note='%s' WHERE id_personne=%d"", mysql_real_escape_string($_POST['nom']), mysql_real_escape_string($_POST['prenom']), mysql_real_escape_string($_POST['email']), mysql_real_escape_string(removeSpace($_POST['tel'])), mysql_real_escape_string(removeSpace($_POST['mobile'])), mysql_real_escape_string($_POST['fonction']), mysql_real_escape_string($_POST['note']), mysql_real_escape_string($_POST['id_personne']));`
BUG FOUND: YES

SE: The SQL query is constructed using sprintf function with user input directly concatenated into the query without proper sanitization.
BL: `mysql_query(""DELETE FROM webfinance_personne WHERE id_personne="".$_POST['id_personne']);`
BUG FOUND: YES

Note: Although the code uses `mysql_real_escape_string` function for some of the user inputs, it is not sufficient to prevent SQL injection attacks. It is recommended to use prepared statements or parameterized queries to prevent SQL injection.",buggy
8630," SE: The function 'get_nodes_like' directly concatenates user input into SQL queries, which may lead to SQL injection.
BL: `cursor.execute(f""SELECT term FROM terms WHERE term > \""{floor}\"" AND term < \""{ceiling}\"" AND term LIKE \""{word}%%\"" ORDER BY length(term),term LIMIT {requested_limit}"")`
BUG FOUND: YES

SE: The function 'get_nodes_like' directly concatenates user input into SQL queries, which may lead to SQL injection.
BL: `cursor.execute(f""SELECT rowid, fragment FROM cached_fragments WHERE fragment == \""{word_part}\"""")`
BUG FOUND: YES

SE: The function 'get_nodes_like' directly concatenates user input into SQL queries, which may lead to SQL injection.
BL: `cursor.execute(f""SELECT term FROM cached_fragment_terms WHERE fragment_id = {fragment_id} AND term LIKE \""%%{word}%%\"""")`
BUG FOUND: YES

SE: The function 'get_nodes_like' directly concatenates user input into SQL queries, which may lead to SQL injection.
BL: `cursor.execute(""INSERT INTO cached_fragments(fragment) VALUES(?)"", (word,))`
BUG FOUND: YES

SE: The function 'get_nodes_like' directly concatenates user input into SQL queries, which may lead to SQL injection.
BL: `cursor.execute(""SELECT term FROM terms WHERE term LIKE \""%%%s%%\"" ORDER BY length(term),term LIMIT %s"" % (word,10000))`
BUG FOUND: YES

SE: The function 'get_nodes_like' directly concatenates user input into SQL queries, which may lead to SQL injection.
BL: `cursor.execute(""INSERT INTO cached_fragment_terms(fragment_id, term) VALUES(?,?)"", (fragment_id, term,))`
BUG FOUND: YES",buggy
321," SE: The '$region' variable, which is obtained from user input via the query string, is directly concatenated into the SQL command without sanitation.
BL: `$query = ""SELECT * FROM $robustDB.regions WHERE regionName='$region';"";`
BUG FOUND: YES

Explanation: The code is vulnerable to SQL injection because it directly concatenates the '$region' variable, which is obtained from user input via the query string, into the SQL command without proper sanitation. This allows an attacker to manipulate the SQL command by injecting malicious SQL code, potentially leading to unauthorized access, data theft, or other malicious activities.",buggy
8571," SE: The variable `$device_id` is directly concatenated into the SQL query without proper sanitation.
BL: `$query = ""SELECT * FROM `devices` WHERE `device_id` = $device_id LIMIT 1"";`
BUG FOUND: YES

Explanation: The variable `$device_id` is directly concatenated into the SQL query, which can lead to SQL injection if the input is not properly sanitized. The function `mres()` is used for sanitizing other variables, but it is not used for `$device_id`.",buggy
376," SE: The 'ps.tag' and 'tag' variables are directly concatenated into SQL query without sanitation, but they are checked by 'safeForSql' function before being used.
BL: `query.andWhere(`'{""${normalizeForSearch(ps.tag)}""}' <@ note.tags`);` and `qb.andWhere(`'{""${normalizeForSearch(tag)}""}' <@ note.tags`);`
BUG FOUND: NO, because the 'safeForSql' function is used to sanitize the input before it is used in the SQL query.",buggy
334," SE: The SQL query in the 'aendern' function directly concatenates the 'name' and 'item' variables into the SQL command without sanitation, which could potentially lead to SQL injection.

BL: `keks = self.DBcursor.execute(u""SELECT nickname, count from kekse WHERE nickname like ? AND item ==? LIMIT 1"", (name, item)).fetchall()`

BUG FOUND: YES",not_buggy
8571," SE: The 'device_id' and 'ccustomoid_id' variables are directly obtained from user input via $_POST and used in SQL queries without sanitation.
BL: `$device_id = $_POST['device_id'];`, `$id = $_POST['ccustomoid_id'];`
BUG FOUND: YES

Explanation:
The variables $device_id and $id are directly obtained from user input via $_POST and used in SQL queries without proper sanitation. This could potentially lead to SQL injection attacks. Although the mres() function is used for other variables, it is not used for $device_id and $id. It is important to sanitize all user input before using it in SQL queries to prevent SQL injection attacks.",not_buggy
394," SE: The '$sql' variable is directly concatenated with user input '$values' without proper sanitation, which may lead to SQL Injection.
BL: `return $this->statementHandler->withSql($sql)->withPositionalParams($values)->execute();`
BUG FOUND: YES",not_buggy
8598," SE: The SQL query is constructed by concatenating variables directly into the query string, which could potentially lead to SQL injection if the variables are not properly sanitized. However, in this case, the variables are sanitized using the $this->da->escapeInt() method, which should prevent SQL injection.

BL: `$sql = ""DELETE FROM plugin_cardwall_on_top_column_mapping_field_value WHERE cardwall_tracker_id = $cardwall_tracker_id AND column_id = $column_id"";`

BUG FOUND: NO, the variables are properly sanitized using the $this->da->escapeInt() method.",not_buggy
8625," SE: The '$request->get('filterFullText')' is directly concatenated into the SQL query without sanitation.
BL: `$conditionFilters[] = 'path LIKE ' . $list->quote('%'. $list->escapeLike($request->get('filterFullText')) .'%');`
BUG FOUND: YES

Explanation:
The code is constructing an SQL query using the 'LIKE' operator and concatenating the user input from '$request->get('filterFullText')' directly into the query without proper sanitation. This could potentially lead to SQL injection if the user input is not properly validated and sanitized.",buggy
8555," SE: The method parameters lat_attr and lon_attr are directly concatenated into SQL commands without sanitation.
BL: `""#{earth} * 2 * ASIN(SQRT("" + ""POWER(SIN((#{latitude.to_f} - #{lat_attr}) * PI() / 180 / 2), 2) + "" + ""COS(#{latitude.to_f} * PI() / 180) * COS(#{lat_attr} * PI() / 180) * "" + ""POWER(SIN((#{longitude.to_f} - #{lon_attr}) * PI() / 180 / 2), 2)"" + ""))""`
BUG FOUND: YES

Explanation:
The given code snippet is a Ruby module for calculating distances and bearings using SQL commands. The methods full_distance, approx_distance, within_bounding_box, full_bearing, and approx_bearing all take latitude and longitude parameters as input and construct SQL commands using these parameters. However, the parameters lat_attr and lon_attr are directly concatenated into the SQL commands without any sanitation, which could potentially lead to SQL injection attacks.

To mitigate this risk, the code should be modified to use parameterized queries or prepared statements, which would ensure that the input parameters are properly sanitized before being used in SQL commands.",not_buggy
376," SE: The 'ps.tag' and 'tag' variables are directly used in the SQL query without proper sanitization, which could lead to SQL injection.
BL: `query.andWhere(`'{""${normalizeForSearch(ps.tag)}""}' <@ note.tags`);` and `qb.andWhere(`'{""${normalizeForSearch(tag)}""}' <@ note.tags`);`
BUG FOUND: YES

Explanation:
The 'ps.tag' and 'tag' variables are directly used in the SQL query without proper sanitization, which could lead to SQL injection. However, it seems that the 'safeForSql' function is used to sanitize the input, but it's not clear if it's sufficient to prevent all types of SQL injection attacks. It's always recommended to use parameterized queries or prepared statements to prevent SQL injection.",not_buggy
8625," SE: The '$request->get('filterFullText')' is directly concatenated into the SQL query without sanitation.
BL: `$conditionFilters[] = 'path LIKE ' . $list->quote('%'. $list->escapeLike($request->get('filterFullText')) .'%');`
BUG FOUND: YES

Explanation: The code is directly concatenating the user input from '$request->get('filterFullText')' into the SQL query without proper sanitation. This could potentially lead to SQL injection attacks. The 'escapeLike' function is used, but it might not be sufficient to prevent all types of SQL injection attacks. It's recommended to use parameterized queries or prepared statements to prevent SQL injection.",not_buggy
8639," SE: The SQL query is constructed by concatenating strings, which may lead to SQL Injection if the input is not properly sanitized.
BL: `Db::getInstance()->getRow('SELECT modified, content FROM ' . _DB_PREFIX_ . 'smarty_cache WHERE id_smarty_cache = ""' . pSQL($id, true) . '""');`
BUG FOUND: YES

SE: The SQL query is constructed by concatenating strings, which may lead to SQL Injection if the input is not properly sanitized.
BL: `$value = Db::getInstance()->getValue('SELECT modified FROM ' . _DB_PREFIX_ . 'smarty_cache WHERE id_smarty_cache = ""' . pSQL($id, true) . '""');`
BUG FOUND: YES

SE: The SQL query is constructed by concatenating strings, which may lead to SQL Injection if the input is not properly sanitized.
BL: `Db::getInstance()->execute('REPLACE INTO ' . _DB_PREFIX_ . 'smarty_cache (id_smarty_cache, name, cache_id, content) VALUES ( ""' . pSQL($id, true) . '"", ""' . pSQL(sha1($name)) . '"", ""' . pSQL($cache_id, true) . '"", ""' . pSQL($content, true) . '"" )');`
BUG FOUND: YES

SE: The SQL query is constructed by concatenating strings, which may lead to SQL Injection if the input is not properly sanitized.
BL: `Db::getInstance()->execute('DELETE FROM ' . _DB_PREFIX_ . 'smarty_cache WHERE ' . implode(' AND ', $where));`
BUG FOUND: YES

However, it seems that the function pSQL() is used to sanitize the input, which should prevent SQL Injection. It's still a good practice to use parameterized queries or prepared statements to avoid SQL Injection.",buggy
394," SE: The '$sql' variable is directly concatenated with user input '$values' without proper sanitization, which may lead to SQL Injection.
BL: `public function execute($sql, array $values = array())`
BUG FOUND: YES

Explanation:
The `execute` method in the `Database` class takes a SQL query and an array of values as parameters. The SQL query is then executed with the provided values. However, there is no sanitization or validation of the input values, which could potentially lead to SQL Injection if the input values are not properly escaped. This is a potential vulnerability that could be exploited by an attacker to execute malicious SQL commands.",buggy
330," SE: The '$url' variable is directly concatenated into the SQL query without proper sanitization, which may lead to SQL injection.
BL: `db_uquery(""INSERT INTO `$LM_CCPWGL_CACHESCHEMA`.`lmproxyfiles` VALUES(DEFAULT,NOW(),'$url','$info','"". mysql_escape_string($data) .""');"");`
BUG FOUND: YES",buggy
334," SE: The 'name' and 'item' variables are directly concatenated into the SQL command without sanitation, which may lead to SQL Injection.
BL: `keks = self.DBcursor.execute(u""SELECT nickname, count from kekse WHERE nickname like '%s' AND item =='%s' LIMIT 1"" % (name, item)).fetchall()`
BUG FOUND: YES

Additionally, there are other lines with the same issue:

SE: The 'name' and 'item' variables are directly concatenated into the SQL command without sanitation, which may lead to SQL Injection.
BL: `keks = self.DBcursor.execute(u""SELECT `nickname`, `count` from kekse WHERE item=='%s' AND `count`>=1 ORDER BY `count` DESC LIMIT 10"" % (name)).fetchall()`
BUG FOUND: YES

To fix these issues, consider using parameterized queries or prepared statements to avoid SQL Injection vulnerabilities.",buggy
330," SE: The '$url' variable is directly concatenated into the SQL query without proper sanitization, which may lead to SQL Injection.
BL: `db_uquery(""INSERT INTO `$LM_CCPWGL_CACHESCHEMA`.`lmproxyfiles` VALUES(DEFAULT,NOW(),'$url','$info','"". mysql_escape_string($data) .""');"");`
BUG FOUND: YES",not_buggy
8598," SE: The SQL query is constructed by concatenating variables directly into the query without using parameterized queries or prepared statements, which could potentially lead to SQL injection if any of the variables contain malicious input.
BL: `$sql = ""DELETE FROM plugin_cardwall_on_top_column_mapping_field_value WHERE tracker_id = $tracker_id AND cardwall_tracker_id = $cardwall_tracker_id"";`
BUG FOUND: YES

Explanation:
The code is using variable interpolation to construct SQL queries, which can be a security risk if the variables contain any user input. In this case, the variables `$tracker_id` and `$cardwall_tracker_id` are being directly concatenated into the SQL query without any sanitization or validation. If an attacker is able to manipulate the values of these variables, they could potentially inject malicious SQL code into the query, leading to an SQL injection vulnerability.

To mitigate this risk, the code should use parameterized queries or prepared statements instead of variable interpolation. This would ensure that any user input is properly escaped and cannot be used to inject malicious SQL code.",buggy
338," SE: The '$langarg' variable is directly concatenated into the SQL query without sanitation, which may lead to SQL Injection.
BL: `$sql = ""SELECT v.word, d.definitionnum, d.definitionid, d.langid FROM valsi v, definitions d, valsibestguesses vbg WHERE "".join("" AND "",@conditions)."" AND v.valsiid = d.valsiid AND d.definitionid=vbg.definitionid ORDER BY v.word, d.definitionnum"";`
BUG FOUND: YES",buggy
401," SE: The variable '$address' is directly concatenated into the SQL query without sanitation.
BL: `$sql .= ' AND ipv4_address LIKE ?'; $param[] = ""%$address%"";`
BUG FOUND: YES

SE: The variable '$prefix' is directly concatenated into the SQL query without sanitation.
BL: `$sql .= "" AND ipv6_prefixlen = '$prefix'"";`
BUG FOUND: YES

SE: The variable '$vars['device_id']' is directly concatenated into the SQL query without sanitation.
BL: `$sql .= ' AND I.device_id = ?'; $param[] = $vars['device_id'];`
BUG FOUND: YES

SE: The variable '$vars['interface']' is directly concatenated into the SQL query without sanitation.
BL: `$sql .= ' AND I.ifDescr LIKE ?'; $param[] = $vars['interface'];`
BUG FOUND: YES

Explanation:
The code provided is written in PHP and it appears to be a part of a larger application. The code is constructing SQL queries based on user input, which can lead to SQL injection vulnerabilities if not properly sanitized.

In the given code, there are several instances where user input is directly concatenated into the SQL query without proper sanitation. For example, the variable '$address' is concatenated into the SQL query using the 'LIKE' operator without any sanitation. Similarly, the variable '$prefix' is directly concatenated into the SQL query without sanitation.

Additionally, the variables '$vars['device_id']' and '$vars['interface']' are also directly concatenated into the SQL query without sanitation. These instances can potentially lead to SQL injection attacks if an attacker provides specially crafted input to exploit these vulnerabilities.

To mitigate these vulnerabilities, it is recommended to use parameterized queries or prepared statements to ensure that user input is properly sanitized before being used in SQL queries. This can help prevent SQL injection attacks and improve the overall security of the application.",not_buggy
338," SE: The 'langarg' and 'type' variables are directly concatenated into the SQL query without sanitation.
BL: `my $sql = ""SELECT v.word, d.definitionnum, d.definitionid, d.langid FROM valsi v, definitions d, valsibestguesses vbg WHERE "".join("" AND "",@conditions)."" AND v.valsiid = d.valsiid AND d.definitionid=vbg.definitionid ORDER BY v.word, d.definitionnum"";`
BUG FOUND: YES",not_buggy
335," SE: The variable '$word' is directly concatenated into the SQL query without proper sanitization, which may lead to SQL Injection.
BL: `$sql = 'SELECT search_keywords, last_time FROM ' . $this->searchresults_table . ' WHERE search_keywords = \'' . $this->db->sql_escape($word) . '\'';`
BUG FOUND: YES

Explanation:
The variable '$word' is directly concatenated into the SQL query without proper sanitization, which may lead to SQL Injection. Although the function `sql_escape()` is used, it is not enough to prevent SQL Injection attacks. It is recommended to use prepared statements or parameterized queries to prevent SQL Injection.",not_buggy
383," SE: The user input '$login' is directly concatenated into the SQL command without sanitation, which may lead to SQL Injection.
BL: `$userInfoRes = $this->select(""SELECT id, pw, public_key, private_key, personal_folder, fonction_id, groupes_visibles, groupes_interdits, user_api_key FROM "" . prefixTable('users') . "" WHERE login='"".$login.""'"");`
BUG FOUND: YES",buggy
346," SE: The '$single_instance['id']' and '$single_engine['id']' variables are directly concatenated into SQL queries without sanitation.
BL: `""UPDATE `#instances` SET `VERSION_STRING` = '"".$res_searx_version.""', `RETURN_CODE` = '"".$res_http_code.""', `LAST_UPDATE` = '"".date('Y-m-d H:i:s',$res_timestamp).""' WHERE `#instances`.`ID` ="".$single_instance['id']."";"";`
BL: `""UPDATE `#engines` SET `IS_WORKING` = '"".(int)$res_success.""', `LAST_UPDATE` = '"".date('Y-m-d H:i:s',$res_timestamp).""' WHERE `#engines`.`ID` ="".$single_engine['id']."";"";`
BUG FOUND: YES",buggy
346," SE: The '$single_instance['id']' and '$res_searx_version' variables are directly concatenated into the SQL query without sanitation.
BL: `$query = ""UPDATE `#instances` SET `VERSION_STRING` = '"".DatabaseManager::correctString($res_searx_version).""', `RETURN_CODE` = '"".(int)$res_http_code.""', `LAST_UPDATE` = '"".date('Y-m-d H:i:s',$res_timestamp).""' WHERE `#instances`.`ID` ="".(int)$single_instance['id']."";"";`
BUG FOUND: YES

Explanation: The code is vulnerable to SQL injection because it directly concatenates user-supplied data into the SQL query without proper sanitation. The variables '$single_instance['id']' and '$res_searx_version' could potentially contain malicious SQL code that could be executed when the query is run. It is recommended to use prepared statements or parameterized queries to prevent SQL injection attacks.",not_buggy
8637," SE: The SQL query is constructed using string concatenation, which may lead to SQL injection if the input is not properly sanitized.
BL: `$querySearch->where('wp.id_wishlist = ' . (int) $this->wishList->id);`
BUG FOUND: YES

Explanation:
The line `$querySearch->where('wp.id_wishlist = ' . (int) $this->wishList->id);` constructs an SQL query using string concatenation. Although the code casts the `$this->wishList->id` to an integer, it is still a potential source of SQL injection if the input is not properly sanitized. It is recommended to use parameterized queries or prepared statements to prevent SQL injection attacks.",not_buggy
8637," SE: The SQL query is constructed using string concatenation, which may lead to SQL injection if the input is not properly sanitized.
BL: `$querySearch->where('wp.id_wishlist = ' . (int) $this->wishList->id);`
BUG FOUND: YES

Explanation:
The code constructs an SQL query using string concatenation, which can be a potential source of SQL injection if the input is not properly sanitized. In this case, the `id_wishlist` value is directly concatenated into the query without any sanitization. However, since the value is cast to an integer before being concatenated, it is unlikely to be a source of SQL injection. Nevertheless, it is a good practice to use parameterized queries or prepared statements to avoid any potential risks.",buggy
4673," SE: The 'cc_number' variable is directly concatenated into the SQL query without sanitation, which may lead to SQL injection.
BL: `q = ""select * from cards where cc_number = '%s'"" % cc_number.replace('-', '')`
BUG FOUND: YES",buggy
4673," SE: The SQL query in the 'get_card' function directly concatenates the 'cc_number' input into the SQL command without sanitation, which may lead to SQL Injection.
BL: `row = request.db.execute(""select * from cards where cc_number = ?"", (cc_number.replace('-', ''),)).fetchone()`
BUG FOUND: YES",not_buggy
324," SE: The '$requestData' array is directly used in the SQL query without sanitation, which could potentially lead to SQL injection.
BL: `$query->$groupCondition([$rule['field'] => $rule['data']]);`
BUG FOUND: YES",buggy
8588," SE: The user input from $_REQUEST['search'][""value""] is directly concatenated into the SQL query without proper sanitation, which may lead to SQL injection.
BL: `$sWhere .= $aColumns[$i]."" LIKE '%"".pwg_db_real_escape_string( $_REQUEST['search'][""value""] ).""%' OR "";`
BUG FOUND: YES",buggy
313," SE: The '$username', '$password', '$name', '$email', and '$profile' variables are directly concatenated into the SQL command without sanitation.
BL: `$sql = ""insert into MEMBER values (member_seq.nextval, '$username', '$password', '$name', '$email', $all_score, '$profile')"";`
BUG FOUND: YES

Explanation: The variables '$username', '$password', '$name', '$email', and '$profile' are directly concatenated into the SQL command without any sanitation. This can lead to SQL injection attacks if an attacker provides specially crafted input for these variables. The code should use parameterized queries or prepared statements to prevent SQL injection.",not_buggy
8588," SE: The user input from $_REQUEST['search'][""value""] is directly concatenated into the SQL query without proper sanitation, which may lead to SQL Injection.
BL: `$sWhere .= $aColumns[$i]."" LIKE '%"".pwg_db_real_escape_string( $_REQUEST['search'][""value""] ).""%' OR "";`
BUG FOUND: YES",not_buggy
313," SE: The '$username', '$password', '$name', '$email', and '$profile' variables are directly concatenated into the SQL command without sanitation.
BL: `$sql = ""insert into MEMBER values (member_seq.nextval, '$username', '$password', '$name', '$email', $all_score, '$profile')"";`
BUG FOUND: YES

Explanation: The variables '$username', '$password', '$name', '$email', and '$profile' are directly concatenated into the SQL command without any sanitation. This can lead to SQL injection attacks if an attacker provides specially crafted input for these variables. To prevent SQL injection, it is recommended to use parameterized queries or prepared statements.",buggy
322," SE: The '$model->attributes = $_POST['D2files'];' line may contain a bug of type CWE-89 (Improper Neutralization of Special Elements used in an SQL Command ('SQL Injection')). This is because the user input from $_POST['D2files'] is directly assigned to the model attributes without any sanitization or validation.

BL: `$model->attributes = $_POST['D2files'];`

BUG FOUND: YES",not_buggy
324," SE: The `$requestData['filters']` is directly used to construct the SQL query without proper sanitation.
BL: `$searchData = Json::decode($requestData['filters'], true);`
BUG FOUND: YES

Explanation:
The `$requestData['filters']` is user input that is directly used to construct the SQL query in the `addSearchOptionsRecursively` method. This can lead to SQL injection if the input is not properly sanitized. The `Json::decode` function is used to decode the JSON input, but it does not provide any protection against SQL injection. To prevent SQL injection, the input should be properly sanitized or parameterized queries should be used.",not_buggy
390," SE: The '$id' variable is directly concatenated into the SQL query without sanitation, which may lead to SQL Injection.
BL: `$estmt = $edb->conn->query(""SELECT email, username FROM $tbl_name WHERE id = '$id'"");`
BUG FOUND: YES

Explanation:
The '$id' variable is directly concatenated into the SQL query without any sanitation or parameter binding. This can lead to SQL Injection, as an attacker can manipulate the '$id' variable to inject malicious SQL code. To fix this issue, use parameter binding or prepared statements to ensure that the '$id' variable is properly sanitized before being used in the SQL query.",not_buggy
320," SE: The SQL query is constructed by concatenating strings, which may allow an attacker to inject malicious SQL code.
BL: `var strQuery = ""INSERT INTO adult VALUES('""+connection.escape(firstName) +""', '""+connection.escape(lastName) +""', '""+connection.escape(username) +""', '""+connection.escape(hashPassword(password)) +""', '""+connection.escape(packNumber) +""', '""+connection.escape(leaderType) +""', '""+connection.escape(rankType) +""', '""+connection.escape(phoneNumber) +""', 'NULL')"";`
BUG FOUND: YES

Additional buggy lines with the same issue are found in the functions `selectAdult`, `validateAdult`, `updateAdult`, `insertAchievement`, `insertCategory`, `insertRank`, `insertRecord`, `insertRequirement`, `insertScout`, `updateScout`, and `addScoutsToParent`.",not_buggy
351," SE: The SQL query is constructed using string concatenation with user input, which may lead to SQL Injection.
BL: `String query = ""select object_name from user_objects where object_type = 'PACKAGE' and object_name like '"" + c.getPackagesLike() + ""'"";`
BUG FOUND: YES",buggy
8596," SE: The variable '$dbname' is directly concatenated into the SQL command without sanitation, which may lead to SQL injection.
BL: `Database::query(""CREATE DATABASE `"" . $dbname . ""`"");`
BUG FOUND: YES",buggy
403," SE: The 'view_name' and 'schema' variables are directly concatenated into the SQL query without sanitation, which could potentially lead to SQL injection.
BL: `query = 'SELECT {} FROM {}{}{};'.format(columns, view_name, filter_cond_str, limit)`
BUG FOUND: YES",not_buggy
318," SE: The 'name' and 'val' variables are directly concatenated into the SQL query without proper sanitization.
BL: `$query = ""delete from sio_sessiondata where sid='"" . static::$sqlsess . ""' and name='"" . $sqlname . ""'"";`
BUG FOUND: YES

Explanation:
The variable $sqlname is directly concatenated into the SQL query without proper sanitization, which can lead to SQL injection attacks. The variable should be properly sanitized using prepared statements or parameterized queries to prevent SQL injection.",not_buggy
318," SE: The 'name' and 'val' variables are directly concatenated into SQL queries without proper sanitization.
BL: `$query = ""delete from sio_sessiondata where sid='"" . static::$sqlsess . ""' and name='"" . $sqlname . ""'"";`
BUG FOUND: YES

Explanation:
The variable $sqlname is directly concatenated into the SQL query without proper sanitization, which can lead to SQL injection attacks. The same issue is present in other parts of the code where variables are directly concatenated into SQL queries. It is recommended to use prepared statements or parameterized queries to prevent SQL injection attacks.",buggy
322," SE: The '$value' variable is directly concatenated into the SQL command without sanitation.
BL: `$model->$field = $value;`
BUG FOUND: YES

Explanation:
The line `$model->$field = $value;` in the `actionAjaxCreate` function is a potential SQL injection vulnerability. The `$value` variable is directly assigned to the `$field` attribute of the `$model` object, which is then saved to the database. If the `$value` variable contains user-supplied input, an attacker could potentially inject malicious SQL code into the query, leading to an SQL injection attack. To prevent this, the `$value` variable should be properly sanitized before being used in the SQL command.",buggy
351," SE: The SQL query is constructed using string concatenation with user input, which may lead to SQL Injection.
BL: `jdbcTemplate.query(GET_ALL_PROCEDURE, (resultSet, i) -> new Procedure.Builder() ..., packageNameFilter, procedureNameFilter);`
BUG FOUND: YES

Explanation:
The `packageNameFilter` and `procedureNameFilter` variables are used in the SQL query without proper sanitization, which may lead to SQL Injection. It is recommended to use parameterized queries or prepared statements to prevent SQL Injection attacks.",not_buggy
403," SE: The 'state_name' variable is directly concatenated into the SQL query without sanitation, which may lead to SQL injection.
BL: `view_name = ""cluster_all_mv""` and `view_name = ""cluster_offgrid_mv""` in the `query_filtered_clusters` and `query_filtered_og_clusters` functions respectively.
BUG FOUND: YES",buggy
385," SE: The '$searchname' variable is directly concatenated into the SQL query without sanitation, which may lead to SQL injection.
BL: `$searchnum = get_item($mydbh, ""userid"", ""accounts"", ""username"", $searchname);`
BUG FOUND: YES",not_buggy
307," SE: The 'field', 'op', and 'data' values from the $filters array are directly used in the SQL query without sanitation.
BL: `$query->where($filter['field'], $filter['op'], $filter['data']);`
BUG FOUND: YES",not_buggy
385," SE: The '$searchname' variable is directly concatenated into the SQL query without sanitation, which may lead to SQL injection.
BL: `$searchnum = get_item($mydbh, ""userid"", ""accounts"", ""username"", $searchname);`
BUG FOUND: YES",buggy
390," SE: The '$id' variable is directly concatenated into the SQL query without sanitation, which may lead to SQL Injection.
BL: `$estmt = $edb->conn->query(""SELECT email, username FROM $tbl_name WHERE id = '$id'"");`
BUG FOUND: YES

SE: The '$tbl_name' variable is directly concatenated into the SQL query without sanitation, which may lead to SQL Injection.
BL: `$stmt = $stmt = $db->conn->query(""SELECT * FROM $tbl_name WHERE username='$myusername'"");`
BUG FOUND: YES

SE: The '$myusername' variable is directly concatenated into the SQL query without sanitation, which may lead to SQL Injection.
BL: `$stmt = $stmt = $db->conn->query(""SELECT * FROM $tbl_name WHERE username='$myusername'"");`
BUG FOUND: YES

SE: The '$tbl_name' variable is directly concatenated into the SQL query without sanitation, which may lead to SQL Injection.
BL: `$vstmt = $vdb->conn->prepare(""UPDATE $tbl_name SET verified = :verify WHERE id = :uid"");`
BUG FOUND: YES",buggy
325," SE: The '$_GET['comment_to_edit']' and '$_GET['comment_to_delete']' are directly used in SQL queries without sanitation.
BL: `$comment_action = update_user_comment_guestbook(array('comment_id' => $_GET['comment_to_edit'], 'content' => $_POST['content']), $_POST['key']);`
BL: `delete_user_comment_guestbook($_GET['comment_to_delete']);`
BUG FOUND: YES",buggy
303," SE: The 'query' variable is directly concatenated into the SQL command without sanitation, which may lead to SQL Injection.
BL: `rows, err := _datastore.DB.Query(query)`
BUG FOUND: YES",buggy
325," SE: The '$_GET['comment_to_edit']' and '$_GET['comment_to_delete']' are directly used in SQL queries without sanitation.
BL: `$comment_action = update_user_comment_guestbook(array('comment_id' => $_GET['comment_to_edit'], 'content' => $_POST['content']), $_POST['key']);`
BL: `delete_user_comment_guestbook($_GET['comment_to_delete']);`
BUG FOUND: YES",not_buggy
317," SE: The ':like' parameter in the SQL query is directly concatenated into the query without proper sanitation, which may lead to SQL injection.
BL: `result_to_hash select_using_uke_stations_sql(sql.gsub(':uke_import_id', @active_import.id.to_s).gsub(':like', conn.quote_string(@q)))`
BUG FOUND: YES",buggy
335," SE: The variable '$word' is directly concatenated into the SQL query without sanitation, which may lead to SQL Injection.
BL: `$sql = 'SELECT word_id FROM ' . SEARCH_WORDLIST_TABLE . ' WHERE word_text = ""' . $word . '""';`
BUG FOUND: YES

SE: The variable '$word' is directly concatenated into the SQL query without sanitation, which may lead to SQL Injection.
BL: `$sql = 'SELECT search_keywords, last_time FROM ' . $this->searchresults_table . ' WHERE search_keywords = ""' . $word . '""';`
BUG FOUND: YES

SE: The variable '$row['search_keywords']' is directly concatenated into the SQL query without sanitation, which may lead to SQL Injection.
BL: `$sql = 'SELECT search_keywords, last_time FROM ' . $this->searchresults_table . ' WHERE search_keywords = \'' . $this->db->sql_escape($row['search_keywords']) . '\'';`
BUG FOUND: NO (The sql_escape function is used to sanitize the input)

SE: The variable '$row['search_keywords']' is directly concatenated into the SQL query without sanitation, which may lead to SQL Injection.
BL: `$sql = 'UPDATE ' . $this->searchresults_table . ' SET hits = hits + 1, ' . $this->db->sql_build_array('UPDATE', $fields) . ' WHERE search_keywords = \'' . $this->db->sql_escape($row['search_keywords']) . '\'';`
BUG FOUND: NO (The sql_escape function is used to sanitize the input)

SE: The variable '$prune['hits']' and '$prune['last_time']' are directly concatenated into the SQL query without sanitation, which may lead to SQL Injection.
BL: `$sql = 'DELETE FROM ' . $this->searchresults_table . ' WHERE hits < ' . $prune['hits'] . ' AND last_time < ' . $prune['last_time'];`
BUG FOUND: NO (The variables are integers and do not need sanitation)",buggy
383," SE: The SQL queries are constructed by concatenating user input without proper sanitization, which may lead to SQL Injection.
BL: `$apiInfo = $this->select(""SELECT count(*) FROM "" . prefixTable('api') . "" WHERE value='"".$inputData['apikey'].""' AND label='"".$inputData['login'].""'"");`
BL: `$userInfoRes = $this->select(""SELECT id, pw, public_key, private_key, personal_folder, fonction_id, groupes_visibles, groupes_interdits, user_api_key FROM "" . prefixTable('users') . "" WHERE login='"".$inputData['login'].""'"");`
BL: `$rows = $this->select(""SELECT * FROM "" . prefixTable('roles_values') . "" WHERE role_id IN ("".$userFunctionId."") AND type IN ('W', 'ND', 'NE', 'NDNE', 'R')"");`
BL: `$rows = $this->select(""SELECT id, id_tree FROM "" . prefixTable('items') . "" WHERE restricted_to LIKE '"".$userInfo['id'].""'"".(empty($userFunctionId) === false ? ' AND id_tree NOT IN ('.$userFunctionId.')' : ''));`
BL: `$rows = $this->select(""SELECT i.id_tree, r.item_id FROM "" . prefixTable('items') . "" as i INNER JOIN "" . prefixTable('restriction_to_roles') . "" as r ON (r.item_id=i.id) WHERE "".(empty($userFunctionId) === false ? ' id_tree NOT IN ('.$userFunctionId.') AND ' : '')."" i.id_tree != '' ORDER BY i.id_tree ASC"");`
BL: `$rows = $this->select('SELECT id FROM ' . prefixTable('nested_tree') . ' WHERE title = '.$userInfo['id'].' AND personal_folder = 1'.(empty($userFunctionId) === false ? ' AND id NOT IN ('.$userFunctionId.')' : '').' LIMIT 0,1');`
BUG FOUND: YES",not_buggy
317," SE: The ':like' parameter in the SQL query is directly concatenated with user input without proper sanitization, which may lead to SQL injection.
BL: `result_to_hash select_using_uke_stations_sql(sql.gsub(':uke_import_id', @active_import.id.to_s).gsub(':like', conn.quote('%'+@q.to_s+'%')))`
BUG FOUND: YES",not_buggy
307," SE: The 'field', 'op', and 'data' values from the 'filters' array are directly used in the SQL query without sanitation.
BL: `$query->where($filter['field'], $filter['op'], $filter['data']);`
BUG FOUND: YES

Explanation: The code is using Laravel's query builder to construct SQL queries. However, it is directly using the 'field', 'op', and 'data' values from the 'filters' array in the where clause without proper sanitation. This could potentially lead to SQL injection if an attacker is able to manipulate the values in the 'filters' array. To fix this issue, the code should use parameter binding or other methods to sanitize the input before using it in the SQL query.",buggy
378," SE: The '$_GET[""status""]' and '$_GET[""lu""]' are directly concatenated into SQL query without proper sanitation.
BL: `$wpdb->query('UPDATE `'.$wpdb->prefix.$this->table_messages.'` SET paid='.esc_sql($_GET[""status""]).' WHERE id='.$_GET['lu']);`
BUG FOUND: YES",buggy
303," SE: The SQL query in the function 'SetMessageVisibilityForUserID' is constructed by concatenating strings, which may lead to SQL injection if the 'userID' parameter is not properly sanitized.
BL: `query := ""SELECT messages.id, user_id, body, title, subtitle, image, link, eventType, hidden_at, timestamp, display_name, display_color, created_at, disabled_at, previous_names, namechanged_at, authenticated_at, scopes, type FROM messages INNER JOIN users ON messages.user_id = users.id WHERE user_id IS ?""`
BUG FOUND: YES",not_buggy
375," SE: The function `_prepareWhere` decodes a JSON string and uses the decoded values directly in an SQL query without proper sanitation, which could lead to SQL injection.
BL: `$itemsSearch[] = $this->_prepareScalarCondition($key, $val);`
BUG FOUND: YES",buggy
378," SE: The '$_GET[""status""]' and '$_GET[""lu""]' are directly concatenated into SQL query without proper sanitation.
BL: `$wpdb->query('UPDATE `'.$wpdb->prefix.$this->table_messages.'` SET paid='.esc_sql($_GET[""status""]).' WHERE id='.intval($_GET['lu']));`
BUG FOUND: YES",not_buggy
375," SE: The function `_prepareWhere` concatenates user input into an SQL query without proper sanitization, potentially leading to SQL injection.

BL: `return implode("" AND "", $this->_parseWhere($search));`

BUG FOUND: YES",not_buggy
8635," SE: The method `addConditionParam` concatenates the `$condition` parameter directly into the SQL query without proper sanitization, which may lead to SQL injection.
BL: `$conditionString .= ' ' . $value['concatenator'] . ' ' . $key . ' ';`
BUG FOUND: YES",buggy
333," SE: The '$_GET['key']' and '$_GET['info_hash']' variables are directly concatenated into SQL queries without proper sanitization, which may lead to SQL Injection.
BL: `mysql_query('INSERT INTO `peer` (`peer_id`, `user_agent`, `ip_address`, `key`, `port`) ' . ""VALUES ('"" . mysql_real_escape_string(bin2hex($_GET['peer_id'])) . ""', '"" . mysql_real_escape_string(substr($_SERVER['HTTP_USER_AGENT'], 0, 80)) . ""', INET_ATON('"" . mysql_real_escape_string($_SERVER['REMOTE_ADDR']) . ""'), '"" . mysql_real_escape_string(sha1($_GET['key'])) . ""', "" . intval($_GET['port']) . "") "" . 'ON DUPLICATE KEY UPDATE `peer_id`=VALUES(`peer_id`), `user_agent` = VALUES(`user_agent`), `ip_address` = VALUES(`ip_address`), `key`=VALUES(`key`), `port` = VALUES(`port`), `id` = LAST_INSERT_ID(`peer`.`id`)')`
BL: `mysql_query(""INSERT INTO `torrent` (`hash`) VALUES ('"" . mysql_real_escape_string(bin2hex($_GET['info_hash'])) . ""') "" . ""ON DUPLICATE KEY UPDATE `id` = LAST_INSERT_ID(`id`)"")`
BUG FOUND: YES",buggy
402," SE: The 'value' variable is directly concatenated into the SQL query without sanitation, which may lead to SQL injection.
BL: `$value = $operator === '=' ? $db->quote(""%,"". $value . "",%"") : $db->quote(""%,%"" .Helper::escapeLike($value). ""%,%"");`
BUG FOUND: YES",not_buggy
407," SE: The '$_GET['dni_profe']' variable is directly concatenated into the SQL query without sanitation, which may lead to SQL injection.
BL: `mysqli_query($db_con, ""delete from departamentos where dni = '"".$_GET['dni_profe'].""'"");`
BUG FOUND: YES",buggy
402," SE: The 'value' variable is directly concatenated into an SQL query without sanitation.
BL: `$value = $operator === '=' ? ""'%,"".$value."",%'"" : ""'%,%"".$value.""%,%'"";`
BUG FOUND: YES

Explanation:
The variable 'value' is directly concatenated into an SQL query in the getFilterConditionExt() method. This can lead to SQL injection if the 'value' variable contains any malicious SQL code. It is recommended to use prepared statements or parameterized queries to prevent SQL injection attacks.",buggy
407," SE: The variable '$dni_profe' is directly concatenated into the SQL query without sanitation, which may lead to SQL Injection.
BL: `mysqli_query($db_con, ""delete from departamentos where dni = '"".$dni_profe.""'"");`
BUG FOUND: YES",not_buggy
405," SE: The SQL query is constructed using string concatenation, which may be vulnerable to SQL injection if the input is not properly sanitized.
BL: `$query = $this->db->prepare(""SELECT * FROM {$this->tb_prefix}sms_subscribes {$where} {$orderby} LIMIT %d OFFSET %d"", $params);`
BUG FOUND: YES",not_buggy
405," SE: The SQL query in the 'get_data' function is directly concatenating user input from the '$_GET' superglobal without proper sanitization or prepared statements, which could lead to SQL injection.
BL: `$query = $this->db->prepare(""SELECT * FROM {$this->tb_prefix}sms_subscribes {$where} {$orderby} LIMIT %d OFFSET %d"", $this->limit, $page_number);`
BUG FOUND: YES",buggy
8635," SE: The 'condition' variable is directly concatenated into the SQL query without sanitation.
BL: `$conditionString .= ' ' . $value['concatenator'] . ' ' . $key . ' ';`
BUG FOUND: YES

Explanation: The 'condition' variable is directly concatenated into the SQL query without sanitation, which can lead to SQL injection attacks. The 'condition' variable is not properly escaped or parameterized, allowing an attacker to inject malicious SQL code into the query. This can be mitigated by using parameterized queries or prepared statements, which ensure that user input is properly escaped and cannot be used to inject malicious SQL code.",not_buggy
4931," SE: The 'query_string' variable is directly used in the 'cursor.execute' method without sanitation, which may lead to SQL Injection.
BL: `proxy = cursor.execute(qs)`
BUG FOUND: YES",not_buggy
4931," SE: The 'query_string' variable is directly used in the 'cursor.execute' method without sanitation, which may lead to SQL injection.
BL: `proxy = cursor.execute(qs)`
BUG FOUND: YES",buggy
372," SE: The variables '$this->crawler_ip' and '$this->crawler_useragent' are directly concatenated into SQL queries without parameterized statements, which can lead to SQL injection if the variables contain malicious input.
BL: `$this->dbhandle->query(""SELECT crawler_ip FROM crawlers WHERE crawler_ip='$this->ip' AND crawler_useragent='$this->useragent'"");`
BUG FOUND: YES

SE: The variables '$this->crawler_ip' and '$this->crawler_useragent' are directly concatenated into SQL queries without parameterized statements, which can lead to SQL injection if the variables contain malicious input.
BL: `$last_seen_query = $this->dbhandle->query(""SELECT strftime('%s',datetime('now','localtime')) - strftime('%s',last_alert) FROM crawlers WHERE crawler_ip='"" . $this->crawler_ip . ""' AND crawler_useragent='"" . $this->crawler_useragent . ""'"") or die(sqlite_error_string($this->dbhandle->lastError()));;`
BUG FOUND: YES

SE: The variables '$this->crawler_ip' and '$this->crawler_useragent' are directly concatenated into SQL queries without parameterized statements, which can lead to SQL injection if the variables contain malicious input.
BL: `$last_alert_query = $this->dbhandle->query(""UPDATE crawlers SET last_alert=datetime('now','localtime') WHERE crawler_ip='"" . $this->crawler_ip . ""' AND crawler_useragent='"" . $this->crawler_useragent . ""'"");`
BUG FOUND: YES

SE: The variables '$this->crawler_ip' and '$this->crawler_useragent' are directly concatenated into SQL queries without parameterized statements, which can lead to SQL injection if the variables contain malicious input.
BL: `$this->dbhandle->query(""UPDATE crawlers SET last_seen = datetime('now','localtime'), num_hits=num_hits+1 WHERE crawler_ip='"" . $this->crawler_ip . ""' AND crawler_useragent='"" . $this->crawler_useragent . ""'"");`
BUG FOUND: YES

SE: The variable '$crawler_rdns' is directly concatenated into an SQL query without parameterized statements, which can lead to SQL injection if the variable contains malicious input.
BL: `$this->dbhandle->query(""INSERT INTO crawlers(crawler_ip, crawler_rdns, crawler_useragent, first_seen, last_seen, num_hits) VALUES('"" . $this->crawler_ip . ""', '$crawler_rdns', '"" . $this->crawler_useragent . ""', datetime('now','localtime'), datetime('now','localtime'), 1)"");`
BUG FOUND: YES",not_buggy
372," SE: The variables '$ip' and '$useragent' are directly concatenated into the SQL query without sanitation, which may lead to SQL Injection.
BL: `$this->crawler_info = $this->dbhandle->query(""SELECT crawler_ip FROM crawlers WHERE crawler_ip='$ip' AND crawler_useragent='$useragent'"");`
BUG FOUND: YES

Additionally, there are other lines in the code that may be vulnerable to SQL Injection, such as:

SE: The variable '$this->crawler_ip' and '$this->crawler_useragent' are directly concatenated into the SQL query without sanitation, which may lead to SQL Injection.
BL: `$last_seen_query = $this->dbhandle->query(""SELECT strftime('%s',datetime('now','localtime')) - strftime('%s',last_alert) FROM crawlers WHERE crawler_ip='"" . $this->crawler_ip . ""' AND crawler_useragent='"" . $this->crawler_useragent . ""'"") or die(sqlite_error_string($this->dbhandle->lastError()));;`

SE: The variable '$this->crawler_ip' and '$this->crawler_useragent' are directly concatenated into the SQL query without sanitation, which may lead to SQL Injection.
BL: `$last_alert_query = $this->dbhandle->query(""UPDATE crawlers SET last_alert=datetime('now','localtime') WHERE crawler_ip='"" . $this->crawler_ip . ""' AND crawler_useragent='"" . $this->crawler_useragent . ""'"");`

SE: The variable '$this->crawler_ip' and '$this->crawler_useragent' are directly concatenated into the SQL query without sanitation, which may lead to SQL Injection.
BL: `$this->dbhandle->query(""UPDATE crawlers SET last_seen = datetime('now','localtime'), num_hits=num_hits+1 WHERE crawler_ip='"" . $this->crawler_ip . ""' AND crawler_useragent='"" . $this->crawler_useragent . ""'"");`

SE: The variable '$this->crawler_ip', '$crawler_rdns', and '$this->crawler_useragent' are directly concatenated into the SQL query without sanitation, which may lead to SQL Injection.
BL: `$this->dbhandle->query(""INSERT INTO crawlers(crawler_ip, crawler_rdns, crawler_useragent, first_seen, last_seen, num_hits) VALUES('"" . $this->crawler_ip . ""', '$crawler_rdns', '"" . $this->crawler_useragent . ""', datetime('now','localtime'), datetime('now','localtime'), 1)"");`",buggy
8916," SE: The SQL query in the 'QUERY_BROWSE' constant is directly concatenating the language parameter into the SQL command without sanitation.
BL: `'SELECT i.id, i.name, i.email, i.method, (SELECT COUNT(fd.form_id) FROM forms_data AS fd WHERE fd.form_id = i.id) AS sent_forms FROM forms AS i WHERE i.language = ?'`
BUG FOUND: YES",buggy
8916," SE: The SQL query in the 'QUERY_BROWSE' constant directly concatenates the language parameter into the SQL command without sanitation, which may lead to SQL Injection.
BL: `'SELECT i.id, i.name, i.email, i.method, (SELECT COUNT(fd.form_id) FROM forms_data AS fd WHERE fd.form_id = i.id) AS sent_forms FROM forms AS i WHERE i.language = ?'`
BUG FOUND: YES",not_buggy
8545," SE: The SQL query in the 'record' function is directly concatenating the 'type' and 'id' variables into the SQL command without proper sanitization, which could lead to SQL injection.
BL: `$exist = $wpdb->get_row( ""SELECT `page_id` FROM `"" . DB::table( 'pages' ) . ""` WHERE `date` = '"" . TimeZone::getCurrentDate( 'Y-m-d' ) . ""' "" . ( array_key_exists( ""search_query"", $current_page ) === true ? ""AND `uri` = '"" . $page_uri . ""'"" : """" ) . ""AND `type` = '{$current_page['type']}' AND `id` = {$current_page['id']}"", ARRAY_A );`
BUG FOUND: YES",buggy
8545," SE: The SQL query in the 'record' function is directly concatenating the 'page_uri' variable into the SQL command without proper sanitization.
BL: `$exist = $wpdb->get_row( ""SELECT `page_id` FROM `"" . DB::table( 'pages' ) . ""` WHERE `date` = '"" . TimeZone::getCurrentDate( 'Y-m-d' ) . ""' "" . ( array_key_exists( ""search_query"", $current_page ) === true ? ""AND `uri` = '"" . esc_sql( $page_uri ) . ""'"" : """" ) . ""AND `type` = '{$current_page['type']}' AND `id` = {$current_page['id']}"", ARRAY_A );`
BUG FOUND: YES",not_buggy
320," SE: The 'username' and 'password' variables are directly concatenated into the SQL query without proper sanitization, which may lead to SQL injection.
BL: `var strQuery = ""SELECT * FROM adult WHERE username= '"" +connection.escape(username)+""'"" +""AND password= '"" + hashPassword(password)+""'"";`
BUG FOUND: YES

SE: The 'firstName', 'lastName', 'username', 'password', 'packNumber', 'leaderType', 'rankType', and 'phoneNumber' variables are directly concatenated into the SQL query without proper sanitization, which may lead to SQL injection.
BL: `var strQuery = ""INSERT INTO adult VALUES('""+firstName+""', '""+lastName+""', '""+ username + ""', '"" +hashPassword(password) + ""', '"" + packNumber+""', '""+ leaderType +""', '""+ rankType+""', '""+phoneNumber+ ""', 'NULL')"";`
BUG FOUND: YES

SE: The 'firstName', 'lastName', 'username', 'password', 'packNumber', 'leaderType', 'rankType', and 'phoneNumber' variables are directly concatenated into the SQL query without proper sanitization, which may lead to SQL injection.
BL: `var strQuery = ""UPDATE adult SET first_name=""+firstName+"", last_name=""+lastName+"", username=""+ username + "", password="" +hashPassword(password) + "", pack_number="" + packNumber+"", leader_type=""+ leaderType +"", rank_type=""+ rankType+"", phone_number=""+phoneNumber+ ""WHERE adult_id=""+id;`
BUG FOUND: YES

SE: The 'name', 'description', 'categoryID', and 'numElectives' variables are directly concatenated into the SQL query without proper sanitization, which may lead to SQL injection.
BL: `var strQuery = ""INSERT INTO achievement VALUES('""+name+""', '"" + description + ""', '"" + categoryID +""', '""+ numElectives+ ""', 'NULL')"";`
BUG FOUND: YES

SE: The 'name', 'description', 'rankID', and 'numAchievments' variables are directly concatenated into the SQL query without proper sanitization, which may lead to SQL injection.
BL: `var strQuery = ""INSERT INTO category VALUES('""+name+""', '"" + description + ""', '"" + rankID+""', '""+numAchievments+ ""', 'NULL')"";`
BUG FOUND: YES

SE: The 'name' and 'description' variables are directly concatenated into the SQL query without proper sanitization, which may lead to SQL injection.
BL: `var strQuery = ""INSERT INTO rank VALUES('""+name+""', '"" + description + ""', 'NULL')"";`
BUG FOUND: YES

SE: The 'recordRankType', 'dateDone', 'requirementID', and 'scoutID' variables are directly concatenated into the SQL query without proper sanitization, which may lead to SQL injection.
BL: `var",buggy
379," SE: The variable '$lid' is directly concatenated into the SQL query without sanitation, which may lead to SQL injection.
BL: `$q = ""select l.lid, l.cid, l.title, l.ext, l.res_x, l.res_y, l.bgcolor, l.status, l.members, l.date, l.hits, l.rating, l.votes, l.comments, l.submitter, t.description, l.gametype, l.license, l.classfile from "".$xoopsDB->prefix(""flashgames_games"")."" l, "".$xoopsDB->prefix(""flashgames_text"")."" t where l.lid=$lid and l.lid=t.lid and status>0"";`
BUG FOUND: YES",buggy
379," SE: The variable '$lid' is directly concatenated into the SQL query without sanitation, which may lead to SQL injection.
BL: `$q = ""select l.lid, l.cid, l.title, l.ext, l.res_x, l.res_y, l.bgcolor, l.status, l.members, l.date, l.hits, l.rating, l.votes, l.comments, l.submitter, t.description, l.gametype, l.license, l.classfile from "".$xoopsDB->prefix(""flashgames_games"")."" l, "".$xoopsDB->prefix(""flashgames_text"")."" t where l.lid=$lid and l.lid=t.lid and status>0"";`
BUG FOUND: YES",not_buggy
393," SE: The '$type' variable is directly concatenated into the SQL command without proper sanitization, which may lead to SQL injection.
BL: `$sql = ""SELECT id FROM scheduled_report_types WHERE identifier="".$db->escape($type);`
BUG FOUND: YES",not_buggy
392," SE: The 'block_ip' variable is directly concatenated into the SQL query without sanitation, which may lead to SQL injection.
BL: `$where = ""block_ip = '"". t3lib_div::_GP('block_ip') .""'"";`
BUG FOUND: YES",buggy
305," SE: The '$_POST['name']' and '$_POST['id']' variables are directly concatenated into SQL queries without sanitation, which may lead to SQL injection vulnerabilities.
BL: `$q = ""UPDATE "".$_SESSION['dbprefix'].""people SET form = '"".$c->real_escape_string(json_encode($array)).""', name =  '"".$c->real_escape_string($_POST['name']).""', `updated` =  '"".time().""' WHERE  id = "".($_POST['id'])."";""`
BUG FOUND: YES",buggy
305," SE: The '$_POST['id']' is directly concatenated into the SQL query without sanitation.
BL: `$q = ""UPDATE `"".$_SESSION['dbprefix'].""people` SET `form` = '"".$c->real_escape_string(json_encode($array)).""', `name` = '"".$c->real_escape_string($_POST['name']).""', `updated` = '"".time().""' WHERE `id` = '"".$c->real_escape_string($_POST['id']).""';""`
BUG FOUND: YES",not_buggy
392," SE: The variable '$row['block_ip']' is directly concatenated into the SQL query without sanitation, which may lead to SQL injection.
BL: `$res = $GLOBALS['TYPO3_DB']->exec_SELECTquery('*', 'tx_mhhttpbl_blocklog', $where, '', $order);`
BUG FOUND: YES",not_buggy
384," SE: The $query variable is directly concatenated into the SQL query without proper sanitation, which may lead to SQL injection.
BL: `$queryCondition = '( MATCH (`data`,`properties`) AGAINST (' . $db->quote($query) . ' IN BOOLEAN MODE) )';`
BUG FOUND: YES",buggy
393," SE: The '$type' variable is directly concatenated into the SQL query without sanitation.
BL: `$sql = ""SELECT id FROM scheduled_report_types WHERE identifier="".$db->escape($type);`
BUG FOUND: YES

Explanation: The variable '$type' is directly concatenated into the SQL query without proper sanitation, which could potentially lead to SQL injection attacks. The function `$db->escape()` is used to sanitize the input, but it is not enough to prevent all types of SQL injection attacks. It is recommended to use prepared statements or parameterized queries to prevent SQL injection.",buggy
8535," SE: The variable $search_term_safe is directly concatenated into the SQL query without sanitation.
BL: `$sql_find = ""SELECT * FROM $courseTable course WHERE ( course.code LIKE '%"".$search_term_safe.""%' OR course.title LIKE '%"".$search_term_safe.""%' OR course.tutor_name LIKE '%"".$search_term_safe.""%' ) $avoidCoursesCondition $visibilityCondition ORDER BY title, visual_code ASC $limitFilter "";`
BUG FOUND: YES",buggy
384," SE: The variable $query is directly concatenated into the SQL query without sanitation, which may lead to SQL injection.
BL: `$queryCondition = '( MATCH (`data`,`properties`) AGAINST (' . $db->quote($query) . ' IN BOOLEAN MODE) )';`
BUG FOUND: YES",not_buggy
8535," SE: The variable $search_term_safe is directly concatenated into the SQL query without sanitation, which may lead to SQL Injection.
BL: `$sql_find = ""SELECT * FROM $courseTable course WHERE ( course.code LIKE '%"".$search_term_safe.""%' OR course.title LIKE '%"".$search_term_safe.""%' OR course.tutor_name LIKE '%"".$search_term_safe.""%' ) $avoidCoursesCondition $visibilityCondition ORDER BY title, visual_code ASC $limitFilter "";`
BUG FOUND: YES",not_buggy
333," SE: The '$_GET' variables are directly concatenated into SQL queries without proper sanitation, which may lead to SQL Injection.
BL: `mysql_query('INSERT INTO `peer` (`peer_id`, `user_agent`, `ip_address`, `key`, `port`) ' . ""VALUES ('"" . mysql_real_escape_string(bin2hex($_GET['peer_id'])) . ""', '"" . mysql_real_escape_string(substr($_SERVER['HTTP_USER_AGENT'], 0, 80)) . ""', INET_ATON('"" . mysql_real_escape_string($_SERVER['REMOTE_ADDR']) . ""'), '"" . mysql_real_escape_string(sha1($_GET['key'])) . ""', "" . intval($_GET['port']) . "") "" . 'ON DUPLICATE KEY UPDATE `peer_id`=VALUES(`peer_id`), `user_agent` = VALUES(`user_agent`), `ip_address` = VALUES(`ip_address`), `key`=VALUES(`key`), `port` = VALUES(`port`), `id` = LAST_INSERT_ID(`peer`.`id`)')`
BUG FOUND: YES

SE: The '$_GET' variables are directly concatenated into SQL queries without proper sanitation, which may lead to SQL Injection.
BL: `mysql_query(""INSERT INTO `torrent` (`hash`) VALUES ('"" . mysql_real_escape_string(bin2hex($_GET['info_hash'])) . ""') "" . ""ON DUPLICATE KEY UPDATE `id` = LAST_INSERT_ID(`id`)"")`
BUG FOUND: YES

SE: The '$_GET' variables are directly concatenated into SQL queries without proper sanitation, which may lead to SQL Injection.
BL: `mysql_query('INSERT INTO peer_torrent (peer_id, torrent_id, uploaded, downloaded, `left`, attempt, `last_updated`) ' . 'SELECT ' . $pk_peer . ', `torrent`.`id`, ' . intval($_GET['uploaded']) . ', ' . intval($_GET['downloaded']) . ', ' . intval($_GET['left']) . ', ' . 0 . ', UTC_TIMESTAMP() ' . 'FROM `torrent` ' . ""WHERE `torrent`.`hash` = '"" . mysql_real_escape_string(bin2hex($_GET['info_hash'])) . ""' "" . 'ON DUPLICATE KEY UPDATE `uploaded` = VALUES(`uploaded`), `downloaded` = VALUES(`downloaded`), `left` = VALUES(`left`), ' . 'state=' . $state . ', attempt=' . $attempt . ', ' . 'last_updated = VALUES(`last_updated`), ')`
BUG FOUND: YES

SE: The '$_GET' variables are directly concatenated into SQL queries without proper sanitation, which may lead to SQL Injection.
BL: `$q =",not_buggy
4627," SE: The code does not contain any lines that may contain a bug of type CWE-89 (Improper Neutralization of Special Elements used in an SQL Command ('SQL Injection')). All SQL queries are parameterized, which prevents SQL injection attacks.

BL: N/A

BUG FOUND: NO",not_buggy
8566," SE: The method readData uses string concatenation to build an SQL query, which may be vulnerable to SQL injection if the $sqlWhereCondition parameter is not properly sanitized.
BL: `$sql = 'SELECT * FROM '.$this->tableName.' '.$sqlAdditionalTables.' WHERE '.$sqlWhereCondition;`
BUG FOUND: YES",not_buggy
4627," SE: The SQL query in the 'stmtBuscarNome', 'stmtBuscarCPF', and 'stmtBuscarEmail' variables is concatenating user input directly into the query without proper sanitation, which may lead to SQL Injection.
BL: `stmt = con.prepareStatement(stmtBuscarNome + ""'%"" + nome + ""%' and (perfil = 2 or perfil = 3) and inativo=false order by nome"");`
BUG FOUND: YES",buggy
8566," SE: The method `readData` concatenates the `$sqlWhereCondition` string directly into the SQL query without proper sanitization, which may lead to SQL injection.
BL: `$sql = 'SELECT * FROM '.$this->tableName.' '.$sqlAdditionalTables.' WHERE '.$sqlWhereCondition;`
BUG FOUND: YES",buggy
8596," SE: The variable '$username' is directly concatenated into the SQL command without sanitation, which may lead to SQL injection.
BL: `$stmt = Database::prepare(""DROP USER :username@:host"");`
BUG FOUND: YES

SE: The variable '$host' is directly concatenated into the SQL command without sanitation, which may lead to SQL injection.
BL: `$stmt = Database::prepare(""DROP USER :username@:host"");`
BUG FOUND: YES

SE: The variable '$username' is directly concatenated into the SQL command without sanitation, which may lead to SQL injection.
BL: `$stmt = Database::prepare(""DROP USER IF EXISTS :username@:host"");`
BUG FOUND: YES

SE: The variable '$host' is directly concatenated into the SQL command without sanitation, which may lead to SQL injection.
BL: `$stmt = Database::prepare(""DROP USER IF EXISTS :username@:host"");`
BUG FOUND: YES

SE: The variable '$username' is directly concatenated into the SQL command without sanitation, which may lead to SQL injection.
BL: `$stmt = Database::prepare(""REVOKE ALL PRIVILEGES ON * . * FROM `"" . $username . ""`@`"" . $host . ""`"");`
BUG FOUND: YES

SE: The variable '$host' is directly concatenated into the SQL command without sanitation, which may lead to SQL injection.
BL: `$stmt = Database::prepare(""REVOKE ALL PRIVILEGES ON * . * FROM `"" . $username . ""`@`"" . $host . ""`"");`
BUG FOUND: YES

SE: The variable '$username' is directly concatenated into the SQL command without sanitation, which may lead to SQL injection.
BL: `$exist_check_stmt = Database::prepare(""SELECT EXISTS(SELECT 1 FROM mysql.user WHERE user = '"" . $username . ""' AND host = '"" . $host . ""')"");`
BUG FOUND: YES

SE: The variable '$host' is directly concatenated into the SQL command without sanitation, which may lead to SQL injection.
BL: `$exist_check_stmt = Database::prepare(""SELECT EXISTS(SELECT 1 FROM mysql.user WHERE user = '"" . $username . ""' AND host = '"" . $host . ""')"");`
BUG FOUND: YES

SE: The variable '$username' is directly concatenated into the SQL command without sanitation, which may lead to SQL injection.
BL: `Database::query('GRANT ALL PRIVILEGES ON `' . $username . '`.* TO `' . $username . '`@`' . $host . '`');`
BUG FOUND: YES

SE: The variable '$host' is directly concatenated into the SQL command without sanitation, which may lead to SQL injection.
BL: `Database::query('GRANT ALL PRIVILEGES ON `' . $",not_buggy
8611," SE: The 'terms' variable is directly concatenated into the SQL query without sanitation, which may lead to SQL injection.
BL: `$terms = implode( ',', $terms );`
BUG FOUND: YES",not_buggy
323," SE: The SQL query in the 'connection.query' function is directly concatenating user input without proper sanitization, which may lead to SQL injection.
BL: `var query = connection.query('UPDATE Section SET ? where id=?', [body, id], function(err, rows, fields){`
BUG FOUND: YES",not_buggy
8611," SE: The 'terms' variable is directly used in the SQL query without sanitation, which could potentially lead to SQL injection if the 'terms' variable is user-supplied.
BL: `$terms = implode( ',', $terms ); $where = ""$alias.term_taxonomy_id $operator ($terms)"";`
BUG FOUND: YES",buggy
4155," SE: The 'req.params.shortname' is directly concatenated into the SQL query without sanitation, which may lead to SQL injection.
BL: `connection.query('SELECT * FROM bi_posts where shortname = ' + connection.escape(req.params.shortname), function(err, rows) {`
BUG FOUND: YES",buggy
408," SE: The '$property' and '$value' variables are directly concatenated into the SQL query without sanitation, which may lead to SQL Injection.
BL: `$rows = $wpdb->get_results( 'SELECT * FROM ' . static::table_name() . ' WHERE ' . $property .  ' = \'' . $value . '\'' );`
BUG FOUND: YES

SE: The '$where' variable is directly concatenated into the SQL query without sanitation, which may lead to SQL Injection.
BL: `$rows = $wpdb->get_results( 'SELECT * FROM ' . static::table_name() . ' WHERE ' . $where );`
BUG FOUND: YES

SE: The '$sql_suffix' variable is directly concatenated into the SQL query without sanitation, which may lead to SQL Injection.
BL: `$rows = $wpdb->get_results( 'SELECT * FROM ' . static::table_name() . ' ' . $sql_suffix );`
BUG FOUND: YES

SE: The '$attribute' and '$value' variables are directly concatenated into the SQL query without sanitation, which may lead to SQL Injection.
BL: `$sql = sprintf( ""UPDATE %s SET %s = '%s' WHERE id = %s"", static::table_name(), $attribute, mysqli_real_escape_string($value), $this->id );`
BUG FOUND: YES

SE: The '$this->id' variable is directly concatenated into the SQL query without sanitation, which may lead to SQL Injection.
BL: `$sql = 'DELETE FROM ' . static::table_name() . ' WHERE id = ' . $this->id;`
BUG FOUND: YES",not_buggy
304," SE: The 'condition' string is directly concatenated into the SQL query without sanitation, which may lead to SQL Injection.
BL: `String SQL = ""SELECT a.*,b.book_name FROM bible as a left join book as b on a.book_id=b.book_id where "" + condition + "" order by a.book_id,a.chapter_id limit "" + startIndex + "","" + pageSize;`
BUG FOUND: YES",not_buggy
4155," SE: The 'req.params.shortname' is directly concatenated into an SQL command without sanitation, which may lead to SQL injection.
BL: `connection.query('SELECT * FROM bi_posts where shortname = ' + connection.escape(req.params.shortname), function(err, rows) {`
BUG FOUND: YES",not_buggy
309," SE: The 'dindex' and 'ptype' variables are directly concatenated into the SQL command without sanitation, which may lead to SQL injection.
BL: `row = tx.queryone(""SELECT * FROM gamestat_profile WHERE profileid = ? AND dindex = ? AND ptype = ?"", (profileid, dindex, ptype))`
BUG FOUND: YES",buggy
8641," SE: The 'sql' variable is directly concatenated into the SQL command without sanitation, which may lead to SQL injection.
BL: `executeWithConnection(connection, releaseCb);`
BUG FOUND: YES",buggy
323," SE: The 'id' variable is directly concatenated into the SQL command without sanitation, which may lead to SQL Injection.
BL: `var sql ='SELECT Survey.id as sid, Survey.title AS stitle, Survey.description AS sdesc, Survey.sectionId AS categoryId, Question.id AS qid, Item.id AS iid,question, item, Item.count AS icnt from Survey, Question, Item where Survey.id=' + id +' AND Survey.status=1 AND Question.status=1 AND Item.status=1 AND Question.surveyId=Survey.id AND Item.questionId=Question.id ORDER BY qid,iid;';`
BUG FOUND: YES",buggy
8641," SE: The 'sql' variable is directly concatenated into the SQL command without sanitation, which may lead to SQL injection.
BL: `executeWithConnection(connection, releaseCb);`
BUG FOUND: YES",not_buggy
304," SE: The 'query' variable is directly concatenated into the SQL command without sanitation, which may lead to SQL Injection.
BL: `String SQL = ""SELECT bible.*,book.book_name FROM "" + bible.getTableName() + "" as bible left join "" + book.getTableName() + "" as book on bible.book_id=book.book_id where "" + condition + "" order by bible.book_id,bible.chapter_id limit "" + startIndex + "","" + pageSize;`
BUG FOUND: YES",buggy
4738," SE: The function `object_modify` concatenates user input into a SQL query without proper sanitization, which may lead to SQL injection.
BL: `$this->Database->insertObject($table, $values);`
BUG FOUND: YES",not_buggy
4738," SE: The function `replace_fields` concatenates user input directly into an SQL query without proper sanitization, which may lead to SQL injection.
BL: `$query = ""update `ipaddresses` set `$field` = replace(`$field`, ?, ?);""`
BUG FOUND: YES",buggy
315," SE: The user input from $_GET['searchstring'] is directly concatenated into SQL queries without sanitation.
BL: `$query = ""SELECT * FROM domain AS a WHERE domain_name LIKE '%"".$_GET['searchstring'].""%' AND "".$allowed_domains1.""') ORDER BY domain_name"";`
BUG FOUND: YES

SE: The user input from $_GET['searchstring'] is directly concatenated into SQL queries without sanitation.
BL: `$query = ""SELECT DISTINCT a.username, a.domain_name FROM virtual as v, accountuser as a WHERE ((v.username LIKE '%"".$_GET['searchstring'].""%') OR (v.alias LIKE '%"".$_GET['searchstring'].""%')) AND (v.username=a.username) AND "".$allowed_domains1.""') ORDER BY username"";`
BUG FOUND: YES

SE: The user input from $_GET['searchstring'] is directly concatenated into SQL queries without sanitation.
BL: `$query = ""SELECT DISTINCT a.* FROM virtual as v, accountuser as a WHERE ((v.username LIKE '%"".$_GET['searchstring'].""%') OR (v.alias LIKE '%"".$_GET['searchstring'].""%')) AND (v.username=a.username) AND "".$allowed_domains1.""') ORDER BY username"";`
BUG FOUND: YES

SE: The user input from $_GET['searchstring'] is directly concatenated into SQL queries without sanitation.
BL: `$query3 = ""SELECT DISTINCT alias, username FROM virtual WHERE (((dest LIKE '%"".$_GET['searchstring'].""%') OR (alias LIKE '%"".$_GET['searchstring'].""%')) AND (dest <> username) AND (username<>'')) AND "".$allowed_domains3.""') ORDER BY username"";`
BUG FOUND: YES",buggy
408," SE: The '$property' and '$value' variables are directly concatenated into the SQL command without sanitation, which may lead to SQL Injection.
BL: `$rows = $wpdb->get_results( 'SELECT * FROM ' . static::table_name() . ' WHERE ' . $property . ' = \'' . $value . '\'' );`
BUG FOUND: YES

SE: The '$where' variable is directly concatenated into the SQL command without sanitation, which may lead to SQL Injection.
BL: `$rows = $wpdb->get_results( 'SELECT * FROM ' . static::table_name() . ' WHERE ' . $where );`
BUG FOUND: YES

SE: The '$sql_suffix' variable is directly concatenated into the SQL command without sanitation, which may lead to SQL Injection.
BL: `$rows = $wpdb->get_results( 'SELECT * FROM ' . static::table_name() . ' ' . $sql_suffix );`
BUG FOUND: YES

SE: The '$attribute' and '$value' variables are directly concatenated into the SQL command without sanitation, which may lead to SQL Injection.
BL: `$sql = sprintf( ""UPDATE %s SET %s = '%s' WHERE id = %s"", static::table_name(), $attribute, mysqli_real_escape_string($value), $this->id );`
BUG FOUND: YES

SE: The '$p' variable is directly concatenated into the SQL command without sanitation, which may lead to SQL Injection.
BL: `return sprintf( ""%s = '%s'"", $p, ( is_array($this->$p) ? serialize($this->$p) : $this->$p ) );`
BUG FOUND: YES

SE: The '$p' variable is directly concatenated into the SQL command without sanitation, which may lead to SQL Injection.
BL: `return sprintf( ""'%s'"", $this->$p );`
BUG FOUND: YES",buggy
8633," SE: The 'lineageValue.String' is directly concatenated into the SQL command without sanitation.
BL: `""SELECT lineage FROM states WHERE id = ?"", st.ID`
BUG FOUND: YES",buggy
312," SE: The SQL query is constructed using string concatenation, which may lead to SQL injection if any of the variables used in the concatenation are derived from user input without proper sanitization.
BL: `update_new_dev_tokens_statement = ( ""update user_info set dev_token_first_seen = now() "" ""where dev_token_first_seen is null and "" ""username in ('"" + dev_tokens_string + ""')"" )`
BUG FOUND: YES",buggy
315," SE: The user input from $_GET['searchstring'] is directly concatenated into SQL queries without proper sanitization, which may lead to SQL injection.
BL: `$query = ""SELECT * FROM domain AS a WHERE domain_name LIKE '%"".addslashes($_GET['searchstring']).""%' AND "".$allowed_domains1.""') ORDER BY domain_name"";`
BUG FOUND: YES

SE: The user input from $_GET['searchstring'] is directly concatenated into SQL queries without proper sanitization, which may lead to SQL injection.
BL: `$query = ""SELECT DISTINCT a.username, a.domain_name FROM virtual as v, accountuser as a WHERE ((v.username LIKE '%"".addslashes($_GET['searchstring']).""%') OR (v.alias LIKE '%"".addslashes($_GET['searchstring']).""%')) AND (v.username=a.username) AND "".$allowed_domains1.""') ORDER BY username"";`
BUG FOUND: YES

SE: The user input from $_GET['searchstring'] is directly concatenated into SQL queries without proper sanitization, which may lead to SQL injection.
BL: `$query = ""SELECT DISTINCT a.* FROM virtual as v, accountuser as a WHERE ((v.username LIKE '%"".$_GET['searchstring'].""%') OR (v.alias LIKE '%"".addslashes($_GET['searchstring']).""%')) AND (v.username=a.username) AND "".$allowed_domains1.""') ORDER BY username"";`
BUG FOUND: YES

SE: The user input from $_GET['searchstring'] is directly concatenated into SQL queries without proper sanitization, which may lead to SQL injection.
BL: `$query3 = ""SELECT DISTINCT alias, username FROM virtual WHERE (((dest LIKE '%"".$_GET['searchstring'].""%') OR (alias LIKE '%"".$_GET['searchstring'].""%')) AND (dest <> username) AND (username<>'')) AND "".$allowed_domains3.""') ORDER BY username"";`
BUG FOUND: YES",not_buggy
312," SE: The SQL query is constructed using string concatenation, which may lead to SQL injection if any of the variables used in the concatenation are derived from user input without proper sanitization.
BL: `update_new_dev_tokens_statement = (""update user_info set dev_token_first_seen = now() "" ""where dev_token_first_seen is null and "" ""username in ("" + (""%s, "" * (len(dev_tokens_users) - 1)) + ""%s)"" )`
BUG FOUND: YES",not_buggy
309," SE: The SQL queries in the code are using parameterized queries, which is a good practice to prevent SQL injection. However, if any of the parameters used in these queries are derived from user input and not properly sanitized, there could be a risk of SQL injection.

BL: For example, in the `create_user` function, the `userid`, `password`, `email`, `uniquenick`, `gsbrcd`, `console`, `csnum`, `cfc`, `bssid`, `devname`, `birth`, and `gameid` parameters are used in a SQL query. If any of these parameters are derived from user input and not properly sanitized, there could be a risk of SQL injection.

BUG FOUND: NO, because the code is using parameterized queries, which is a good practice to prevent SQL injection. However, it's important to ensure that any parameters used in these queries are properly sanitized if they are derived from user input.",not_buggy
360," SE: The SQL query in the `delete()` method of the `Build` class concatenates the `queueid` and `id` variables directly into the SQL query without proper sanitization, which may lead to SQL injection.
BL: `cursor.execute(""UPDATE builds SET status = 95 WHERE id = %s"", (self.id,) )`
BUG FOUND: YES",buggy
360," SE: The SQL query in the `delete()` method of the `Build` class concatenates the `queueid` and `id` variables directly into the SQL query without proper sanitization, which may lead to SQL injection.
BL: `cursor.execute(""UPDATE builds SET status = 95 WHERE id = %s"", (self.id,) )`
BUG FOUND: YES",not_buggy
8633," SE: The 'lineage' variable is directly concatenated into the SQL command without sanitation.
BL: `sqlQuery := ""SELECT versions.version_id FROM"" + "" (SELECT states.path, max(states.serial) as mx FROM states GROUP BY states.path) t"" + "" JOIN states ON t.path = states.path AND t.mx = states.serial"" + "" JOIN versions on states.version_id=versions.id"" + "" JOIN lineages on lineages.id=states.lineage_id"" + "" WHERE lineages.value = ?"" + "" ORDER BY versions.last_modified DESC""`
BUG FOUND: YES",not_buggy
8541," SE: The SQL query in the function make_document() concatenates the $encounter variable directly into the query without proper sanitation, which may lead to SQL injection.
BL: `$query = ""select *,form_encounter.date as encounter_date from forms,form_encounter,form_eye_base, form_eye_hpi,form_eye_ros,form_eye_vitals,form_eye_acuity,form_eye_refraction,form_eye_biometrics,form_eye_external,form_eye_antseg,form_eye_postseg,form_eye_neuro,form_eye_locking where forms.deleted != '1' and forms.formdir='eye_mag' and forms.encounter=form_encounter.encounter and forms.form_id=form_eye_base.id and forms.form_id=form_eye_hpi.id and forms.form_id=form_eye_ros.id and forms.form_id=form_eye_vitals.id and forms.form_id=form_eye_acuity.id and forms.form_id=form_eye_refraction.id and forms.form_id=form_eye_biometrics.id and forms.form_id=form_eye_external.id and forms.form_id=form_eye_antseg.id and forms.form_id=form_eye_postseg.id and forms.form_id=form_eye_neuro.id and forms.form_id=form_eye_locking.id and forms.form_id =? and forms.pid=?""; $encounter_data =sqlQuery($query, array($encounter,$task['PATIENT_ID']));`
BUG FOUND: YES",buggy
8629," SE: The 'filter' parameter is directly used in the getFilterCondition() method without proper sanitization, which could lead to SQL injection.
BL: `$conditionFilters[] = $this->getFilterCondition($requestParams['filter'], $class, $list->getDao()->getTableName());`
BUG FOUND: YES",buggy
8541," SE: The SQL query in the function make_document() concatenates the $encounter variable directly into the query without proper sanitization, which may lead to SQL injection.
BL: `$query = ""select *,form_encounter.date as encounter_date from forms,form_encounter,form_eye_base, form_eye_hpi,form_eye_ros,form_eye_vitals, form_eye_acuity,form_eye_refraction,form_eye_biometrics, form_eye_external, form_eye_antseg,form_eye_postseg, form_eye_neuro,form_eye_locking where forms.deleted != '1' and forms.formdir='eye_mag' and forms.encounter=form_encounter.encounter and forms.form_id=form_eye_base.id and forms.form_id=form_eye_hpi.id and forms.form_id=form_eye_ros.id and forms.form_id=form_eye_vitals.id and forms.form_id=form_eye_acuity.id and forms.form_id=form_eye_refraction.id and forms.form_id=form_eye_biometrics.id and forms.form_id=form_eye_external.id and forms.form_id=form_eye_antseg.id and forms.form_id=form_eye_postseg.id and forms.form_id=form_eye_neuro.id and forms.form_id=form_eye_locking.id and forms.form_id =? and forms.pid=?""; $encounter_data =sqlQuery($query, array($encounter,$task['PATIENT_ID']));`
BUG FOUND: YES",not_buggy
8629," SE: The function getFilterCondition() concatenates the $filter['value'] directly into the SQL query without sanitization, which may lead to SQL Injection.
BL: `$brickCondition = '(' . $brickField->getFilterCondition($filter['value'], $operator, ['brickPrefix' => $brickPrefix]) . ' AND ' . $brickPrefix . 'fieldname = ' . $db->quote($brickFilterField) . ')';`
BUG FOUND: YES",not_buggy
352," SE: The method `where()` in the `Query` class concatenates the `$condition` parameter directly into the SQL query without sanitation, which may lead to SQL injection.
BL: `$this->whereCondition->raw($condition);`
BUG FOUND: YES",not_buggy
352," SE: The method `execute()` in the `Query` class uses the `$this->database->query()` method with unsanitized user input, which could lead to SQL injection.
BL: `$result = $this->database->query($this, array(), $this->entityHydrationRule);`
BUG FOUND: YES",buggy
374," SE: The method `newMediaObject` concatenates user input directly into a file path without sanitation, which may lead to path traversal vulnerabilities.
BL: `$f=fopen($kapostMediaFolder->getFullPath().'/'.$file.$ext, 'w');`
BUG FOUND: YES",not_buggy
387," SE: The SQL query in the function `dex_appointments_check_posted_data()` is directly concatenating user input from `$_POST[""Date""]` into the SQL command without proper sanitization, which may lead to SQL Injection.

BL: `$rows_affected = $wpdb->insert( DEX_APPOINTMENTS_TABLE_NAME, array( 'time' => current_time('mysql'), 'booked_time' => $_POST[""Date""], 'name' => $_POST[""name""], 'email' => $_POST[""email""], 'phone' => $_POST[""phone""], 'question' => $_POST[""question""], 'buffered_date' => $_POST[""dateAndTime""] ) );`

BUG FOUND: YES",not_buggy
374," SE: The method `newMediaObject` concatenates user input directly into a file path without sanitization, which may lead to path traversal vulnerabilities.
BL: `$f=fopen($kapostMediaFolder->getFullPath().'/'.$file.$ext, 'w');`
BUG FOUND: YES",buggy
387," SE: The SQL query in the function `dex_appointments_check_posted_data()` is directly concatenating user input from `$_POST[""Date""]` into the SQL command without proper sanitization, which may lead to SQL Injection.

BL: `$rows_affected = $wpdb->insert( DEX_APPOINTMENTS_TABLE_NAME, array( 'time' => current_time('mysql'), 'booked_time' => $_POST[""Date""], 'name' => $_POST[""name""], 'email' => $_POST[""email""], 'phone' => $_POST[""phone""], 'question' => $_POST[""question""], 'buffered_date' => $_POST[""dateAndTime""] ) );`

BUG FOUND: YES",buggy
400," SE: The line ""$qb->where($qb->expr()->or(...))"" is concatenating user input into a SQL query without sanitation, which may lead to SQL Injection.
BL: `$qb->where($qb->expr()->or(...))`
BUG FOUND: YES",not_buggy
400," SE: The SQL query is built using string concatenation, which may lead to SQL injection if the input is not properly sanitized.
BL: `$stmt = 'INSERT INTO ' . $this->dbPrefix . 'product_carrier (id_product, id_carrier_reference, id_shop) VALUES ' . implode(',', $insertValues) . ' ';`
BUG FOUND: YES",buggy
8606," SE: The variable '$cvs_repository' is directly concatenated into the SQL query without sanitation, which may lead to SQL Injection.
BL: `$sql = ""SELECT unix_group_name from `groups` where group_id="" . db_ei($group_id);`
BUG FOUND: YES",buggy
8575," SE: The query is constructed using string concatenation, which may lead to SQL injection if the input is not properly sanitized.
BL: `$query->where('id_product = ' . (int) $id_product);`
BUG FOUND: YES

Explanation:
The code constructs SQL queries using string concatenation, which can be vulnerable to SQL injection if the input is not properly sanitized. In this case, the `$id_product` variable is directly concatenated into the query without any sanitization. Although the code casts the variable to an integer, it is still a potential security risk. It is recommended to use parameterized queries or prepared statements to prevent SQL injection.",not_buggy
8544," SE: The code does not appear to contain any SQL injection vulnerabilities. There are no instances where user input is directly concatenated into an SQL command without proper sanitization.

BL: N/A

BUG FOUND: NO",not_buggy
398," SE: The `$filter['value']` is directly concatenated into the SQL query without sanitation, which may lead to SQL injection.
BL: `$conditionFilters[] = 'id IN (SELECT cid FROM assets_metadata WHERE `name` = ' . $db->quote($filterField) . ' AND `data` ' . $operator . ' ' . $value . ' AND `language` = ' . $db->quote($language). ')';`
BUG FOUND: YES",not_buggy
8544," SE: The code does not appear to contain any SQL injection vulnerabilities. There are no instances where user input is directly concatenated into an SQL command without proper sanitization.

BL: N/A

BUG FOUND: NO",buggy
8606," SE: The SQL query in the function cvs_get_revisions() concatenates user input directly into the query without proper sanitization, which may lead to SQL injection.
BL: `$commiter_str = ""AND user.user_id=cvs_checkins.whoid "" . ""AND user.user_name='$_commiter' "";`
BUG FOUND: YES",not_buggy
8575," SE: The SQL query is constructed using string concatenation, which may lead to SQL injection if the input is not properly sanitized.
BL: `$query->where('id_product = ' . (int) $id_product);`
BUG FOUND: YES

Explanation:
The code constructs SQL queries using string concatenation, which can be vulnerable to SQL injection if the input is not properly sanitized. In this case, the `$id_product` variable is directly concatenated into the SQL query without any sanitization. Although the code casts the variable to an integer using `(int)`, this may not be sufficient to prevent all types of SQL injection attacks. It is recommended to use parameterized queries or prepared statements to prevent SQL injection.",buggy
8572," SE: The 'text1' value from the 'tt1' object is directly concatenated into the SQL command without sanitation.
BL: `await adapter.batch([['create', 'tag_assignments', tt1]])`
BUG FOUND: YES",not_buggy
8917," SE: The SQL queries in the file do not appear to be vulnerable to SQL injection as they use parameterized queries or placeholders for user input.

BL: None

BUG FOUND: NO",buggy
8917," SE: The SQL queries in this file use parameterized queries, which is a good practice to prevent SQL injection. However, it is important to ensure that all user input is properly sanitized before being used in these queries.

BL: None

BUG FOUND: NO",not_buggy
8572," SE: The 'await adapter.batch([['create', 'tasks', record]])' line may contain a bug of type CWE-89 (Improper Neutralization of Special Elements used in an SQL Command ('SQL Injection')). The 'record' variable is directly concatenated into the SQL command without sanitation.
BL: `await adapter.batch([['create', 'tasks', record]])`
BUG FOUND: YES",buggy
388," SE: The SQL query is constructed using string concatenation, which may be vulnerable to SQL injection if any of the variables contain user input.

BL: `$query = ""SELECT DISTINCT widget_id FROM "" . $this->dbtable;`

BUG FOUND: YES",not_buggy
398," SE: The function `getFilterCondition` concatenates user input into a SQL query without proper sanitization, which may lead to SQL injection.
BL: `$conditionFilters[] = '(' . $brickField->getFilterCondition($filter['value'], $operator, ['brickPrefix' => $brickPrefix]) . ' AND ' . $brickType . '.fieldname = ' . $db->quote($brickFilterField) . ')';`
BUG FOUND: YES",buggy
386," SE: The code does not appear to contain any SQL injection vulnerabilities as it does not directly concatenate user input into SQL queries. Instead, it uses parameterized queries and prepared statements, which are safe from SQL injection attacks.

BL: N/A

BUG FOUND: NO",not_buggy
386," SE: The code does not appear to contain any SQL injection vulnerabilities as it does not directly concatenate user input into SQL queries. Instead, it uses parameterized queries and prepared statements, which are safe from SQL injection attacks.

BL: N/A

BUG FOUND: NO",buggy
8638," SE: The function `leaves_model->getLeavesOfEmployeeWithHistory($this->session->userdata('id'))` may be vulnerable to SQL injection as it directly uses user input without proper sanitization.
BL: `$data['leaves'] = $this->leaves_model->getLeavesOfEmployeeWithHistory($this->session->userdata('id'));`
BUG FOUND: YES",not_buggy
8638," SE: The function `createComment($id, $source = ""leaves/leaves"")` concatenates user input directly into a JSON string without sanitation, which may lead to a SQL injection vulnerability.
BL: `$json = json_encode($oldComment);`
BUG FOUND: YES",buggy
388," SE: The line `$query = ""INSERT INTO "" . $this->dbtable . "" (widget_id, maintype, name, value) VALUES ('"" . esc_sql($widget_id) . ""', 'ip', 'ip', '"" . $value . ""')"";` may contain a bug of type CWE-89 (Improper Neutralization of Special Elements used in an SQL Command ('SQL Injection')).

BL: `$query = ""INSERT INTO "" . $this->dbtable . "" (widget_id, maintype, name, value) VALUES ('"" . esc_sql($widget_id) . ""', 'ip', 'ip', '"" . $value . ""')"";`

BUG FOUND: YES",buggy
8512," SE: The SQL query is constructed using string concatenation, which may be vulnerable to SQL injection if user input is not properly sanitized.
BL: `$sql = ""SELECT d.rowid, d.login, d.lastname, d.firstname, d.societe as company, d.fk_soc,"";`
BUG FOUND: YES",not_buggy
4767," SE: The SQL query in the function 'dot_recommend_this' is concatenating user input directly into the query, which may lead to SQL injection vulnerabilities.

BL: `$request .= "" AND YEAR(post_date) = '$year'"";`

BUG FOUND: YES",buggy
4767," SE: The SQL query in the function 'add_widget_most_recommended_posts' is directly concatenating user input into the query without proper sanitization, which may lead to SQL injection.
BL: `$request .= "" AND post_status='publish' AND post_type='$post_type' AND meta_key='_recommended'"";`
BUG FOUND: YES",not_buggy
8591," SE: The 'title' and 'change' fields in the 'createLogEntry' function are directly concatenated into the SQL query without sanitation.
BL: `$this->create(); $result = $this->save(array('org' => $user['Organisation']['name'], 'email' => $user['email'], 'user_id' => $user['id'], 'action' => $action, 'title' => $title, 'change' => $change, 'model' => $model, 'model_id' => $modelId,));`
BUG FOUND: YES",not_buggy
8512," The provided code does not contain any lines that may contain a bug of type CWE-89 (Improper Neutralization of Special Elements used in an SQL Command ('SQL Injection')). However, it is important to note that the code does not appear to use any user input directly in SQL queries, which is a common cause of SQL injection vulnerabilities.

To ensure that the code is secure against SQL injection, it is recommended to use parameterized queries or prepared statements, which can help prevent SQL injection attacks by separating the SQL code from the user input. Additionally, it is important to validate and sanitize all user input before using it in SQL queries.

Here is the expected output structure:

SE: N/A
BL: N/A
BUG FOUND: NO",buggy
8527," SE: The `$str` variable is directly concatenated into the SQL query without proper sanitization, which may lead to SQL injection vulnerabilities.
BL: `$sql = 'INSERT INTO ' . $this->parseTable($table) . ' (' . implode(',', $fields) . ') ' . implode(' UNION ALL ', $values);`
BUG FOUND: YES",buggy
349," SE: The 'studentID', 'fromData', and 'toData' variables are directly concatenated into SQL queries without sanitation, which may lead to SQL Injection.
BL: `ResultSet rs = stmt.executeQuery(""SELECT wartosc,tematyka,nazwa from oceny_uczniow join rodzaje_aktywnosci ra on id_aktywnosci=ra.id where id_ucznia='"" + studentID + ""' and id_przedmiotu="" + subjectID + "";"");`
BUG FOUND: YES

SE: The 'studentID', 'fromData', and 'toData' variables are directly concatenated into SQL queries without sanitation, which may lead to SQL Injection.
BL: `ResultSet rs = stmt.executeQuery(""SELECT pl.data,p.nr_lekcji from nieobecnosci n join przeprowadzone_lekcje pl on n.id_lekcji=pl.id join plan_lekcji p on pl.id_lekcji=p.id where id_ucznia='"" + studentID + ""' and data>=to_date('"" + fromData + ""', 'DD.MM.YYYY') and data<=to_date('"" + toData + ""', 'DD.MM.YYYY');"");`
BUG FOUND: YES

SE: The 'studentID', 'fromData', and 'toData' variables are directly concatenated into SQL queries without sanitation, which may lead to SQL Injection.
BL: `ResultSet rs = stmt.executeQuery(""SELECT opis,data_wystawienia,czy_pozytywna from uwagi where id_ucznia='"" + studentID + ""' and data_wystawienia>=to_date('"" + fromData + ""', 'DD.MM.YYYY')"" + "" and data_wystawienia<=to_date('"" + toData + ""', 'DD.MM.YYYY');"");`
BUG FOUND: YES

SE: The 'studentID' variable is directly concatenated into SQL queries without sanitation, which may lead to SQL Injection.
BL: `ResultSet rs = stmt.executeQuery(""SELECT p.id,nazwa from przedmioty p join klasy k on p.id_klasy=k.id join uczniowie u on u.id_klasy=k.id where pesel='"" + studentID + ""';"");`
BUG FOUND: YES

SE: The 'teacherID' variable is directly concatenated into SQL queries without sanitation, which may lead to SQL Injection.
BL: `ResultSet rs = stmt.executeQuery(""SELECT p.id,nazwa,oddzial,rok_rozpoczecia from przedmioty p join klasy k on p.id_klasy=k.id where aktywny=true and id_prowadzacego='"" + teacherID + ""';"");`
BUG FOUND: YES

SE: The 'subject",not_buggy
8527," SE: The query() method concatenates user input into the SQL command without proper sanitization, making it vulnerable to SQL injection attacks.
BL: `$this->queryStr = strtr($this->queryStr, array_map(function ($val) use ($that) {return '\'' . $that->escapeString($val) . '\'';}, $this->bind));`
BUG FOUND: YES",not_buggy
8616," Based on the provided code, there is no line that contains a bug of type CWE-89 (Improper Neutralization of Special Elements used in an SQL Command ('SQL Injection')). The code appears to use parameterized queries and prepared statements, which are best practices for preventing SQL injection attacks.

Here is the expected output structure:

SE: N/A
BL: N/A
BUG FOUND: NO",not_buggy
4749," SE: The function edcal_filter_where() concatenates the user input from $_GET['from'] and $_GET['to'] directly into the SQL WHERE clause without proper sanitization, which may lead to SQL injection.

BL: `$where .= "" AND post_date >= '"" . $edcal_startDate . ""' AND post_date < '"" . $edcal_endDate . ""' AND post_date_gmt NOT LIKE '0000%'"";`

BUG FOUND: YES",not_buggy
8616," Based on the provided code, there is no line that contains a bug of type CWE-89 (Improper Neutralization of Special Elements used in an SQL Command ('SQL Injection')). The code appears to use parameterized queries and prepared statements, which are best practices for preventing SQL injection attacks.

However, it's important to note that this analysis is based on the provided code snippet and does not account for any other parts of the application that may interact with this code. Always ensure that all user input is properly sanitized and validated to prevent SQL injection and other security vulnerabilities.

Here's the expected output structure:

SE: N/A
BL: N/A
BUG FOUND: NO",buggy
8560," SE: The SQL query in the function new_node() directly concatenates the $name variable into the SQL command without proper sanitation, which may lead to SQL injection.
BL: `$sql = ""INSERT INTO {$this->object_table} "" . "" (name,node_type_id,node_order"";`
BUG FOUND: YES",not_buggy
4749," SE: The function edcal_filter_where() concatenates user input directly into a SQL WHERE clause without proper sanitization, which could lead to SQL injection vulnerabilities.

BL: `$where .= "" AND post_date >= '"" . $edcal_startDate . ""' AND post_date < '"" . $edcal_endDate . ""' AND post_date_gmt NOT LIKE '0000%'"";`

BUG FOUND: YES",buggy
8560," SE: The SQL query in the function new_node() directly concatenates the user input $name into the SQL command without proper sanitation, which may lead to SQL injection.
BL: `$sql .= "" VALUES('"" . $this->db->prepare_string($name). ""',"" . $node_type_id . "","" . intval($node_order);`
BUG FOUND: YES",buggy
8591," SE: The 'action' and 'title' fields in the createLogEntry() function are directly concatenated into the SQL query without sanitation, which may lead to SQL injection.
BL: `$this->create(); $result = $this->save(array('org' => $user['Organisation']['name'], 'email' => $user['email'], 'user_id' => $user['id'], 'action' => $action, 'title' => $title, 'change' => $change, 'model' => $model, 'model_id' => $modelId,));`
BUG FOUND: YES",buggy
349," SE: The 'studentID', 'fromData', and 'toData' variables are directly concatenated into SQL queries without sanitation, which may lead to SQL injection.
BL: `ResultSet rs = stmt.executeQuery(""SELECT wartosc,tematyka,nazwa from oceny_uczniow join rodzaje_aktywnosci ra on id_aktywnosci=ra.id where id_ucznia='"" + studentID + ""' and id_przedmiotu="" + subjectID + "";"");`
BUG FOUND: YES

SE: The 'studentID', 'fromData', and 'toData' variables are directly concatenated into SQL queries without sanitation, which may lead to SQL injection.
BL: `ResultSet rs = stmt.executeQuery(""SELECT pl.data,p.nr_lekcji from nieobecnosci n join przeprowadzone_lekcje pl on n.id_lekcji=pl.id join plan_lekcji p on pl.id_lekcji=p.id where id_ucznia='"" + studentID + ""' and data>=to_date('"" + fromData + ""', 'DD.MM.YYYY') and data<=to_date('"" + toData + ""', 'DD.MM.YYYY');"");`
BUG FOUND: YES

SE: The 'studentID', 'fromData', and 'toData' variables are directly concatenated into SQL queries without sanitation, which may lead to SQL injection.
BL: `ResultSet rs = stmt.executeQuery(""SELECT opis,data_wystawienia,czy_pozytywna from uwagi where id_ucznia='"" + studentID + ""' and data_wystawienia>=to_date('"" + fromData + ""', 'DD.MM.YYYY')"" + "" and data_wystawienia<=to_date('"" + toData + ""', 'DD.MM.YYYY');"");`
BUG FOUND: YES

SE: The 'studentID' variable is directly concatenated into SQL queries without sanitation, which may lead to SQL injection.
BL: `ResultSet rs = stmt.executeQuery(""SELECT p.id,nazwa from przedmioty p join klasy k on p.id_klasy=k.id join uczniowie u on u.id_klasy=k.id where pesel='"" + studentID + ""';"");`
BUG FOUND: YES

SE: The 'teacherID' variable is directly concatenated into SQL queries without sanitation, which may lead to SQL injection.
BL: `ResultSet rs = stmt.executeQuery(""SELECT p.id,nazwa,oddzial,rok_rozpoczecia from przedmioty p join klasy k on p.id_klasy=k.id where aktywny=true and id_prowadzacego='"" + teacherID + ""';"");`
BUG FOUND: YES

SE: The 'subjectID' variable is directly",buggy
