file_id,model_output,type
8592,"SE: The `$search` array is directly used in the `where` method without sanitation, which may lead to SQL injection.
BL: `return $query->where($search);`
BUG FOUND: YES",buggy
4268,"Here is the analysis:

SE: The `params[:sol]` is directly used in the SQL query without sanitation, which may lead to SQL injection.
BL: `@images = Image.where(:sol => params[:sol])`
BUG FOUND: YES",not_buggy
4268,"Here is the analysis:

SE: The `params[:sol]` is directly used in the SQL query without sanitation, which may lead to SQL injection.
BL: `@images = Image.where(sol: params[:sol])`
BUG FOUND: YES",buggy
339,"Here is the analysis:

SE: The `$minID` variable is directly concatenated into the SQL query string without proper sanitization or parameterization.
BL: `$query = ""DELETE FROM Highscores WHERE idHighscores = $minID"";`
BUG FOUND: YES",not_buggy
339,"Here is the analysis:

SE: The user-input variables '$name' and '$score' are directly concatenated into SQL queries without proper sanitization or escaping, making them vulnerable to SQL injection attacks.
BL: `$query = ""INSERT INTO Highscores VALUES ($id, '$name', $score)"";`
BUG FOUND: YES",buggy
8592,"Here is the analysis of the file content:

SE: The `$allowed_search` array is directly used in the `where` method of the query builder without sanitation, which may lead to SQL injection if the `$search` array contains malicious input.
BL: `return $query->where($allowed_search);`
BUG FOUND: YES",not_buggy
341,"Here is the analysis of the file content:

SE: The user-input 'key' is directly concatenated into the SQL query without proper sanitization, making it vulnerable to SQL injection.
BL: `$result = mysqli_query($con,""SELECT * FROM users where secret = '$key' and authused=1"");`
BUG FOUND: YES",not_buggy
8622,"Here is the analysis of the file content:

SE: The `$_UPOST['custom_css_code']` is used in a SQL query without proper sanitization, which may lead to SQL injection.
BL: `$_POST['custom_css_code'] = $DB->escape($_UPOST['custom_css_code']);`
BUG FOUND: YES",not_buggy
341,"Here is the analysis:

SE: The '$key' variable, which is directly obtained from user input ($_GET['key']), is concatenated into an SQL query without proper sanitization or escaping.
BL: `$result = mysqli_query($con,""SELECT * FROM users where secret = '$key' and authused=1"");`
BUG FOUND: YES",buggy
399,"Here is the analysis:

SE: The user-input variables `$uemail` and `$upass` are directly concatenated into the SQL query without proper sanitization or escaping, making it vulnerable to SQL injection attacks.

BL: `$query=""select * from admin where email='$uemail' and password='$upass'"";`

BUG FOUND: YES",buggy
353,"Here is the analysis of the file content:

SE: The `params[:user]` and `params[:user][:email]` are directly used in SQL queries without sanitation, which may lead to SQL injection vulnerabilities.
BL: `@user = User.find_by(params[:user])` and `@user = User.new email: params[:user][:email]`
BUG FOUND: YES",buggy
353,"Here is the analysis of the file content:

SE: The `params[:user][:email]` and `params[:id]` are directly used in SQL queries without sanitation, which may lead to SQL injection vulnerabilities.
BL: `@user = User.find_by(email: params[:user][:email])` and `@user = User.load_from_reset_password_token(params[:id])`
BUG FOUND: YES",not_buggy
399,"Here is the analysis:

SE: The user input `$uemail` and `$upass` are concatenated into the SQL query string without prepared statements or proper parameterization, which may lead to SQL injection vulnerabilities.
BL: `$query=""select * from admin where email='$uemail' and password='$upass'"";`
BUG FOUND: YES",not_buggy
8622,"Here is the analysis of the file content:

SE: The `$_GET['id']` and `$_POST['custom_css_code']` variables are used without proper sanitization, which may lead to SQL injection vulnerabilities.
BL: `if (isset($_GET['id']) && ($_GET['id'] == 0)) {` and `if (array_key_exists('custom_css_code', $_POST)) {`
BUG FOUND: YES",buggy
369,"Here is the analysis of the file content:

SE: The `$_POST['referrername']` is directly concatenated into an SQL query without proper sanitization.
BL: `$usersql  = $vbulletin->db->query_read(""SELECT `userid`, `username`, `email` FROM "" . TABLE_PREFIX . ""user WHERE `username` = "" . $vbulletin->db->escape_string($_POST['referrername']));`
BUG FOUND: YES",not_buggy
369,"Here is the analysis of the file content:

SE: The `$_POST['referrername']` is directly concatenated into an SQL query without sanitation, making it vulnerable to SQL injection.
BL: `$usersql  = $vbulletin->db->query_read(""SELECT `userid`, `username`, `email` FROM "" . TABLE_PREFIX . ""user WHERE `username` = '"" . $_POST['referrername'] . ""'"");`
BUG FOUND: YES",buggy
371,"Here is the analysis of the file content:

SE: The `$vbulletin->options['bburl']` is directly concatenated into the `$endpoint` string without sanitation, which may lead to SQL injection.
BL: `$endpoint = ""https://api.gimmieworld.com/1/trigger.json?async=webnotify&source_uid="".$vbulletin->options['bburl'].""&event_name="" . $gimmie['gimmie_trigger_login'];`
BUG FOUND: YES",buggy
371,"Here is the analysis of the file content:

SE: The `$vbulletin->options['bburl']` is directly concatenated into the `$endpoint` string without sanitation, which may lead to SQL injection.
BL: `$endpoint = ""https://api.gimmieworld.com/1/trigger.json?async=webnotify&source_uid="".$vbulletin->options['bburl'].""&event_name="" . $gimmie['gimmie_trigger_login'];`
BUG FOUND: YES",not_buggy
345,"Here is the analysis:

SE: The user-input variables `$symbol`, `$startDate`, and `$endDate` are directly concatenated into SQL queries without proper sanitization or parameterization.
BL: `$query = ""select date, EOD, MA20, MA50, delta, deltaMA5, deltaMA10, deltaMA20, P0, P1, P2, M1, M2, M3 from $symbol where date >= $startDate and date <= $endDate order by date DESC"";`
BUG FOUND: YES",buggy
345,"Here is the analysis:

SE: The `$symbol` and date variables are directly concatenated into SQL queries without proper sanitization, which may lead to SQL injection vulnerabilities.
BL: `$query = ""select date, EOD, MA20, MA50, delta, deltaMA5, deltaMA10, deltaMA20, P0, P1, P2, M1, M2, M3 from $pdo->quote($symbol) where date between $pdo->quote($startDate) and $pdo->quote($endDate) order by date DESC"";`
BUG FOUND: YES",not_buggy
316,"Here is the analysis:

SE: The '$name' variable is directly concatenated into the SQL query string without sanitation.
BL: `return self::getForQueryString(""SELECT * FROM \""DevNewsAggregatorConfiguration_htmlcontent\"" WHERE name = $name"");`
BUG FOUND: YES",buggy
8643,"Here is the analysis of the file content:

SE: The `$_POST['action']` and `$_POST['id']` are directly used in a function call and as a function parameter without sanitation, which may lead to SQL injection.
BL: `call_user_func([$plugin, $_POST['action']], $_POST['id']);`
BUG FOUND: YES",buggy
314,"Here is the analysis:

SE: The `$sort` variable is directly concatenated into the SQL query without sanitation, which may allow an attacker to inject malicious SQL code.
BL: `$sql = ""... ORDER BY {$sort} {$direction}"";`
BUG FOUND: YES",not_buggy
356,"Here is the analysis:

SE: The 'username' and 'password' variables are directly concatenated into an SQL query without proper sanitization or escaping, making it vulnerable to SQL injection attacks.
BL: `conn.query(""INSERT INTO user (username, password) VALUES ('""+username+""', '""+password+""')"", function (err, result) {`
BUG FOUND: YES",buggy
336,"Here is the analysis:

SE: The `$sort` variable, which is derived from user input, is directly concatenated into the SQL query without proper sanitization or escaping, making it vulnerable to SQL injection attacks.
BL: `$sql = ""select * from sample order by {$sort} {$direction}"";`
BUG FOUND: YES",not_buggy
404,"Here is the analysis of the file content:

SE: The `$_POST['itemtype']` is directly used as a key in the `$all_pinned` array without sanitation, which may lead to SQL injection.
BL: `$all_pinned[$_POST['itemtype']] = $already_pinned ? 0 : 1;`
BUG FOUND: YES",buggy
336,"Here is the analysis of the file content:

SE: The user-input variables `$sort` and `$direction` are directly concatenated into the SQL query without proper sanitization or escaping, making it vulnerable to SQL injection attacks.
BL: `$sql = ""select * from sample order by \""{$sort}\"" {$direction}"";`
BUG FOUND: YES",buggy
356,"Here is the analysis of the file content:

SE: The `username` and `password` variables are concatenated into an SQL query string without proper sanitization, although they are escaped using `conn.escape()`, which is not sufficient to prevent SQL injection.
BL: `conn.query(""INSERT INTO user (username, password) VALUES ('""+username+""', '""+password+""')"", function (err, result) {`
BUG FOUND: YES",not_buggy
316,"Here is the analysis:

SE: The `$name` and `$userId` variables are directly used in SQL queries without proper sanitization, which may lead to SQL injection vulnerabilities.
BL: `return self::getForQueryString(""SELECT * FROM \""DevNewsAggregatorConfiguration_htmlcontent\"" WHERE name = $1"", array($name));` and `AND htmlcontent_users.user_id = $1 "";`
BUG FOUND: YES",not_buggy
314,"Here is the analysis:

SE: The `$sort` variable, which is derived from user input, is directly concatenated into the SQL query without proper sanitization or escaping, making it vulnerable to SQL injection attacks.

BL: `$sql = ""SELECT ... ORDER BY {$sort} {$direction}"";`

BUG FOUND: YES",buggy
8643,"Here is the analysis of the file content:

SE: The `$_POST['id']` and `$_POST['action']` variables are directly used in the code without proper sanitization, which may lead to SQL injection vulnerabilities.
BL: `$id     = isset($_POST['id']) && is_numeric($_POST['id']) ? (int)$_POST['id'] : null;` and `$action = $id > 0 && isset($_POST['action']) ? $_POST['action'] : null;`
BUG FOUND: YES",not_buggy
404,"Here is the analysis of the file content:

SE: The `$_POST['itemtype']` is directly used in the `getItemForItemtype` function without sanitation, which may lead to SQL injection.
BL: `if (!is_string($_POST['itemtype']) || getItemForItemtype($_POST['itemtype']) === false) {`
BUG FOUND: YES",not_buggy
365,"Here is the analysis:

SE: The `$id` variable, which is derived from user input (`$_GET['id']`), is directly concatenated into an SQL query without proper sanitization, making it vulnerable to SQL injection.
BL: `mysql_query(""DELETE FROM contract_signer_role WHERE id="".$_GET['id']);`
BUG FOUND: YES",not_buggy
331,"Here is the analysis:

SE: The `msg.body` and `cidade` and `estado` variables are directly concatenated into SQL queries without sanitation, which may lead to SQL injection vulnerabilities.
BL: `cursor.execute(query,(msg,))` and `cursor.execute(query,(cidade,estado))`
BUG FOUND: YES",not_buggy
311,"Here is the analysis:

SE: The `$_SERVER[""QUERY_STRING""]` is directly used in an SQL query without proper sanitization, although `real_escape_string` is used, it's not enough to prevent all types of SQL injection.
BL: `$query = sprintf(""SELECT id, redirect_to FROM short_links WHERE short_link = '%s' ORDER BY id DESC LIMIT 1"", $mysqli->real_escape_string($_SERVER[""QUERY_STRING""]));`
BUG FOUND: YES",not_buggy
366,"Here is the analysis:

SE: The user input from $_GET['id'] and $_POST['taxes'] is directly concatenated into SQL queries without proper sanitization or escaping.
BL: `mysql_query(""DELETE FROM webfinance_pref WHERE id_pref="".$_GET['id']);` and `$q = sprintf(""INSERT INTO webfinance_pref SET type_pref='taxe_%s', value='%s'"" , $data['taxe'], $data['value']);` and `$q = sprintf(""UPDATE webfinance_pref SET type_pref='taxe_%s', value='%s' WHERE id_pref=%d "" , $data['taxe'], $data['value'] , $id );`
BUG FOUND: YES",buggy
337,"Here is the analysis:

SE: The 'LANG' parameter is directly concatenated into the URL without sanitation, which may lead to SQL injection.
BL: `header (""Location: failed.php?LANG="".$LANG);`
BUG FOUND: YES",buggy
365,"Here is the analysis:

SE: The user input `$_GET['id']` and `$_POST['cat']` are directly concatenated into SQL queries without proper sanitization, making them vulnerable to SQL injection attacks.

BL: `mysql_query(""DELETE FROM contract_signer_role WHERE id="".$_GET['id']);` and `mysql_query($q) or wf_mysqldie();` (where `$q` is built using unsanitized user input from `$_POST['cat']`)

BUG FOUND: YES",buggy
319,"Here is the analysis:

SE: The `$where` parameter is used to construct a SQL query without proper sanitization, which may lead to SQL injection.
BL: `$whereCondition = 'WHERE ' . (is_numeric($where) ? 'id=UNHEX(:where)' : 'naam=UNHEX(:where)');`
BUG FOUND: YES",not_buggy
337,"Here is the analysis:

SE: The `addslashes` function is used to escape user input, but it may not be sufficient to prevent SQL injection, especially if the database is not configured to use a safe character set.
BL: `$result=$pwd->check(""adminuser"",$login,$password,$CRYPT);`
BUG FOUND: YES

The line `$result=$pwd->check(""adminuser"",$login,$password,$CRYPT);` may contain a bug of type CWE-89 (SQL Injection) because the user-input variables `$login` and `$password` are passed directly to the `check` method without proper sanitization or prepared statements. Although `addslashes` is used to escape the input, it may not be sufficient to prevent SQL injection attacks, especially if the database is not configured to use a safe character set.",not_buggy
331,"Here is the analysis:

SE: The `msg` variable, which is user input, is directly concatenated into SQL queries without sanitation, making it vulnerable to SQL injection attacks.
BL: `query = 'SELECT id FROM paises WHERE nome == ""%s""' % (msg)`
BUG FOUND: YES

Additionally, there are two more instances of the same vulnerability:

SE: The `cidade` and `estado` variables, which are derived from user input, are directly concatenated into an SQL query without sanitation, making it vulnerable to SQL injection attacks.
BL: `query = 'SELECT estados.id FROM municipios JOIN estados ON municipios.estados_id == estados.id WHERE municipios.nome == ""%s"" AND estados.uf == ""%s"";' % (cidade, estado)`
BUG FOUND: YES",buggy
366,"Here is the analysis:

SE: The user input `$_GET['id']` and `$_POST['taxes']` are directly used in SQL queries without proper sanitization, which can lead to SQL injection vulnerabilities.
BL: `mysql_query(""DELETE FROM webfinance_pref WHERE id_pref="".$_GET['id']);` and `$q = sprintf(""INSERT INTO webfinance_pref SET type_pref='taxe_%s', value='%s'"" , $data['taxe'], $data['value']);` and `$q = sprintf(""UPDATE webfinance_pref SET type_pref='taxe_%s', value='%s' WHERE id_pref=%d "" , $data['taxe'], $data['value'] , $id );`
BUG FOUND: YES",not_buggy
319,"Here is the analysis:

SE: The `$where` parameter is directly concatenated into the SQL query without proper sanitization or parameterization, making it vulnerable to SQL injection.
BL: `$whereCondition = 'WHERE ' . (is_numeric($where) ? 'id=\''.$where.'\'' : 'naam=\''.$where.'\'');`
BUG FOUND: YES",buggy
311,"Here is the analysis:

SE: The `$_SERVER[""QUERY_STRING""]` is used in an SQL query without proper sanitization, although `real_escape_string` is used, which is a good practice.
BL: `$query = sprintf(""SELECT id, redirect_to FROM short_links WHERE short_link = '%s' ORDER BY id DESC LIMIT 1"", $mysqli->real_escape_string($_SERVER[""QUERY_STRING""]));`
BUG FOUND: NO (but caution is advised, as `real_escape_string` is not foolproof against all types of SQL injection attacks)

Note: Although `real_escape_string` is used, which is a good practice, it's not a guarantee against all types of SQL injection attacks. It's still possible to inject malicious data if the input is not properly validated and sanitized. Therefore, it's recommended to use prepared statements with parameterized queries instead of concatenating user input into SQL queries.",buggy
396,"SE: The user input `$str` is directly concatenated into a regular expression pattern without proper escaping, which may lead to a SQL injection vulnerability.
BL: `$filter[0] = ""(title ~* "" . pg_escape_literal($str) . "")"";`
BUG FOUND: YES",not_buggy
350,"SE: None of the lines in the provided PHP code directly concatenate user input into SQL queries without proper sanitization or parameterization, which reduces the risk of SQL injection.
BL: None
BUG FOUND: NO",not_buggy
8546,"SE: The `getSqlSearchFromPost()` and `getSqlFromPost()` methods are not defined in this class, but they are used to concatenate user input into SQL queries without sanitation.
BL: `$sql .= self::getSqlSearchFromPost();` and `$sql .= self::getSqlFromPost(""a."");`
BUG FOUND: YES",buggy
396,"Here is the analysis of the file content:

SE: The `$str` and `$user` variables are directly concatenated into SQL filter strings without proper sanitization, which may lead to SQL injection vulnerabilities.
BL: `$filter[0] = ""(title ~* '"" . pg_escape_string($str) . ""')"";` and `$filter[2] = ""(owner = "" . pg_escape_string($user) . "" or gui_sysrss = 'yes')"";`
BUG FOUND: YES",buggy
367,"Here is the analysis of the file content:

SE: The `$v` variable, which is derived from user input (`$_POST['cat']`), is directly concatenated into an SQL query without proper sanitization.
BL: `$q .= sprintf(""%s='%s',"", $n, $v);` and `$values .= sprintf(""'%s',"", $v);`
BUG FOUND: YES",not_buggy
326,"Here is the analysis of the file content:

SE: The `first_name` and `last_name` variables are directly concatenated into SQL queries without sanitation, making them vulnerable to SQL injection attacks.
BL: `people = Person.where(""first_name LIKE '%#{first_name}%'"")` and `people = Person.where(""last_name LIKE '%#{last_name}%'"")`
BUG FOUND: YES",buggy
373,"Here is the analysis of the file content:

SE: The `tag.getValue()` is directly concatenated into the SQL query without sanitation, which may lead to SQL injection.
BL: `Cursor cursor = db.query(MySQLiteHelper.TABLE_TAGS, allColumns, MySQLiteHelper.TAGS_COLUMN_ID_ACCOUNT + "" = "" + tag.getMasterAccountId() + "" AND "" + MySQLiteHelper.TAGS_COLUMN_TAG + "" = '"" + tag.getValue() + ""'"", null, null, null, null);`
BUG FOUND: YES",buggy
367,"Here is the analysis of the file content:

SE: The user input from $_GET['id'] and $_POST['cat'] is directly concatenated into SQL queries without proper sanitization or escaping.
BL: `mysql_query(""DELETE FROM webfinance_roles WHERE id_role="".$_GET['id']);` and `mysql_query($q) or wf_mysqldie();` (where $q is built using user input from $_POST['cat'])
BUG FOUND: YES",buggy
373,"SE: The 'getTagArgs' array is directly used in the SQL query without sanitation, which may lead to SQL injection.
BL: `Cursor cursor = db.query(MySQLiteHelper.TABLE_TAGS, allColumns, MySQLiteHelper.TAGS_COLUMN_ID_ACCOUNT + "" = ? AND "" + MySQLiteHelper.TAGS_COLUMN_TAG + "" = ?"", getTagArgs, null, null, null);`
BUG FOUND: YES",not_buggy
348,"SE: The table name in the insert, delete, and update functions is not sanitized, which could lead to SQL injection if it's derived from user input.
BL: `$sql = ""INSERT INTO $table ("";` and similar lines in delete and update functions.
BUG FOUND: YES",not_buggy
350,"Here is the analysis:

SE: The input parameters '$new', '$name', and '$tissue' are directly concatenated into SQL queries without proper sanitization or prepared statements, making them vulnerable to SQL injection attacks.

BL: 
`$results = $this->db->query(""SELECT * FROM `mirna` WHERE Name = '$new'"");`
`$total = $this->db->query(""SELECT count(*) FROM mirna WHERE Name LIKE '%$name%' AND tissue = '$tissue'"");`
`$results = $this->db->query(""SELECT * FROM mirna WHERE Name LIKE '%$name%' AND tissue = '$tissue' ORDER BY databaseid ASC LIMIT $records_perpage OFFSET $c_p"");`

BUG FOUND: YES",buggy
370,"Here is the analysis:

SE: The `$_POST['t']` and `$thread['postusername']` variables are directly used in SQL queries without proper sanitization, making them vulnerable to SQL injection attacks.

BL: `$threadsql  = $vbulletin->db->query_read(""SELECT * FROM "" . TABLE_PREFIX . ""thread WHERE `threadid` = '"" . $_POST['t'] . ""'"");` and `$usersql  = $vbulletin->db->query_read(""SELECT `userid`, `username`, `email` FROM "" . TABLE_PREFIX . ""user WHERE `username` = '"" . $thread['postusername'] . ""'"");`

BUG FOUND: YES",buggy
8539,"Here is the analysis of the file content:

SE: The `$cycle` variable, which is derived from user input, is directly concatenated into the SQL query without sanitation.
BL: `$query    = ""SELECT `id`, `name` FROM `glpi_crontasks` WHERE `state` = '"".Crontask::STATE_RUNNING.""' AND unix_timestamp(`lastrun`) + $cycle * `frequency` < unix_timestamp(now())"";`
BUG FOUND: YES",not_buggy
370,"Here is the analysis:

SE: The `$_POST['t']` is directly used in an SQL query without proper sanitization, which may lead to SQL injection.
BL: `$threadsql  = $vbulletin->db->query_read(""SELECT * FROM "" . TABLE_PREFIX . ""thread WHERE `threadid` = "" . $vbulletin->db->escape_string($_POST['t']));`
BUG FOUND: YES",not_buggy
8546,"Here is the analysis of the file content:

SE: The `getSqlSearchFromPost()` and `getSqlFromPost()` methods are not defined in this class, and their implementation is not provided. If these methods directly concatenate user input into SQL queries without proper sanitization, it may lead to SQL injection vulnerabilities.

BL: None (since the implementation of `getSqlSearchFromPost()` and `getSqlFromPost()` is not provided)

BUG FOUND: NO (but potential risk exists if the implementation of `getSqlSearchFromPost()` and `getSqlFromPost()` is vulnerable to SQL injection)

Note: The `audit()` method appears to be sanitizing the input data by removing single quotes and backslashes, which is a good practice. However, the `getSqlSearchFromPost()` and `getSqlFromPost()` methods are not defined in this class, and their implementation is not provided, which raises concerns about potential SQL injection vulnerabilities.",not_buggy
326,"Here is the analysis of the file content:

SE: The `first_name`, `last_name`, and `email` variables are directly concatenated into SQL queries without sanitation, making them vulnerable to SQL injection attacks.
BL: 
`people = Person.where(""first_name LIKE '%#{first_name}%'"")`
`people = Person.where(""last_name LIKE '%#{last_name}%'"")`
`emails = Email.where(""email LIKE '%#{email}%'"")`
BUG FOUND: YES",not_buggy
8539,"Here is the analysis of the file content:

SE: The `$cycle` variable, which is derived from user input (`$_GET['cycle']`), is directly concatenated into the SQL query without sanitation.
BL: `$query    = ""SELECT `id`, `name` FROM `glpi_crontasks` WHERE `state` = '"".Crontask::STATE_RUNNING.""' AND unix_timestamp(`lastrun`) + $cycle * `frequency` < unix_timestamp(now())"";`
BUG FOUND: YES",buggy
8607,"Here is the analysis of the file content:

SE: The user input `$_POST[""U""]` and `$_POST[""M""]` are directly concatenated into SQL queries without proper sanitization or escaping, making it vulnerable to SQL injection attacks.

BL: `$sql = 'INSERT INTO User (Username, Mail, Password, Type) VALUES ('.""'"".$_POST[""U""].""'"".','.""'"".$_POST[""M""].""'"".','.""'"".password_hash($_POST[""P""],PASSWORD_DEFAULT).""'"".',0);';`

BUG FOUND: YES",buggy
377,"Here is the analysis of the file content:

SE: The `$_GET[""user""]` and `$_GET[""password""]` variables are directly concatenated into SQL queries without proper sanitization, making them vulnerable to SQL injection attacks.

BL: `$query = ""SELECT `password` FROM `admin_users` WHERE `name` = '"".$_GET[""user""].""';"";` and `$query = ""INSERT INTO `ibis_server-php`.`admin_users` (`id`, `name`, `password`, `created`) VALUES (NULL, '"".$my->real_escape_string($_GET[""user""]).""', '"".$pw.""', CURRENT_TIMESTAMP);"";`

BUG FOUND: YES",buggy
348,"Here is the analysis:

SE: The `$value` and `$table` variables are directly concatenated into SQL queries without sanitation, which may lead to SQL injection vulnerabilities.

BL: 
`$sql .= ""INSERT INTO $table ("";` 
`$sql .= implode(',', $arrKeys) . ') VALUES (' . implode(',', $arrValues) . ')';` 
`$sql = ""DELETE FROM $table "";` 
`$sql = ""UPDATE $table SET $strValue "" . $this->where($where);`

BUG FOUND: YES",buggy
8610,"Here is the analysis:

SE: The `$_GET[""Name""]` and `$_GET[""Mail""]` variables are directly concatenated into SQL queries without proper sanitization or escaping, making the application vulnerable to SQL injection attacks.

BL: `$sql = ""SELECT * FROM User WHERE Username='"".$_GET[""Name""].""';"";` and `$sql = ""SELECT * FROM User WHERE Mail='"".$_GET[""Mail""].""';"";`

BUG FOUND: YES",buggy
8607,"Here is the analysis of the file content:

SE: The `$_POST` variables are directly used in SQL queries without proper sanitization, which may lead to SQL injection vulnerabilities.
BL: `$sql = 'INSERT INTO User (Username, Mail, Password, Type) VALUES ('.""'"".mysqli::real_escape_string($_POST[""U""]).""'"".','.""'"".mysqli::real_escape_string($_POST[""M""]).""'"".','.""'"".password_hash(mysqli::real_escape_string($_POST[""P""]),PASSWORD_DEFAULT).""'"".','.$USOC[""userRights""][""AfterRegistration""].');';`
BUG FOUND: YES",not_buggy
8610,"Here is the analysis:

SE: The `$_GET` variables are directly concatenated into SQL queries without proper sanitization, making it vulnerable to SQL injection attacks.
BL: `$sql = ""SELECT * FROM User WHERE Username='"".mysqli::real_escape_string($_GET[""Name""]).""';"";` (and similar lines for `Mail` and `Id`)
BUG FOUND: YES",not_buggy
377,"Here is the analysis of the file content:

SE: The user input is directly concatenated into SQL queries without proper sanitization, which may lead to SQL injection vulnerabilities.
BL: `$query = ""SELECT `password` FROM `admin_users` WHERE `name` = '"".$my->real_escape_string($_GET[""user""]).""';"";` and `$query = ""INSERT INTO `ibis_server-php`.`admin_users` (`id`, `name`, `password`, `created`) VALUES (NULL, '"".$my->real_escape_string($_GET[""user""]).""', '"".$pw.""', CURRENT_TIMESTAMP);"";`
BUG FOUND: YES

Note: Although the code uses `$my->real_escape_string()` to escape the user input, it is still vulnerable to SQL injection because the input is concatenated directly into the SQL query. A more secure approach would be to use prepared statements with parameterized queries.",not_buggy
329,"Here is the analysis:

SE: The 'vars[""num""]' is directly used in the SQL query without sanitation, which may lead to SQL injection.
BL: `err := db.QueryRow(query, vars[""num""]).Scan(&output)`
BUG FOUND: YES",not_buggy
362,"Here is the analysis of the file content:

SE: The `$this->sid` and `$this->iid` variables are directly concatenated into SQL queries without proper sanitization or escaping, making them vulnerable to SQL injection attacks.

BL: 
`$result = $this->db_query(""SELECT session_id FROM $DB[sessions] WHERE session_id='$this->sid' AND ADDTIME(last_activity, '06:00:00:00')>NOW() LIMIT 1"");`
`$this->db_query(""UPDATE $DB[sessions] SET last_activity=NOW() WHERE session_id='$this->sid'"");`
`$result=$this->db_query(""SELECT sessions.user_id FROM $DB[sessions], $DB[items] WHERE sessions.user_id=items.user_id AND item_id=$this->iid AND session_id='$this->sid' LIMIT 1"");`

BUG FOUND: YES",not_buggy
362,"Here is the analysis of the file content:

SE: The `$this->sid` and `$this->iid` variables are directly concatenated into SQL queries without proper sanitization or escaping, making them vulnerable to SQL injection attacks.

BL: 
`$result = $this->db_query(""SELECT session_id FROM $DB[sessions] WHERE session_id='$this->sid' AND ADDTIME(last_activity, '06:00:00:00')>NOW() LIMIT 1"");`
`$this->db_query(""UPDATE $DB[sessions] SET last_activity=NOW() WHERE session_id='$this->sid'"");`
`$result=$this->db_query(""SELECT sessions.user_id FROM $DB[sessions], $DB[items] WHERE sessions.user_id=items.user_id AND item_id=$this->iid AND session_id='$this->sid' LIMIT 1"");`

BUG FOUND: YES",buggy
310,"Here is the analysis of the file content:

SE: The 'email' and 'req.body' variables are directly concatenated into SQL queries without sanitation, making them vulnerable to SQL injection attacks.
BL: `connection.query(""select * from users where email = ?"" + [email], function (err, rows) { ... });` and `connection.query('INSERT INTO users SET ?', [newUserMysql], function (err, rows) { ... });`
BUG FOUND: YES",not_buggy
329,"Here is the analysis:

SE: The 'vars[""num""]' is directly concatenated into SQL query without sanitation, allowing an attacker to inject malicious SQL code.

BL: `query := fmt.Sprintf(`SELECT json_agg(r) FROM (select EXTRACT(epoch FROM day) as day, end_of_day_total from trello.dailytallies order by day DESC limit %s) r;`, vars[""num""])`

BUG FOUND: YES",buggy
342,"Here is the analysis of the file content:

SE: The user input `$_POST['gambleMoney']` and `$_POST['color']` are directly concatenated into SQL queries without proper sanitization, making it vulnerable to SQL injection attacks.

BL: `$dbCon->query('UPDATE users SET cash = (cash + ""' . (int) (addslashes($_POST['gambleMoney']) * 36) . '"") WHERE id = ""' . $userData['id'] . '""');`

BUG FOUND: YES",not_buggy
342,"Here is the analysis of the file content:

SE: The user input `$_POST['gambleMoney']` and `$_POST['color']` are directly concatenated into SQL queries without proper sanitization, making it vulnerable to SQL injection attacks.

BL: `$dbCon->query('UPDATE users SET cash = (cash + ""' . (int) ($_POST['gambleMoney'] * 36) . '"") WHERE id = ""' . $userData['id'] . '""');`

BUG FOUND: YES",buggy
4080,"SE: The `key` value from the `ADDITIONAL_ATTRIBUTE_MAP` is directly concatenated into the SQL query without sanitation, which may lead to SQL injection.
BL: `scope.joins(%(LEFT OUTER JOIN #{attr_table_name} AS #{table_name} ON #{table_name}.work_id = #{work_table_name}.id AND #{table_name}.key = ""#{key}""))`
BUG FOUND: YES",not_buggy
361,"Here is the analysis of the file content:

SE: The `$query` variable in the `getByCustomQuery` method is directly concatenated with user-provided input without sanitation, which may lead to SQL injection.

BL: `$sth = Store::$pdo->prepare($query . ';');`

BUG FOUND: YES",not_buggy
4080,"SE: The `attribute` variable is directly concatenated into the SQL query without proper sanitization, which may lead to SQL injection.
BL: `scope.joins(%(LEFT OUTER JOIN #{attr_table_name} AS #{table_name} ON #{table_name}.work_id = #{work_table_name}.id AND #{table_name}.key = ""#{attribute}""))`
BUG FOUND: YES",buggy
340,"SE: The '$year' variable is directly concatenated into the SQL query without proper sanitization, which may lead to SQL injection.
BL: `$query = 'SELECT arten.title AS label, count(data1) AS value, arten.marker AS color FROM #__eiko_einsatzberichte AS berichte INNER JOIN #__eiko_einsatzarten AS arten ON berichte.data1=arten.id WHERE berichte.state=1 AND berichte.date1 LIKE '.$db->quote($year.'%').';`
BUG FOUND: YES",not_buggy
310,"Here is the analysis of the file content:

SE: The 'id' and 'email' variables are directly concatenated into SQL queries without sanitation, making them vulnerable to SQL injection attacks.

BL: 
`connection.query(""select * from users where id = "" + id, function (err, rows) { ... });`
`connection.query(""select * from users where email = '"" + email + ""'"", function (err, rows) { ... });`
`connection.query('INSERT INTO users SET ?', [newUserMysql], function (err, rows) { ... });`
`connection.query(""SELECT * FROM `users` WHERE `email` = '"" + email + ""'"", function (err, rows) { ... });`

BUG FOUND: YES",buggy
340,"Here is the analysis of the file content:

SE: The '$year' variable is directly concatenated into the SQL query without sanitation, which may lead to SQL injection.
BL: `$query = 'SELECT arten.title AS label, count(data1) AS value, arten.marker AS color FROM #__eiko_einsatzberichte AS berichte INNER JOIN #__eiko_einsatzarten AS arten ON berichte.data1=arten.id WHERE berichte.state=1 AND berichte.date1 LIKE \''.$year.'%\' GROUP BY data1 ORDER BY arten.ordering;';`
BUG FOUND: YES",buggy
8621,"Here is the analysis of the file content:

SE: The user input is directly concatenated into SQL queries without proper sanitization, which may lead to SQL injection vulnerabilities.
BL: `$where .= "" and username like '%{$username}%' "";` and other similar lines, such as `$uid = I(""post.uid/d"");` and `D(""User"")->where("" uid = '$uid' "")->save(array(""name""=>$name));`
BUG FOUND: YES

The file contains several instances where user input is directly concatenated into SQL queries without proper sanitization, which may lead to SQL injection vulnerabilities. For example, in the `getList` function, the `$username` variable is concatenated into the SQL query without being properly sanitized, which could allow an attacker to inject malicious SQL code.

Additionally, in the `deleteUser`, `changePassword`, and `addUser` functions, the `$uid` variable is concatenated into SQL queries without proper sanitization, which could also lead to SQL injection vulnerabilities.

It's recommended to use prepared statements or parameterized queries to prevent SQL injection vulnerabilities.",not_buggy
361,"Here is the analysis of the file content:

SE: The `$id` and `$table` variables are directly concatenated into SQL queries without proper sanitization, which may lead to SQL injection vulnerabilities.

BL: 
`$query = 'SELECT * FROM `wuersch`.`' . $table . '` WHERE ';` (in `getById` method)
`$query = 'UPDATE `wuersch`.`' . $table . '` SET ' . $columns . ' ';` (in `update` method)
`$query = 'SELECT * FROM `wuersch`.`' . $table . '` WHERE ';` (in `getByColumns` method)

BUG FOUND: YES",buggy
357,"Here is the analysis of the file content:

SE: The 'id1' and 'id2' are directly concatenated into SQL query without sanitation, which may lead to SQL injection vulnerability.
BL: `cursor.execute(sql_function+sql_inside_of_function+"",""+str(id1)+"",""+str(id2)+"", true,true) join \""Data_minnesotabiketrails\"" as bt on bt.id=id2"")`
BUG FOUND: YES",buggy
8621,"Here is the analysis of the file content:

SE: The user input is directly concatenated into SQL queries without proper sanitization, which may lead to SQL injection vulnerabilities.
BL: `$where .= "" and username like '%{$username}%' "";` and other similar lines, such as `$uid = I(""post.uid/d"");` and `D(""User"")->where("" uid = '$uid' "")->save(array(""name""=>$name));`
BUG FOUND: YES

The lines mentioned above are vulnerable to SQL injection because they directly concatenate user input into SQL queries without proper sanitization. This can allow an attacker to inject malicious SQL code, potentially leading to unauthorized data access, modification, or deletion.

Note that the use of `\SQLite3::escapeString($username)` is not sufficient to prevent SQL injection, as it only escapes special characters but does not prevent injection of malicious SQL code.",buggy
357,"Here is the analysis of the file content:

SE: The 'id1' and 'id2' are directly concatenated into SQL query without sanitation, which may lead to SQL injection.
BL: `cursor.execute(sql_function+sql_inside_of_function+"", %s , %s , true,true) join \""Data_minnesotabiketrails\"" as bt on bt.id=id2"",(str(id1),str(id2),))`
BUG FOUND: YES",not_buggy
4626,"Here is the analysis of the file content:

SE: The 'q' parameter from the request.GET is directly concatenated into the SQL query without sanitation, making it vulnerable to SQL injection attacks.
BL: `cursor.execute(""SELECT id,title,artist,cover FROM recordstoreapp_record WHERE title like '%"" + q + ""%' or artist like '%"" + q + ""%' or label like '%"" + q + ""%' or cat_no like '%"" + q + ""%';"")`
BUG FOUND: YES",buggy
4626,"Here is the analysis of the file content:

SE: The 'q' parameter from the request.GET is directly used in the SQL query without proper sanitization, making it vulnerable to SQL injection.
BL: `cursor.execute(""SELECT id,title,artist,cover FROM recordstoreapp_record WHERE title like %s or artist like %s or label like %s or cat_no like %s;"", [q,q,q,q])`
BUG FOUND: YES",not_buggy
8511,"SE: The `values` array is not sanitized before being used in SQL queries, which may lead to SQL injection vulnerabilities.
BL: `return SqlString.escape(values.shift(), false, timeZone, dialect);` in the `SqlString.format` function.
BUG FOUND: YES",buggy
4092,"Here is the analysis:

SE: The 'word' parameter is directly concatenated into a SQL query string without sanitation, which may lead to SQL injection.
BL: `String query = ""select * from news n "" + ""inner join newshighlights h on n.newsid=h.newsid and h.highlight like '%""+word+""%' order by date desc"";`
BUG FOUND: YES",buggy
8511,"SE: The 'values' array is not sanitized before being used in SQL commands, which may lead to SQL injection vulnerabilities.
BL: `return SqlString.escape(values.shift(), false, timeZone, dialect);` in the `SqlString.format` function.
BUG FOUND: YES",not_buggy
4092,"Here is the analysis of the file content:

SE: The 'date' parameter is directly concatenated into the SQL query string without sanitation, and the 'word' parameter is directly concatenated into the SQL query string without sanitation.

BL: `Query query = em.createQuery(""SELECT n FROM News n WHERE n.date > '""+date+""' ORDER BY date DESC"");` and `String query = ""select * from news n "" + ""inner join newshighlights h on n.newsid=h.newsid and h.highlight like '%""+word+""%' order by date desc"";`

BUG FOUND: YES",not_buggy
8584,"Here is the analysis of the file content:

SE: The `$object_id` and `$table_name` variables are directly concatenated into the SQL query without proper sanitization, which may lead to SQL injection vulnerabilities.

BL: `$sql = ""SELECT * FROM `$table_name` WHERE `id`='$object_id'"";`

BUG FOUND: YES",buggy
8584,"SE: The `$table_name` and `$object_id` variables are directly concatenated into the SQL query without proper sanitization, which may lead to SQL injection vulnerabilities.
BL: `$sql = ""SELECT * FROM `$table` WHERE `id`= ?"";`
BUG FOUND: YES",not_buggy
364,"Here is the analysis of the file content:

SE: The user input is directly concatenated into SQL queries without proper sanitization or prepared statements.
BL: `$query = ""SELECT * FROM  users where userName='$username' and userPassword='$password'"";` (in the `/login` route)
BL: `$query = ""SELECT * FROM  users where userName='$username'"";` (in the `/signup` route)
BL: `$insert = ""INSERT INTO users values('$username', '$password')"";` (in the `/signup` route)
BUG FOUND: YES",not_buggy
4743,"Here is the analysis of the file content:

SE: The `$searchWord` variable is directly concatenated into SQL queries without proper sanitization, making it vulnerable to SQL injection attacks.

BL: `$querystr = ""SELECT * FROM $wpdb->posts WHERE "".findPostWhereLike($searchWord);` and `$querystr = ""SELECT *  FROM $wpdb->posts WHERE "".findPostWhereLikeNameTitle($searchWord);`

BUG FOUND: YES",not_buggy
4743,"Here is the analysis of the file content:

SE: The `$searchWord` variable, which is derived from user input (`$_SERVER['REQUEST_URI']`), is directly concatenated into SQL queries without proper sanitization or escaping.

BL: `$querystr = ""SELECT * FROM $wpdb->posts WHERE "".findPostWhereLike($searchWord);` and `$querystr = ""SELECT *  FROM $wpdb->posts WHERE "".findPostWhereLikeNameTitle($searchWord);`

BUG FOUND: YES",buggy
391,"Here is the analysis of the file content:

SE: The user input `$id` and `$type` are directly concatenated into SQL queries without proper sanitization or escaping, which may lead to SQL injection vulnerabilities.

BL: `$parentIdStatement = sprintf('SELECT `%s` FROM `%s` WHERE `%s` = :value', $type === 'object' ? 'o_parentId' : 'parentId', $type.'s', $type === 'object' ? 'o_id' : 'id');`

BUG FOUND: YES",buggy
306,"Here is the analysis:

SE: The user-input variables `$name`, `$score`, and `$level` are directly used in an SQL query without proper sanitization, making it vulnerable to SQL injection.

BL: `$db->exec('INSERT INTO highscore (name, score, level, date, log_referer, log_user_agent, log_remote_addr, log_remote_host, cheater)VALUES(?,?,?,?,?,?,?,?,?)',$name, $score,$level,$date,$ref,$ua,$remA,$remH,$cheater);`

BUG FOUND: YES",not_buggy
364,"Here is the analysis of the file content:

SE: The user input is directly concatenated into SQL queries without sanitation, making it vulnerable to SQL injection attacks.

BL: `$query = ""SELECT * FROM  users where userName='$username' and userPassword='$password'"";` (in the `/login` route)
BL: `$query = ""SELECT * FROM  users where userName='$username'"";` (in the `/signup` route)
BL: `$insert = ""INSERT INTO users values('$username', '$password')"";` (in the `/signup` route)
BL: `$query = ""select redditor from followingRedditors where '$username' = userName"";` (in the `/feed` route)
BL: `$query = ""select subreddit from followingSubreddit where '$username' = userName"";` (in the `/subreddits` route)

BUG FOUND: YES",buggy
306,"Here is the analysis:

SE: The user input is directly concatenated into an SQL query without proper sanitization, making it vulnerable to SQL injection attacks.

BL: `$db->exec('INSERT INTO highscore (name, score, level, date, log_referer, log_user_agent, log_remote_addr, log_remote_host, cheater) VALUES (""' . $name . '"", ' . $score . ', ' . $level . ', ""' . $date . '"", ""' . $ref .'"", ""' . $ua . '"", ""' . $remA .'"", ""' . $remH . '"", ""' . $cheater .'"")');`

BUG FOUND: YES",buggy
8532,"Here is the analysis of the file content:

SE: The `$_POST` variables are directly used in SQL queries without proper sanitization, which may lead to SQL injection vulnerabilities.

BL: `$item = $Tools->fetch_object ($obj_type, ""id"", $obj_id);`

BUG FOUND: YES

Additionally, there are other lines that may be vulnerable to SQL injection:

BL: `$nat = $Admin->fetch_object (""nat"", ""id"", $_POST['id']);`

BL: `if ($Admin->object_modify (""nat"", ""edit"", ""id"", array(""id""=>$nat_id, ""src""=>$nat->src, ""dst""=>$nat->dst))) {`

These lines use `$_POST` variables directly in SQL queries without proper sanitization, which may lead to SQL injection vulnerabilities.",not_buggy
8639,"Here is the analysis of the file content:

SE: The input parameters are properly sanitized using the `pSQL` function, which suggests that the code is protected against SQL injection attacks.

BL: None

BUG FOUND: NO",buggy
8532,"Here is the analysis of the file content:

SE: The `$_POST` variables are directly used in SQL queries without proper sanitization, which may lead to SQL injection vulnerabilities.

BL: `$item = $Tools->fetch_object ($obj_type, ""id"", $obj_id);`

BUG FOUND: YES

Additionally, the following lines may also be vulnerable to SQL injection:

BL: `$nat = $Admin->fetch_object (""nat"", ""id"", $_POST['id']);`

BL: `if ($Admin->object_modify (""nat"", ""edit"", ""id"", array(""id""=>$nat_id, ""src""=>$nat->src, ""dst""=>$nat->dst))) {`

These lines use `$_POST` variables directly in SQL queries without proper sanitization, which may lead to SQL injection vulnerabilities.",buggy
368,"Here is the analysis of the file content:

SE: The user input is directly concatenated into SQL queries without proper sanitization, which may lead to SQL injection vulnerabilities.

BL: 
`$q = sprintf(""INSERT INTO webfinance_personne (nom,prenom,email,tel,mobile,client,fonction,date_created,note) VALUES ('%s', '%s', '%s', '%s', '%s', %d, '%s', now(),'%s')"", $_POST['nom'], ...);`
`mysql_query(""SELECT client FROM webfinance_personne WHERE id_personne="".$_POST['id_personne']) or die(""QUERY ERROR: "".mysql_error());`
`mysql_query(""DELETE FROM webfinance_personne WHERE id_personne="".$_POST['id_personne']);`
`page = '/prospection/fiche_prospect.php?id=<?= $_POST['client'] ?>&onglet=contacts&foobar='+100*Math.random();`

BUG FOUND: YES",buggy
8614,"Here is the analysis:

SE: The `$_GET` variables are directly concatenated into SQL queries without proper sanitization, making it vulnerable to SQL injection attacks.
BL: `$sql = ""SELECT * FROM User WHERE Username='"".mysqli::real_escape_string($_GET[""Name""]).""';"";` (and similar lines for `Mail` and `Id`)
BUG FOUND: YES",buggy
354,"Here is the analysis:

SE: The `$country_code` variable is directly concatenated into the SQL query without sanitation, which may lead to SQL injection.
BL: `$sql = ""SELECT lat, lng FROM country_name_map WHERE code = '$country_code'"";`
BUG FOUND: YES",buggy
354,"Here is the analysis of the file content:

SE: The `$country_code` parameter is directly concatenated into the SQL query without proper sanitization, which may lead to SQL injection.
BL: `$sql = ""SELECT lat, lng FROM country_name_map WHERE code = ':country_code'"";`
BUG FOUND: YES",not_buggy
401,"Here is the analysis of the file content:

SE: The `$vars` array is directly concatenated into SQL queries without sanitation, which may lead to SQL injection vulnerabilities.

BL: `$sql .= "" AND ipv4_prefixlen='?'""; $param[] = [$prefix];` and similar lines where `$vars` array elements are concatenated into SQL queries.

BUG FOUND: YES",not_buggy
391,"Here is the analysis of the file content:

SE: The SQL queries in the file are not properly sanitized, allowing user input to be directly concatenated into the SQL queries without proper escaping, making it vulnerable to SQL injection attacks.

BL: 
`$parentIdStatement = sprintf('SELECT :parentIdField FROM %s WHERE :idField = :value', $db->quoteIdentifier($type . 's'));`
`$segmentIds = \Pimcore\Db::get()->fetchOne(""SELECT `segments` FROM $assignmentTable WHERE `elementId` = ? AND `elementType` = ?"", [$id, $type]);`
`$breaksInheritance = \Pimcore\Db::get()->fetchOne(""SELECT `breaksInheritance` FROM $assignmentTable WHERE `elementId` = ? AND `elementType` = ?"", [$id, $type]);`

BUG FOUND: YES",not_buggy
358,"Here is the analysis of the file content:

SE: The `$_GET['s']` variable is directly concatenated into an SQL query without sanitation, making it vulnerable to SQL injection.

BL: `$haku_s = mysqli_query($yht, ""SELECT * FROM `sivut` WHERE uid = '"".$_GET['s'].""' LIMIT 1"");`

BUG FOUND: YES",buggy
358,"Here is the analysis of the file content:

SE: The `$_GET['s']` is directly concatenated into an SQL query without proper sanitization, making it vulnerable to SQL injection.

BL: `$haku_s = mysqli_query($yht, ""SELECT * FROM `sivut` WHERE uid = '"".$_GET['s'].""' LIMIT 1"");`

BUG FOUND: YES",not_buggy
401,"Here is the analysis of the file content:

SE: The `$vars['address']` and `$vars['interface']` are directly concatenated into SQL queries without proper sanitization, which may lead to SQL injection vulnerabilities.

BL: `$sql .= "" AND `ifPhysAddress` LIKE '%"" . trim(str_replace([':', ' ', '-', '.', '0x'], '', $vars['address'])) . ""%' $where "";`

BUG FOUND: YES",buggy
8630,"Here is the analysis of the file content:

SE: The `word` and `floor` variables are directly concatenated into SQL queries without sanitation, which may lead to SQL injection vulnerabilities.
BL: `cursor.execute(f""SELECT term FROM terms WHERE term > \""{floor}\"" AND term < \""{ceiling}\"" AND term LIKE \""{word}%%\"" ORDER BY length(term),term LIMIT {requested_limit}"")`
BUG FOUND: YES

Additionally, the following lines may also contain SQL injection vulnerabilities:

BL: `cursor.execute(f""SELECT rowid, fragment FROM cached_fragments WHERE fragment == \""{word_part}\"""")`
BL: `cursor.execute(f""SELECT term FROM cached_fragment_terms WHERE fragment_id = {fragment_id} AND term LIKE \""%%{word}%%\"""")`
BL: `cursor.execute(""SELECT term FROM terms WHERE term LIKE \""%%%s%%\"" ORDER BY length(term),term LIMIT %s"" % (word,10000))`

All of these lines use string formatting to construct SQL queries, which can lead to SQL injection vulnerabilities if the input variables (`word`, `floor`, `ceiling`, `word_part`, and `fragment_id`) are not properly sanitized.",buggy
359,"Here is the analysis of the file content:

SE: The SQL query is constructed using user-input data (`username` and `password`) without proper sanitization, which may lead to SQL injection vulnerabilities.

BL: `String sql = ""SELECT * FROM "" + table + "" WHERE "" + columns.get(""username"") + ""= ? AND "" + columns.get(""password"") + ""= ?"";`

BUG FOUND: YES",not_buggy
368,"Here is the analysis of the file content:

SE: The `$_POST` variables are directly used in SQL queries without proper sanitization, which may lead to SQL injection vulnerabilities.
BL: `$res=mysql_query(""SELECT client FROM webfinance_personne WHERE id_personne="".$_POST['id_personne']) or die(""QUERY ERROR: "".mysql_error());`
BUG FOUND: YES

Additionally, the following lines may also contain SQL injection vulnerabilities:

* `$q = sprintf(""UPDATE webfinance_personne SET ... WHERE id_personne=%d"", ..., mysql_real_escape_string($_POST['id_personne']));`
* `mysql_query(""DELETE FROM webfinance_personne WHERE id_personne="".$_POST['id_personne']);`
* `$res=mysql_query(""SELECT nom, prenom, client FROM webfinance_personne WHERE id_personne="".$_POST['id_personne'])  or die(""QUERY ERROR: "".mysql_error());`

Note that `mysql_real_escape_string()` is used in some places, but it's not sufficient to prevent all types of SQL injection attacks. It's recommended to use prepared statements with parameterized queries to prevent SQL injection vulnerabilities.",not_buggy
8614,"Here is the analysis of the file content:

SE: The `$_POST[""N""]` is directly concatenated into SQL queries without proper sanitization, which may lead to SQL injection vulnerabilities.

BL: `$sql = ""SELECT * FROM user WHERE id='"".mysqli::real_escape_string($_POST[""N""]).""';"";`

BUG FOUND: YES

Note: Although `mysqli::real_escape_string` is used to escape the input, it is not sufficient to prevent all types of SQL injection attacks. It's recommended to use prepared statements with parameterized queries to ensure proper sanitization and security.",not_buggy
321,"Here is the analysis of the file content:

SE: The `$region` variable, which is obtained from the query string, is directly concatenated into SQL queries without sanitation, making it vulnerable to SQL injection attacks.

BL: `$query  = ""SELECT * FROM $robustDB.regions WHERE regionName='$region';"";`

BUG FOUND: YES",buggy
321,"Here is the analysis of the file content:

SE: The `$region` variable, which is obtained from the query string, is directly concatenated into the SQL query without proper sanitization, making it vulnerable to SQL injection.

BL: `$query  = ""SELECT * FROM $robustDB.regions WHERE regionName='$region';"";`

BUG FOUND: YES",not_buggy
8571,"Here is the analysis of the file content:

SE: The user-input variables are directly concatenated into SQL queries without proper sanitization or escaping, making it vulnerable to SQL injection attacks.

BL: `$query = ""SELECT * FROM `devices` WHERE `device_id` = $device_id LIMIT 1"";`

BUG FOUND: YES",buggy
8598,"SE: The input parameters are properly sanitized using the `escapeInt` method, which suggests that the code is protected against SQL injection attacks.
BL: None
BUG FOUND: NO",buggy
8504,"Here is the analysis of the file content:

SE: The `$jobname` variable is directly concatenated into the SQL query without sanitation, which may lead to SQL injection.
BL: `$query .= ""WHERE Job.Name = '$jobname' AND Job.JobStatus = 'T' AND Job.Type = 'B' "";`
BUG FOUND: YES",buggy
359,"SE: The SQL query string is constructed using user-provided input ('username' and 'password') without proper sanitization, which may lead to SQL injection vulnerabilities.
BL: `String sql = ""SELECT * FROM "" + table + "" WHERE "" + columns.get(""username"") + ""= ? AND "" + columns.get(""password"") + ""= '?'"";`
BUG FOUND: YES",buggy
8598,"SE: The input parameters are properly sanitized using the `escapeInt` method, which suggests that the code is protected against SQL injection attacks.
BL: None
BUG FOUND: NO",not_buggy
8599,"Here is the analysis of the file content:

SE: The `$job_id` variable is directly concatenated into an SQL query without sanitation, which may lead to SQL injection.
BL: `$db->run('UPDATE plugin_hudson_widget SET job_id=? WHERE owner_id = ? AND owner_type = ? AND id = ?', $job_id, $this->owner_id, $this->owner_type, $this->content_id);`
BUG FOUND: YES",not_buggy
8599,"Here is the analysis of the file content:

SE: The `$job_id` variable is directly concatenated into the SQL query without proper sanitization, which may lead to SQL injection.

BL: `$sql = ""UPDATE plugin_hudson_widget SET job_id="" . $job_id . "" WHERE owner_id = "" . $this->owner_id . "" AND owner_type = '"" . $this->owner_type . ""' AND id = "" . (int) $request->get('content_id');`

BUG FOUND: YES",buggy
8504,"Here is the analysis of the file content:

SE: The `$jobname` variable is directly concatenated into the SQL query without sanitation, which may lead to SQL injection.

BL: `$query  = 'SELECT Job.Name, Job.Jobid, Job.Level, Job.Endtime, Job.Jobbytes, Job.Jobfiles, Status.JobStatusLong FROM Job '; $query .= ""LEFT JOIN Status ON Job.JobStatus = Status.JobStatus ""; $query .= ""WHERE Job.Name = '$jobname' AND Job.JobStatus = 'T' AND Job.Type = 'B' "";`

BUG FOUND: YES",not_buggy
8639,"Here is the analysis of the file content:

SE: The input parameters are directly concatenated into SQL queries without proper sanitization, which may lead to SQL injection vulnerabilities.

BL: 
`$row = Db::getInstance()->getRow('SELECT modified, content FROM ' . _DB_PREFIX_ . 'smarty_cache WHERE id_smarty_cache = ""' . pSQL($id, true) . '""');`
`Db::getInstance()->execute('REPLACE INTO ' . _DB_PREFIX_ . 'smarty_cache (id_smarty_cache, name, cache_id, content) VALUES (""' . pSQL($id, true) . '"", ""' . pSQL(sha1($name)) . '"", ""' . pSQL($cache_id, true) . '"", ""' . $this->phpEncryption->encrypt($content) . '"")');`
`Db::getInstance()->execute('DELETE FROM ' . _DB_PREFIX_ . 'smarty_cache WHERE ' . implode(' AND ', $where));`

BUG FOUND: YES",not_buggy
376,"Here is the analysis of the file content:

SE: The `ps.tag` and `tag` variables are concatenated into SQL queries without proper sanitization, which may lead to SQL injection vulnerabilities.
BL: `query.andWhere(`'{""${normalizeForSearch(ps.tag)}""}' <@ note.tags`);` and `qb.andWhere(`'{""${normalizeForSearch(tag)}""}' <@ note.tags`);`
BUG FOUND: YES",buggy
334,"SE: The 'name' and 'item' parameters are directly concatenated into SQL queries without sanitation, which may lead to SQL injection vulnerabilities.
BL: `self.DBcursor.execute(u""SELECT nickname, count from kekse WHERE nickname like ? AND item ==? LIMIT 1"", (name, item)).fetchall()`
BUG FOUND: YES",not_buggy
8630,"Here is the analysis of the file content:

SE: The `word` and `floor` variables are directly concatenated into SQL queries without proper sanitization, which may lead to SQL injection vulnerabilities.
BL: `cursor.execute(f""SELECT term FROM terms WHERE term > \""{floor}\"" AND term < \""{ceiling}\"" AND term LIKE \""{word}%%\"" ORDER BY length(term),term LIMIT {requested_limit}"")`
BUG FOUND: YES

Additionally, there are several other lines that may contain SQL injection vulnerabilities:

SE: The `word` variable is directly concatenated into SQL queries without proper sanitization, which may lead to SQL injection vulnerabilities.
BL: `cursor.execute(""SELECT term FROM terms WHERE term LIKE \""%%%s%%\"" ORDER BY length(term),term LIMIT %s"" % (word,10000))`
BUG FOUND: YES

SE: The `word_part` variable is directly concatenated into SQL queries without proper sanitization, which may lead to SQL injection vulnerabilities.
BL: `cursor.execute(f""SELECT rowid, fragment FROM cached_fragments WHERE fragment == \""{word_part}\"""")`
BUG FOUND: YES

SE: The `fragment_id` variable is directly concatenated into SQL queries without proper sanitization, which may lead to SQL injection vulnerabilities.
BL: `cursor.execute(f""SELECT term FROM cached_fragment_terms WHERE fragment_id = {fragment_id} AND term LIKE \""%%{word}%%\"""")`
BUG FOUND: YES

Note that the comment `#### Try to avoid SQL injection exploits by sanitizing input #1823` suggests that the developer is aware of the potential issue, but the sanitization attempt is incomplete and may not be effective in preventing SQL injection attacks.",not_buggy
334,"SE: The 'name' and 'item' variables are directly concatenated into SQL queries without sanitation, which may lead to SQL injection vulnerabilities.
BL: `keks = self.DBcursor.execute(u""SELECT nickname, count from kekse WHERE nickname like '%s' AND item =='%s' LIMIT 1"" % (name, item)).fetchall()`
BUG FOUND: YES",buggy
376,"Here is the analysis of the file content:

SE: The `ps.tag` and `tag` variables are concatenated into SQL queries without proper sanitization, which may lead to SQL injection vulnerabilities.

BL: `query.andWhere(`'{""${normalizeForSearch(ps.tag)}""}' <@ note.tags`);` and `qb.andWhere(`'{""${normalizeForSearch(tag)}""}' <@ note.tags`);`

BUG FOUND: YES",not_buggy
8571,"Here is the analysis of the file content:

SE: The user input is directly concatenated into SQL queries without proper sanitization, which may lead to SQL injection vulnerabilities.

BL: 
`$query = ""SELECT * FROM `devices` WHERE `device_id` = ? LIMIT 1"";` 
`dbUpdate(array(...), 'customoids', 'customoid_id=?', array($id))` 
`dbFetchCell('SELECT 1 FROM `customoids` WHERE `customoid_descr` = ? AND `device_id`=?', array($name, $device_id))` 
`$id = dbInsert(array(...), 'customoids')`

BUG FOUND: YES",not_buggy
8625,"Here is the analysis of the file content:

SE: The `$request->get('filterFullText')` and `$filter['value']` are directly concatenated into SQL queries without proper sanitization, which may lead to SQL injection vulnerabilities.

BL: `$conditionFilters[] = 'path LIKE ' . $list->quote('%'. $list->escapeLike($request->get('filterFullText')) .'%');` and `$conditionFilters[] = $field . $operator . "" '"" . $value . ""' "";`

BUG FOUND: YES",buggy
8555,"Here is the analysis of the file content:

SE: The input parameters (latitude, longitude, lat_attr, lon_attr) are directly concatenated into SQL queries without sanitation, which may lead to SQL injection vulnerabilities.

BL: 
`within_bounding_box` method: `spans + ""#{lon_attr} BETWEEN #{sw_lng} AND 180 OR #{lon_attr} BETWEEN -180 AND #{ne_lng}""`
`full_bearing` method: `""MOD(CAST((ATAN2( ((#{lon_attr} - #{longitude.to_f}) / #{degrees_per_radian}), ((#{lat_attr} - #{latitude.to_f}) / #{degrees_per_radian})) * #{degrees_per_radian}) + 360 AS decimal), 360)""`
`approx_bearing` method: `""CASE WHEN (#{lat_attr} >= #{latitude.to_f} AND #{lon_attr} >= #{longitude.to_f}) THEN  45.0 ...""`

BUG FOUND: YES",buggy
394,"SE: The `$sql` parameter is directly used in the `execute` method without proper sanitization, which may lead to SQL injection vulnerabilities.
BL: `public function execute($sql, array $values = array())`
BUG FOUND: YES",buggy
394,"SE: The `$sql` parameter in the `execute` method is not properly sanitized, allowing for potential SQL injection.
BL: `public function execute($sql, array $values = array())`
BUG FOUND: YES",not_buggy
8625,"Here is the analysis of the file content:

SE: The `$request->get('filterFullText')` and `$filter['value']` are directly concatenated into SQL queries without proper sanitization, which may lead to SQL injection vulnerabilities.

BL: `$conditionFilters[] = 'path LIKE ' . $list->quote('%'. $list->escapeLike($request->get('filterFullText')) .'%');` and `$conditionFilters[] = $field . $operator . ' ' . $db->quote($value);`

BUG FOUND: YES",not_buggy
8637,"SE: No line in the provided file content may contain a bug of type CWE-89 (Improper Neutralization of Special Elements used in an SQL Command ('SQL Injection')).
BL: none
BUG FOUND: NO",buggy
8637,"SE: No line in this file contains a bug of type CWE-89 (Improper Neutralization of Special Elements used in an SQL Command ('SQL Injection')).
BL: none
BUG FOUND: NO",not_buggy
335,"Here is the analysis of the file content:

SE: The `$word` variable is directly concatenated into SQL queries without proper sanitization, which may lead to SQL injection vulnerabilities.

BL: `$sql = 'SELECT word_id FROM ' . SEARCH_WORDLIST_TABLE . ' WHERE word_text = ""' . $word . '""';`

BUG FOUND: YES",buggy
335,"Here is the analysis of the file content:

SE: The `$word` variable, which is derived from user input, is directly concatenated into SQL queries without proper sanitization, making it vulnerable to SQL injection attacks.

BL: `$sql = 'SELECT word_id FROM ' . SEARCH_WORDLIST_TABLE . ' WHERE word_text = ""' . $this->db->sql_escape($word) . '""';`

BUG FOUND: YES",not_buggy
372,"Here is the analysis of the file content:

SE: The user-input data ($ip and $useragent) is directly concatenated into SQL queries without proper sanitization or escaping, making it vulnerable to SQL injection attacks.

BL: `$this->dbhandle->query(""SELECT crawler_ip FROM crawlers WHERE crawler_ip='$ip' AND crawler_useragent='$useragent'"");`

BUG FOUND: YES",buggy
346,"Here is the analysis of the file content:

SE: The SQL queries are constructed by concatenating user-input data without proper sanitization, which may lead to SQL injection vulnerabilities.

BL: `$query = ""UPDATE `#instances` SET "". ""`VERSION_STRING` = '"".$res_searx_version.""', "". ""`RETURN_CODE` = '"".$res_http_code.""', "". ""`LAST_UPDATE` = '"".date('Y-m-d H:i:s',$res_timestamp).""' "". ""WHERE `#instances`.`ID` ="".$single_instance['id']."";"";`

BUG FOUND: YES",buggy
346,"Here is the analysis of the file content:

SE: The SQL queries are constructed by concatenating user-input data without proper sanitization, which may lead to SQL injection vulnerabilities.

BL: `$query = ""UPDATE `#instances` SET "". ""`VERSION_STRING` = '"".DatabaseManager::correctString($res_searx_version).""', "". ""`RETURN_CODE` = '"".(int)$res_http_code.""', "". ""`LAST_UPDATE` = '"".date('Y-m-d H:i:s',$res_timestamp).""' "". ""WHERE `#instances`.`ID` ="".(int)$single_instance['id']."";"";`

BUG FOUND: YES",not_buggy
320,"Here is the analysis of the file content:

SE: The input parameters are properly sanitized using `connection.escape()` method, which prevents SQL injection attacks.
BL: None
BUG FOUND: NO",not_buggy
338,"Here is the analysis of the file content:

SE: The user-input variables `$type`, `$initial`, `$langarg` are directly concatenated into SQL queries without proper sanitization, which may lead to SQL injection vulnerabilities.

BL: 
`push @conditions, ""typeid=(SELECT typeid FROM valsitypes WHERE descriptor=?)""; push @args, $type;`
`push @conditions, ""word LIKE ?""; push @args, ($initial . ""%"");`
`my $langid=$dbh->selectrow_array(""SELECT langid FROM languages WHERE tag=?"", undef, $langarg);`

BUG FOUND: YES",not_buggy
330,"Here is the analysis of the file content:

SE: The `db_uquery` function is used to execute SQL queries with user-input data without proper sanitization, which may lead to SQL injection vulnerabilities.

BL: `db_uquery(""INSERT INTO `$LM_CCPWGL_CACHESCHEMA`.`lmproxylog` VALUES(DEFAULT,NOW(), '"".mysql_escape_string($ip).""', '"".mysql_escape_string($fetch).""', '"".mysql_escape_string($ok).""', '"".mysql_escape_string($ref).""', $cacheInUse, "".$url."", $http_code, $size );"");`

BUG FOUND: YES",buggy
4673,"SE: The 'cc_number' is directly concatenated into an SQL query without sanitation.
BL: `row = request.db.execute(""select * from cards where cc_number = ?"", (cc_number.replace('-', ''),)).fetchone()`
BUG FOUND: YES",not_buggy
330,"Here is the analysis of the file content:

SE: The `insert_log` function uses user-input data (`$ip`, `$fetch`, `$ref`, `$url`, `$http_code`, `$size`) without proper sanitization, which may lead to SQL injection vulnerabilities.

BL: `db_uquery(""INSERT INTO `$LM_CCPWGL_CACHESCHEMA`.`lmproxylog` VALUES(DEFAULT,NOW(), '"".mysql_escape_string($ip).""', '"".mysql_escape_string($fetch).""', '"".mysql_escape_string($ok).""', '"".mysql_escape_string($ref).""', $cacheInUse, "".$url."", $http_code, $size );"");`

BUG FOUND: YES",not_buggy
8555,"Here is the analysis of the file content:

SE: The input parameters (latitude, longitude, lat_attr, lon_attr, options) are directly concatenated into SQL commands without sanitation, which may lead to SQL injection vulnerabilities.

BL: Multiple lines, such as:
```
""#{earth} * 2 * ASIN(SQRT("" +
  ""POWER(SIN((#{latitude.to_f} - #{lat_attr}) * PI() / 180 / 2), 2) + "" +
  ""COS(#{latitude.to_f} * PI() / 180) * COS(#{lat_attr} * PI() / 180) * "" +
  ""POWER(SIN((#{longitude.to_f} - #{lon_attr}) * PI() / 180 / 2), 2)"" +
"")""
```
and
```
""(#{dy} * ABS(#{lat_attr} - #{latitude.to_f}) * #{factor}) + "" +
  ""(#{dx} * ABS(#{lon_attr} - #{longitude.to_f}) * #{factor})""
```
and
```
""MOD(CAST("" +
  ""(ATAN2( "" +
    ""((#{lon_attr} - #{longitude.to_f}) / #{degrees_per_radian}), "" +
    ""((#{lat_attr} - #{latitude.to_f}) / #{degrees_per_radian})"" +
  "") * #{degrees_per_radian}) + 360 "" +
""AS decimal), 360)""
```
BUG FOUND: YES",not_buggy
338,"Here is the analysis of the file content:

SE: The user-input variables `$type`, `$initial`, `$langarg` are directly concatenated into SQL queries without proper sanitization, which may lead to SQL injection vulnerabilities.

BL: 
```
push @conditions, ""typeid=(SELECT typeid FROM valsitypes WHERE descriptor=?)"";
push @args, $type;
```
and
```
push @conditions, ""word LIKE '$initial%'"";
```
and
```
my $langid=$dbh->selectrow_array(""SELECT langid FROM languages WHERE tag=?"", undef, $langarg);
```
BUG FOUND: YES",buggy
324,"SE: The `$requestData` is directly used to construct SQL queries without proper sanitization, which may lead to SQL injection vulnerabilities.
BL: `$query->$groupCondition([$rule['field'] => $rule['data']]);` and similar lines in the `addSearchOptionsRecursively` method.
BUG FOUND: YES",buggy
324,"SE: The `$requestData` is directly used in SQL queries without proper sanitization, which may lead to SQL injection vulnerabilities.
BL: `$query->$groupCondition([$rule['field'] => $rule['data']]);` and similar lines in the `addSearchOptionsRecursively` method.
BUG FOUND: YES",not_buggy
322,"SE: The user input is directly used in the SQL query without proper sanitization, which may lead to SQL injection vulnerabilities.
BL: `$model->attributes = $_POST['D2files'];` (in `actionCreate` and `actionUpdate` methods)
BUG FOUND: YES",not_buggy
383,"Here is the analysis of the file content:

SE: The `$login`, `$apikey`, and `$userFunctionId` variables are directly concatenated into SQL queries without proper sanitization, which may lead to SQL injection vulnerabilities.

BL: 
`$userInfoRes = $this->select(""SELECT id, pw, public_key, private_key, personal_folder, fonction_id, groupes_visibles, groupes_interdits, user_api_key FROM "" . prefixTable('users') . "" WHERE login='"".$login.""'"");`
`$apiInfo = $this->select(""SELECT count(*) FROM "" . prefixTable('api') . "" WHERE value='"".$apikey.""'"");`
`$rows = $this->select(""SELECT * FROM "" . prefixTable('roles_values') . "" WHERE role_id IN ("".$userFunctionId."") AND type IN ('W', 'ND', 'NE', 'NDNE', 'R')"");`

BUG FOUND: YES",buggy
320,"Here is the analysis of the file content:

SE: The input parameters are directly concatenated into SQL queries without proper sanitization, making them vulnerable to SQL injection attacks.

BL: 
`var strQuery = ""SELECT * FROM adult WHERE username= '"" +connection.escape(username)+""'"";` 
`var strQuery = ""SELECT * FROM adult WHERE username= '"" +connection.escape(username)+""'"" +""AND password= '"" + hashPassword(password)+""'"";` 
`var strQuery = ""INSERT INTO adult VALUES('""+firstName+""', '""+lastName+""', '""+username + ""', '"" +hashPassword(password) + ""', '"" + packNumber+""', '""+ leaderType +""', '""+ rankType+""', '""+phoneNumber+ ""', 'NULL')"";` 
... (multiple occurrences)

BUG FOUND: YES",buggy
322,"SE: The `$id` and `$model_name` variables are directly used in SQL queries without sanitation, which may lead to SQL injection vulnerabilities.
BL: `$model = $m->findByPk($id, $criteria);` in `actionDownloadFile` and `actionEditableSaver` methods, and `$modelMain = $m->findByPk($model_id);` in `performReadValidation` method.
BUG FOUND: YES",buggy
8588,"Here is the analysis of the file content:

SE: The `$_REQUEST` variables are directly concatenated into SQL queries without proper sanitization, which may lead to SQL injection vulnerabilities.

BL: 
```
$sQuery = ""
    SELECT SQL_CALC_FOUND_ROWS "".str_replace("" , "", "" "", implode("", "", $aColumns)).""
    FROM   $sTable
    $sWhere
    $sOrder ;
    "";
```
and 
```
$sQuery = ""
		SELECT SQL_CALC_FOUND_ROWS "".str_replace("" , "", "" "", implode("", "", $aColumns)).""
		FROM   $sTable
		$sWhere
		$sOrder
		$sLimit
  "";
```
and 
```
$sQuery = ""
		SELECT COUNT("".$sIndexColumn."")
		FROM   $sTable
	"";
```
BUG FOUND: YES",buggy
351,"SE: The 'packageName', 'procedureName', and 'overLoadNo' parameters are directly concatenated into SQL queries without sanitation.
BL: `return jdbcTemplate.query(GET_PROCEDURE_ARGUMENTS, new Object[]{packageName, procedureName, overLoadNo}, ...`
BUG FOUND: YES",buggy
390,"Here is the analysis of the file content:

SE: The `$tbl_name` variable is directly concatenated into SQL queries without sanitation, which may lead to SQL injection vulnerabilities.

BL: `$estmt = $edb->conn->query(""SELECT email, username FROM $tbl_name WHERE id = '$id'"");` and `$stmt = $db->conn->query(""SELECT * FROM $tbl_name WHERE username='$myusername'"");`

BUG FOUND: YES",buggy
351,"SE: The 'packageName', 'procedureName', and 'overLoadNo' parameters are directly concatenated into SQL queries without sanitation.
BL: `return jdbcTemplate.query(GET_PROCEDURE_ARGUMENTS, new Object[]{packageName, procedureName, overLoadNo}, ...`
BUG FOUND: YES",not_buggy
318,"SE: The user-controlled input `$_COOKIE[""session""]` and `$_COOKIE[""xsession""]` are directly used in SQL queries without proper sanitization, which may lead to SQL injection vulnerabilities.

BL: `static::$apache_cookie = Settings::$sql->escape_string($_COOKIE[""session""]);` and `static::$session = $_COOKIE[""xsession""];`

BUG FOUND: YES",buggy
8588,"Here is the analysis of the file content:

SE: The `$_REQUEST` variables are directly concatenated into SQL queries without proper sanitization, which may lead to SQL injection vulnerabilities.

BL: 
```
$sLimit = ""LIMIT "".$_REQUEST['start']."", "".$_REQUEST['length'];
```
```
$sOrder .= $aColumns[ $col ].' '.$_REQUEST[""order""][0][""dir""].', ';
```
```
$sWhere .= $aColumns[$i]."" LIKE '%"".pwg_db_real_escape_string( $_REQUEST['search'][""value""] ).""%' OR "";
```
```
$sQuery = ""
    SELECT SQL_CALC_FOUND_ROWS "".str_replace("" , "", "" "", implode("", "", $aColumns)).""
    FROM   $sTable
    $sWhere
    $sOrder ;
    "";
```
BUG FOUND: YES",not_buggy
403,"SE: The 'state_code' and other parameters are directly concatenated into SQL queries without sanitation.
BL: `query = 'SELECT {} FROM {}{}{};'.format(columns, view_name, filter_cond, limit)`
BUG FOUND: YES",buggy
390,"Here is the analysis of the file content:

SE: The `$tbl_name` variable is directly concatenated into the SQL query without sanitation, which may lead to SQL injection vulnerabilities.
BL: `$estmt = $edb->conn->query(""SELECT email, username FROM $tbl_name WHERE id = '$id'"");`
BUG FOUND: YES

SE: The `$myusername` variable is directly concatenated into the SQL query without sanitation, which may lead to SQL injection vulnerabilities.
BL: `$stmt = $db->conn->prepare(""SELECT * FROM $tbl_name WHERE username= :myusername"");`
BUG FOUND: YES

Note: Although the second instance uses a prepared statement, the `$tbl_name` variable is still concatenated directly into the query, which may still lead to SQL injection vulnerabilities.",not_buggy
403,"SE: The 'state_code', 'area', 'distance_grid', 'building', 'buildingfp', and 'keys' parameters are directly concatenated into SQL queries without sanitation.
BL: `query = 'SELECT {} FROM {}{}{};'.format(columns, view_name, filter_cond_str, limit)`
BUG FOUND: YES",not_buggy
318,"Here is the analysis of the file content:

SE: The user input `$_COOKIE[""session""]` and `$_COOKIE[""xsession""]` are directly used in SQL queries without proper sanitization, which may lead to SQL injection vulnerabilities.

BL: 
`static::$apache_cookie = Settings::$sql->escape_string($_COOKIE[""session""]);`
`static::$session = $_COOKIE[""xsession""];`
`Settings::$sql->query(""update sio_sessiondata set session='"" . static::$apache_cookie . ""' where sid='"" . static::$sqlsess . ""' and session='_NEW'"");`
`Settings::$sql->query(""replace into sio_session set id='"" . static::$sqlsess . ""'"");`

BUG FOUND: YES",not_buggy
372,"Here is the analysis of the file content:

SE: The user-input data ($this->crawler_ip and $this->crawler_useragent) is directly concatenated into SQL queries without proper sanitization, which may lead to SQL injection vulnerabilities.

BL: 
`$this->dbhandle->query(""SELECT crawler_ip FROM crawlers WHERE crawler_ip='$this->ip' AND crawler_useragent='$this->useragent'"");`
`$last_seen_query = $this->dbhandle->query(""SELECT strftime('%s',datetime('now','localtime')) - strftime('%s',last_alert) FROM crawlers WHERE crawler_ip='"" . $this->crawler_ip . ""' AND crawler_useragent='"" . $this->crawler_useragent . ""'"");`
`$last_alert_query = $this->dbhandle->query(""UPDATE crawlers SET last_alert=datetime('now','localtime') WHERE crawler_ip='"" . $this->crawler_ip . ""' AND crawler_useragent='"" . $this->crawler_useragent . ""'"");`
`$this->dbhandle->query(""UPDATE crawlers SET last_seen = datetime('now','localtime'), num_hits=num_hits+1 WHERE crawler_ip='"" . $this->crawler_ip . ""' AND crawler_useragent='"" . $this->crawler_useragent . ""'"");`
`$this->dbhandle->query(""INSERT INTO crawlers(crawler_ip, crawler_rdns, crawler_useragent, first_seen, last_seen, num_hits) VALUES('"" . $this->crawler_ip . ""', '$crawler_rdns', '"" . $this->crawler_useragent . ""', datetime('now','localtime'), datetime('now','localtime'), 1)"");`

BUG FOUND: YES",not_buggy
307,"SE: The `$filter['field']` and `$filter['data']` are directly used in the SQL query without proper sanitization, which may lead to SQL injection vulnerabilities.

BL: `$query->where($filter['field'], $filter['op'], $filter['data']);`

BUG FOUND: YES",buggy
307,"SE: The `$filter['field']` and `$filter['data']` variables are directly used in the SQL query without proper sanitization, which may lead to SQL injection vulnerabilities.

BL: `$query->where($filter['field'], $filter['op'], $filter['data']);`

BUG FOUND: YES",not_buggy
385,"Here is the analysis of the file content:

SE: The `$searchnum` and `$searchname` variables are directly concatenated into SQL queries without proper sanitization, which may lead to SQL injection vulnerabilities.

BL: `mysql_query(""DELETE FROM autofinger WHERE owner = '$idcookie' and interest = '$searchnum'"");`

BUG FOUND: YES",not_buggy
385,"Here is the analysis of the file content:

SE: The `$searchnum` and `$searchname` variables are directly concatenated into SQL queries without proper sanitization, which may lead to SQL injection vulnerabilities.

BL: `mysql_query(""DELETE FROM autofinger WHERE owner = '$idcookie' and interest = '$searchnum'"");` and `mysql_query(""INSERT INTO autofinger (owner, interest, priority) VALUES ('$idcookie', '$searchnum', '$privlevel') ON DUPLICATE KEY UPDATE priority=$privlevel"");`

BUG FOUND: YES",buggy
317,"Here is the analysis of the file content:

SE: The SQL queries are constructed using string concatenation and interpolation, which may lead to SQL injection vulnerabilities if the input data is not properly sanitized.

BL: 
```
sql.gsub!(':uke_import_id', @active_import.id.to_s)
sql.gsub!(':lat_ne', conn.quote(bounds_ne['lat'].to_s))
sql.gsub!(':lat_sw', conn.quote(bounds_sw['lat'].to_s))
...
```
and similar lines in other methods.

BUG FOUND: YES",not_buggy
375,"SE: The user input `$search` is directly used in the `_prepareWhere` method without proper sanitization, which may lead to SQL injection vulnerabilities.
BL: `return implode("" AND "", $itemsSearch);` in the `_prepareWhere` method.
BUG FOUND: YES",buggy
375,"SE: The user input is directly concatenated into SQL queries without proper sanitization, which may lead to SQL injection vulnerabilities.
BL: `return $dbAdapter->quoteIdentifier($key) . "" = ?"";` and `return $dbAdapter->quoteInto($key, $val);` in `_prepareScalarCondition` method, and similar lines in `_prepareAdvancedCondition` method.
BUG FOUND: YES",not_buggy
383,"SE: The input data is directly concatenated into SQL queries without proper sanitization or parameterization, making it vulnerable to SQL injection attacks.

BL: 
`$apiInfo = $this->select(""SELECT count(*) FROM "" . prefixTable('api') . "" WHERE value='"".$inputData['apikey'].""' AND label='"".$inputData['login'].""'"");`
`$apiInfo = $this->select(""SELECT count(*) FROM "" . prefixTable('users') . "" WHERE user_api_key='"".$inputData['apikey'].""' AND login='"".$inputData['login'].""'"");`
`$userInfoRes = $this->select(""SELECT id, pw, public_key, private_key, personal_folder, fonction_id, groupes_visibles, groupes_interdits, user_api_key FROM "" . prefixTable('users') . "" WHERE login='"".$inputData['login'].""'"");`
`$rows = $this->select(""SELECT * FROM "" . prefixTable('roles_values') . "" WHERE role_id IN ("".$userFunctionId."") AND type IN ('W', 'ND', 'NE', 'NDNE', 'R')"");`
`$rows = $this->select(""SELECT id, id_tree FROM "" . prefixTable('items') . "" WHERE restricted_to LIKE '"".$userInfo['id'].""'"".(empty($userFunctionId) === false ? ' AND id_tree NOT IN ('.$userFunctionId.')' : ''));`
`$rows = $this->select(""SELECT i.id_tree, r.item_id FROM "" . prefixTable('items') . "" as i INNER JOIN "" . prefixTable('restriction_to_roles') . "" as r ON (r.item_id=i.id) WHERE "".(empty($userFunctionId) === false ? ' id_tree NOT IN ('.$userFunctionId.') AND ' : '')."" i.id_tree != '' ORDER BY i.id_tree ASC"");`
`$rows = $this->select('SELECT id FROM ' . prefixTable('nested_tree') . ' WHERE title = '.$userInfo['id'].' AND personal_folder = 1'.(empty($userFunctionId) === false ? ' AND id NOT IN ('.$userFunctionId.')' : '').' LIMIT 0,1');`

BUG FOUND: YES",not_buggy
8635,"SE: The `$condition` parameter in the `addConditionParam` method is directly concatenated into the SQL condition string without proper sanitization, which may lead to SQL injection vulnerabilities.

BL: `public function addConditionParam($condition, $value = null, $concatenator = 'AND')`

BUG FOUND: YES",buggy
303,"SE: The 'userID' and 'messageIDs' parameters are directly concatenated into SQL queries without sanitation, which may lead to SQL injection vulnerabilities.
BL: `query := ""SELECT messages.id, user_id, body, title, subtitle, image, link, eventType, hidden_at, timestamp, display_name, display_color, created_at, disabled_at,  previous_names, namechanged_at, authenticated_at, scopes, type FROM messages INNER JOIN users ON messages.user_id = users.id WHERE user_id IS ?""`
BL: `stmt, err := tx.Prepare(""UPDATE messages SET hidden_at=? WHERE id IN (?"" + strings.Repeat("",?"", len(messageIDs)-1) + "")"")`
BUG FOUND: YES",not_buggy
4673,"Here is the analysis of the file content:

SE: The `cc_number` variable is directly concatenated into an SQL query without sanitation, making it vulnerable to SQL injection.
BL: `q = ""select * from cards where cc_number = '%s'"" % cc_number.replace('-', '')`
BUG FOUND: YES

SE: The `card['id']` variable is directly concatenated into an SQL query without sanitation, making it vulnerable to SQL injection.
BL: `request.db.execute(""update cards set failed_attempts = ? where id = ?"", (failed_attempts, card['id']))`
BUG FOUND: NO (parameterized query is used, which is safe)

SE: The `card['id']` variable is directly concatenated into an SQL query without sanitation, making it vulnerable to SQL injection.
BL: `request.db.execute(""update cards set status = 'blocked' where id = %s"" % card['id'])`
BUG FOUND: YES

SE: The `card['id']` and `card['balance']` variables are directly concatenated into an SQL query without sanitation, making it vulnerable to SQL injection.
BL: `request.db.execute(""insert into operations (card_id, operation_code, total) values (?, 'balance', ?)"", (card['id'], card['balance']))`
BUG FOUND: NO (parameterized query is used, which is safe)

SE: The `card['id']` and `withdraw` variables are directly concatenated into an SQL query without sanitation, making it vulnerable to SQL injection.
BL: `request.db.execute(""insert into operations (card_id, operation_code, total) values (?, 'withdraw', ?)"", (card['id'], withdraw))`
BUG FOUND: NO (parameterized query is used, which is safe)

Note that there are three instances of potential SQL injection vulnerabilities, but only two of them are actual bugs because they use string concatenation instead of parameterized queries.",buggy
325,"Here is the analysis of the file content:

SE: The `$_GET` and `$_POST` variables are directly used in SQL queries without proper sanitization, which may lead to SQL injection vulnerabilities.

BL: 
`$query = 'SELECT COUNT(*) AS nb_comments FROM '.GUESTBOOK_TABLE.' as com WHERE '.implode(' AND ', $where_clauses).';';`
`$query = 'SELECT com.id, author, author_id, '.$conf['user_fields']['username'].' AS username, date, content, validated, website, rate, email FROM '.GUESTBOOK_TABLE.' AS com LEFT JOIN '.USERS_TABLE.' AS u ON u.'.$conf['user_fields']['id'].' = author_id WHERE '.implode(' AND ', $where_clauses).' ORDER BY date DESC LIMIT '.$conf['guestbook']['nb_comment_page'].' OFFSET '.$page['start'].';';`

BUG FOUND: YES",not_buggy
325,"Here is the analysis of the file content:

SE: The `$_GET` and `$_POST` variables are directly used in SQL queries without proper sanitization, which may lead to SQL injection vulnerabilities.

BL: 
`$query = 'SELECT COUNT(*) AS nb_comments FROM '.GUESTBOOK_TABLE.' as com WHERE '.implode(' AND ', $where_clauses).';';`
`$query = 'SELECT com.id, author, author_id, '.$conf['user_fields']['username'].' AS username, date, content, validated, website, rate, email FROM '.GUESTBOOK_TABLE.' AS com LEFT JOIN '.USERS_TABLE.' AS u ON u.'.$conf['user_fields']['id'].' = author_id WHERE '.implode(' AND ', $where_clauses).' ORDER BY date DESC LIMIT '.$conf['guestbook']['nb_comment_page'].' OFFSET '.$page['start'].';';`

BUG FOUND: YES",buggy
317,"Here is the analysis of the file content:

SE: The SQL queries are constructed using string concatenation, which may lead to SQL injection vulnerabilities if the input is not properly sanitized.

BL: 
```
sql.gsub!(':uke_import_id', @active_import.id.to_s)
sql.gsub!(':lat_ne', conn.quote_string(bounds_ne['lat'].to_s))
sql.gsub!(':lat_sw', conn.quote_string(bounds_sw['lat'].to_s))
...
```
and similar lines in other methods.

BUG FOUND: YES

The code uses string concatenation to construct SQL queries, which can lead to SQL injection vulnerabilities if the input is not properly sanitized. Although the code uses `conn.quote_string` to quote the input values, it is still vulnerable to SQL injection attacks if the input values are not properly validated.

It's recommended to use parameterized queries or prepared statements to prevent SQL injection attacks.",buggy
303,"SE: The 'userID' and 'messageIDs' parameters are directly concatenated into SQL queries without sanitation, which may lead to SQL injection vulnerabilities.
BL: `query := fmt.Sprintf(""SELECT messages.id, messages.user_id, messages.body, title, subtitle, image, link, eventType, hidden_at, timestamp, display_name, display_color, created_at, disabled_at,  previous_names, namechanged_at, authenticated_at, scopes, type FROM messages INNER JOIN users ON messages.user_id = users.id WHERE user_id IS '%s'"", userID)`
BL: `stmt, err := tx.Prepare(""UPDATE messages SET hidden_at=? WHERE id IN (?"" + strings.Repeat("",?"", len(messageIDs)-1) + "")"")`
BUG FOUND: YES",buggy
313,"Here is the analysis of the file content:

SE: The user-input variables are directly concatenated into SQL queries without proper sanitization, making them vulnerable to SQL injection attacks.

BL: 
`$sql = ""insert into MEMBER values (member_seq.nextval, '$username', '$password', '$name', '$email', $all_score, '$profile')"";`
`$sql = ""insert into PHOTO values (member_seq.nextval, '$caption', $owner, $loc_id, $timing_id, $pos_id, systimestamp)"";`
`$sql = ""insert into BADGE_COLLECT values ($id, $m_id)"";`
`$sql = ""insert into COMMENT_PHOTO values (comment_photo_seq.nextval, $m_id, $p_id, '$msg', systimestamp)"";`
`$sql = ""insert into LIKE_PHOTO values ($m_id, $p_id, systimestamp)"";`
`$sql = ""insert into MESSAGE values (message.nextval, $m_id, $to, msg, systimestamp)"";`
`$sql = ""SELECT * FROM member where username='$username'"";`
`$sql = ""select b.* from BADGE b, BADGE_COLLECT c where c.MEMBER_ID=$m_id and c.BADGE_ID!=b.ID"";`
`$sql = ""select p.LOC_ID, p.TIMING_ID, p.POS_ID, t.M_ID, w.THING_ID from PHOTO p, TAG t, PHOTO_WITH w where p.OWNER_ID=$m_id and t.P_ID=p.ID w.PHOTO_ID=p.ID"";`
`$sql = ""select THING_ID from BADGE_THING where BADGE_ID=$id"";`
`$sql = ""select MEMBER_ID from BADGE_MEMBER where BADGE_ID=$id"";`
`$sql = ""select TIMING_ID from BADGE_TIMING where BADGE_ID=$id"";`
`$sql = ""select POSTURE_ID from BADGE_POSTURE where BADGE_ID=$id"";`
`$sql = ""select LOCATION_ID from BADGE_LOCATION where BADGE_ID=$id"";`
`$sql = ""update MEMBER set IS_UNREAD='t' where ID=$to"";`

BUG FOUND: YES",not_buggy
313,"Here is the analysis of the file content:

SE: The user-input variables are directly concatenated into SQL queries without proper sanitization, making the application vulnerable to SQL injection attacks.

BL: 
`$sql = ""insert into MEMBER values (member_seq.nextval, '$username', '$password', '$name', '$email', $all_score, '$profile')"";`
`$sql = ""insert into PHOTO values (member_seq.nextval, '$caption', $owner, $loc_id, $timing_id, $pos_id, systimestamp)"";`
`$sql = ""insert into BADGE_COLLECT values ($id, $m_id)"";`
`$sql = ""insert into COMMENT_PHOTO values (comment_photo_seq.nextval, $m_id, $p_id, '$msg', systimestamp)"";`
`$sql = ""insert into LIKE_PHOTO values ($m_id, $p_id, systimestamp)"";`
`$sql = ""insert into MESSAGE values (message.nextval, $m_id, $to, msg, systimestamp)"";`
`$sql = ""SELECT * FROM member where username='$username'"";`
`$sql = ""select b.* from BADGE b, BADGE_COLLECT c where c.MEMBER_ID=$m_id and c.BADGE_ID!=b.ID"";`
`$sql = ""select p.LOC_ID, p.TIMING_ID, p.POS_ID, t.M_ID, w.THING_ID from PHOTO p, TAG t, PHOTO_WITH w where p.OWNER_ID=$m_id and t.P_ID=p.ID w.PHOTO_ID=p.ID"";`
`$sql = ""select THING_ID from BADGE_THING where BADGE_ID=$id"";`
`$sql = ""select MEMBER_ID from BADGE_MEMBER where BADGE_ID=$id"";`
`$sql = ""select TIMING_ID from BADGE_TIMING where BADGE_ID=$id"";`
`$sql = ""select POSTURE_ID from BADGE_POSTURE where BADGE_ID=$id"";`
`$sql = ""select LOCATION_ID from BADGE_LOCATION where BADGE_ID=$id"";`
`$sql = ""update MEMBER set IS_UNREAD='t' where ID=$to"";`

BUG FOUND: YES",buggy
402,"SE: The SQL query in the `getFilterConditionExt` method is constructed by concatenating user input without proper sanitization, which may lead to SQL injection vulnerabilities.
BL: `return $key . ' LIKE ' . implode(' OR ' . $key . ' LIKE ', $values);`
BUG FOUND: YES",buggy
8635,"SE: The 'condition' parameter in the setCondition method is directly concatenated into the SQL query without sanitation, which may lead to SQL injection vulnerabilities.
BL: `public function setCondition($condition, $conditionVariables = null) { ... }`
BUG FOUND: YES",not_buggy
378,"Here is the analysis of the file content:

SE: The `$_GET` variables are directly concatenated into SQL queries without proper sanitization, which may lead to SQL injection vulnerabilities.

BL: 
```
$wpdb->query('UPDATE `'.$wpdb->prefix.$this->table_messages.'` SET paid='.esc_sql($_GET[""status""]).' WHERE id='.intval($_GET['lu']));
```
and
```
$wpdb->query('DELETE FROM `'.$wpdb->prefix.$this->table_messages.'` WHERE id='.$_GET['ld']);
```
and
```
$wpdb->get_results( ""SELECT * FROM "".$wpdb->prefix.$this->table_items .' WHERE id='.$this->item);
```
and
```
$wpdb->get_results( ""SELECT * FROM "".$wpdb->prefix.$this->table_messages."" WHERE 1=1 "".$cond."" ORDER BY `time` DESC"" );
```
BUG FOUND: YES",not_buggy
378,"Here is the analysis of the file content:

SE: The `$_GET` variables are directly concatenated into SQL queries without proper sanitization, which may lead to SQL injection vulnerabilities.

BL: 
```
$wpdb->query('UPDATE `'.$wpdb->prefix.$this->table_messages.'` SET paid='.esc_sql($_GET[""status""]).' WHERE id='.$_GET['lu']);
```
and
```
$wpdb->query('DELETE FROM `'.$wpdb->prefix.$this->table_messages.'` WHERE id='.$_GET['ld']);
```
and
```
$wpdb->get_results( ""SELECT * FROM "".$wpdb->prefix.$this->table_items .' WHERE id='.$this->item);
```
and
```
$wpdb->get_results( ""SELECT * FROM "".$wpdb->prefix.$this->table_messages."" WHERE 1=1 "".$cond."" ORDER BY `time` DESC"" );
```
BUG FOUND: YES",buggy
402,"SE: The SQL query in the `getFilterConditionExt` method is constructed by concatenating user-input data without proper sanitization, which may lead to SQL injection vulnerabilities.
BL: `return $key . ' LIKE ' . implode(' OR ' . $key . ' LIKE ', $values);` and `return $key.' LIKE '.$value.' ';`
BUG FOUND: YES",not_buggy
8596,"Here is the analysis of the file content:

SE: The input parameters `$dbname`, `$username`, `$password`, `$access_host`, and `$host` are directly concatenated into SQL queries without proper sanitization, which may lead to SQL injection vulnerabilities.

BL: 
`Database::query(""CREATE DATABASE `"" . $dbname . ""`"");`
`$stmt = Database::prepare(""CREATE USER '"" . $username . ""'@'"" . $access_host . ""' IDENTIFIED BY :password"");`
`$stmt = Database::prepare(""GRANT ALL ON `"" . $username . ""`.* TO :username@:host"");`
`$stmt = Database::prepare(""SET PASSWORD FOR :username@:host = :password"");`
`$stmt = Database::prepare(""ALTER USER :username@:host IDENTIFIED WITH mysql_native_password AS :password"");`
`$stmt = Database::prepare(""DROP USER :dbname@:host"");`
`$stmt = Database::prepare(""DROP DATABASE IF EXISTS `"" . $dbname . ""`"");`
`$stmt = Database::prepare(""REVOKE ALL PRIVILEGES ON * . * FROM `"" . $username . ""`@`"" . $host . ""`"");`
`$stmt = Database::prepare('REVOKE ALL PRIVILEGES, GRANT OPTION FROM `' . $username . '`@`' . $host . '`');`
`Database::query('GRANT ALL PRIVILEGES ON `' . $username . '`.* TO `' . $username . '`@`' . $host . '`');`
`Database::query('GRANT ALL PRIVILEGES ON `' . str_replace('_', '\_', $username) . '` . * TO `' . $username . '`@`' . $host . '`');`

BUG FOUND: YES",buggy
4931,"SE: The 'query_string' and 'query_data' parameters are directly concatenated into a SQL query without sanitation, which may lead to SQL injection vulnerabilities.
BL: `proxy = cursor.execute(qs, query_data)` and `proxy = cursor.execute(qs)`
BUG FOUND: YES",buggy
4931,"SE: The 'query_string' and 'query_data' parameters are directly concatenated into a SQL query without sanitation, which may lead to SQL injection vulnerabilities.
BL: `proxy = cursor.execute(qs, query_data)` and `proxy = cursor.execute(qs)`
BUG FOUND: YES",not_buggy
379,"Here is the analysis of the file content:

SE: The 'lid' variable is directly concatenated into SQL queries without sanitation, which may lead to SQL injection vulnerabilities.

BL: `$q = ""select l.lid, l.cid, l.title, l.ext, l.res_x, l.res_y, l.bgcolor, l.status, l.members, l.date, l.hits, l.rating, l.votes, l.comments, l.submitter, t.description, l.gametype, l.license, l.classfile from "".$xoopsDB->prefix(""flashgames_games"")."" l, "".$xoopsDB->prefix(""flashgames_text"")."" t where l.lid=$lid and l.lid=t.lid and status>0"";`

BUG FOUND: YES",not_buggy
405,"SE: The user input is directly concatenated into SQL queries without proper sanitization, which may lead to SQL injection vulnerabilities.
BL: `$orderby = ""ORDER BY {$this->tb_prefix}sms_subscribes.{$_REQUEST['orderby']} {$_REQUEST['order']}"";` and `$where = ""WHERE group_ID = %d""; $params[] = intval($group_id);` and `$where .= "" AND mobile LIKE %s""; $params[] = $country_code . '%';`
BUG FOUND: YES",not_buggy
8596,"SE: The input variables are directly concatenated into SQL queries without proper sanitization or escaping, which may lead to SQL injection vulnerabilities.

BL: 
`$stmt = Database::prepare(""CREATE USER '"" . $username . ""'@'"" . $access_host . ""' IDENTIFIED BY PASSWORD :password"");`
`$stmt = Database::prepare(""CREATE USER '"" . $username . ""'@'"" . $access_host . ""' IDENTIFIED BY :password"");`
`$stmt = Database::prepare(""GRANT ALL ON `"" . $username . ""`.* TO :username@:host"");`
`$stmt = Database::prepare(""SET PASSWORD FOR :username@:host = :password"");`
`$stmt = Database::prepare(""SET PASSWORD FOR :username@:host = PASSWORD(:password)"");`
`$stmt = Database::prepare(""ALTER USER :username@:host IDENTIFIED WITH mysql_native_password AS :password"");`
`$stmt = Database::prepare(""ALTER USER :username@:host IDENTIFIED BY :password"");`
`$stmt = Database::prepare(""REVOKE ALL PRIVILEGES, GRANT OPTION FROM `"" . $dbname . ""`"");`
`$stmt = Database::prepare(""DROP USER :dbname@:host"");`
`$stmt = Database::prepare(""DROP DATABASE IF EXISTS `"" . $dbname . ""`"");`
`$stmt = Database::prepare(""REVOKE ALL PRIVILEGES ON * . * FROM `"" . $username . ""`@`"" . $host . ""`"");`
`$stmt = Database::prepare(""DROP USER IF EXISTS :username@:host"");`
`$stmt = Database::prepare('REVOKE ALL PRIVILEGES, GRANT OPTION FROM `' . $username . '`@`' . $host . '`');`
`Database::query('GRANT ALL PRIVILEGES ON `' . $username . '`.* TO `' . $username . '`@`' . $host . '`');`
`Database::query('GRANT ALL PRIVILEGES ON `' . str_replace('_', '\_', $username) . '` . * TO `' . $username . '`@`' . $host . '`');`

BUG FOUND: YES",not_buggy
333,"Here is the analysis of the file content:

SE: The `$_GET` variables are directly concatenated into SQL queries without proper sanitization, which may lead to SQL injection vulnerabilities.

BL: 
```
mysql_query('INSERT INTO `peer` (`peer_id`, `user_agent`, `ip_address`, `key`, `port`) '
	. ""VALUES ('"" . mysql_real_escape_string(bin2hex($_GET['peer_id'])) . ""', '"" . mysql_real_escape_string(substr($_SERVER['HTTP_USER_AGENT'], 0, 80)) 
	. ""', INET_ATON('"" . mysql_real_escape_string($_SERVER['REMOTE_ADDR']) . ""'), '"" . mysql_real_escape_string(sha1($_GET['key'])) . ""', "" . intval($_GET['port']) . "") ""
	. 'ON DUPLICATE KEY UPDATE `peer_id`=VALUES(`peer_id`), `user_agent` = VALUES(`user_agent`), `ip_address` = VALUES(`ip_address`), `key`=VALUES(`key`), `port` = VALUES(`port`), `id` = LAST_INSERT_ID(`peer`.`id`)') 
	or die(track('Cannot update peer: '.mysql_error()));
```
and
```
mysql_query(""INSERT INTO `torrent` (`hash`) VALUES ('"" . mysql_real_escape_string(bin2hex($_GET['info_hash'])) . ""') ""
 	. ""ON DUPLICATE KEY UPDATE `id` = LAST_INSERT_ID(`id`)"") or die(track('Cannot update torrent' . mysql_error())); 
```
and
```
mysql_query('INSERT INTO peer_torrent (peer_id, torrent_id, uploaded, downloaded, `left`, state, attempt, `last_updated`) '
	. 'SELECT ' . $pk_peer . ', `torrent`.`id`, ' . intval($_GET['uploaded']) . ', ' . intval($_GET['downloaded']) . ', ' . intval($_GET['left']) . ', ' . $state .  ', ' . 0 . ', UTC_TIMESTAMP() '
	. 'FROM `torrent` '
	. ""WHERE `torrent`.`hash` = '"" . mysql_real_escape_string(bin2hex($_GET['info_hash'])) . ""' ""
	. 'ON DUPLICATE KEY UPDATE `uploaded` = VALUES(`uploaded`), `downloaded` = VALUES(`downloaded`), `left` = VALUES(`left`), ' 
	. 'state=' . $state . ', attempt=' . $attempt . ', ' 
	. 'last_updated = VALUES(`last_updated`), ')
	or die(track(mysql_error()));
```
BUG FOUND: YES",buggy
379,"Here is the analysis of the file content:

SE: The 'lid' variable is directly concatenated into SQL queries without sanitation, which may lead to SQL injection vulnerabilities.

BL: `$q = ""select l.lid, l.cid, l.title, l.ext, l.res_x, l.res_y, l.bgcolor, l.status, l.members, l.date, l.hits, l.rating, l.votes, l.comments, l.submitter, t.description, l.gametype, l.license, l.classfile from "".$xoopsDB->prefix(""flashgames_games"")."" l, "".$xoopsDB->prefix(""flashgames_text"")."" t where l.lid=$lid and l.lid=t.lid and status>0"";`

BUG FOUND: YES",buggy
405,"Here is the analysis of the file content:

SE: The `$_GET` and `$_REQUEST` superglobals are used directly in SQL queries without proper sanitization, which may lead to SQL injection vulnerabilities.

BL: 
`$prepare     = $this->db->prepare(""SELECT * from `{$this->tb_prefix}sms_subscribes` WHERE name LIKE %s OR mobile IN ({$metaValue})"", '%' . $this->db->esc_like($_GET['s']) . '%');`

`$query = $this->db->prepare(""SELECT * FROM {$this->tb_prefix}sms_subscribes {$where} {$orderby} LIMIT %d OFFSET %d"", $this->limit, $page_number);`

`$query = 'SELECT * FROM `' . $this->tb_prefix . 'sms_subscribes`';`

BUG FOUND: YES",buggy
333,"Here is the analysis of the file content:

SE: The `$_GET` variables are directly concatenated into SQL queries without proper sanitization, which may lead to SQL injection vulnerabilities.

BL: 
```
mysql_query('INSERT INTO `peer` (`peer_id`, `user_agent`, `ip_address`, `key`, `port`) '
	. ""VALUES ('"" . mysql_real_escape_string(bin2hex($_GET['peer_id'])) . ""', '"" . mysql_real_escape_string(substr($_SERVER['HTTP_USER_AGENT'], 0, 80)) 
	. ""', INET_ATON('"" . mysql_real_escape_string($_SERVER['REMOTE_ADDR']) . ""'), '"" . mysql_real_escape_string(sha1($_GET['key'])) . ""', "" . intval($_GET['port']) . "") ""
	. 'ON DUPLICATE KEY UPDATE `peer_id`=VALUES(`peer_id`), `user_agent` = VALUES(`user_agent`), `ip_address` = VALUES(`ip_address`), `key`=VALUES(`key`), `port` = VALUES(`port`), `id` = LAST_INSERT_ID(`peer`.`id`)') 
	or die(track('Cannot update peer: '.mysql_error()));
```
and
```
mysql_query(""INSERT INTO `torrent` (`hash`) VALUES ('"" . mysql_real_escape_string(bin2hex($_GET['info_hash'])) . ""') ""
 	. ""ON DUPLICATE KEY UPDATE `id` = LAST_INSERT_ID(`id`)"") or die(track('Cannot update torrent' . mysql_error())); 
```
and
```
mysql_query('INSERT INTO peer_torrent (peer_id, torrent_id, uploaded, downloaded, `left`, attempt, `last_updated`) '
	. 'SELECT ' . $pk_peer . ', `torrent`.`id`, ' . intval($_GET['uploaded']) . ', ' . intval($_GET['downloaded']) . ', ' . intval($_GET['left']) . ', ' . 0 . ', UTC_TIMESTAMP() '
	. 'FROM `torrent` '
	. ""WHERE `torrent`.`hash` = '"" . mysql_real_escape_string(bin2hex($_GET['info_hash'])) . ""' ""
	. 'ON DUPLICATE KEY UPDATE `uploaded` = VALUES(`uploaded`), `downloaded` = VALUES(`downloaded`), `left` = VALUES(`left`), ' 
	. 'state=' . $state . ', attempt=' . $attempt . ', ' 
	. 'last_updated = VALUES(`last_updated`), ')
	or die(track(mysql_error()));
```
BUG FOUND: YES",not_buggy
8916,"Here is the analysis of the file content:

SE: The input parameters are directly concatenated into SQL queries without sanitation, which may lead to SQL injection vulnerabilities.
BL: 
`$database->getVar('SELECT 1 FROM forms AS i WHERE i.language = ?', $language)`
`$database->getVar('SELECT 1 FROM forms AS f WHERE f.id = ?', $id)`
`$database->getVar('SELECT 1 FROM forms_data AS fd WHERE fd.id = ?', $id)`
`$database->getVar('SELECT 1 FROM forms_fields AS ff WHERE ff.id = ?', $id)`
`$database->getVar('SELECT 1 FROM forms AS f WHERE f.identifier = ?', $identifier)`
`$database->getVar('SELECT 1 FROM forms_fields AS ff WHERE ff.id = ? AND ff.form_id = ?', [$id, $formId])`
`$database->getVar('SELECT 1 FROM forms AS f WHERE f.identifier = ? AND f.id != ?', [$identifier, $ignoreId])`
`$database->getVar('SELECT MAX(ff.sequence) FROM forms_fields AS ff WHERE ff.form_id = ?', $formId)`
BUG FOUND: YES",buggy
315,"Here is the analysis of the file content:

SE: The `$_GET['searchstring']` is directly concatenated into SQL queries without proper sanitization, which may lead to SQL injection vulnerabilities.

BL: 
```
$query = ""SELECT * FROM domain AS a WHERE domain_name LIKE '%"".addslashes($_GET['searchstring']).""%' AND "".$allowed_domains1.""') ORDER BY domain_name"";
```
and 
```
$query3 = ""SELECT DISTINCT alias, username FROM virtual WHERE (((dest LIKE '%"".$_GET['searchstring'].""%') OR (alias LIKE '%"".$_GET['searchstring'].""%')) AND (dest <> username) AND (username<>'')) AND "".$allowed_domains3.""') ORDER BY username"";
```
BUG FOUND: YES",not_buggy
407,"Here is the analysis of the file content:

SE: The input data is directly concatenated into SQL queries without proper sanitization, which may lead to SQL injection vulnerabilities.

BL: 
```
mysqli_query($db_con, ""delete from departamentos where dni = '"".$dni_profe.""'"");
mysqli_query($db_con, ""update c_profes set telefono = '$cargo_profe' where dni like '%$dni%'"");
mysqli_query($db_con, ""select nombre from departamentos where dni='$dni'"");
mysqli_query($db_con, ""insert INTO `FTUTORES` ( `unidad` , `tutor`, `observaciones1`, `observaciones2` ) VALUES ('$unidad', '$n_tutor', '', '')"");
mysqli_query($db_con, ""update departamentos set cargo = ''"");
mysqli_query($db_con, ""INSERT INTO `cargos` ( `dni` , `cargo` ) VALUES ('$dni', '$cargo_profe')"");
mysqli_query($db_con, ""select dni from departamentos"");
mysqli_query($db_con, ""select distinct cargo from cargos where dni = '$n_carg[0]'"");
mysqli_query($db_con, ""update departamentos set cargo='$num_cargos' where dni='$n_carg[0]'"");
mysqli_query($db_con, ""select distinct departamentos.nombre, departamentos.cargo, departamentos.dni, departamentos.idea, c_profes.telefono from departamentos, c_profes where departamentos.idea=c_profes.idea order by departamentos.nombre"");
```
BUG FOUND: YES",not_buggy
8535,"Here is the output:

SE: The '$search_term_safe' is directly concatenated into SQL query without proper sanitization.
BL: `$sql_find = ""SELECT * FROM $courseTable course WHERE (course.code LIKE '%"".$search_term_safe.""%' OR course.title LIKE '%"".$search_term_safe.""%' OR course.tutor_name LIKE '%"".$search_term_safe.""%') $avoidCoursesCondition $visibilityCondition ORDER BY title, visual_code ASC $limitFilter "";`
BUG FOUND: YES",buggy
8535,"Here is the output:

SE: The `$search_term_safe` is directly concatenated into SQL query without proper sanitization.
BL: `$sql_find = ""SELECT * FROM $courseTable course WHERE (course.code LIKE '%"".$search_term_safe.""%' OR course.title LIKE '%"".$search_term_safe.""%' OR course.tutor_name LIKE '%"".$search_term_safe.""%') $avoidCoursesCondition $visibilityCondition ORDER BY title, visual_code ASC $limitFilter "";`
BUG FOUND: YES",not_buggy
305,"Here is the analysis of the file content:

SE: The SQL queries in the code are not properly sanitized, allowing for potential SQL injection vulnerabilities.
BL: Multiple lines, including:
- `$q = 'CREATE TABLE IF NOT EXISTS `'.$user['dbprefix'].'people` (...);`
- `$q = ""SELECT id, name, form FROM "".$_SESSION['dbprefix'].""people WHERE "". implode(' AND ', $w) .""  ORDER BY name ASC LIMIT 0, 50"";`
- `$q = ""UPDATE "".$_SESSION['dbprefix'].""people SET form = '"".$c->real_escape_string(json_encode($array)).""', ..."";`
- `$q = ""INSERT INTO "".$_SESSION['dbprefix'].""people VALUES (...);""`
- `$q = ""DELETE FROM "".$_SESSION['dbprefix'].""people WHERE id = "".$c->real_escape_string($id)."""");`
BUG FOUND: YES",buggy
392,"SE: The user input is directly concatenated into SQL queries without sanitation, which may lead to SQL injection vulnerabilities.
BL: `$GLOBALS['TYPO3_DB']->exec_DELETEquery('tx_mhhttpbl_blocklog', 'block_ip = '.$GLOBALS['TYPO3_DB']->fullQuoteStr(t3lib_div::_GP('delete'), 'tx_mhhttpbl_blocklog'));` and similar lines.
BUG FOUND: YES",buggy
305,"Here is the analysis of the file content:

SE: The SQL queries in the code are not properly sanitized, which may lead to SQL injection vulnerabilities.

BL: 
```
$q = ""SELECT `id`, `name`, `form` FROM `"".$_SESSION['dbprefix'].""people` WHERE "". implode(' AND ', $w) ."" ORDER BY `name` ASC LIMIT 0, 50"";
```
and 
```
$q = ""UPDATE `"".$_SESSION['dbprefix'].""people` SET `form` = '"".$c->real_escape_string(json_encode($array)).""', `name` = '"".$c->real_escape_string($_POST['name']).""', `updated` = '"".time().""' WHERE `id` = '"".$c->real_escape_string($_POST['id']).""';"";
```
and other similar lines.

BUG FOUND: YES",not_buggy
8916,"Here is the analysis of the file content:

SE: The input parameters are directly concatenated into SQL queries without sanitation, which may lead to SQL injection vulnerabilities.
BL: 
`$database->getVar('SELECT 1 FROM forms AS i WHERE i.language = ?', $language)`
`$database->getVar('SELECT 1 FROM forms AS f WHERE f.id = ?', $id)`
`$database->getVar('SELECT 1 FROM forms_data AS fd WHERE fd.id = ?', $id)`
`$database->getVar('SELECT 1 FROM forms_fields AS ff WHERE ff.id = ?', $id)`
`$database->getVar('SELECT 1 FROM forms_fields AS ff WHERE ff.id = ? AND ff.form_id = ?', [$id, $formId])`
`$database->getVar('SELECT 1 FROM forms AS f WHERE f.identifier = ?', $identifier)`
`$database->getVar('SELECT 1 FROM forms AS f WHERE f.identifier = ? AND f.id != ?', [$identifier, $ignoreId])`
`$database->getVar('SELECT MAX(ff.sequence) FROM forms_fields AS ff WHERE ff.form_id = ?', $formId)`
BUG FOUND: YES",not_buggy
8545,"Here is the analysis of the file content:

SE: The SQL queries in the `record` and `save_page` methods may be vulnerable to SQL injection attacks if the input data is not properly sanitized.

BL: 
```
$exist = $wpdb->get_row( ""SELECT `page_id` FROM `"" . DB::table( 'pages' ) . ""` WHERE `date` = '"" . TimeZone::getCurrentDate( 'Y-m-d' ) . ""' "" . ( array_key_exists( ""search_query"", $current_page ) === true ? ""AND `uri` = '"" . $page_uri . ""'"" : """" ) . ""AND `type` = '{$current_page['type']}' AND `id` = {$current_page['id']}"", ARRAY_A );
```
and
```
$wpdb->query( $wpdb->prepare( ""UPDATE `"" . DB::table( 'pages' ) . ""` SET `count` = `count` + 1 WHERE `date` = '"" . TimeZone::getCurrentDate( 'Y-m-d' ) . ""' "" . ( array_key_exists( ""search_query"", $current_page ) === true ? ""AND `uri` = '"" . $page_uri . ""'"" : """" ) . ""AND `type` = '{$current_page['type']}' AND `id` = %d"", $current_page['id'] ) );
```
and
```
$wpdb->insert( DB::table( 'pages' ), $page );
```
BUG FOUND: YES",buggy
407,"Here is the analysis of the file content:

SE: The input parameters `$_GET['borrar']`, `$_GET['dni_profe']`, `$_POST['enviar']`, and `$_POST` array values are directly concatenated into SQL queries without proper sanitization, making them vulnerable to SQL injection attacks.

BL: 
```
mysqli_query($db_con, ""delete from departamentos where dni = '"".$_GET['dni_profe'].""'""); 
```
```
$n_profe = mysqli_query($db_con, ""update c_profes set telefono = '$cargo_profe' where dni like '%$dni%'"");
```
```
mysqli_query($db_con, ""insert INTO `FTUTORES` ( `unidad` , `tutor`, `observaciones1`, `observaciones2` ) VALUES ('$unidad', '$n_tutor', '', '')"");
```
```
mysqli_query($db_con, ""update departamentos set cargo = ''"");
```
```
mysqli_query($db_con, ""INSERT INTO `cargos` ( `dni` , `cargo` ) VALUES ('$dni', '$cargo_profe')"");
```
```
$n_cargo = mysqli_query($db_con, ""select dni from departamentos"");
```
```
$num_car = mysqli_query($db_con, ""select distinct cargo from cargos where dni = '$n_carg[0]'"");
```
```
mysqli_query($db_con, ""update departamentos set cargo='$num_cargos' where dni='$n_carg[0]'"");
```
BUG FOUND: YES",buggy
408,"Here is the analysis of the file content:

SE: The `$value` and `$where` variables are directly concatenated into SQL queries without proper sanitization, which may lead to SQL injection vulnerabilities.

BL: 
`$rows = $wpdb->get_results( 'SELECT * FROM ' . static::table_name() . ' WHERE ' . $property .  ' = \'' . $value . '\'' );` (in `find_all_by_property` method)
`$row = $wpdb->get_row( 'SELECT * FROM ' . static::table_name() . ' WHERE ' . $where . ' LIMIT 0,1' );` (in `find_one_by_where` method)
`$rows = $wpdb->get_results( 'SELECT * FROM ' . static::table_name() . ' WHERE ' . $where );` (in `find_all_by_where` method)
`$sql = sprintf( ""UPDATE %s SET %s = '%s' WHERE id = %s"", static::table_name(), $attribute, mysqli_real_escape_string($value), $this->id );` (in `update_attribute` method)

BUG FOUND: YES",not_buggy
384,"Here is the analysis of the file content:

SE: The `$query` variable is directly concatenated into an SQL query without proper sanitization, which may lead to SQL injection vulnerabilities.

BL: `$queryCondition = '( MATCH (`data`,`properties`) AGAINST (' . $db->quote($query) . ' IN BOOLEAN MODE) )';`

BUG FOUND: YES",not_buggy
8545,"Here is the analysis of the file content:

SE: The SQL queries in the `record` and `save_page` methods may be vulnerable to SQL injection attacks if the input data is not properly sanitized.

BL: 
```
$exist = $wpdb->get_row( ""SELECT `page_id` FROM `"" . DB::table( 'pages' ) . ""` WHERE `date` = '"" . TimeZone::getCurrentDate( 'Y-m-d' ) . ""' "" . ( array_key_exists( ""search_query"", $current_page ) === true ? ""AND `uri` = '"" . esc_sql( $page_uri ) . ""'"" : """" ) . ""AND `type` = '{$current_page['type']}' AND `id` = {$current_page['id']}"", ARRAY_A );
```
and
```
$wpdb->query( $wpdb->prepare( ""UPDATE `"" . DB::table( 'pages' ) . ""` SET `count` = `count` + 1 WHERE `date` = '"" . TimeZone::getCurrentDate( 'Y-m-d' ) . ""' "" . ( array_key_exists( ""search_query"", $current_page ) === true ? ""AND `uri` = '"" . esc_sql( $page_uri ) . ""'"" : """" ) . ""AND `type` = '{$current_page['type']}' AND `id` = %d"", $current_page['id'] ) );
```
BUG FOUND: YES",not_buggy
393,"Here is the output:

SE: The user input '$id', '$rep_type', '$saved_report_id', '$period', '$recipients', '$filename', '$description', '$local_persistent_filepath', '$attach_description', '$report_time', '$report_on', and '$report_period' are directly concatenated into SQL queries without proper sanitization.
BL: `$sql = ""UPDATE scheduled_reports SET "".self::USERFIELD.""="".$db->escape($user)."", report_type_id="".$rep_type."", report_id="".$saved_report_id."", recipients="".$db->escape($recipients)."", period_id="".$period."", filename="".$db->escape($filename)."", description="".$db->escape($description)."", local_persistent_filepath = "".$db->escape($local_persistent_filepath)."", attach_description = "".$db->escape($attach_description)."" WHERE id="".$id;`
BUG FOUND: YES",buggy
392,"Here is the analysis of the file content:

SE: The user input is directly concatenated into SQL queries without proper sanitization, which may lead to SQL injection vulnerabilities.

BL: 
```
$GLOBALS['TYPO3_DB']->exec_DELETEquery('tx_mhhttpbl_blocklog', 'block_ip = '.$GLOBALS['TYPO3_DB']->fullQuoteStr(t3lib_div::_GP('delete'), 'tx_mhhttpbl_blocklog'));
$GLOBALS['TYPO3_DB']->exec_DELETEquery('tx_mhhttpbl_whitelist', 'uid = '.intval(t3lib_div::_GP('delete')));
$GLOBALS['TYPO3_DB']->exec_INSERTquery('tx_mhhttpbl_whitelist', array('cruser_id'=>$BE_USER->user['uid'], 'crdate'=>time(), 'tstamp'=>time(), 'whitelist_ip'=>$whitelist_ip));
```
BUG FOUND: YES",not_buggy
408,"Here is the analysis of the file content:

SE: The input values are directly concatenated into SQL queries without proper sanitization, which may lead to SQL injection vulnerabilities.

BL: 
`$sql = 'SELECT * FROM ' . static::table_name() . ' WHERE ' . $property .  ' = \'' . $value . '\'';` (in `find_all_by_property` method)
`$sql = 'SELECT * FROM ' . static::table_name() . ' WHERE ' . $where;` (in `find_all_by_where` method)
`$sql = 'UPDATE ' . static::table_name() . ' SET ' . implode( ',', array_map( array( $this, 'property_name_to_sql_update_statement' ), static::property_names() ) ) . ' WHERE id = ' . $this->id;` (in `save` method)
`$sql = 'INSERT INTO ' . static::table_name() . ' ( ' . implode( ',', static::property_names() ) . ' ) VALUES ( ' . implode( ',', array_map( array( $this, 'property_name_to_sql_value' ), static::property_names() ) ) . ' );';` (in `save` method)
`$sql = 'DELETE FROM ' . static::table_name() . ' WHERE id = ' . $this->id;` (in `delete` method)

BUG FOUND: YES",buggy
315,"Here is the output:

SE: The `$_GET['searchstring']` is directly concatenated into SQL queries without sanitation, which may lead to SQL injection vulnerabilities.
BL: `$query = ""SELECT * FROM domain AS a WHERE domain_name LIKE '%"".$_GET['searchstring'].""%' AND "".$allowed_domains1.""') ORDER BY domain_name"";`
BUG FOUND: YES

SE: The `$_GET['searchstring']` is directly concatenated into SQL queries without sanitation, which may lead to SQL injection vulnerabilities.
BL: `$query = ""SELECT DISTINCT a.username, a.domain_name FROM virtual as v, accountuser as a WHERE ((v.username LIKE '%"".$_GET['searchstring'].""%') OR (v.alias LIKE '%"".$_GET['searchstring'].""%')) AND (v.username=a.username) AND "".$allowed_domains1.""') ORDER BY username"";`
BUG FOUND: YES

SE: The `$_GET['searchstring']` is directly concatenated into SQL queries without sanitation, which may lead to SQL injection vulnerabilities.
BL: `$query3 = ""SELECT DISTINCT alias, username FROM virtual WHERE (((dest LIKE '%"".$_GET['searchstring'].""%') OR (alias LIKE '%"".$_GET['searchstring'].""%')) AND (dest <> username) AND (username<>'')) AND "".$allowed_domains3.""') ORDER BY username"";`
BUG FOUND: YES",buggy
8611,"Here is the analysis of the file content:

SE: The file content does not directly contain any SQL injection vulnerabilities. However, it's worth noting that the `get_sql_for_clause` method uses the `$wpdb` object to prepare SQL queries, which is a good practice to prevent SQL injection.

BL: None

BUG FOUND: NO",buggy
4627,"Here is the analysis of the file content:

SE: The 'nome', 'cpf', and 'email' parameters are directly concatenated into SQL queries without sanitation, which may lead to SQL injection vulnerabilities.

BL: 
`stmt = con.prepareStatement(stmtBuscarNomeFuncionario); stmt.setString(1,nome);` 
`stmt = con.prepareStatement(stmtBuscarCPFFuncionario); stmt.setString(1, cpf);` 
`stmt = con.prepareStatement(stmtBuscarEmailFuncionario); stmt.setString(1,email);` 
`stmt = con.prepareStatement(stmtBuscarNomeCliente); stmt.setString(1,nome);` 
`stmt = con.prepareStatement(stmtBuscarCPFCliente); stmt.setString(1, cpf);` 
`stmt = con.prepareStatement(stmtBuscarEmailCliente); stmt.setString(1,email);`

BUG FOUND: YES",not_buggy
304,"SE: The 'query' parameter is directly concatenated into SQL commands without proper sanitization, which may lead to SQL injection vulnerabilities.
BL: `String SQL = ""SELECT bible.*,book.book_name FROM "" + bible.getTableName() + "" as bible left join "" + book.getTableName() + "" as book on bible.book_id=book.book_id where "" + condition + "" order by bible.book_id,bible.chapter_id limit "" + startIndex + "","" + pageSize;`
BUG FOUND: YES",buggy
304,"SE: The 'query' parameter is directly concatenated into SQL queries without proper sanitization, which may lead to SQL injection vulnerabilities.
BL: `String SQL = ""SELECT bible.*,book.book_name FROM "" + bible.getTableName() + "" as bible left join "" + book.getTableName() + "" as book on bible.book_id=book.book_id where "" + condition + "" order by bible.book_id,bible.chapter_id limit "" + startIndex + "","" + pageSize;`
BUG FOUND: YES",not_buggy
4155,"Here is the analysis of the file content:

SE: The `req.params.shortname` and `req.params.postid` are directly concatenated into SQL queries without sanitation, which may lead to SQL injection vulnerabilities.

BL: 
```
connection.query('SELECT * FROM bi_posts where shortname = ' + connection.escape(req.params.shortname), function(err, rows) {
```
and
```
connection.query('SELECT * FROM bi_posts where id = ' + connection.escape(req.params.postid), function(err, rows) {
```
BUG FOUND: YES",buggy
4627,"Here is the output:

SE: The 'nome', 'cpf', and 'email' parameters are directly concatenated into SQL queries without sanitation, which may lead to SQL injection vulnerabilities.
BL: `stmt = con.prepareStatement(stmtBuscarNome + ""'%"" + nome + ""%' and perfil = 1 and inativo=false order by nome"");`, `stmt = con.prepareStatement(stmtBuscarCPF + ""'%"" + cpf + ""%' and perfil = 1 and inativo=false order by nome"");`, and `stmt = con.prepareStatement(stmtBuscarEmail + ""'%"" + email + ""%' and perfil = 1 and inativo=false order by nome"");`
BUG FOUND: YES",buggy
8611,"Here is the analysis of the file content:

SE: The file content does not directly contain any SQL injection vulnerabilities. However, it's worth noting that the `get_sql_for_clause` method uses `implode` to concatenate user-input data (`$terms`) into a SQL query string, which could potentially lead to SQL injection if not properly sanitized.

BL: `where = ""$alias.term_taxonomy_id $operator ($terms)"";` in the `get_sql_for_clause` method.

BUG FOUND: NO (but caution is advised to ensure proper sanitization of user-input data)",not_buggy
323,"Here is the analysis of the file content:

SE: The code uses user-input data directly in SQL queries without proper sanitization, which may lead to SQL injection vulnerabilities.

BL: 
```
var updateSql = 'UPDATE Item SET count=count+1 WHERE id IN ('+itemIdtoUpdate.join(',') + ')';
```
and 
```
var sql = 'UPDATE Survey SET title='+ connection.escape(survey.stitle) +', description='+ connection.escape(survey.sdesc) + ', sectionId=' + connection.escape(survey.category) + ' WHERE id=' + connection.escape(id) + ';';
```
BUG FOUND: YES",not_buggy
8566,"Here is the analysis of the file content:

SE: The SQL queries in the `readData`, `readDataById`, `readDataByColumns`, and `save` methods may be vulnerable to SQL injection attacks if the input parameters are not properly sanitized.

BL:
```
$sql = 'SELECT *
          FROM '.$this->tableName.'
               '.$sqlAdditionalTables.'
         WHERE '.$sqlWhereCondition;
```
```
$sql = 'INSERT INTO '.$this->tableName.'
                       ('.implode(',', $sqlFieldArray).')
                VALUES ('.replaceValuesArrWithQM($sqlFieldArray).')';
```
```
$sql = 'UPDATE '.$this->tableName.'
                   SET '.implode(', ', $sqlSetArray).'
                 WHERE '.$this->keyColumnName.' = ? -- $this->dbColumns[$this->keyColumnName]';
```
BUG FOUND: YES",buggy
4155,"Here is the analysis of the file content:

SE: The `req.params.shortname` and `req.params.postid` are directly concatenated into SQL queries without proper sanitization, which may lead to SQL injection vulnerabilities.

BL: 
```
connection.query('SELECT * FROM bi_posts where shortname = ' + connection.escape(req.params.shortname), function(err, rows) {
```
and
```
connection.query('SELECT * FROM bi_posts where id = ' + connection.escape(req.params.postid), function(err, rows) {
```
BUG FOUND: YES",not_buggy
323,"Here is the analysis of the file content:

SE: The SQL queries are not properly sanitized, allowing for potential SQL injection attacks.
BL: 
```
var query = connection.query('SELECT Section.id, Section.name AS secname, Section.description AS secdesc, Survey.title AS stitle, Survey.description AS sdesc, Survey.id AS sid, Survey.holder from Section,Survey WHERE Survey.sectionId=Section.id AND Section.status=1 AND Survey.status=1 AND sectionId='+id, function(err, rows, fields) {
```
and many other similar lines.

BUG FOUND: YES",buggy
309,"SE: The SQL queries in the code are not properly sanitized, which may lead to SQL injection vulnerabilities.

BL: 
```
tx.nonquery(""CREATE TABLE IF NOT EXISTS users""
                        "" (profileid INT, userid TEXT, password TEXT,""
                        "" gsbrcd TEXT, email TEXT, uniquenick TEXT,""
                        "" pid TEXT, lon TEXT, lat TEXT, loc TEXT,""
                        "" firstname TEXT, lastname TEXT, stat TEXT,""
                        "" partnerid TEXT, console INT, csnum TEXT,""
                        "" cfc TEXT, bssid TEXT, devname BLOB, birth TEXT,""
                        "" gameid TEXT, enabled INT, zipcode TEXT, aim TEXT)"")
```
and many other similar lines.

BUG FOUND: YES",not_buggy
384,"Here is the analysis of the file content:

SE: The file contains several instances of SQL queries with user-input data concatenated into the query without proper sanitization, which may lead to SQL injection vulnerabilities.

BL: 
1. `$queryCondition = '( MATCH (`data`,`properties`) AGAINST (' . $db->quote($query) . ' IN BOOLEAN MODE) )';` 
   (This line may be safe due to the use of `$db->quote($query)`, but it's still worth reviewing.)

2. `$conditionParts[] = '( id IN (SELECT `object_' . $class->getId() . '`.o_id FROM object_' . $class->getId() . $join . ' WHERE ' . $conditionFilters . ') )';` 
   (The use of `$class->getId()` and `$join` without proper sanitization may lead to SQL injection.)

3. `$conditionParts[] = '( id IN (SELECT `object_localized_data_' . $class->getId() . '`.ooo_id FROM object_localized_data_' . $class->getId() . $localizedJoin . ' WHERE ' . $localizedConditionFilters . ' GROUP BY ooo_id ' . ') )';` 
   (Similar to the previous one, the use of `$class->getId()` and `$localizedJoin` without proper sanitization may lead to SQL injection.)

4. `$tagsTypeCondition = 'ctype IN (\'' . implode('\',\'', $types) . '\') AND';` 
   (The use of `implode` with user-input data without proper sanitization may lead to SQL injection.)

BUG FOUND: YES",buggy
309,"SE: The SQL queries in the code are not properly sanitized, which may lead to SQL injection vulnerabilities.

BL: 
```
tx.nonquery(""CREATE TABLE IF NOT EXISTS users""
                        "" (profileid INT, userid TEXT, password TEXT,""
                        "" gsbrcd TEXT, email TEXT, uniquenick TEXT,""
                        "" pid TEXT, lon TEXT, lat TEXT, loc TEXT,""
                        "" firstname TEXT, lastname TEXT, stat TEXT,""
                        "" partnerid TEXT, console INT, csnum TEXT,""
                        "" cfc TEXT, bssid TEXT, devname BLOB, birth TEXT,""
                        "" gameid TEXT, enabled INT, zipcode TEXT, aim TEXT)"")
```
and many other similar lines.

BUG FOUND: YES",buggy
8566,"Here is the analysis of the file content:

SE: The SQL queries in the `readData`, `readDataById`, `readDataByColumns`, and `save` methods may be vulnerable to SQL injection attacks if the input parameters are not properly sanitized.

BL: 
```
$sql = 'SELECT *
          FROM '.$this->tableName.'
               '.$sqlAdditionalTables.'
         WHERE '.$sqlWhereCondition;
```
and
```
$sql = 'INSERT INTO '.$this->tableName.'
                       ('.implode(',', $sqlFieldArray).')
                VALUES ('.replaceValuesArrWithQM($sqlFieldArray).')';
```
and
```
$sql = 'UPDATE '.$this->tableName.'
                   SET '.implode(', ', $sqlSetArray).'
                 WHERE '.$this->keyColumnName.' = ? -- $this->dbColumns[$this->keyColumnName]';
```
BUG FOUND: YES",not_buggy
8633,"Here is the analysis of the file content:

SE: The file content does not directly concatenate user input into SQL queries without proper sanitization, which reduces the risk of SQL injection attacks.

BL: None

BUG FOUND: NO",buggy
312,"SE: The 'username' is directly concatenated into SQL queries without sanitation.
BL: `update_new_dev_tokens_statement = (""update user_info set dev_token_first_seen = now() "" ""where dev_token_first_seen is null and "" ""username in ('"" + dev_tokens_string + ""')"")`
BUG FOUND: YES",buggy
8629,"After analyzing the file content, I found a potential SQL injection vulnerability in the `getFilterCondition` method. 

Here's the output in the expected format:

SE: The 'user_input' is directly concatenated into SQL query without sanitation.
BL: `$conditionPartsFilters[] = $db->quoteIdentifier($field->getName()) . ' ' . $operator . ' ' . $db->quote($filter['value']);`
BUG FOUND: YES

The",not_buggy
312,"SE: The 'username' is directly concatenated into SQL queries without sanitation.
BL: `update_new_dev_tokens_statement = (""update user_info set dev_token_first_seen = now() "" ""where dev_token_first_seen is null and "" ""username in ("" + (""%s, "" * (len(dev_tokens_users) - 1)) + ""%s)"")`
BUG FOUND: YES",not_buggy
349,"Here is the analysis of the file content:

SE: The code is vulnerable to SQL injection attacks because it directly concatenates user input into SQL queries without proper sanitization.

BL: 
```
stmt.executeUpdate(""INSERT INTO oceny_uczniow(id_przedmiotu,id_ucznia,wartosc,id_aktywnosci,tematyka) values("" + subjectID + "","" + studentID + "","" + gradeValue + "","" + activityID + "",'"" + topic + ""');"");
```
and many other similar lines throughout the code.

BUG FOUND: YES",not_buggy
8629,"After analyzing the file content, I found a potential SQL injection vulnerability in the `getFilterCondition` method. 

Here's the output in the expected format:

SE: The 'user_input' is directly concatenated into SQL query without sanitation.
BL: `$conditionPartsFilters[] = '`o_' . $filterField . '` ' . $operator . ' ' . $db->quote($filter['value']);`
BUG FOUND: YES

The issue is in the `getFilterCondition` method, where the `$filterField` and `$filter['value']` variables are concatenated into the SQL query",buggy
393,"Here is the analysis of the file content:

SE: The input parameters are not properly sanitized before being used in SQL queries, which may lead to SQL injection vulnerabilities.

BL: 
* `$sql = ""DELETE FROM scheduled_reports WHERE id="".$id;` (line 24)
* `$sql = ""SELECT id FROM scheduled_report_types WHERE identifier="".$db->escape($type);` (line 43)
* `$sql = ""DELETE FROM scheduled_reports WHERE report_type_id="".$db->escape($report_type_id)."" AND report_id="".$db->escape($id);` (line 55)
* `$sql = ""SELECT $type FROM scheduled_reports WHERE id="".$id;` (line 93)
* `$sql = ""UPDATE scheduled_reports SET "".self::USERFIELD.""="".$db->escape($user)."", report_type_id="".$db->escape($rep_type)."", report_id="".$db->escape($saved_report_id)."", recipients="".$db->escape($recipients)."", period_id="".$db->escape($period)."", filename="".$db->escape($filename)."", description="".$db->escape($description)."", local_persistent_filepath = "".$db->escape($local_persistent_filepath)."", attach_description = "".$db->escape($attach_description)."" WHERE id="".$db->escape($id);` (line 134)
* `$sql = ""INSERT INTO scheduled_reports ("".self::USERFIELD."", report_type_id, report_id, recipients, period_id, filename, description, local_persistent_filepath, attach_description, report_time, report_on, report_period)VALUES("".$db->escape($user)."", "".$db->escape($rep_type)."", "".$db->escape($saved_report_id)."", "".$db->escape($recipients)."", "".$db->escape($period)."", "".$db->escape($filename)."", "".$db->escape($description)."", "".$db->escape($local_persistent_filepath)."", "".$db->escape($attach_description)."", "".$db->escape($report_time)."", "".$db->escape($report_on)."", "".$db->escape($report_period)."")"";` (line 144)
* `$sql = ""UPDATE scheduled_reports SET {$field}={$value} WHERE id={$id}"";` (line 173)
* `$sql = ""SELECT t.identifier FROM scheduled_reports sr, scheduled_report_types t WHERE "".""sr.id="".(int)$id."" AND t.id=sr.report_type_id"";` (line 194)
* `$sql = ""SELECT id FROM scheduled_report_types WHERE identifier="".$db->escape($identifier);` (line 205)
* `$sql = ""SELECT * FROM scheduled_report_types ORDER BY id"";` (line 216)
* `$sql = ""SELECT sr.recipients, sr.filename, sr.local_persistent_filepath, sr.report_id FROM "".""scheduled_reports sr "".""WHERE sr.id="".$schedule_id;` (line 234)
* `$sql = <<<'SQL' ...` (line 253)

BUG FOUND: YES",not_buggy
4738,"Here is the analysis of the file content:

SE: The file contains several SQL queries that are vulnerable to SQL injection attacks, as they directly concatenate user input into SQL queries without proper sanitization.

BL: 
1. `try { $this->Database->runQuery(""update `$table` set `$field` = ? where `$field` = ?;"", array($new_value, $old_value)); } catch (Exception $e) { ... }` in `remove_object_references` method.
2. `try { $this->Database->runQuery(""update `ipaddresses` set `$field` = replace(`$field`, ?, ?);"", array($search, $replace)); } catch (Exception $e) { ... }` in `replace_fields` method.
3. `try { $res = $this->Database->runQuery($query, $params); } catch (Exception $e) { ... }` in `update_custom_field_definition` method.
4. `try { $this->object_edit (""settings"", $key=""id"", array(""id""=>1,""hiddenCustomFields""=>$hidden_json)); } catch (Exception $e) { ... }` in `save_custom_fields_filter` method.
5. `try { $res = $this->Database->runQuery($query); } catch (Exception $e) { ... }` in `reorder_custom_fields` method.

BUG FOUND: YES",buggy
352,"After analyzing the file content, I found a potential bug of type CWE-89 (Improper Neutralization of Special Elements used in an SQL Command ('SQL Injection')).

Here is the output in the expected structure:

SE: The 'user_input' is directly concatenated into SQL query without sanitation.
BL: `return $this->database->query($this, array(), $this->entityHydrationRule);` in the `execute()` method.
BUG FOUND: YES

The `execute()` method in the `Query` class executes a query on the database using the `query()` method of the `Database` class. The `$this` object, which contains user-input data, is passed as an argument to the `query()` method without proper sanitation. This could lead to SQL injection vulnerabilities if the user-input data is not properly sanitized.

It's worth noting that the `filterIdentifier()` method is used in some places to quote identifiers, but it's not used consistently throughout the code. Additionally, the `quote()` method is used to quote values, but it's not clear if it's sufficient to prevent SQL injection. A thorough review of the code and the underlying database library is recommended to ensure that user-input data is properly sanitized and validated to prevent SQL injection attacks.",not_buggy
4738,"Here is the analysis of the file content:

SE: The file contains several SQL queries with user-input data concatenated into the query strings without proper sanitization, which may lead to SQL injection vulnerabilities.

BL: 
1. `try { $this->Database->runQuery(""update `$table` set `$field` = ? where `$field` = ?;"", array($new_value, $old_value)); } catch (Exception $e) { ... }` in `remove_object_references` method.
2. `try { $this->Database->runQuery(""update `ipaddresses` set `$field` = replace(`$field`, ?, ?);"", array($search, $replace)); } catch (Exception $e) { ... }` in `replace_fields` method.
3. `try { $this->Database->runQuery($query, $params); } catch (Exception $e) { ... }` in `update_custom_field_definition` method.
4. `try { $this->object_edit (""settings"", $key=""id"", array(""id""=>1,""hiddenCustomFields""=>$hidden_json)); } catch (Exception $e) { ... }` in `save_custom_fields_filter` method.
5. `try { $res = $this->Database->runQuery($query); } catch (Exception $e) { ... }` in `reorder_custom_fields` method.

BUG FOUND: YES",not_buggy
8641,"SE: The 'where' object is directly concatenated into SQL content without sanitation.
BL: `whereStmt.merge(columnName + ' ' + operator + ' ?');`
BUG FOUND: YES

SE: The 'expression' object is directly concatenated into SQL content without sanitation.
BL: `stmt.merge(self.buildExpression(columnName, operator, columnValue, p));`
BUG FOUND: YES

SE: The 'key' object is directly concatenated into SQL content without sanitation.
BL: `const columnName = self.columnEscaped(model, key);`
BUG FOUND: YES

SE: The 'operator' object is directly concatenated into SQL content without sanitation.
BL: `stmt.merge(columnName + ' ' + operator + ' ?');`
BUG FOUND: YES

SE: The 'where' object is directly concatenated into SQL content without sanitation.
BL: `whereStmt.merge(sqlExp);`
BUG FOUND: YES

SE: The 'key' object is directly concatenated into SQL content without sanitation.
BL: `const columnName = self.columnEscaped(model, key);`
BUG FOUND: YES

SE: The 'operator' object is directly concatenated into SQL content without sanitation.
BL: `stmt.merge(self.buildExpression(columnName, operator, columnValue, p));`
BUG FOUND: YES

SE: The 'expression' object is directly concatenated into SQL content without sanitation.
BL: `stmt.merge(self.buildExpression(columnName, operator, columnValue, p));`
BUG FOUND: YES

SE: The 'key' object is directly concatenated into SQL content without sanitation.
BL: `const columnName = self.columnEscaped(model, key);`
BUG FOUND: YES

SE: The 'operator' object is directly concatenated into SQL content without sanitation.
BL: `stmt.merge(self.buildExpression(columnName, operator, columnValue, p));`
BUG FOUND: YES

SE: The 'expression' object is directly concatenated into SQL content without sanitation.
BL: `stmt.merge(self.buildExpression(columnName, operator, columnValue, p));`
BUG FOUND: YES",not_buggy
8641,"SE: The 'where' object is directly concatenated into SQL content without sanitation.
BL: `whereStmt.merge(columnName + ' ' + operator + ' ?');`
BUG FOUND: YES

SE: The 'expression' object is directly concatenated into SQL content without sanitation.
BL: `stmt.merge(self.buildExpression(columnName, operator, columnValue, p));`
BUG FOUND: YES

SE: The 'key' object is directly concatenated into SQL content without sanitation.
BL: `const columnName = self.columnEscaped(model, key);`
BUG FOUND: YES

SE: The 'operator' object is directly concatenated into SQL content without sanitation.
BL: `stmt.merge(columnName + ' ' + operator + ' ?');`
BUG FOUND: YES

SE: The 'where' object is directly concatenated into SQL content without sanitation.
BL: `whereStmt.merge(sqlExp);`
BUG FOUND: YES

SE: The 'key' object is directly concatenated into SQL content without sanitation.
BL: `const columnName = self.columnEscaped(model, key);`
BUG FOUND: YES

SE: The 'operator' object is directly concatenated into SQL content without sanitation.
BL: `stmt.merge(self.buildExpression(columnName, operator, columnValue, p));`
BUG FOUND: YES

SE: The 'expression' object is directly concatenated into SQL content without sanitation.
BL: `stmt.merge(self.buildExpression(columnName, operator, columnValue, p));`
BUG FOUND: YES

SE: The 'key' object is directly concatenated into SQL content without sanitation.
BL: `const columnName = self.columnEscaped(model, key);`
BUG FOUND: YES

SE: The 'operator' object is directly concatenated into SQL content without sanitation.
BL: `stmt.merge(self.buildExpression(columnName, operator, columnValue, p));`
BUG FOUND: YES

SE: The 'expression' object is directly concatenated into SQL content without sanitation.
BL: `stmt.merge(self.buildExpression(columnName, operator, columnValue, p));`
BUG FOUND: YES",buggy
360,"After analyzing the file content, I found a few lines that may contain a bug of type CWE-89 (Improper Neutralization of Special Elements used in an SQL Command ('SQL Injection')).

Here are the results:

**SE:** The user input is directly concatenated into SQL queries without proper sanitation.

**BL:** 
1. `cursor.execute(""SELECT count(*) FROM buildqueue WHERE owner = %s AND buildqueue.id = %s"", ( req.authname, self.queueid ))`
2. `cursor.execute(""SELECT id, buildgroup, portname, pkgversion, status, buildstatus, buildreason, buildlog, wrkdir, startdate, CASE WHEN enddate < startdate THEN extract(epoch from now())*1000000 ELSE enddate END FROM builds WHERE queueid = %s AND status <= 90 ORDER BY id"", (queueid,) )`
3. `cursor.execute(""SELECT id, buildgroup, portname, pkgversion, status, buildstatus, buildreason, buildlog, wrkdir, startdate, CASE WHEN enddate < startdate THEN extract(epoch from now())*1000000 ELSE enddate END FROM builds WHERE queueid = %s ORDER BY id"", (queueid,) )`
4. `cursor.execute(""SELECT count(*) FROM backendbuilds WHERE backendid = %s"", ( self.id, ))`
5. `cursor.execute(""SELECT count(*) FROM builds WHERE queueid = %s AND status < 90"", (queueid,) )`

**BUG FOUND:** YES",buggy
352,"After analyzing the file content, I found a potential bug of type CWE-89 (Improper Neutralization of Special Elements used in an SQL Command ('SQL Injection')).

Here is the output in the expected structure:

SE: The 'user_input' is directly concatenated into SQL queries without sanitation.
BL: `return $this->database->query($this, array(), $this->entityHydrationRule);` in the `execute()` method.
BUG FOUND: YES

The `execute()` method in the `Query` class executes a query on the database using the `$this->database->query()` method. The `$this` object, which contains user-input data, is passed as an argument to this method without proper sanitation. This could lead to SQL injection vulnerabilities if the user-input data is not properly sanitized.

Additionally, there are several other methods in the `Query` class that construct SQL queries using user-input data, such as `where()`, `orWhere()`, `having()`, `orHaving()`, etc. These methods also do not appear to sanitize the user-input data, which could lead to SQL injection vulnerabilities.

It is recommended to use prepared statements with parameterized queries to prevent SQL injection attacks. The `Database` class should be modified to use prepared statements, and the `Query` class should be updated to use these prepared statements to construct and execute queries.",buggy
8633,"Here is the analysis of the file content:

SE: The 'lineageValue' is directly concatenated into SQL query without sanitation.
BL: `db.Raw(""SELECT count(*) FROM states WHERE id = ?"", st.ID).Scan(&lineageValue).Error`
BUG FOUND: YES

SE: The 'targetVersion' is directly concatenated into SQL query without sanitation.
BL: `db.Raw(""SELECT count(*) FROM states WHERE version_id = ?"", targetVersion).Scan(&total).Error`
BUG FOUND: YES

SE: The 'v' is directly concatenated into SQL query without sanitation.
BL: `db.Raw(""SELECT t.tf_version, COUNT(*) FROM ... WHERE resources.type LIKE ?"", fmt.Sprintf(""%%%s%%"", v)).Rows()`
BUG FOUND: YES

SE: The 'lineage' is directly concatenated into SQL query without sanitation.
BL: `db.Raw(""SELECT t.path, lineages.value as lineage_value, ... FROM ... WHERE lineages.value = ?"", lineage).Rows()`
BUG FOUND: YES

SE: The 'resourceType' is directly concatenated into SQL query without sanitation.
BL: `db.Table(""attributes"").Select(""DISTINCT key"").Joins(""JOIN resources ON attributes.resource_id = resources.id"").Where(""resources.type = ?"", resourceType).Rows()`
BUG FOUND: YES

SE: The 'lineage' is directly concatenated into SQL query without sanitation.
BL: `db.Raw(""SELECT count(*) FROM plans AS t JOIN lineages on lineages.id=t.lineage_id WHERE lineages.value = ?"", lineage).Row()`
BUG FOUND: YES

SE: The 'id' is directly concatenated into SQL query without sanitation.
BL: `db.Joins(""Lineage"").Preload(""ParsedPlan"").Preload(""ParsedPlan.PlanStateValue"").Find(&plans, `""plans"".""id"" = ?`, id)`
BUG FOUND: YES

SE: The 'lineage' is directly concatenated into SQL query without sanitation.
BL: `db.Raw(""SELECT versions.version_id FROM ... WHERE lineages.value = ?"", lineage).Row()`
BUG FOUND: YES

These are potential SQL injection vulnerabilities. The input parameters should be properly sanitized and parameterized to prevent SQL injection attacks.",not_buggy
360,"After analyzing the file content, I found several lines that may contain a bug of type CWE-89 (Improper Neutralization of Special Elements used in an SQL Command ('SQL Injection')).

Here are the results:

**SE:** The user input is directly concatenated into SQL queries without proper sanitation.
**BL:** 
1. `cursor.execute(""SELECT count(*) FROM buildqueue WHERE owner = %s AND buildqueue.id = %s"", ( req.authname, self.queueid ))`
2. `cursor.execute(""SELECT id, buildgroup, portname, pkgversion, status, buildstatus, buildreason, buildlog, wrkdir, startdate, CASE WHEN enddate < startdate THEN extract(epoch from now())*1000000 ELSE enddate END FROM builds WHERE queueid = %s ORDER BY id"", (queueid,) )`
3. `cursor.execute(""SELECT buildqueue.id, owner, replace(replace(browseurl, '%OWNER%', buildqueue.owner), '%REVISION%', revision::text), revision, status, startdate, CASE WHEN enddate < startdate THEN startdate ELSE enddate END, description FROM buildqueue, portrepositories WHERE repository = portrepositories.id AND buildqueue.status >= 10 "" + self._get_filter() + "" ORDER BY buildqueue.id DESC LIMIT %s OFFSET %s"", (limit, offset) )`
4. `cursor.execute(""SELECT id, buildgroup, portname, pkgversion, status, buildstatus, buildreason, buildlog, wrkdir, startdate, CASE WHEN enddate < startdate THEN extract(epoch from now())*1000000 ELSE enddate END FROM builds WHERE queueid = %s ORDER BY id"", (queueid,) )`
5. `cursor.execute(""SELECT EXTRACT(epoch FROM date)*1000, count FROM (SELECT DATE_TRUNC('day', TO_TIMESTAMP(enddate/1000000))::timestamptz date, COUNT(*) FROM (SELECT builds.enddate FROM builds, buildqueue WHERE buildqueue.id = builds.queueid AND buildqueue.owner = %s) base WHERE 1=1 GROUP BY DATE_TRUNC('day', TO_TIMESTAMP(enddate/1000000)) ORDER BY 1 DESC LIMIT 30) src WHERE EXTRACT(epoch FROM src.date)::int > 0"", (username, ))`

**BUG FOUND:** YES",not_buggy
8541,"Here is the analysis of the file content:

SE: The file contains several SQL queries with user-input data concatenated into the query strings without proper sanitization, which may lead to SQL injection vulnerabilities.

BL: 
1. `$query = ""SELECT * FROM users WHERE id=?""; $to_data =  sqlQuery($query, array($task['TO_ID']));` 
2. `$query = ""SELECT * FROM documents where encounter_id=? and foreign_id=? and url like ?""; $doc = sqlQuery($query, array($encounter,$pid,'%'.$filename.'%' ));` 
3. `$sql = ""SELECT * from form_taskman where FROM_ID=? and TO_ID=? and PATIENT_ID=? and ENC_ID=?""; $task = sqlQuery($sql, array($from_id,$to_id,$patient_id,$enc));` 
4. `$sql = ""INSERT into form_taskman (REQ_DATE, FROM_ID,  TO_ID,  PATIENT_ID,  DOC_TYPE,  DOC_ID,  ENC_ID) VALUES (NOW(), ?, ?, ?, ?, ?, ?)""; sqlQuery($sql, array($from_id, $to_id, $patient_id, $doc_type, $doc_id, $enc));` 
5. `$sql = ""UPDATE form_taskman set DOC_ID=?,COMMENT=concat('Created: ',NOW(),'\n') where ID=?""; sqlQuery($sql, array($task['DOC_ID'],$task['ID']));` 
6. `$sql = ""UPDATE form_taskman set DOC_ID=?,COMPLETED =?,COMPLETED_DATE=NOW(),COMMENT=concat(COMMENT,'Completed: ', NOW(),'\n') where ID=?""; sqlQuery($sql, array($task['DOC_ID'],$value,$task['ID']));` 
7. `$sql = ""UPDATE form_taskman set DOC_ID=?,COMPLETED =?,COMPLETED_DATE=NOW(),COMMENT=concat(COMMENT,'Refaxed: ', NOW(),'\n') where ID=?""; sqlQuery($sql, array($task['DOC_ID'],$value,$task['ID']));` 
8. `$query = ""SELECT * FROM patient_data where pid=?""; $patientData =  sqlQuery($query, array($task['PATIENT_ID']));` 
9. `$query = ""select  *,form_encounter.date as encounter_date from forms,form_encounter,form_eye_base, form_eye_hpi,form_eye_ros,form_eye_vitals,form_eye_acuity,form_eye_refraction,form_eye_biometrics,form_eye_external, form_eye_antseg,form_eye_postseg,form_eye_neuro,form_eye_locking where forms.deleted != '1'  and forms.formdir='eye_mag' and forms.encounter=form_encounter.encounter  and forms.form_id=form_eye_base.id and forms.form_id=form_eye_hpi.id and forms.form_id=form_eye_ros.id and forms.form_id=form_eye_vitals.id and forms.form_id=form_eye_acuity.id and forms.form_id=form_eye_refraction.id and forms.form_id=form_eye_biometrics.id and forms.form_id=form_eye_external.id and forms.form_id=form_eye_antseg.id and forms.form_id=form_eye_postseg.id and forms.form_id=form_eye_neuro.id and forms.form_id=form_eye_locking.id and forms.form_id =? and forms.pid=?""; $encounter_data =sqlQuery($query, array($encounter,$task",not_buggy
8541,"Here is the analysis of the file content:

SE: The file contains several SQL queries with user-input data concatenated into the query strings without proper sanitization, which may lead to SQL injection vulnerabilities.

BL: 
1. `$sql = ""SELECT * FROM users WHERE id=?""; $to_data =  sqlQuery($query, array($to_id));` 
2. `$sql = ""SELECT * FROM documents where encounter_id=? and foreign_id=? and url like ?""; $doc = sqlQuery($query, array($encounter,$pid,'%'.$filename.'%' ));` 
3. `$sql = ""SELECT * from form_taskman where FROM_ID=? and TO_ID=? and PATIENT_ID=? and ENC_ID=?""; $task = sqlQuery($sql, array($from_id,$to_id,$patient_id,$enc));` 
4. `$sql = ""INSERT into form_taskman (REQ_DATE, FROM_ID,  TO_ID,  PATIENT_ID,  DOC_TYPE,  DOC_ID,  ENC_ID) VALUES (NOW(), '$from_id', '$to_id','$patient_id','$doc_type','$doc_id','$enc')""; sqlQuery($sql);` 
5. `$sql = ""UPDATE form_taskman set DOC_ID=?,COMMENT=concat('Created: ',NOW(),'\n') where ID=?""; sqlQuery($sql, array($task['DOC_ID'],$task['ID']));` 
6. `$sql = ""UPDATE form_taskman set DOC_ID=?,COMPLETED =?,COMPLETED_DATE=NOW(),COMMENT=concat(COMMENT,'Completed: ', NOW(),'\n') where ID=?""; sqlQuery($sql, array($task['DOC_ID'],$value,$task['ID']));` 
7. `$sql = ""UPDATE form_taskman set DOC_ID=?,COMPLETED =?,COMPLETED_DATE=NOW(),COMMENT=concat(COMMENT,'Refaxed: ', NOW(),'\n') where ID=?""; sqlQuery($sql, array($task['DOC_ID'],$value,$task['ID']));` 
8. `$query = ""SELECT * FROM patient_data where pid=?""; $patientData =  sqlQuery($query, array($task['PATIENT_ID']));` 
9. `$query = ""select  *,form_encounter.date as encounter_date from forms,form_encounter,form_eye_base, form_eye_hpi,form_eye_ros,form_eye_vitals,form_eye_acuity,form_eye_refraction,form_eye_biometrics,form_eye_external, form_eye_antseg,form_eye_postseg,form_eye_neuro,form_eye_locking where forms.deleted != '1'  and forms.formdir='eye_mag' and forms.encounter=form_encounter.encounter  and forms.form_id=form_eye_base.id and forms.form_id=form_eye_hpi.id and forms.form_id=form_eye_ros.id and forms.form_id=form_eye_vitals.id and forms.form_id=form_eye_acuity.id and forms.form_id=form_eye_refraction.id and forms.form_id=form_eye_biometrics.id and forms.form_id=form_eye_external.id and forms.form_id=form_eye_antseg.id and forms.form_id=form_eye_postseg.id and forms.form_id=form_eye_neuro.id and forms.form_id=form_eye_locking.id and forms.form_id =? and forms.pid=?""; $encounter_data =sqlQuery($query, array($encounter,$task['PATIENT_ID']));` 
10. `$sql = ""DELETE",buggy
349,"Here is the output:

SE: The input parameters are directly concatenated into SQL queries without sanitation, which may lead to SQL injection vulnerabilities.
BL: `stmt.executeUpdate(""INSERT INTO oceny_uczniow(id_przedmiotu,id_ucznia,wartosc,id_aktywnosci,tematyka) values("" + subjectID + "","" + studentID + "","" + gradeValue + "","" + activityID + "",'"" + topic + ""');"");`
BUG FOUND: YES

SE: The input parameters are directly concatenated into SQL queries without sanitation, which may lead to SQL injection vulnerabilities.
BL: `stmt.executeUpdate(""INSERT INTO uwagi(id_ucznia,id_nauczyciela,opis,czy_pozytywna,data_wystawienia) values('"" + studentID + ""',"" + teacherID + "",'"" + note + ""',"" + isPositive + "",to_date('"" + date + ""', 'DD.MM.YYYY'));"");`
BUG FOUND: YES

SE: The input parameters are directly concatenated into SQL queries without sanitation, which may lead to SQL injection vulnerabilities.
BL: `stmt.executeUpdate(""INSERT INTO nieobecnosci(id_ucznia,id_lekcji) values('"" + studentID + ""',"" + lessonID + "");"");`
BUG FOUND: YES

SE: The input parameters are directly concatenated into SQL queries without sanitation, which may lead to SQL injection vulnerabilities.
BL: `stmt.executeUpdate(""INSERT INTO przeprowadzone_lekcje(data,id_prowadzacego,id_lekcji,temat_zajec) values(to_date('"" + data + ""', 'DD.MM.YYYY'),"" + teacherID + "","" + lessonID + "",'"" + topic + ""');"");`
BUG FOUND: YES

SE: The input parameters are directly concatenated into SQL queries without sanitation, which may lead to SQL injection vulnerabilities.
BL: `stmt.executeUpdate(""UPDATE uczniowie SET aktywny = false where pesel='"" + studentID + ""';"");`
BUG FOUND: YES

SE: The input parameters are directly concatenated into SQL queries without sanitation, which may lead to SQL injection vulnerabilities.
BL: `stmt.executeUpdate(""INSERT INTO uzytkownicy(login,haslo) values('"" + login + ""','"" + password + ""');"");`
BUG FOUND: YES

SE: The input parameters are directly concatenated into SQL queries without sanitation, which may lead to SQL injection vulnerabilities.
BL: `stmt.executeUpdate(""UPDATE nauczyciele SET id_uzytkownika = '"" + login + ""' where id="" + teacherID + "";"");`
BUG FOUND: YES

SE: The input parameters are directly concatenated into SQL queries without sanitation, which may lead to SQL injection vulnerabilities.
BL: `stmt.executeUpdate(""UPDATE uzytkownicy SET haslo = '""+password+""' where login='""+userID+""';"");`
BUG FOUND: YES

SE: The input parameters are directly concatenated into SQL queries without sanitation, which may lead to SQL injection vulnerabilities.
BL: `stmt.executeUpdate(""UPDATE uzytkownicy SET haslo = '""+password+""' where login = '""+userID+""';"");`
BUG FOUND: YES

Note that there are multiple instances of this vulnerability throughout the code.",buggy
387,"Here is the analysis of the file content:

SE: The file contains several instances of SQL injection vulnerabilities, where user input is directly concatenated into SQL queries without proper sanitization.

BL: 
1. `$sql .= ""CREATE TABLE `"".$wpdb->prefix.DEX_APPOINTMENTS_CONFIG_TABLE_NAME.""` (`"".TDE_APP_CONFIG_ID.""` int(10) unsigned NOT NULL auto_increment,`"".TDE_APP_CONFIG_TITLE.""` varchar(255) NOT NULL default '',`"".TDE_APP_CONFIG_USER.""` varchar(100) default NULL,`"".TDE_APP_CONFIG_PASS.""` varchar(100) default NULL,`"".TDE_APP_CONFIG_LANG.""` varchar(5) default NULL,`"".TDE_APP_CONFIG_CPAGES.""` tinyint(3) unsigned default NULL,`"".TDE_APP_CONFIG_TYPE.""` tinyint(3) unsigned default NULL,`"".TDE_APP_CONFIG_MSG.""` varchar(255) NOT NULL default '',`"".TDE_APP_CONFIG_WORKINGDATES.""` varchar(255) NOT NULL default '',`"".TDE_APP_CONFIG_RESTRICTEDDATES.""` text,`"".TDE_APP_CONFIG_TIMEWORKINGDATES0.""` text,`"".TDE_APP_CONFIG_TIMEWORKINGDATES1.""` text,`"".TDE_APP_CONFIG_TIMEWORKINGDATES2.""` text,`"".TDE_APP_CONFIG_TIMEWORKINGDATES3.""` text,`"".TDE_APP_CONFIG_TIMEWORKINGDATES4.""` text,`"".TDE_APP_CONFIG_TIMEWORKINGDATES5.""` text,`"".TDE_APP_CONFIG_TIMEWORKINGDATES6.""` text,`"".TDE_APP_CALDELETED_FIELD.""` tinyint(3) unsigned default NULL,PRIMARY KEY (`"".TDE_APP_CONFIG_ID.""`)); "";`

2. `$wpdb->query(""update  "".TDE_APP_CONFIG."" set "".TDE_APP_CONFIG_WORKINGDATES.""='"".$_POST[""workingDates""].""',"".TDE_APP_CONFIG_RESTRICTEDDATES.""='"".$_POST[""restrictedDates""].""',"".TDE_APP_CONFIG_TIMEWORKINGDATES0.""='"".$_POST[""timeWorkingDates0""].""',"".TDE_APP_CONFIG_TIMEWORKINGDATES1.""='"".$_POST[""timeWorkingDates1""].""',"".TDE_APP_CONFIG_TIMEWORKINGDATES2.""='"".$_POST[""timeWorkingDates2""].""',"".TDE_APP_CONFIG_TIMEWORKINGDATES3.""='"".$_POST[""timeWorkingDates3""].""',"".TDE_APP_CONFIG_TIMEWORKINGDATES4.""='"".$_POST[""timeWorkingDates4""].""',"".TDE_APP_CONFIG_TIMEWORKINGDATES5.""='"".$_POST[""timeWorkingDates5""].""',"".TDE_APP_CONFIG_TIMEWORKINGDATES6.""='"".$_POST[""timeWorkingDates6""].""'  where "".TDE_APP_CONFIG_ID.""="".$calid);`

3. `$wpdb->query(""delete from "".TDE_APP_CALENDAR_DATA_TABLE."" where "".TDE_APP_DATA_IDCALENDAR.""="".$calid."" and "".TDE_APP_DATA_ID.""="".$_POST[""sqlId""]);`

4. `$wpdb->query(""update  "".TDE_APP_CALENDAR_DATA_TABLE."" set "".TDE_APP_DATA_DATETIME.""='"".$datetime.""',"".TDE_APP_DATA_TITLE.""='"".esc_sql($title).""',"".TDE_APP_DATA_DESCRIPTION.""='"".esc_sql($description).""'  where "".TDE_APP_DATA_IDCALENDAR.""="".$calid."" and "".TDE",not_buggy
387,"Here is the analysis of the file content:

SE: The file contains several instances of SQL injection vulnerabilities, where user input is directly concatenated into SQL queries without proper sanitization.

BL: 
1. `$sql .= ""CREATE TABLE `"".$wpdb->prefix.DEX_APPOINTMENTS_CONFIG_TABLE_NAME.""` (`"".TDE_APP_CONFIG_ID.""` int(10) unsigned NOT NULL auto_increment,`"".TDE_APP_CONFIG_TITLE.""` varchar(255) NOT NULL default '',`"".TDE_APP_CONFIG_USER.""` varchar(100) default NULL,`"".TDE_APP_CONFIG_PASS.""` varchar(100) default NULL,`"".TDE_APP_CONFIG_LANG.""` varchar(5) default NULL,`"".TDE_APP_CONFIG_CPAGES.""` tinyint(3) unsigned default NULL,`"".TDE_APP_CONFIG_TYPE.""` tinyint(3) unsigned default NULL,`"".TDE_APP_CONFIG_MSG.""` varchar(255) NOT NULL default '',`"".TDE_APP_CONFIG_WORKINGDATES.""` varchar(255) NOT NULL default '',`"".TDE_APP_CONFIG_RESTRICTEDDATES.""` text,`"".TDE_APP_CONFIG_TIMEWORKINGDATES0.""` text,`"".TDE_APP_CONFIG_TIMEWORKINGDATES1.""` text,`"".TDE_APP_CONFIG_TIMEWORKINGDATES2.""` text,`"".TDE_APP_CONFIG_TIMEWORKINGDATES3.""` text,`"".TDE_APP_CONFIG_TIMEWORKINGDATES4.""` text,`"".TDE_APP_CONFIG_TIMEWORKINGDATES5.""` text,`"".TDE_APP_CONFIG_TIMEWORKINGDATES6.""` text,`"".TDE_APP_CALDELETED_FIELD.""` tinyint(3) unsigned default NULL,PRIMARY KEY (`"".TDE_APP_CONFIG_ID.""`)); "";`

2. `$rows_affected = $wpdb->insert( DEX_APPOINTMENTS_TABLE_NAME, array( 'time' => current_time('mysql'), 'booked_time' => $_POST[""Date""], 'name' => $_POST[""name""], 'email' => $_POST[""email""], 'phone' => $_POST[""phone""], 'question' => $_POST[""question""], 'buffered_date' => $_POST[""dateAndTime""] ) );`

3. `$wpdb->query(""update  "".TDE_APP_CONFIG."" set "".TDE_APP_CONFIG_WORKINGDATES.""='"".$_POST[""workingDates""].""',"".TDE_APP_CONFIG_RESTRICTEDDATES.""='"".$_POST[""restrictedDates""].""',"".TDE_APP_CONFIG_TIMEWORKINGDATES0.""='"".$_POST[""timeWorkingDates0""].""',"".TDE_APP_CONFIG_TIMEWORKINGDATES1.""='"".$_POST[""timeWorkingDates1""].""',"".TDE_APP_CONFIG_TIMEWORKINGDATES2.""='"".$_POST[""timeWorkingDates2""].""',"".TDE_APP_CONFIG_TIMEWORKINGDATES3.""='"".$_POST[""timeWorkingDates3""].""',"".TDE_APP_CONFIG_TIMEWORKINGDATES4.""='"".$_POST[""timeWorkingDates4""].""',"".TDE_APP_CONFIG_TIMEWORKINGDATES5.""='"".$_POST[""timeWorkingDates5""].""',"".TDE_APP_CONFIG_TIMEWORKINGDATES6.""='"".$_POST[""timeWorkingDates6""].""'  where "".TDE_APP_CONFIG_ID.""="".$calid);`

4. `$wpdb->query(""delete from "".TDE_APP_CALENDAR_DATA_TABLE."" where "".TDE_APP_DATA_IDCALENDAR.""="".$calid",buggy
388,"After analyzing the file content, I found several potential SQL injection vulnerabilities. Here are the results:

SE: The variables `$widget_id`, `$maintype`, `$default`, `$urls`, `$value`, and `$match` are directly concatenated into SQL queries without proper sanitization, which may lead to SQL injection attacks.

BL:
```
$query = ""INSERT INTO "" . $this->dbtable . "" (widget_id, maintype, name, value) VALUES ('"" . $widget_id . ""', '"" . $maintype . ""', '"" . $name . ""', '"" . $value . ""')"";
```
```
$query = ""INSERT INTO "" . $this",buggy
