file_id,model_output
0,"SE: The `$this->result['output']` is directly concatenated into HTML content without sanitation.
BL: `echo ""<div class='calculation-result'>{$this->result['output']}</div>"";`
BUG FOUND: YES"
12,"SE: The `$this->result['output']` is directly concatenated into HTML content without sanitation.
BL: `echo ""<div class='calculation-result'>{$this->result['output']}</div>"";`
BUG FOUND: YES"
40,"SE: The `$this->result['output']` is directly concatenated into HTML content without sanitation.
BL: `echo ""<div class='calculation-result'>{$this->result['output']}</div>"";`
BUG FOUND: YES"
321,"SE: The '$name' variable, which is derived from user input ($_GET['name']), is directly concatenated into JavaScript code without sanitation.
BL: `alert('Hello, <?php echo $name; ?>!');`
BUG FOUND: YES"
316,"SE: The user input '$name' is directly concatenated into JavaScript code without sanitation, which can lead to a Cross-Site Scripting (XSS) vulnerability.
BL: `alert('Hello, <?php echo $name; ?>!');`
BUG FOUND: YES"
353,"SE: The '$name' variable, which is derived from user input ($_GET['name']), is directly concatenated into JavaScript code without sanitation.
BL: `alert('Hello, <?php echo $name; ?>!');`
BUG FOUND: YES"
347,"SE: The user input '$name' is directly concatenated into JavaScript code without sanitation, which can lead to a Cross-Site Scripting (XSS) vulnerability.

BL: `alert('Hello, <?php echo $name; ?>!');`

BUG FOUND: YES"
160,"SE: The user input 'username' is directly concatenated into HTML content without sanitation.
BL: `<input type=""text"" name=""username"" id=""inputUser"" class=""form-control"" value=""<?= $_POST['username'] ?? '' ?>"" required autofocus>`
BUG FOUND: YES"
301,"Here is the analysis:

SE: The `$name` variable, which is derived from user input `$_GET['name']`, is directly concatenated into JavaScript code without sanitation.
BL: `alert('Hello, <?php echo $name; ?>!');`
BUG FOUND: YES"
18,"SE: The `$this->result['output']` is directly concatenated into HTML content without sanitation.
BL: `echo ""<div class='calculation-result'>{$this->result['output']}</div>"";`
BUG FOUND: YES"
145,"SE: The `$_POST['username']` is directly concatenated into HTML content without sanitation.
BL: `<input type=""text"" name=""username"" id=""inputUser"" class=""form-control"" value=""<?= $_POST['username'] ?? '' ?>"" required autofocus>`
BUG FOUND: YES"
13,"SE: The `$this->result['output']` is directly concatenated into HTML content without sanitation.
BL: `echo ""<div class='calculation-result'>{$this->result['output']}</div>"";`
BUG FOUND: YES"
191,"SE: The `$_POST['username']` is directly concatenated into HTML content without sanitation.
BL: `<input type=""text"" name=""username"" id=""inputUser"" class=""form-control"" value=""<?= $_POST['username'] ?? '' ?>"" required autofocus>`
BUG FOUND: YES"
161,"SE: The user input `$_POST['username']` is directly concatenated into HTML content without sanitation.
BL: `<input type=""text"" name=""username"" id=""inputUser"" class=""form-control"" value=""<?= $_POST['username'] ?? '' ?>"" required autofocus>`
BUG FOUND: YES"
317,"SE: The user input '$name' is directly concatenated into JavaScript code without sanitation.
BL: `alert('Hello, <?php echo $name; ?>!');`
BUG FOUND: YES"
147,"SE: The user input from $_POST['username'] is directly echoed into HTML content without sanitation.
BL: `<input type=""text"" name=""username"" id=""inputUser"" class=""form-control"" value=""<?= $_POST['username'] ?? '' ?>"" required autofocus>`
BUG FOUND: YES"
14,"SE: The `$this->result['output']` is directly concatenated into HTML content without sanitation.
BL: `echo ""<div class='calculation-result'>{$this->result['output']}</div>"";`
BUG FOUND: YES"
2,"SE: The `$this->result['output']` is directly concatenated into HTML content without sanitation.
BL: `echo ""<div class='calculation-result'>{$this->result['output']}</div>"";`
BUG FOUND: YES"
54,"SE: The `$this->result['output']` is directly concatenated into HTML content without sanitation.
BL: `echo ""<div class='calculation-result'>{$this->result['output']}</div>"";`
BUG FOUND: YES"
348,"SE: The user input '$name' is directly concatenated into JavaScript code without sanitation.
BL: `alert('Hello, <?php echo $name; ?>!');`
BUG FOUND: YES"
1,"Here is the analysis:

SE: The `$this->result['output']` is directly concatenated into HTML content without sanitation.
BL: `echo ""<div class='calculation-result'>{$this->result['output']}</div>"";`
BUG FOUND: YES"
41,"SE: The user-controlled input '$this->result['output']' is directly echoed into HTML content without sanitation.
BL: `echo ""<div class='calculation-result'>{$this->result['output']}</div>"";`
BUG FOUND: YES"
349,"SE: The user input '$name' is directly concatenated into JavaScript code without sanitation, which can lead to a Cross-Site Scripting (XSS) vulnerability.

BL: `alert('Hello, <?php echo $name; ?>!');`

BUG FOUND: YES"
299,"Here is the analysis:

SE: The `$name` variable, which is derived from user input (`$_GET['name']`), is directly concatenated into JavaScript code without sanitation.
BL: `alert('Hello, <?php echo $name; ?>!');`
BUG FOUND: YES"
300,"Here is the analysis:

SE: The `$name` variable, which is derived from user input (`$_GET['name']`), is directly concatenated into JavaScript code without sanitation.
BL: `alert('Hello, <?php echo $name; ?>!');`
BUG FOUND: YES"
146,"SE: The user input from $_POST['username'] is directly echoed into HTML content without sanitation.
BL: `<input type=""text"" name=""username"" id=""inputUser"" class=""form-control"" value=""<?= $_POST['username'] ?? '' ?>"" required autofocus>`
BUG FOUND: YES"
315,"Here is the analysis:

SE: The user input `$name` is directly concatenated into JavaScript code without sanitation, which can lead to a Cross-Site Scripting (XSS) vulnerability.

BL: `alert('Hello, <?php echo $name; ?>!');`

BUG FOUND: YES"
203,"SE: The user input from $_POST['username'] is directly concatenated into HTML content without sanitation.
BL: `<input type=""text"" name=""username"" id=""inputUser"" class=""form-control"" value=""<?= $_POST['username'] ?? '' ?>"" required autofocus>`
BUG FOUND: YES"
159,"SE: The user input `$_POST['username']` is directly concatenated into HTML content without sanitation.
BL: `<input type=""text"" name=""username"" id=""inputUser"" class=""form-control"" value=""<?= $_POST['username'] ?? '' ?>"" required autofocus>`
BUG FOUND: YES"
165,"SE: The user input `$_POST['username']` is directly concatenated into HTML content without sanitation.
BL: `<input type=""text"" name=""username"" id=""inputUser"" class=""form-control"" value=""<?= $_POST['username'] ?? '' ?>"" required autofocus>`
BUG FOUND: YES"
189,"SE: The `$_POST['username']` is directly concatenated into HTML content without sanitation.
BL: `<input type=""text"" name=""username"" id=""inputUser"" class=""form-control"" value=""<?= $_POST['username'] ?? '' ?>"" required autofocus>`
BUG FOUND: YES"
361,"Here is the analysis of the file content:

SE: The user input '$name' is directly concatenated into JavaScript code without sanitation, which can lead to a Cross-Site Scripting (XSS) vulnerability.

BL: `alert('Hello, <?php echo $name; ?>!');`

BUG FOUND: YES"
190,"SE: The user input 'username' is directly concatenated into HTML content without sanitation.
BL: `<input type=""text"" name=""username"" id=""inputUser"" class=""form-control"" value=""<?= $_POST['username'] ?? '' ?>"" required autofocus>`
BUG FOUND: YES"
195,"SE: The `$_POST['username']` is directly concatenated into HTML content without sanitation.
BL: `<input type=""text"" name=""username"" id=""inputUser"" class=""form-control"" value=""<?= $_POST['username'] ?? '' ?>"" required autofocus>`
BUG FOUND: YES"
46,"SE: The `$this->result['output']` is directly concatenated into HTML content without sanitation.
BL: `echo ""<div class='calculation-result'>{$this->result['output']}</div>"";`
BUG FOUND: YES"
85,"SE: The `$this->result['output']` is directly concatenated into HTML content without sanitation.
BL: `echo ""<div class='calculation-result'>{$this->result['output']}</div>"";`
BUG FOUND: YES"
633,"SE: The user input is directly concatenated into HTML content without sanitation.
BL: `echo ""<div class='calculation-result'>{$this->result['output']}</div>"";`
BUG FOUND: YES"
42,"SE: The `$this->result['output']` is directly concatenated into HTML content without sanitation.
BL: `echo ""<div class='calculation-result'>{$this->result['output']}</div>"";`
BUG FOUND: YES"
397,"SE: The '$name' variable, which is derived from user input, is directly concatenated into JavaScript code without sanitation.
BL: `alert('Hello, <?php echo $name; ?>!');`
BUG FOUND: YES"
86,"SE: The `$this->result['output']` is directly concatenated into HTML content without sanitation.
BL: `echo ""<div class='calculation-result'>{$this->result['output']}</div>"";`
BUG FOUND: YES"
396,"SE: The user input '$name' is directly concatenated into JavaScript code without sanitation, which can lead to a Cross-Site Scripting (XSS) vulnerability.
BL: `alert('Hello, <?php echo $name; ?>!');`
BUG FOUND: YES"
98,"SE: The `$this->result['output']` is directly concatenated into HTML content without sanitation.
BL: `echo ""<div class='calculation-result'>{$this->result['output']}</div>"";`
BUG FOUND: YES"
395,"SE: The user input '$name' is directly concatenated into JavaScript code without sanitation, which can lead to a Cross-Site Scripting (XSS) vulnerability.

BL: `alert('Hello, <?php echo $name; ?>!');`

BUG FOUND: YES"
90,"SE: The `$this->result['output']` is directly concatenated into HTML content without sanitation.
BL: `echo ""<div class='calculation-result'>{$this->result['output']}</div>"";`
BUG FOUND: YES"
417,"SE: The user input '$name' is directly concatenated into JavaScript code without sanitation, which can lead to a Cross-Site Scripting (XSS) vulnerability.

BL: `alert('Hello, <?php echo $name; ?>!');`

BUG FOUND: YES"
2008,"SE: The user input '$name' is directly concatenated into JavaScript code without sanitation, which can lead to a Cross-Site Scripting (XSS) vulnerability.

BL: `alert('Hello, <?php echo $name; ?>!');`

BUG FOUND: YES"
237,"SE: The `$_POST['username']` is directly concatenated into HTML content without sanitation.
BL: `<input type=""text"" name=""username"" id=""inputUser"" class=""form-control"" value=""<?= $_POST['username'] ?? '' ?>"" required autofocus>`
BUG FOUND: YES"
84,"SE: The `$this->result['output']` is directly concatenated into HTML content without sanitation.
BL: `echo ""<div class='calculation-result'>{$this->result['output']}</div>"";`
BUG FOUND: YES"
106,"SE: The `$this->result['output']` is directly concatenated into HTML content without sanitation.
BL: `echo ""<div class='calculation-result'>{$this->result['output']}</div>"";`
BUG FOUND: YES"
401,"SE: The '$name' variable, which is derived from user input, is directly concatenated into JavaScript code without sanitation.
BL: `alert('Hello, <?php echo $name; ?>!');`
BUG FOUND: YES"
409,"Here is the analysis of the file content:

SE: The `$name` variable, which is derived from user input (`$_GET['name']`), is directly concatenated into JavaScript code without sanitation.

BL: `alert('Hello, <?php echo $name; ?>!');`

BUG FOUND: YES"
2030,"Here is the analysis of the file content:

SE: The user input `$name` is directly concatenated into JavaScript code without sanitation, which can lead to a Cross-Site Scripting (XSS) vulnerability.

BL: `<script>$(document).ready(function() { $('h1').click(function() { alert('Hello, <?php echo $name; ?>!'); }); });</script>`

BUG FOUND: YES"
2022,"SE: The user input '$name' is directly concatenated into JavaScript code without sanitation.
BL: `alert('Hello, <?php echo $name; ?>!');`
BUG FOUND: YES"
1326,"SE: The user input `$_POST['username']` is directly concatenated into HTML content without sanitation.
BL: `value=""<?= $_POST['username'] ?? '' ?>""`.
BUG FOUND: YES"
249,"SE: The `$_POST['username']` is directly concatenated into HTML content without sanitation.
BL: `<input type=""text"" name=""username"" id=""inputUser"" class=""form-control"" value=""<?= $_POST['username'] ?? '' ?>"" required autofocus>`
BUG FOUND: YES"
236,"SE: The `$_POST['username']` is directly concatenated into HTML content without sanitation.
BL: `<input type=""text"" name=""username"" id=""inputUser"" class=""form-control"" value=""<?= $_POST['username'] ?? '' ?>"" required autofocus>`
BUG FOUND: YES"
1318,"SE: The `$_POST['username']` is directly concatenated into HTML content without sanitation.
BL: `<input type=""text"" name=""username"" id=""inputUser"" class=""form-control"" value=""<?= $_POST['username'] ?? '' ?>"" required autofocus>`
BUG FOUND: YES"
2009,"SE: The user input '$name' is directly concatenated into JavaScript code without sanitation, which can lead to a Cross-Site Scripting (XSS) vulnerability.

BL: `alert('Hello, <?php echo $name; ?>!');`

BUG FOUND: YES"
241,"SE: The `$_POST['username']` is directly concatenated into HTML content without sanitation.
BL: `<input type=""text"" name=""username"" id=""inputUser"" class=""form-control"" value=""<?= $_POST['username'] ?? '' ?>"" required autofocus>`
BUG FOUND: YES"
605,"SE: The `$this->result['output']` is directly concatenated into HTML content without sanitation.
BL: `echo ""<div class='calculation-result'>{$this->result['output']}</div>"";`
BUG FOUND: YES"
257,"SE: The user input `$_POST['username']` is directly concatenated into HTML content without sanitation.
BL: `<input type=""text"" name=""username"" id=""inputUser"" class=""form-control"" value=""<?= $_POST['username'] ?? '' ?>"" required autofocus>`
BUG FOUND: YES"
1297,"SE: The user input `$_POST['username']` is directly concatenated into HTML content without proper sanitation, which can lead to Cross-Site Scripting (XSS) vulnerabilities.

BL: `<input type=""text"" name=""username"" id=""inputUser"" class=""form-control"" value=""<?= $_POST['username'] ?? '' ?>"" required autofocus>`

BUG FOUND: YES"
1302,"SE: The user input 'username' is directly concatenated into HTML content without sanitation.
BL: `<input type=""text"" name=""username"" id=""inputUser"" class=""form-control"" value=""<?= $_POST['username'] ?? '' ?>"" required autofocus>`
BUG FOUND: YES"
1310,"SE: The user input 'username' is directly concatenated into HTML content without sanitation.
BL: `<input type=""text"" name=""username"" id=""inputUser"" class=""form-control"" value=""<?= $_POST['username'] ?? '' ?>"" required autofocus>`
BUG FOUND: YES"
235,"SE: The `$_POST['username']` is directly concatenated into HTML content without sanitation.
BL: `<input type=""text"" name=""username"" id=""inputUser"" class=""form-control"" value=""<?= $_POST['username'] ?? '' ?>"" required autofocus>`
BUG FOUND: YES"
2010,"SE: The user input '$name' is directly concatenated into JavaScript code without sanitation, which can lead to a Cross-Site Scripting (XSS) vulnerability.
BL: `alert('Hello, <?php echo $name; ?>!');`
BUG FOUND: YES"
617,"SE: The `$this->result['output']` is directly concatenated into HTML content without sanitation.
BL: `echo ""<div class='calculation-result'>{$this->result['output']}</div>"";`
BUG FOUND: YES"
1298,"SE: The user input `$_POST['username']` is directly concatenated into HTML content without proper sanitation, which can lead to Cross-Site Scripting (XSS) vulnerabilities.

BL: `<input type=""text"" name=""username"" id=""inputUser"" class=""form-control"" value=""<?= $_POST['username'] ?? '' ?>"" required autofocus>`

BUG FOUND: YES"
609,"SE: The `$this->result['output']` is directly concatenated into HTML content without sanitation.
BL: `echo ""<div class='calculation-result'>{$this->result['output']}</div>"";`
BUG FOUND: YES"
603,"SE: The `$this->result['output']` is directly concatenated into HTML content without sanitation.
BL: `echo ""<div class='calculation-result'>{$this->result['output']}</div>"";`
BUG FOUND: YES"
2090,"SE: The '$name' variable, which is derived from user input, is directly concatenated into JavaScript code without sanitation.
BL: `alert('Hello, <?php echo $name; ?>!');`
BUG FOUND: YES"
2088,"SE: The '$name' variable, which is derived from user input, is directly concatenated into JavaScript code without sanitation.
BL: `alert('Hello, <?php echo $name; ?>!');`
BUG FOUND: YES"
1296,"SE: The user input `$_POST['username']` is directly concatenated into HTML content without proper sanitation, which can lead to Cross-Site Scripting (XSS) vulnerabilities.

BL: `<input type=""text"" name=""username"" id=""inputUser"" class=""form-control"" value=""<?= $_POST['username'] ?? '' ?>"" required autofocus>`

BUG FOUND: YES"
1375,"SE: The 'username' is directly concatenated into HTML content without sanitation.
BL: `<input type=""text"" name=""username"" id=""inputUser"" class=""form-control"" value=""<?= $_POST['username'] ?? '' ?>"" required autofocus>`
BUG FOUND: YES"
2102,"SE: The user input '$name' is directly concatenated into JavaScript code without sanitation, which can lead to a Cross-Site Scripting (XSS) vulnerability.
BL: `alert('Hello, <?php echo $name; ?>!');`
BUG FOUND: YES"
1376,"SE: The user input 'username' is directly concatenated into HTML content without sanitation.
BL: `<input type=""text"" name=""username"" id=""inputUser"" class=""form-control"" value=""<?= $_POST['username'] ?? '' ?>"" required autofocus>`
BUG FOUND: YES"
2118,"Here is the analysis of the file content:

SE: The user input `$name` is directly concatenated into JavaScript code without sanitation, which can lead to a Cross-Site Scripting (XSS) vulnerability.

BL: `alert('Hello, <?php echo $name; ?>!');`

BUG FOUND: YES"
693,"SE: The `$this->result['output']` is directly concatenated into HTML content without sanitation.
BL: `echo ""<div class='calculation-result'>{$this->result['output']}</div>"";`
BUG FOUND: YES"
1412,"SE: The user input is directly concatenated into HTML content without sanitation.
BL: `value=""<?= $_POST['username'] ?? '' ?>""` 
BUG FOUND: YES"
625,"SE: The 'output' is directly concatenated into HTML content without sanitation.
BL: `echo ""<div class='calculation-result'>{$this->result['output']}</div>"";`
BUG FOUND: YES"
1404,"SE: The user input `$_POST['username']` is directly concatenated into HTML content without sanitation.
BL: `<input type=""text"" name=""username"" id=""inputUser"" class=""form-control"" value=""<?= $_POST['username'] ?? '' ?>"" required autofocus>`
BUG FOUND: YES"
1380,"SE: The user input is directly concatenated into HTML content without sanitation.
BL: `<input type=""text"" name=""username"" id=""inputUser"" class=""form-control"" value=""<?= $_POST['username'] ?? '' ?>"" required autofocus>`
BUG FOUND: YES"
1396,"SE: The user input 'username' is directly concatenated into HTML content without sanitation.
BL: `<input type=""text"" name=""username"" id=""inputUser"" class=""form-control"" value=""<?= $_POST['username'] ?? '' ?>"" required autofocus>`
BUG FOUND: YES"
681,"SE: The 'output' value is directly concatenated into HTML content without sanitation.
BL: `echo ""<div class='calculation-result'>{$this->result['output']}</div>"";`
BUG FOUND: YES"
2038,"Here is the analysis of the file content:

SE: The user input `$name` is directly concatenated into JavaScript code without sanitation, which can lead to a Cross-Site Scripting (XSS) vulnerability.

BL: `alert('Hello, <?php echo $name; ?>!');`

BUG FOUND: YES"
2014,"SE: The user input '$name' is directly concatenated into JavaScript code without sanitation, which can lead to a Cross-Site Scripting (XSS) vulnerability.
BL: `alert('Hello, <?php echo $name; ?>!');`
BUG FOUND: YES"
709,"SE: The user input is directly concatenated into HTML content without sanitation.
BL: `echo ""<div class='calculation-result'>{$this->result['output']}</div>"";`
BUG FOUND: YES"
679,"SE: The 'output' is directly concatenated into HTML content without sanitation.
BL: `echo ""<div class='calculation-result'>{$this->result['output']}</div>"";`
BUG FOUND: YES"
717,"SE: The `$error` is directly concatenated into HTML content without sanitation.
BL: `echo ""Error: "" . $error . ""<br>"";` in the `displayErrors` method of the `FormHandler` class.
BUG FOUND: YES"
680,"SE: The 'output' is directly concatenated into HTML content without sanitation.
BL: `echo ""<div class='calculation-result'>{$this->result['output']}</div>"";`
BUG FOUND: YES"
2089,"SE: The user input '$name' is directly concatenated into JavaScript code without sanitation, which can lead to a Cross-Site Scripting (XSS) vulnerability.
BL: `alert('Hello, <?php echo $name; ?>!');`
BUG FOUND: YES"
1374,"SE: The user input 'username' is directly concatenated into HTML content without sanitation.
BL: `<input type=""text"" name=""username"" id=""inputUser"" class=""form-control"" value=""<?= $_POST['username'] ?? '' ?>"" required autofocus>`
BUG FOUND: YES"
2094,"SE: The user input '$name' is directly concatenated into JavaScript code without sanitation, which can lead to a Cross-Site Scripting (XSS) vulnerability.

BL: `alert('Hello, <?php echo $name; ?>!');`

BUG FOUND: YES"
2110,"SE: The user input '$name' is directly concatenated into JavaScript code without sanitation, which can lead to a Cross-Site Scripting (XSS) vulnerability.
BL: `alert('Hello, <?php echo $name; ?>!');`
BUG FOUND: YES"
2126,"SE: The user input '$name' is directly concatenated into JavaScript code without sanitation, which can lead to a Cross-Site Scripting (XSS) vulnerability.

BL: `alert('Hello, <?php echo $name; ?>!');`

BUG FOUND: YES"
1490,"SE: The user input is directly concatenated into HTML content without sanitation.
BL: `<input type=""text"" name=""username"" id=""inputUser"" class=""form-control"" value=""<?= $_POST['username'] ?? '' ?>"" required autofocus>`
BUG FOUND: YES"
1388,"SE: The user input `$_POST['username']` is directly concatenated into HTML content without sanitation.
BL: `<input type=""text"" name=""username"" id=""inputUser"" class=""form-control"" value=""<?= $_POST['username'] ?? '' ?>"" required autofocus>`
BUG FOUND: YES"
701,"Here is the analysis of the file content:

SE: The 'output' variable is directly concatenated into HTML content without sanitation.
BL: `echo ""<div class='calculation-result'>{$this->result['output']}</div>"";`
BUG FOUND: YES"
2185,"SE: The '$name' variable, which is derived from user input, is directly concatenated into JavaScript code without sanitation.
BL: `alert('Hello, <?php echo $name; ?>!');`
BUG FOUND: YES"
772,"SE: The 'output' is directly concatenated into HTML content without sanitation.
BL: `echo ""<div class='calculation-result'>{$this->result['output']}</div>"";`
BUG FOUND: YES"
817,"SE: The 'output' is directly concatenated into HTML content without sanitation.
BL: `echo ""<div class='calculation-result'>{$this->result['output']}</div>"";`
BUG FOUND: YES"
2222,"SE: The user input '$name' is directly concatenated into JavaScript code without sanitation, which can lead to a Cross-Site Scripting (XSS) vulnerability.
BL: `alert('Hello, <?php echo $name; ?>!');`
BUG FOUND: YES"
1470,"SE: The `$_POST['username']` is directly concatenated into HTML content without sanitation.
BL: `<input type=""text"" name=""username"" id=""inputUser"" class=""form-control"" value=""<?= $_POST['username'] ?? '' ?>"" required autofocus>`
BUG FOUND: YES"
1506,"SE: The `$_POST['username']` is directly concatenated into HTML content without sanitation.
BL: `<input type=""text"" name=""username"" id=""inputUser"" class=""form-control"" value=""<?= $_POST['username'] ?? '' ?>"" required autofocus>`
BUG FOUND: YES"
793,"SE: The 'output' is directly concatenated into HTML content without sanitation.
BL: `echo ""<div class='calculation-result'>{$this->result['output']}</div>"";`
BUG FOUND: YES"
2198,"SE: The '$name' variable is directly concatenated into JavaScript code without sanitation, which can lead to a Cross-Site Scripting (XSS) vulnerability.
BL: `alert('Hello, <?php echo $name; ?>!');`
BUG FOUND: YES"
933,"SE: The user input is directly concatenated into HTML content without sanitation.
BL: `echo ""<div class='calculation-result'>{$this->result['output']}</div>"";`
BUG FOUND: YES"
1498,"SE: The user input 'username' is directly concatenated into HTML content without sanitation.
BL: `value=""<?= $_POST['username'] ?? '' ?>""`.
BUG FOUND: YES"
2186,"SE: The '$name' variable, which is derived from user input, is directly concatenated into JavaScript code without sanitation.
BL: `alert('Hello, <?php echo $name; ?>!');`
BUG FOUND: YES"
801,"SE: The 'output' is directly concatenated into HTML content without sanitation.
BL: `echo ""<div class='calculation-result'>{$this->result['output']}</div>"";`
BUG FOUND: YES"
2206,"SE: The user input '$name' is directly concatenated into JavaScript code without sanitation, which can lead to a Cross-Site Scripting (XSS) vulnerability.

BL: `alert('Hello, <?php echo $name; ?>!');`

BUG FOUND: YES"
2230,"SE: The user input '$name' is directly concatenated into JavaScript code without sanitation, which can lead to a Cross-Site Scripting (XSS) vulnerability.

BL: `alert('Hello, <?php echo $name; ?>!');`

BUG FOUND: YES"
2342,"SE: The '$name' variable is directly concatenated into JavaScript code without sanitation, which can lead to a Cross-Site Scripting (XSS) vulnerability.
BL: `alert('Hello, <?php echo $name; ?>!');`
BUG FOUND: YES"
1482,"SE: The user input is directly concatenated into HTML content without sanitation.
BL: `<input type=""text"" name=""username"" id=""inputUser"" class=""form-control"" value=""<?= $_POST['username'] ?? '' ?>"" required autofocus>`
BUG FOUND: YES"
1474,"SE: The user input 'username' is directly concatenated into HTML content without sanitation.
BL: `<input type=""text"" name=""username"" id=""inputUser"" class=""form-control"" value=""<?= $_POST['username'] ?? '' ?>"" required autofocus>`
BUG FOUND: YES"
2190,"SE: The '$name' variable, which is derived from user input, is directly concatenated into JavaScript code without sanitation, allowing an attacker to inject malicious scripts.

BL: `alert('Hello, <?php echo $name; ?>!');`

BUG FOUND: YES"
2214,"SE: The user input '$name' is directly concatenated into JavaScript code without sanitation, which can lead to a Cross-Site Scripting (XSS) vulnerability.
BL: `alert('Hello, <?php echo $name; ?>!');`
BUG FOUND: YES"
1592,"SE: The user input 'username' is directly concatenated into HTML content without sanitation.
BL: `<input type=""text"" name=""username"" id=""inputUser"" class=""form-control"" value=""<?= $_POST['username'] ?? '' ?>"" required autofocus>`
BUG FOUND: YES"
773,"SE: The 'output' is directly concatenated into HTML content without sanitation.
BL: `echo ""<div class='calculation-result'>{$this->result['output']}</div>"";`
BUG FOUND: YES"
777,"SE: The 'output' is directly concatenated into HTML content without sanitation.
BL: `echo ""<div class='calculation-result'>{$this->result['output']}</div>"";`
BUG FOUND: YES"
880,"SE: The 'output' is directly concatenated into HTML content without sanitation.
BL: `echo ""<div class='calculation-result'>{$this->result['output']}</div>"";`
BUG FOUND: YES"
2184,"SE: The '$name' variable, which is derived from user input, is directly concatenated into JavaScript code without sanitation.
BL: `alert('Hello, <?php echo $name; ?>!');`
BUG FOUND: YES"
1600,"SE: The user input is directly concatenated into HTML content without sanitation, which can lead to Cross-Site Scripting (XSS) vulnerabilities.
BL: `<input type=""text"" name=""username"" id=""inputUser"" class=""form-control"" value=""<?= $_POST['username'] ?? '' ?>"" required autofocus>`
BUG FOUND: YES"
785,"SE: The 'output' is directly concatenated into HTML content without sanitation.
BL: `echo ""<div class='calculation-result'>{$this->result['output']}</div>"";`
BUG FOUND: YES"
771,"SE: The 'output' is directly concatenated into HTML content without sanitation.
BL: `echo ""<div class='calculation-result'>{$this->result['output']}</div>"";`
BUG FOUND: YES"
809,"SE: The `$error` variable is directly concatenated into HTML content without sanitation in the `displayErrors` method of the `FormHandler` class.
BL: `echo ""Error: "" . $error . ""<br>"";`
BUG FOUND: YES"
2310,"SE: The '$name' variable is directly concatenated into JavaScript code without sanitation, which can lead to a Cross-Site Scripting (XSS) vulnerability.

BL: `alert('Hello, <?php echo $name; ?>!');`

BUG FOUND: YES"
1632,"SE: The user input is directly concatenated into HTML content without sanitation.
BL: `<input type=""text"" name=""username"" id=""inputUser"" class=""form-control"" value=""<?= $_POST['username'] ?? '' ?>"" required autofocus>`
BUG FOUND: YES"
1468,"SE: The `$_POST['username']` is directly concatenated into HTML content without sanitation.
BL: `<input type=""text"" name=""username"" id=""inputUser"" class=""form-control"" value=""<?= $_POST['username'] ?? '' ?>"" required autofocus>`
BUG FOUND: YES"
1616,"SE: The `$_POST['username']` is directly concatenated into HTML content without sanitation.
BL: `<input type=""text"" name=""username"" id=""inputUser"" class=""form-control"" value=""<?= $_POST['username'] ?? '' ?>"" required autofocus>`
BUG FOUND: YES"
1469,"SE: The `$_POST['username']` is directly concatenated into HTML content without sanitation.
BL: `<input type=""text"" name=""username"" id=""inputUser"" class=""form-control"" value=""<?= $_POST['username'] ?? '' ?>"" required autofocus>`
BUG FOUND: YES"
1578,"SE: The `$_POST['username']` is directly concatenated into HTML content without sanitation.
BL: `<input type=""text"" name=""username"" id=""inputUser"" class=""form-control"" value=""<?= $_POST['username'] ?? '' ?>"" required autofocus>`
BUG FOUND: YES"
1514,"SE: The user input is directly concatenated into HTML content without sanitation.
BL: `<input type=""text"" name=""username"" id=""inputUser"" class=""form-control"" value=""<?= $_POST['username'] ?? '' ?>"" required autofocus>`
BUG FOUND: YES"
1584,"SE: The 'username' is directly concatenated into HTML content without sanitation.
BL: `<input type=""text"" name=""username"" id=""inputUser"" class=""form-control"" value=""<?= $_POST['username'] ?? '' ?>"" required autofocus>`
BUG FOUND: YES"
604,"Here is the analysis of the file content:

SE: The `$this->result['output']` is directly concatenated into HTML content without sanitation.
BL: `echo ""<div class='calculation-result'>{$this->result['output']}</div>"";`
BUG FOUND: YES

The line `echo ""<div class='calculation-result'>{$this->result['output']}</div>"";` in the `displayResult` method of the `Integrator` class may contain a bug of type CWE-79 (Improper Neutralization of Input During Web Page Generation: Cross-Site Scripting). The `$this->result['output']` variable is directly concatenated into HTML content without proper sanitation, which could lead to a Cross-Site Scripting (XSS) vulnerability if the output contains user-input data.

Additionally, the following lines may also be vulnerable to XSS:

SE: The `$error` is directly concatenated into HTML content without sanitation.
BL: `echo $error . ""<br>"";`
BUG FOUND: YES

The line `echo $error . ""<br>"";` in the `displayErrors` method of the `FormHandler` class may contain a bug of type CWE-79 (Improper Neutralization of Input During Web Page Generation: Cross-Site Scripting). The `$error` variable is directly concatenated into HTML content without proper sanitation, which could lead to a Cross-Site Scripting (XSS) vulnerability if the error message contains user-input data.

SE: The `htmlspecialchars( basename( $this->file[""name""]))` is not sufficient to prevent XSS.
BL: `echo ""The file "". htmlspecialchars( basename( $this->file[""name""])). "" has been uploaded."";`
BUG FOUND: YES

The line `echo ""The file "". htmlspecialchars( basename( $this->file[""name""])). "" has been uploaded."";` in the `uploadFile` method of the `FileUploader` class may contain a bug of type CWE-79 (Improper Neutralization of Input During Web Page Generation: Cross-Site Scripting). Although `htmlspecialchars` is used, it may not be sufficient to prevent XSS attacks, especially if the file name contains malicious characters."
885,"SE: The 'output' is directly concatenated into HTML content without sanitation.
BL: `echo ""<div class='calculation-result'>{$this->result['output']}</div>"";`
BUG FOUND: YES"
1579,"SE: The 'username' is directly concatenated into HTML content without sanitation.
BL: `<input type=""text"" name=""username"" id=""inputUser"" class=""form-control"" value=""<?= $_POST['username'] ?? '' ?>"" required autofocus>`
BUG FOUND: YES"
2297,"SE: The '$name' variable, which is derived from user input, is directly concatenated into JavaScript code without sanitation, making it vulnerable to Cross-Site Scripting (XSS).
BL: `alert('Hello, <?php echo $name; ?>!');`
BUG FOUND: YES"
2334,"SE: The `$name` variable is directly concatenated into JavaScript code without sanitation, which can lead to a Cross-Site Scripting (XSS) vulnerability.
BL: `alert('Hello, <?php echo $name; ?>!');`
BUG FOUND: YES"
2298,"SE: The '$name' variable, which is derived from user input, is directly concatenated into JavaScript code without sanitation.
BL: `alert('Hello, <?php echo $name; ?>!');`
BUG FOUND: YES"
2302,"SE: The '$name' variable is directly concatenated into JavaScript code without sanitation, which can lead to a Cross-Site Scripting (XSS) vulnerability.
BL: `alert('Hello, <?php echo $name; ?>!');`
BUG FOUND: YES"
909,"SE: The 'output' is directly concatenated into HTML content without sanitation.
BL: `echo ""<div class='calculation-result'>{$this->result['output']}</div>"";`
BUG FOUND: YES"
879,"SE: The `$this->result['output']` is directly concatenated into HTML content without sanitation.
BL: `echo ""<div class='calculation-result'>{$this->result['output']}</div>"";`
BUG FOUND: YES"
1065,"SE: The user input is directly concatenated into HTML content without sanitation in the `displayResult` method of the `Integrator` class.
BL: `echo ""<div class='calculation-result'>{$this->result['output']}</div>"";`
BUG FOUND: YES"
1742,"SE: The user input is directly concatenated into HTML content without sanitation in the form input fields.
BL: `<input type=""text"" name=""username"" id=""inputUser"" class=""form-control"" value=""<?= $_POST['username'] ?? '' ?>"" required autofocus>`
BUG FOUND: YES"
2296,"SE: The '$name' variable is directly concatenated into JavaScript code without sanitation, which can lead to a Cross-Site Scripting (XSS) vulnerability.
BL: `alert('Hello, <?php echo $name; ?>!');`
BUG FOUND: YES"
2326,"SE: The user input '$name' is directly concatenated into JavaScript code without sanitation, which can lead to a Cross-Site Scripting (XSS) vulnerability.

BL: `alert('Hello, <?php echo $name; ?>!');`

BUG FOUND: YES"
685,"Here is the analysis of the file content:

SE: The `$this->result['output']` is directly concatenated into HTML content without sanitation.
BL: `echo ""<div class='calculation-result'>{$this->result['output']}</div>"";`
BUG FOUND: YES

The line `echo ""<div class='calculation-result'>{$this->result['output']}</div>"";` in the `Integrator` class may contain a bug of type CWE-79 (Improper Neutralization of Input During Web Page Generation: Cross-Site Scripting). The `$this->result['output']` variable is directly concatenated into HTML content without proper sanitation, which could lead to a Cross-Site Scripting (XSS) vulnerability if the output contains user-input data.

Additionally, the following lines may also be vulnerable to XSS:

SE: The `htmlspecialchars( basename( $this->file[""name""]))` is used, but it may not be sufficient to prevent XSS.
BL: `echo ""The file "". htmlspecialchars( basename( $this->file[""name""])). "" has been uploaded."";`
BUG FOUND: YES

The line `echo ""The file "". htmlspecialchars( basename( $this->file[""name""])). "" has been uploaded."";` in the `FileUploader` class uses `htmlspecialchars` to encode the file name, but it may not be sufficient to prevent XSS attacks. A more robust approach would be to use a whitelist-based approach to sanitize the file name.

Note that there may be other potential vulnerabilities in the code, but these are the ones that are most likely to be related to CWE-79."
893,"SE: The `$this->result['output']` is directly concatenated into HTML content without sanitation.
BL: `echo ""<div class='calculation-result'>{$this->result['output']}</div>"";`
BUG FOUND: YES"
1718,"SE: The `$_POST['username']` is directly concatenated into HTML content without sanitation.
BL: `value=""<?= $_POST['username'] ?? '' ?>""`.
BUG FOUND: YES"
1624,"SE: The `$_POST['username']` is directly concatenated into HTML content without sanitation.
BL: `<input type=""text"" name=""username"" id=""inputUser"" class=""form-control"" value=""<?= $_POST['username'] ?? '' ?>"" required autofocus>`
BUG FOUND: YES"
881,"SE: The 'output' is directly concatenated into HTML content without sanitation.
BL: `echo ""<div class='calculation-result'>{$this->result['output']}</div>"";`
BUG FOUND: YES"
925,"SE: The `$this->result['output']` is directly concatenated into HTML content without sanitation.
BL: `echo ""<div class='calculation-result'>{$this->result['output']}</div>"";`
BUG FOUND: YES"
901,"SE: The `$this->result['output']` is directly concatenated into HTML content without sanitation.
BL: `echo ""<div class='calculation-result'>{$this->result['output']}</div>"";`
BUG FOUND: YES"
1726,"SE: The user input is directly concatenated into HTML content without sanitation.
BL: `<input type=""text"" name=""username"" id=""inputUser"" class=""form-control"" value=""<?= $_POST['username'] ?? '' ?>"" required autofocus>`
BUG FOUND: YES"
1705,"SE: The `$_POST['username']` is directly concatenated into HTML content without sanitation.
BL: `<input type=""text"" name=""username"" id=""inputUser"" class=""form-control"" value=""<?= $_POST['username'] ?? '' ?>"" required autofocus>`
BUG FOUND: YES"
2318,"SE: The user input '$name' is directly concatenated into JavaScript code without sanitation, which can lead to a Cross-Site Scripting (XSS) vulnerability.
BL: `alert('Hello, <?php echo $name; ?>!');`
BUG FOUND: YES"
1758,"SE: The `$_POST['username']` is directly concatenated into HTML content without sanitation.
BL: `<input type=""text"" name=""username"" id=""inputUser"" class=""form-control"" value=""<?= $_POST['username'] ?? '' ?>"" required autofocus>`
BUG FOUND: YES"
2426,"SE: The '$name' variable is directly concatenated into JavaScript code without sanitation, which can lead to a Cross-Site Scripting (XSS) vulnerability.
BL: `alert('Hello, <?php echo $name; ?>!');`
BUG FOUND: YES"
2350,"SE: The '$name' variable is directly concatenated into JavaScript code without sanitation, which can lead to a Cross-Site Scripting (XSS) vulnerability.

BL: `alert('Hello, <?php echo $name; ?>!');`

BUG FOUND: YES"
1608,"SE: The user input is directly concatenated into HTML content without sanitation.
BL: `<input type=""text"" name=""username"" id=""inputUser"" class=""form-control"" value=""<?= $_POST['username'] ?? '' ?>"" required autofocus>`
BUG FOUND: YES"
1580,"SE: The 'username' is directly concatenated into HTML content without sanitation.
BL: `<input type=""text"" name=""username"" id=""inputUser"" class=""form-control"" value=""<?= $_POST['username'] ?? '' ?>"" required autofocus>`
BUG FOUND: YES"
1734,"SE: The user input is directly concatenated into HTML content without sanitation, which can lead to Cross-Site Scripting (XSS) vulnerabilities.
BL: `<input type=""text"" name=""username"" id=""inputUser"" class=""form-control"" value=""<?= $_POST['username'] ?? '' ?>"" required autofocus>`
BUG FOUND: YES"
1005,"SE: The `$this->result['output']` is directly concatenated into HTML content without sanitation.
BL: `echo ""<div class='calculation-result'>{$this->result['output']}</div>"";`
BUG FOUND: YES"
1706,"SE: The `$_POST['username']` is directly concatenated into HTML content without sanitation.
BL: `<input type=""text"" name=""username"" id=""inputUser"" class=""form-control"" value=""<?= $_POST['username'] ?? '' ?>"" required autofocus>`
BUG FOUND: YES"
2446,"SE: The user input '$name' is directly concatenated into JavaScript code without sanitation, which can lead to a Cross-Site Scripting (XSS) vulnerability.

BL: `alert('Hello, <?php echo $name; ?>!');`

BUG FOUND: YES"
1017,"SE: The `$this->result['output']` is directly concatenated into HTML content without sanitation.
BL: `echo ""<div class='calculation-result'>{$this->result['output']}</div>"";`
BUG FOUND: YES"
2470,"SE: The `$name` variable is directly concatenated into JavaScript code without sanitation, which can lead to a Cross-Site Scripting (XSS) vulnerability.

BL: `alert('Hello, <?php echo $name; ?>!');`

BUG FOUND: YES"
2430,"SE: The '$name' variable is directly concatenated into JavaScript code without sanitation, which can lead to a Cross-Site Scripting (XSS) vulnerability.

BL: `alert('Hello, <?php echo $name; ?>!');`

BUG FOUND: YES"
1766,"SE: The user input is directly concatenated into HTML content without sanitation.
BL: `<input type=""text"" name=""username"" id=""inputUser"" class=""form-control"" value=""<?= $_POST['username'] ?? '' ?>"" required autofocus>`
BUG FOUND: YES"
2438,"Here is the output:

SE: The '$name' variable is directly concatenated into JavaScript code without sanitation, which can lead to a Cross-Site Scripting (XSS) vulnerability.
BL: `alert('Hello, <?php echo $name; ?>!');`
BUG FOUND: YES"
2425,"SE: The '$name' variable, which is derived from user input, is directly concatenated into JavaScript code without sanitation, making it vulnerable to Cross-Site Scripting (XSS).

BL: `alert('Hello, <?php echo $name; ?>!');`

BUG FOUND: YES"
1025,"SE: The `$this->result['output']` is directly concatenated into HTML content without sanitation.
BL: `echo ""<div class='calculation-result'>{$this->result['output']}</div>"";`
BUG FOUND: YES"
1033,"SE: The user input is directly concatenated into HTML content without sanitation, which can lead to Cross-Site Scripting (XSS) vulnerabilities.
BL: `echo ""<div class='calculation-result'>{$this->result['output']}</div>"";` in the `Integrator` class.
BUG FOUND: YES"
2424,"SE: The '$name' variable is directly concatenated into JavaScript code without sanitation, which can lead to a Cross-Site Scripting (XSS) vulnerability if the user input is not properly validated.

BL: `alert('Hello, <?php echo $name; ?>!');`

BUG FOUND: YES"
1704,"SE: The `$_POST['username']` is directly concatenated into HTML content without sanitation.
BL: `<input type=""text"" name=""username"" id=""inputUser"" class=""form-control"" value=""<?= $_POST['username'] ?? '' ?>"" required autofocus>`
BUG FOUND: YES"
1009,"After analyzing the file content, I found a potential bug of type CWE-79 (Improper Neutralization of Input During Web Page Generation: Cross-Site Scripting).

Here is the output:

SE: The 'output' is directly concatenated into HTML content without sanitation.
BL: `echo ""<div class='calculation-result'>{$this->result['output']}</div>"";`
BUG FOUND: YES

The bug is located in the `displayResult` method of the `Integrator` class. The `$this->result['output']` is not sanitized before being echoed out as HTML content, which could lead to a Cross-Site Scripting (XSS) vulnerability if the output contains user-input data."
2486,"SE: The user input '$name' is directly concatenated into JavaScript code without sanitation, which can lead to a Cross-Site Scripting (XSS) vulnerability.

BL: `alert('Hello, <?php echo $name; ?>!');`

BUG FOUND: YES"
6883,"SE: The `$_POST['username']` is directly concatenated into HTML content without sanitation.
BL: `value=""<?= $_POST['username'] ?? '' ?>""`.
BUG FOUND: YES"
1004,"SE: The `$input` is directly concatenated into HTML content without sanitation.
BL: `echo ""<div class='calculation-result'>{$this->result['output']}</div>"";`
BUG FOUND: YES"
2478,"SE: The `$name` variable is directly concatenated into JavaScript code without sanitation, which can lead to a Cross-Site Scripting (XSS) vulnerability.

BL: `alert('Hello, <?php echo $name; ?>!');`

BUG FOUND: YES"
6859,"SE: The `$_POST['username']` is directly concatenated into HTML content without sanitation.
BL: `<input type=""text"" name=""username"" id=""inputUser"" class=""form-control"" value=""<?= $_POST['username'] ?? '' ?>"" required autofocus>`
BUG FOUND: YES"
9917,"Here is the analysis of the file content:

SE: The `$name` variable is directly concatenated into HTML content without sanitation, which can lead to Cross-Site Scripting (XSS) vulnerabilities.
BL: `alert('Hello, <?php echo $name; ?>!');`
BUG FOUND: YES"
6835,"SE: The `$_POST['username']` is directly concatenated into HTML content without sanitation.
BL: `value=""<?= $_POST['username'] ?? '' ?>""`.
BUG FOUND: YES"
1057,"After analyzing the file content, I found a potential bug of type CWE-79 (Improper Neutralization of Input During Web Page Generation: Cross-Site Scripting).

Here is the output:

SE: The user input is directly concatenated into HTML content without sanitation in the `displayResult` method of the `Integrator` class.
BL: `echo ""<div class='calculation-result'>{$this->result['output']}</div>"";`
BUG FOUND: YES

The `displayResult` method in the `Integrator` class takes user input from the `$this->result['output']` variable and directly echoes it into an HTML div element without any sanitization or encoding. This can lead to a Cross-Site Scripting (XSS) vulnerability if an attacker is able to inject malicious code into the `$this->result['output']` variable."
1003,"SE: The `$this->result['output']` is directly concatenated into HTML content without sanitation.
BL: `echo ""<div class='calculation-result'>{$this->result['output']}</div>"";`
BUG FOUND: YES"
3809,"SE: The `$this->result['output']` is directly concatenated into HTML content without sanitation.
BL: `echo ""<div class='calculation-result'>{$this->result['output']}</div>"";`
BUG FOUND: YES"
9856,"SE: The '$name' variable is directly concatenated into JavaScript code without sanitation, which can lead to a Cross-Site Scripting (XSS) vulnerability.

BL: `alert('Hello, <?php echo $name; ?>!');`

BUG FOUND: YES"
9869,"SE: The user input '$name' is directly concatenated into JavaScript code without sanitation, which can lead to a Cross-Site Scripting (XSS) vulnerability.

BL: `alert('Hello, <?php echo $name; ?>!');`

BUG FOUND: YES"
9855,"SE: The '$name' variable is directly concatenated into JavaScript code without sanitation, which can lead to a Cross-Site Scripting (XSS) vulnerability.

BL: `alert('Hello, <?php echo $name; ?>!');`

BUG FOUND: YES"
9885,"SE: The `$name` variable is directly concatenated into JavaScript code without sanitation, which can lead to a Cross-Site Scripting (XSS) vulnerability.

BL: `alert('Hello, <?php echo $name; ?>!');`

BUG FOUND: YES"
6813,"SE: The `$_POST['username']` is directly concatenated into HTML content without sanitation.
BL: `<input type=""text"" name=""username"" id=""inputUser"" class=""form-control"" value=""<?= $_POST['username'] ?? '' ?>"" required autofocus>`
BUG FOUND: YES"
3772,"SE: The `$this->result['output']` is directly concatenated into HTML content without sanitation.
BL: `echo ""<div class='calculation-result'>{$this->result['output']}</div>"";`
BUG FOUND: YES"
3773,"SE: The `$this->result['output']` is directly concatenated into HTML content without sanitation.
BL: `echo ""<div class='calculation-result'>{$this->result['output']}</div>"";`
BUG FOUND: YES"
1041,"SE: The `$message` is directly concatenated into HTML content without sanitation in the `displayErrors` method of the `FormHandler` class.
BL: `echo ""Error: "" . $error . ""<br>"";`
BUG FOUND: YES"
2454,"SE: The `$name` variable is directly concatenated into HTML content without sanitation, which can lead to Cross-Site Scripting (XSS) vulnerabilities.
BL: `alert('Hello, <?php echo $name; ?>!');`
BUG FOUND: YES"
9857,"SE: The '$name' variable is directly concatenated into JavaScript code without sanitation, which can lead to a Cross-Site Scripting (XSS) vulnerability.

BL: `alert('Hello, <?php echo $name; ?>!');`

BUG FOUND: YES"
2462,"SE: The `$name` variable is directly concatenated into JavaScript code without sanitation, which can lead to a Cross-Site Scripting (XSS) vulnerability.

BL: `alert('Hello, <?php echo $name; ?>!');`

BUG FOUND: YES"
9925,"SE: The user input '$name' is directly concatenated into HTML content without sanitation, which can lead to Cross-Site Scripting (XSS) vulnerabilities.

BL: `alert('Hello, <?php echo $name; ?>!');`

BUG FOUND: YES"
1750,"SE: The user input is directly concatenated into HTML content without sanitation.
BL: `<input type=""text"" name=""username"" id=""inputUser"" class=""form-control"" value=""<?= $_POST['username'] ?? '' ?>"" required autofocus>`
BUG FOUND: YES"
1710,"SE: The `$_POST['username']` is directly concatenated into HTML content without sanitation.
BL: `<input type=""text"" name=""username"" id=""inputUser"" class=""form-control"" value=""<?= $_POST['username'] ?? '' ?>"" required autofocus>`
BUG FOUND: YES"
1049,"After analyzing the file content, I found a potential bug of type CWE-79 (Improper Neutralization of Input During Web Page Generation: Cross-Site Scripting) in the following line:

SE: The `$input` variable is directly concatenated into HTML content without sanitation.
BL: `echo ""<div class='calculation-result'>{$this->result['output']}</div>"";` in the `displayResult` method of the `Integrator` class.
BUG FOUND: YES

The `$input` variable is not sanitized before being outputted as HTML, which could lead to a Cross-Site Scripting (XSS) vulnerability if an attacker can control the input. To fix this, you should use a library like `htmlspecialchars` to encode the output and prevent XSS attacks."
3771,"SE: The `$this->result['output']` is directly concatenated into HTML content without sanitation, which may lead to Cross-Site Scripting (XSS) vulnerability.

BL: `echo ""<div class='calculation-result'>{$this->result['output']}</div>"";`

BUG FOUND: YES"
6815,"SE: The user input is directly concatenated into HTML content without sanitation, which can lead to Cross-Site Scripting (XSS) vulnerabilities.

BL: `<input type=""text"" name=""username"" id=""inputUser"" class=""form-control"" value=""<?= $_POST['username'] ?? '' ?>"" required autofocus>`

BUG FOUND: YES"
9909,"SE: The user input '$name' is directly concatenated into HTML content without sanitation, which can lead to Cross-Site Scripting (XSS) vulnerabilities.
BL: `alert('Hello, <?php echo $name; ?>!');`
BUG FOUND: YES"
3793,"After analyzing the file content, I found a potential bug of type CWE-79 (Improper Neutralization of Input During Web Page Generation: Cross-Site Scripting).

SE: The `$this->result['output']` is directly concatenated into HTML content without sanitation, which may lead to Cross-Site Scripting (XSS) vulnerability.

BL: `echo ""<div class='calculation-result'>{$this->result['output']}</div>"";`

BUG FOUND: YES"
3833,"After analyzing the file content, I found a potential bug of type CWE-79 (Improper Neutralization of Input During Web Page Generation: Cross-Site Scripting) in the following line:

SE: The user input is directly concatenated into HTML content without sanitation.
BL: `echo ""<div class='calculation-result'>{$this->result['output']}</div>"";` in the `displayResult` method of the `Integrator` class.
BUG FOUND: YES

The `displayResult` method echoes HTML content that includes the `$this->result['output']` variable, which may contain user-input data. If this data is not properly sanitized, it could lead to a Cross-Site Scripting (XSS) vulnerability."
9901,"SE: The `$name` variable is directly concatenated into JavaScript code without sanitation, which can lead to a Cross-Site Scripting (XSS) vulnerability.

BL: `alert('Hello, <?php echo $name; ?>!');`

BUG FOUND: YES"
917,"After analyzing the file content, I found a potential bug of type CWE-79 (Improper Neutralization of Input During Web Page Generation: Cross-Site Scripting) in the following line:

SE: The file name is directly concatenated into HTML content without sanitation, which could lead to XSS vulnerabilities.
BL: `echo ""The file "". htmlspecialchars( basename( $this->file[""name""])). "" has been uploaded."";` in the `FileUploader` class.
BUG FOUND: YES

This line is vulnerable to XSS because the file name is not properly sanitized before being outputted to the user. An attacker could upload a file with a malicious name, which could lead to JavaScript execution when the file name is displayed to the user.

Additionally, I found another potential bug of type CWE-79 in the following line:

SE: The output is directly concatenated into HTML content without sanitation, which could lead to XSS vulnerabilities.
BL: `echo ""<div class='calculation-result'>{$this->result['output']}</div>"";` in the `Integrator` class.
BUG FOUND: YES

This line is vulnerable to XSS because the output is not properly sanitized before being outputted to the user. An attacker could manipulate the output to inject malicious JavaScript code, which could lead to XSS vulnerabilities.

It's worth noting that the `htmlspecialchars` function is used in some places to sanitize user input, but it's not consistently used throughout the codebase. It's essential to ensure that all user input is properly sanitized before being outputted to the user to prevent XSS vulnerabilities."
6814,"SE: The `$_POST['username']` is directly concatenated into HTML content without sanitation.
BL: `<input type=""text"" name=""username"" id=""inputUser"" class=""form-control"" value=""<?= $_POST['username'] ?? '' ?>"" required autofocus>`
BUG FOUND: YES"
3777,"SE: The `$this->result['output']` is directly concatenated into HTML content without sanitation.
BL: `echo ""<div class='calculation-result'>{$this->result['output']}</div>"";`
BUG FOUND: YES"
6827,"SE: The `$_POST['username']` is directly concatenated into HTML content without sanitation.
BL: `value=""<?= $_POST['username'] ?? '' ?>""`.
BUG FOUND: YES"
9877,"Here is the analysis of the file content:

SE: The `$name` variable is directly concatenated into HTML content without sanitation, which can lead to Cross-Site Scripting (XSS) vulnerabilities.

BL: `<script>alert('Hello, <?php echo $name; ?>!');</script>`

BUG FOUND: YES"
3817,"After analyzing the file content, I found a potential bug of type CWE-79 (Improper Neutralization of Input During Web Page Generation: Cross-Site Scripting) in the following line:

SE: The `$input` variable is directly concatenated into HTML content without sanitation.
BL: `echo ""<div class='calculation-result'>{$this->result['output']}</div>"";` in the `Integrator` class, `displayResult` method.
BUG FOUND: YES

The `$input` variable is not sanitized before being outputted in the HTML content, which could lead to a Cross-Site Scripting (XSS) vulnerability. An attacker could inject malicious JavaScript code as input, which would be executed by the browser when the page is rendered.

To fix this bug, you should sanitize the `$input` variable using a function like `htmlspecialchars()` or `filter_var()` to prevent XSS attacks."
7043,"SE: The `$_POST['username']` is directly concatenated into HTML content without sanitation.
BL: `value=""<?= $_POST['username'] ?? '' ?>""`.
BUG FOUND: YES"
7051,"SE: The user input is directly concatenated into HTML content without sanitation.
BL: `value=""<?= $_POST['username'] ?? '' ?>""` 
BUG FOUND: YES"
9861,"SE: The '$name' variable is directly concatenated into JavaScript code without sanitation, which can lead to a Cross-Site Scripting (XSS) vulnerability.

BL: `alert('Hello, <?php echo $name; ?>!');`

BUG FOUND: YES"
6979,"SE: The 'username' is directly concatenated into HTML content without sanitation.
BL: `<input type=""text"" name=""username"" id=""inputUser"" class=""form-control"" value=""<?= $_POST['username'] ?? '' ?>"" required autofocus>`
BUG FOUND: YES"
3993,"SE: The `$input` is directly concatenated into HTML content without sanitation in the `displayResult` method of the `Integrator` class.
BL: `echo ""<div class='calculation-result'>{$this->result['output']}</div>"";`
BUG FOUND: YES"
3932,"SE: The `$this->result['output']` is directly concatenated into HTML content without sanitation.
BL: `echo ""<div class='calculation-result'>{$this->result['output']}</div>"";`
BUG FOUND: YES"
10045,"SE: The `$name` variable is directly concatenated into HTML content without sanitation, which can lead to Cross-Site Scripting (XSS) vulnerabilities.

BL: `alert('Hello, <?php echo $name; ?>!');`

BUG FOUND: YES"
7019,"SE: The `$_POST['username']` is directly concatenated into HTML content without sanitation.
BL: `<input type=""text"" name=""username"" id=""inputUser"" class=""form-control"" value=""<?= $_POST['username'] ?? '' ?>"" required autofocus>`
BUG FOUND: YES"
10016,"Here is the analysis of the file content:

SE: The `$name` variable is directly concatenated into HTML content without sanitation, which may lead to Cross-Site Scripting (XSS) vulnerability.

BL: `alert('Hello, <?php echo $name; ?>!');`

BUG FOUND: YES"
7003,"SE: The `$_POST['username']` is directly concatenated into HTML content without sanitation.
BL: `value=""<?= $_POST['username'] ?? '' ?>""`.
BUG FOUND: YES"
6851,"SE: The `$_POST['username']` is directly concatenated into HTML content without sanitation.
BL: `<input type=""text"" name=""username"" id=""inputUser"" class=""form-control"" value=""<?= $_POST['username'] ?? '' ?>"" required autofocus>`
BUG FOUND: YES"
3801,"SE: The `$this->result['output']` is directly concatenated into HTML content without sanitation, which may lead to Cross-Site Scripting (XSS) vulnerability.

BL: `echo ""<div class='calculation-result'>{$this->result['output']}</div>"";`

BUG FOUND: YES"
10085,"SE: The `$name` variable is directly concatenated into HTML content without sanitation, which can lead to Cross-Site Scripting (XSS) vulnerabilities.

BL: `alert('Hello, <?php echo $name; ?>!');`

BUG FOUND: YES"
3985,"After analyzing the file content, I did not find any line that may contain a bug of type CWE-79 (Improper Neutralization of Input During Web Page Generation: Cross-Site Scripting).

SE: None
BL: None
BUG FOUND: NO"
9893,"SE: The `$name` variable is directly concatenated into JavaScript code without sanitation, which could lead to a Cross-Site Scripting (XSS) vulnerability.

BL: `alert('Hello, <?php echo $name; ?>!');`

BUG FOUND: YES"
4001,"After analyzing the file content, I did not find any line that may contain a bug of type CWE-79 (Improper Neutralization of Input During Web Page Generation: Cross-Site Scripting).

SE: None
BL: None
BUG FOUND: NO"
10015,"SE: The '$name' variable is directly concatenated into JavaScript code without sanitation, which can lead to a Cross-Site Scripting (XSS) vulnerability.

BL: `alert('Hello, <?php echo $name; ?>!');`

BUG FOUND: YES"
10037,"SE: The `$name` variable is directly concatenated into JavaScript code without sanitation, which can lead to a Cross-Site Scripting (XSS) vulnerability.

BL: `alert('Hello, <?php echo $name; ?>!');`

BUG FOUND: YES"
6867,"SE: The `$_POST['username']` is directly concatenated into HTML content without sanitation.
BL: `<input type=""text"" name=""username"" id=""inputUser"" class=""form-control"" value=""<?= $_POST['username'] ?? '' ?>"" required autofocus>`
BUG FOUND: YES"
6875,"SE: The `$_POST['username']` is directly concatenated into HTML content without sanitation.
BL: `<input type=""text"" name=""username"" id=""inputUser"" class=""form-control"" value=""<?= $_POST['username'] ?? '' ?>"" required autofocus>`
BUG FOUND: YES"
6975,"SE: The `$_POST['username']` is directly concatenated into HTML content without sanitation.
BL: `<input type=""text"" name=""username"" id=""inputUser"" class=""form-control"" value=""<?= $_POST['username'] ?? '' ?>"" required autofocus>`
BUG FOUND: YES"
6843,"After analyzing the file content, I found a potential bug of type CWE-79 (Improper Neutralization of Input During Web Page Generation: Cross-Site Scripting).

SE: The `$_POST['username']` is directly concatenated into HTML content without sanitation, which can lead to a Cross-Site Scripting (XSS) vulnerability.

BL: `value=""<?= $_POST['username'] ?? '' ?>""`

BUG FOUND: YES"
10029,"SE: The user input is directly concatenated into JavaScript code without sanitation, which can lead to a Cross-Site Scripting (XSS) vulnerability.

BL: `alert('Hello, <?php echo $name; ?>!');`

BUG FOUND: YES"
7027,"SE: The `$_POST['username']` is directly concatenated into HTML content without sanitation.
BL: `<input type=""text"" name=""username"" id=""inputUser"" class=""form-control"" value=""<?= $_POST['username'] ?? '' ?>"" required autofocus>`
BUG FOUND: YES"
6819,"SE: The `$_POST['username']` is directly concatenated into HTML content without sanitation.
BL: `<input type=""text"" name=""username"" id=""inputUser"" class=""form-control"" value=""<?= $_POST['username'] ?? '' ?>"" required autofocus>`
BUG FOUND: YES"
10017,"Here is the analysis of the file content:

SE: The `$name` variable is directly concatenated into JavaScript code without sanitation, which can lead to a Cross-Site Scripting (XSS) vulnerability.

BL: `alert('Hello, <?php echo $name; ?>!');`

BUG FOUND: YES"
3933,"SE: The `$this->result['output']` is directly concatenated into HTML content without sanitation, which may lead to Cross-Site Scripting (XSS) vulnerability.

BL: `echo ""<div class='calculation-result'>{$this->result['output']}</div>"";`

BUG FOUND: YES"
10061,"SE: The `$name` variable is directly concatenated into JavaScript code without sanitation, which could lead to a Cross-Site Scripting (XSS) vulnerability.

BL: `alert('Hello, <?php echo $name; ?>!');`

BUG FOUND: YES"
3945,"SE: The `$this->result['output']` is directly concatenated into HTML content without sanitation.
BL: `echo ""<div class='calculation-result'>{$this->result['output']}</div>"";`
BUG FOUND: YES"
10053,"SE: The `$name` variable is directly concatenated into JavaScript code without sanitation, which can lead to a Cross-Site Scripting (XSS) vulnerability.

BL: `alert('Hello, <?php echo $name; ?>!');`

BUG FOUND: YES"
10069,"SE: The `$name` variable is directly concatenated into JavaScript code without sanitation, which can lead to a Cross-Site Scripting (XSS) vulnerability.

BL: `alert('Hello, <?php echo $name; ?>!');`

BUG FOUND: YES"
6974,"SE: The 'username' is directly concatenated into HTML content without sanitation.
BL: `<input type=""text"" name=""username"" id=""inputUser"" class=""form-control"" value=""<?= $_POST['username'] ?? '' ?>"" required autofocus>`
BUG FOUND: YES"
6973,"SE: The `$_POST['username']` is directly concatenated into HTML content without sanitation.
BL: `<input type=""text"" name=""username"" id=""inputUser"" class=""form-control"" value=""<?= $_POST['username'] ?? '' ?>"" required autofocus>`
BUG FOUND: YES"
3825,"After analyzing the file content, I found a potential bug of type CWE-79 (Improper Neutralization of Input During Web Page Generation: Cross-Site Scripting) in the following line:

SE: The user input is directly concatenated into HTML content without sanitation.
BL: `echo ""<div class='calculation-result'>{$this->result['output']}</div>"";` in the `displayResult` method of the `Integrator` class.
BUG FOUND: YES

The `displayResult` method echoes a HTML div element with the calculation result, which is stored in the `$this->result['output']` property. If the `$this->result['output']` property contains user-input data that has not been properly sanitized, it could lead to a Cross-Site Scripting (XSS) vulnerability. An attacker could inject malicious JavaScript code into the page, which could be executed by the user's browser.

To fix this bug, you should sanitize the user input data before concatenating it into the HTML content. You can use PHP's built-in `htmlspecialchars` function to encode special characters in the input data, like this:
```
echo ""<div class='calculation-result'>"" . htmlspecialchars($this->result['output']) . ""</div>"";
```
This will prevent XSS attacks by encoding any malicious JavaScript code in the input data."
3841,"After analyzing the file content, I found a potential bug of type CWE-79 (Improper Neutralization of Input During Web Page Generation: Cross-Site Scripting) in the following line:

SE: The `$this->result['output']` is directly concatenated into HTML content without sanitation.
BL: `echo ""<div class='calculation-result'>{$this->result['output']}</div>"";`
BUG FOUND: YES

This line is in the `displayResult` method of the `Integrator` class. The `$this->result['output']` variable is not sanitized before being outputted as HTML, which could lead to a Cross-Site Scripting (XSS) vulnerability if the output contains user-input data."
3953,"After analyzing the file content, I found one potential line that may contain a bug of type CWE-79 (Improper Neutralization of Input During Web Page Generation: Cross-Site Scripting).

Here is the output:

SE: The `$this->result['output']` is directly concatenated into HTML content without sanitation, which may lead to XSS vulnerabilities if the output contains user-input data.
BL: `echo ""<div class='calculation-result'>{$this->result['output']}</div>"";`
BUG FOUND: YES"
6987,"SE: The `$_POST['username']` is directly concatenated into HTML content without sanitation, which may lead to Cross-Site Scripting (XSS) vulnerability.

BL: `<input type=""text"" name=""username"" id=""inputUser"" class=""form-control"" value=""<?= $_POST['username'] ?? '' ?>"" required autofocus>`

BUG FOUND: YES"
3937,"After analyzing the file content, I found a potential bug of type CWE-79 (Improper Neutralization of Input During Web Page Generation: Cross-Site Scripting) in the following line:

SE: The 'output' property of the '$result' array is directly concatenated into HTML content without sanitation.
BL: `echo ""<div class='calculation-result'>{$this->result['output']}</div>"";` in the `displayResult` method of the `Integrator` class.

BUG FOUND: YES"
3785,"After analyzing the file content, I found a potential bug of type CWE-79 (Improper Neutralization of Input During Web Page Generation: Cross-Site Scripting).

Here is the output:

SE: The output variable is directly concatenated into HTML content without sanitation, which may lead to Cross-Site Scripting (XSS) vulnerabilities.
BL: `echo ""<div class='calculation-result'>{$this->result['output']}</div>"";`
BUG FOUND: YES

The line of code is in the `displayResult` method of the `Integrator` class. The `$this->result['output']` variable is not sanitized before being outputted to the HTML page, which may allow an attacker to inject malicious scripts."
10077,"SE: The `$name` variable is directly concatenated into JavaScript code without sanitation, which can lead to a Cross-Site Scripting (XSS) vulnerability.

BL: `alert('Hello, <?php echo $name; ?>!');`

BUG FOUND: YES"
3977,"After analyzing the file content, I found a potential bug of type CWE-79 (Improper Neutralization of Input During Web Page Generation: Cross-Site Scripting) in the following line:

SE: The `$input` variable is directly concatenated into HTML content without sanitation.
BL: `echo ""<div class='calculation-result'>{$this->result['output']}</div>"";` in the `Integrator` class, `displayResult` method.
BUG FOUND: YES

The `$input` variable is not sanitized before being outputted as HTML, which could lead to a Cross-Site Scripting (XSS) vulnerability if an attacker can control the input. To fix this, you should use a library like `htmlspecialchars` to encode the output and prevent XSS attacks."
3969,"After analyzing the file content, I found a potential bug of type CWE-79 (Improper Neutralization of Input During Web Page Generation: Cross-Site Scripting) in the following line:

SE: The 'output' variable is directly concatenated into HTML content without sanitation.
BL: `echo ""<div class='calculation-result'>{$this->result['output']}</div>"";` in the `displayResult` method of the `Integrator` class.

BUG FOUND: YES"
4009,"After analyzing the file content, I did not find any line that may contain a bug of type CWE-79 (Improper Neutralization of Input During Web Page Generation: Cross-Site Scripting).

SE: None
BL: None
BUG FOUND: NO"
10221,"SE: The `$name` variable is directly concatenated into HTML content without sanitation, which can lead to Cross-Site Scripting (XSS) vulnerabilities.

BL: `alert('Hello, <?php echo $name; ?>!');`

BUG FOUND: YES"
10269,"SE: The `$name` variable is directly concatenated into JavaScript code without sanitation, which can lead to a Cross-Site Scripting (XSS) vulnerability.

BL: `alert('Hello, <?php echo $name; ?>!');`

BUG FOUND: YES"
7149,"SE: The `$_POST['username']` is directly concatenated into HTML content without sanitation.
BL: `<input type=""text"" name=""username"" id=""inputUser"" class=""form-control"" value=""<?= $_POST['username'] ?? '' ?>"" required autofocus>`
BUG FOUND: YES"
4177,"SE: The `displayResult` method in the `Integrator` class directly concatenates user input into HTML content without sanitation, which may lead to Cross-Site Scripting (XSS) vulnerabilities.

BL: `public function displayResult() { echo ""<div class='calculation-result'>{$this->result['output']}</div>""; }`

BUG FOUND: YES"
7011,"SE: The `$_POST['username']` is directly concatenated into HTML content without sanitation.
BL: `value=""<?= $_POST['username'] ?? '' ?>""`.
BUG FOUND: YES"
6995,"SE: The `$_POST['username']` is directly concatenated into HTML content without sanitation.
BL: `value=""<?= $_POST['username'] ?? '' ?>""`.
BUG FOUND: YES"
4108,"SE: The `$this->result['output']` is directly concatenated into HTML content without sanitation.
BL: `echo ""<div class='calculation-result'>{$this->result['output']}</div>"";`
BUG FOUND: YES"
4107,"SE: The `$this->result['output']` is directly concatenated into HTML content without sanitation.
BL: `echo ""<div class='calculation-result'>{$this->result['output']}</div>"";`
BUG FOUND: YES"
10093,"SE: The `$name` variable is directly concatenated into JavaScript code without sanitation, which can lead to a Cross-Site Scripting (XSS) vulnerability.

BL: `alert('Hello, <?php echo $name; ?>!');`

BUG FOUND: YES"
10192,"SE: The '$name' variable is directly concatenated into HTML content without sanitation, which can lead to Cross-Site Scripting (XSS) vulnerabilities.
BL: `alert('Hello, <?php echo $name; ?>!');`
BUG FOUND: YES"
10021,"SE: The '$name' variable is directly concatenated into JavaScript code without sanitation, which can lead to a Cross-Site Scripting (XSS) vulnerability.

BL: `alert('Hello, <?php echo $name; ?>!');`

BUG FOUND: YES"
10191,"SE: The '$name' variable is directly concatenated into HTML content without sanitation, which may lead to Cross-Site Scripting (XSS) vulnerability.
BL: `alert('Hello, <?php echo $name; ?>!');`
BUG FOUND: YES"
4153,"SE: The `$message` is directly concatenated into HTML content without sanitation.
BL: `echo ""<div class='calculation-result'>{$this->result['output']}</div>"";`
BUG FOUND: YES"
4193,"After analyzing the file content, I did not find any line that may contain a bug of type CWE-79 (Improper Neutralization of Input During Web Page Generation: Cross-Site Scripting).

SE: None
BL: None
BUG FOUND: NO"
3931,"SE: The `$this->result['output']` is directly concatenated into HTML content without sanitation.
BL: `echo ""<div class='calculation-result'>{$this->result['output']}</div>"";`
BUG FOUND: YES"
7150,"SE: The `$_POST['username']` is directly concatenated into HTML content without sanitation.
BL: `<input type=""text"" name=""username"" id=""inputUser"" class=""form-control"" value=""<?= $_POST['username'] ?? '' ?>"" required autofocus>`
BUG FOUND: YES"
7035,"SE: The user input is directly concatenated into HTML content without sanitation, which can lead to Cross-Site Scripting (XSS) vulnerabilities.
BL: `<input type=""text"" name=""username"" id=""inputUser"" class=""form-control"" value=""<?= $_POST['username'] ?? '' ?>"" required autofocus>`
BUG FOUND: YES"
10205,"SE: The user input is directly concatenated into HTML content without sanitation, which can lead to Cross-Site Scripting (XSS) vulnerabilities.
BL: `alert('Hello, <?php echo $name; ?>!');`
BUG FOUND: YES"
7187,"SE: The `$_POST['username']` is directly concatenated into HTML content without sanitation.
BL: `value=""<?= $_POST['username'] ?? '' ?>""`.
BUG FOUND: YES"
10261,"SE: The `$name` variable is directly concatenated into HTML content without sanitation, which can lead to Cross-Site Scripting (XSS) vulnerabilities.
BL: `alert('Hello, <?php echo $name; ?>!');`
BUG FOUND: YES"
7151,"SE: The `$_POST['username']` is directly concatenated into HTML content without sanitation.
BL: `<input type=""text"" name=""username"" id=""inputUser"" class=""form-control"" value=""<?= $_POST['username'] ?? '' ?>"" required autofocus>`
BUG FOUND: YES"
7219,"After analyzing the file content, I found a potential bug of type CWE-79 (Improper Neutralization of Input During Web Page Generation: Cross-Site Scripting).

SE: The `$_POST['username']` is directly concatenated into HTML content without sanitation.

BL: `value=""<?= $_POST['username'] ?? '' ?>""`

BUG FOUND: YES"
7235,"SE: The `$_POST['username']` is directly concatenated into HTML content without sanitation.
BL: `value=""<?= $_POST['username'] ?? '' ?>""`.
BUG FOUND: YES"
7163,"SE: The `$_POST['username']` is directly concatenated into HTML content without sanitation.
BL: `value=""<?= $_POST['username'] ?? '' ?>""`.
BUG FOUND: YES"
4113,"SE: The `$this->result['output']` is directly concatenated into HTML content without sanitation.
BL: `echo ""<div class='calculation-result'>{$this->result['output']}</div>"";`
BUG FOUND: YES"
10197,"SE: The '$name' variable is directly concatenated into HTML content without sanitation, which can lead to Cross-Site Scripting (XSS) vulnerabilities.
BL: `alert('Hello, <?php echo $name; ?>!');`
BUG FOUND: YES"
10237,"SE: The `$name` variable is directly concatenated into JavaScript code without sanitation, which could lead to a Cross-Site Scripting (XSS) vulnerability.

BL: `alert('Hello, <?php echo $name; ?>!');`

BUG FOUND: YES"
4185,"SE: The `logMessage`, `logError`, and `logInfo` methods in the `Logger` class directly concatenate user input into HTML content without sanitation, which may lead to Cross-Site Scripting (XSS) vulnerabilities.

BL: `public function logMessage($message) { $fp = fopen($this->log_file, 'a'); fwrite($fp, date(""Y-m-d H:i:s"") . "" - "" . $message . ""<br>""); fclose($fp); }`

BUG FOUND: YES"
10193,"SE: The '$name' variable is directly concatenated into HTML content without sanitation, which can lead to Cross-Site Scripting (XSS) vulnerabilities.
BL: `alert('Hello, <?php echo $name; ?>!');`
BUG FOUND: YES"
7227,"SE: The `$_POST['username']` is directly concatenated into HTML content without sanitation.
BL: `value=""<?= $_POST['username'] ?? '' ?>""`.
BUG FOUND: YES"
3961,"After analyzing the file content, I found a potential bug of type CWE-79 (Improper Neutralization of Input During Web Page Generation: Cross-Site Scripting) in the following line:

SE: The user input is directly concatenated into HTML content without sanitation.
BL: `echo ""<div class='calculation-result'>{$this->result['output']}</div>"";` in the `displayResult` method of the `Integrator` class.

BUG FOUND: YES"
7211,"After analyzing the file content, I found a potential bug of type CWE-79 (Improper Neutralization of Input During Web Page Generation: Cross-Site Scripting).

SE: The `$_POST['username']` is directly concatenated into HTML content without sanitation, which can lead to a Cross-Site Scripting (XSS) vulnerability.

BL: `<input type=""text"" name=""username"" id=""inputUser"" class=""form-control"" value=""<?= $_POST['username'] ?? '' ?>"" required autofocus>`

BUG FOUND: YES"
4129,"After analyzing the file content, I found one potential line that may contain a bug of type CWE-79 (Improper Neutralization of Input During Web Page Generation: Cross-Site Scripting).

Here is the output:

SE: The `$message` variable is directly concatenated into HTML content without sanitation, which may lead to XSS vulnerabilities.
BL: `echo ""<div class='calculation-result'>{$this->result['output']}</div>"";` (in the `displayResult` method of the `Integrator` class)
BUG FOUND: YES"
4161,"After analyzing the file content, I found a potential bug of type CWE-79 (Improper Neutralization of Input During Web Page Generation: Cross-Site Scripting) in the following line:

SE: The `$message` variable is directly concatenated into HTML content without sanitation.
BL: `echo ""<div class='calculation-result'>{$this->result['output']}</div>"";` in the `Integrator` class, `displayResult` method.
BUG FOUND: YES

This line is vulnerable to Cross-Site Scripting (XSS) because it directly outputs user-controlled data (`$this->result['output']`) without proper sanitization or encoding. An attacker could inject malicious JavaScript code, which would be executed by the browser, potentially leading to security vulnerabilities.

To fix this bug, you should use a secure method to output user-controlled data, such as using `htmlspecialchars()` or a templating engine that automatically escapes output."
10245,"SE: The `$name` variable is directly concatenated into HTML content without sanitation, which can lead to Cross-Site Scripting (XSS) vulnerabilities.
BL: `alert('Hello, <?php echo $name; ?>!');` 
BUG FOUND: YES"
7195,"SE: The `$_POST['username']` is directly concatenated into HTML content without sanitation.
BL: `value=""<?= $_POST['username'] ?? '' ?>""`.
BUG FOUND: YES"
7203,"SE: The `$_POST['username']` is directly concatenated into HTML content without sanitation.
BL: `<input type=""text"" name=""username"" id=""inputUser"" class=""form-control"" value=""<?= $_POST['username'] ?? '' ?>"" required autofocus>`
BUG FOUND: YES"
4109,"After analyzing the file content, I found one potential line that may contain a bug of type CWE-79 (Improper Neutralization of Input During Web Page Generation: Cross-Site Scripting):

SE: The `$this->result['output']` is directly concatenated into HTML content without sanitation.
BL: `echo ""<div class='calculation-result'>{$this->result['output']}</div>"";` in the `displayResult` method of the `Integrator` class.
BUG FOUND: YES

This line of code is vulnerable to Cross-Site Scripting (XSS) because it directly outputs user-controlled data (`$this->result['output']`) into the HTML content without proper sanitization or encoding. An attacker could inject malicious scripts into the output, leading to a potential security vulnerability."
7387,"SE: The `$_POST['username']` is directly concatenated into HTML content without sanitation.
BL: `<?= $_POST['username'] ?? '' ?>`
BUG FOUND: YES"
10469,"SE: The `$name` variable is directly concatenated into HTML content without sanitation.
BL: `alert('Hello, <?php echo $name; ?>!');`
BUG FOUND: YES"
10397,"SE: The '$name' variable is directly concatenated into HTML content without sanitation.
BL: `alert('Hello, <?php echo $name; ?>!');`
BUG FOUND: YES"
4337,"SE: The `$message` is directly concatenated into HTML content without sanitation.
BL: `echo ""<div class='calculation-result'>{$this->result['output']}</div>"";`
BUG FOUND: YES"
7355,"SE: The `$_POST['username']` is directly concatenated into HTML content without sanitation.
BL: `value=""<?= $_POST['username'] ?? '' ?>""`.
BUG FOUND: YES"
4121,"SE: The `$this->result['output']` is directly concatenated into HTML content without sanitation.
BL: `echo ""<div class='calculation-result'>{$this->result['output']}</div>"";`
BUG FOUND: YES"
7435,"After analyzing the file content, I did not find any line that may contain a bug of type CWE-79 (Improper Neutralization of Input During Web Page Generation: Cross-Site Scripting).

SE: None
BL: None
BUG FOUND: NO"
10229,"SE: The `$name` variable is directly concatenated into JavaScript code without sanitation, which can lead to a Cross-Site Scripting (XSS) vulnerability.

BL: `alert('Hello, <?php echo $name; ?>!');`

BUG FOUND: YES"
10453,"SE: The `$name` variable is directly concatenated into HTML content without sanitation, which can lead to Cross-Site Scripting (XSS) vulnerabilities.
BL: `alert('Hello, <?php echo $name; ?>!');`
BUG FOUND: YES"
4377,"After analyzing the file content, I did not find any line that may contain a bug of type CWE-79 (Improper Neutralization of Input During Web Page Generation: Cross-Site Scripting).

SE: None
BL: None
BUG FOUND: NO"
10384,"SE: The `$name` variable is directly concatenated into HTML content without sanitation, which can lead to Cross-Site Scripting (XSS) vulnerabilities.

BL: `alert('Hello, <?php echo $name; ?>!');`

BUG FOUND: YES"
7343,"SE: The `$_POST['username']` is directly concatenated into HTML content without sanitation.
BL: `<input type=""text"" name=""username"" id=""inputUser"" class=""form-control"" value=""<?= $_POST['username'] ?? '' ?>"" required autofocus>`
BUG FOUND: YES"
7155,"SE: The 'username' is directly concatenated into HTML content without sanitation.
BL: `<input type=""text"" name=""username"" id=""inputUser"" class=""form-control"" value=""<?= $_POST['username'] ?? '' ?>"" required autofocus>`
BUG FOUND: YES"
7179,"After analyzing the file content, I found a potential bug of type CWE-79 (Improper Neutralization of Input During Web Page Generation: Cross-Site Scripting).

SE: The `$_POST['username']` is directly concatenated into HTML content without sanitation.

BL: `value=""<?= $_POST['username'] ?? '' ?>""`

BUG FOUND: YES"
10277,"SE: The `$name` variable is directly concatenated into JavaScript code without sanitation, which can lead to a Cross-Site Scripting (XSS) vulnerability.

BL: `alert('Hello, <?php echo $name; ?>!');`

BUG FOUND: YES"
10213,"SE: The user input is directly concatenated into HTML content without sanitation, which can lead to Cross-Site Scripting (XSS) vulnerabilities.
BL: `alert('Hello, <?php echo $name; ?>!');` 
BUG FOUND: YES"
10253,"SE: The `$name` variable is directly concatenated into HTML content without sanitation, which can lead to Cross-Site Scripting (XSS) vulnerabilities.
BL: `alert('Hello, <?php echo $name; ?>!');`
BUG FOUND: YES"
7171,"SE: The `$_POST['username']` is directly concatenated into HTML content without sanitation.
BL: `<input type=""text"" name=""username"" id=""inputUser"" class=""form-control"" value=""<?= $_POST['username'] ?? '' ?>"" required autofocus>`
BUG FOUND: YES"
4361,"After analyzing the file content, I did not find any line that may contain a bug of type CWE-79 (Improper Neutralization of Input During Web Page Generation: Cross-Site Scripting).

SE: None
BL: None
BUG FOUND: NO"
4169,"After analyzing the file content, I found a potential bug of type CWE-79 (Improper Neutralization of Input During Web Page Generation: Cross-Site Scripting) in the following line:

SE: The user input is directly concatenated into HTML content without sanitation.
BL: `echo ""<div class='calculation-result'>{$this->result['output']}</div>"";` in the `displayResult` method of the `Integrator` class.
BUG FOUND: YES

The `displayResult` method echoes a div element with a class and content that is retrieved from the `$this->result['output']` property. If this property contains user-input data that has not been properly sanitized, it could lead to a Cross-Site Scripting (XSS) vulnerability. An attacker could inject malicious JavaScript code into the page, which could be executed by the user's browser.

To fix this bug, you should sanitize the user input data before concatenating it into the HTML content. You can use a library like `htmlspecialchars` or `filter_var` to sanitize the input data."
4137,"After analyzing the file content, I found a potential bug of type CWE-79 (Improper Neutralization of Input During Web Page Generation: Cross-Site Scripting) in the following line:

SE: The `$this->result['output']` is directly concatenated into HTML content without sanitation.
BL: `echo ""<div class='calculation-result'>{$this->result['output']}</div>"";` in the `displayResult` method of the `Integrator` class.

BUG FOUND: YES"
4345,"SE: The `displayResult` method in the `Integrator` class directly concatenates user input into HTML content without sanitation, which may lead to Cross-Site Scripting (XSS) vulnerabilities.
BL: `echo ""<div class='calculation-result'>{$this->result['output']}</div>"";`
BUG FOUND: YES"
4353,"After analyzing the file content, I did not find any line that may contain a bug of type CWE-79 (Improper Neutralization of Input During Web Page Generation: Cross-Site Scripting).

SE: None
BL: None
BUG FOUND: NO"
4300,"After analyzing the file content, I found a potential bug of type CWE-79 (Improper Neutralization of Input During Web Page Generation: Cross-Site Scripting) in the following line:

SE: The `$this->result['output']` is directly concatenated into HTML content without sanitation.
BL: `echo ""<div class='calculation-result'>{$this->result['output']}</div>"";` in the `displayResult` method of the `Integrator` class.

BUG FOUND: YES"
4385,"SE: The `logMessage`, `logError`, and `logInfo` methods in the `Logger` class directly concatenate user input into HTML content without sanitation, which may lead to Cross-Site Scripting (XSS) vulnerabilities.

BL: 
```
public function logMessage($message) {
    $fp = fopen($this->log_file, 'a');
    fwrite($fp, date(""Y-m-d H:i:s"") . "" - "" . $message . ""
"");
    fclose($fp);
}

public function logError($error) {
    $this->logMessage(""Error: "" . $error);
}

public function logInfo($message) {
    $this->logMessage(""Info: "" . $message);
}
```

BUG FOUND: YES"
4145,"After analyzing the file content, I found a potential bug of type CWE-79 (Improper Neutralization of Input During Web Page Generation: Cross-Site Scripting) in the following line:

SE: The `$this->result['output']` is directly concatenated into HTML content without sanitation.
BL: `echo ""<div class='calculation-result'>{$this->result['output']}</div>"";` in the `displayResult` method of the `Integrator` class.
BUG FOUND: YES

This line of code is vulnerable to Cross-Site Scripting (XSS) because it directly outputs user-controlled data (`$this->result['output']`) into an HTML context without proper sanitization or encoding. An attacker could inject malicious JavaScript code into the `output` variable, which would be executed by the browser when the page is rendered.

To fix this bug, you should use a proper HTML escaping mechanism, such as `htmlspecialchars()` or a template engine that automatically escapes output, to ensure that user-controlled data is properly sanitized before being output into an HTML context."
7363,"SE: The `username` input is directly concatenated into HTML content without sanitation.
BL: `value=""<?= $_POST['username'] ?? '' ?>""`.
BUG FOUND: YES"
10437,"SE: The `$name` variable is directly concatenated into HTML content without sanitation.
BL: `alert('Hello, <?php echo $name; ?>!');`
BUG FOUND: YES"
7395,"SE: The 'username' is directly concatenated into HTML content without sanitation.
BL: `value=""<?= $_POST['username'] ?? '' ?>""`.
BUG FOUND: YES"
7427,"SE: The user input is directly concatenated into HTML content without sanitation.
BL: `value=""<?= $_POST['username'] ?? '' ?>""` 
BUG FOUND: YES"
10429,"SE: The `$name` variable is directly concatenated into HTML content without sanitation.
BL: `alert('Hello, <?php echo $name; ?>!');`
BUG FOUND: YES"
4301,"SE: The user input is directly concatenated into HTML content without sanitation.
BL: `echo ""<div class='calculation-result'>{$this->result['output']}</div>"";`
BUG FOUND: YES"
4321,"SE: The `$this->result['output']` is directly concatenated into HTML content without sanitation.
BL: `echo ""<div class='calculation-result'>{$this->result['output']}</div>"";`
BUG FOUND: YES"
10445,"SE: The `$name` variable is directly concatenated into HTML content without sanitation, which can lead to Cross-Site Scripting (XSS) vulnerabilities.
BL: `alert('Hello, <?php echo $name; ?>!');`
BUG FOUND: YES"
10385,"SE: The '$name' variable is directly concatenated into HTML content without sanitation, which can lead to Cross-Site Scripting (XSS) vulnerabilities.

BL: `alert('Hello, <?php echo $name; ?>!');`

BUG FOUND: YES"
10461,"SE: The `$name` variable is directly concatenated into JavaScript code without sanitation, which can lead to a Cross-Site Scripting (XSS) vulnerability.

BL: `alert('Hello, <?php echo $name; ?>!');`

BUG FOUND: YES"
7419,"SE: The user input is directly concatenated into HTML content without sanitation.
BL: `value=""<?= $_POST['username'] ?? '' ?>""` and `value=""<?= $_POST['password'] ?? '' ?>""` in the login form.
BUG FOUND: YES"
10421,"SE: The `$name` variable is directly concatenated into JavaScript code without sanitation, which can lead to a Cross-Site Scripting (XSS) vulnerability.

BL: `alert('Hello, <?php echo $name; ?>!');`

BUG FOUND: YES"
10413,"SE: The `$name` variable is directly concatenated into HTML content without sanitation, which can lead to Cross-Site Scripting (XSS) vulnerabilities.

BL: `alert('Hello, <?php echo $name; ?>!');`

BUG FOUND: YES"
10405,"SE: The user input is directly concatenated into HTML content without sanitation, which can lead to Cross-Site Scripting (XSS) vulnerabilities.
BL: `alert('Hello, <?php echo $name; ?>!');`
BUG FOUND: YES"
4393,"After analyzing the file content, I did not find any line that may contain a bug of type CWE-79 (Improper Neutralization of Input During Web Page Generation: Cross-Site Scripting).

SE: None
BL: None
BUG FOUND: NO"
10389,"SE: The '$name' variable is directly concatenated into HTML content without sanitation, which may lead to Cross-Site Scripting (XSS) vulnerability.

BL: `alert('Hello, <?php echo $name; ?>!');`

BUG FOUND: YES"
10383,"SE: The '$name' variable is directly concatenated into HTML content without sanitation, which may lead to Cross-Site Scripting (XSS) vulnerability.

BL: `alert('Hello, <?php echo $name; ?>!');`

BUG FOUND: YES"
7403,"SE: The user input is directly concatenated into HTML content without sanitation.
BL: `<input type=""text"" name=""username"" id=""inputUser"" class=""form-control"" value=""<?= $_POST['username'] ?? '' ?>"" required autofocus>`
BUG FOUND: YES"
10477,"SE: The `$name` variable is directly concatenated into JavaScript code without sanitation, which can lead to a Cross-Site Scripting (XSS) vulnerability.

BL: `alert('Hello, <?php echo $name; ?>!');`

BUG FOUND: YES"
7342,"SE: The `$_POST['username']` is directly concatenated into HTML content without sanitation.
BL: `<input type=""text"" name=""username"" id=""inputUser"" class=""form-control"" value=""<?= $_POST['username'] ?? '' ?>"" required autofocus>`
BUG FOUND: YES"
4369,"After analyzing the file content, I did not find any line that may contain a bug of type CWE-79 (Improper Neutralization of Input During Web Page Generation: Cross-Site Scripting).

SE: None
BL: None
BUG FOUND: NO"
4313,"SE: The output is directly concatenated into HTML content without sanitation, which may lead to Cross-Site Scripting (XSS) vulnerabilities.
BL: `echo ""<div class='calculation-result'>{$this->result['output']}</div>"";`
BUG FOUND: YES"
7341,"SE: The `$_POST['username']` is directly concatenated into HTML content without sanitation.
BL: `<input type=""text"" name=""username"" id=""inputUser"" class=""form-control"" value=""<?= $_POST['username'] ?? '' ?>"" required autofocus>`
BUG FOUND: YES"
4329,"SE: The `$this->result['output']` is directly concatenated into HTML content without sanitation, which may lead to Cross-Site Scripting (XSS) vulnerability.

BL: `echo ""<div class='calculation-result'>{$this->result['output']}</div>"";`

BUG FOUND: YES"
7371,"After analyzing the file content, I found a potential bug of type CWE-79 (Improper Neutralization of Input During Web Page Generation: Cross-Site Scripting).

SE: The `$_POST['username']` is directly concatenated into HTML content without sanitation.

BL: `value=""<?= $_POST['username'] ?? '' ?>""`

BUG FOUND: YES"
7379,"SE: The `username` and `password` variables are directly concatenated into HTML content without sanitation, which may lead to Cross-Site Scripting (XSS) vulnerabilities.

BL: `<input type=""text"" name=""username"" id=""inputUser"" class=""form-control"" value=""<?= $_POST['username'] ?? '' ?>"" required autofocus>`

BUG FOUND: YES"
7347,"SE: The `$_POST['username']` is directly concatenated into HTML content without sanitation.
BL: `<input type=""text"" name=""username"" id=""inputUser"" class=""form-control"" value=""<?= $_POST['username'] ?? '' ?>"" required autofocus>`
BUG FOUND: YES"
4305,"After analyzing the file content, I found a potential bug of type CWE-79 (Improper Neutralization of Input During Web Page Generation: Cross-Site Scripting) in the following line:

SE: The `$this->result['output']` is directly concatenated into HTML content without sanitation.
BL: `echo ""<div class='calculation-result'>{$this->result['output']}</div>"";` in the `displayResult` method of the `Integrator` class.

BUG FOUND: YES"
7411,"SE: The user input is directly concatenated into HTML content without sanitation.
BL: `value=""<?= $_POST['username'] ?? '' ?>""` and `value=""<?= $_POST['password'] ?? '' ?>""` in the login form.
BUG FOUND: YES

The code is vulnerable to Cross-Site Scripting (XSS) because it directly echoes user input (`$_POST['username']` and `$_POST['password']`) into the HTML without proper sanitization or escaping. An attacker could inject malicious JavaScript code as the username or password, which would be executed by the browser when the page is loaded."
4299,"After analyzing the file content, I found a potential bug of type CWE-79 (Improper Neutralization of Input During Web Page Generation: Cross-Site Scripting) in the following line:

SE: The output variable is directly concatenated into HTML content without sanitation, which can lead to XSS vulnerabilities.
BL: `echo ""<div class='calculation-result'>{$this->result['output']}</div>"";` (in the `displayResult` method of the `Integrator` class)
BUG FOUND: YES

The `$this->result['output']` variable is not properly sanitized before being outputted as HTML, which can allow an attacker to inject malicious scripts into the page. To fix this, you should use a function like `htmlspecialchars` to encode any special characters in the output variable before echoing it."
7619,"SE: The user input is directly concatenated into HTML content without sanitation.
BL: `value=""<?= $_POST['username'] ?? '' ?>""` 
BUG FOUND: YES"
7627,"SE: The user input is directly concatenated into HTML content without sanitation.
BL: `value=""<?= $_POST['username'] ?? '' ?>""` in the login form.
BUG FOUND: YES"
7643,"SE: The `$_POST['username']` is directly concatenated into HTML content without sanitation.
BL: `<?= $_POST['username'] ?? '' ?>`
BUG FOUND: YES"
4508,"SE: The `$this->result['output']` is directly concatenated into HTML content without sanitation.
BL: `echo ""<div class='calculation-result'>{$this->result['output']}</div>"";`
BUG FOUND: YES"
4593,"After analyzing the file content, I did not find any line that may contain a bug of type CWE-79 (Improper Neutralization of Input During Web Page Generation: Cross-Site Scripting).

SE: None
BL: None
BUG FOUND: NO"
7550,"SE: The 'username' is directly concatenated into HTML content without sanitation.
BL: `<input type=""text"" name=""username"" id=""inputUser"" class=""form-control"" value=""<?= $_POST['username'] ?? '' ?>"" required autofocus>`
BUG FOUND: YES"
7551,"SE: The 'username' is directly concatenated into HTML content without sanitation.
BL: `<input type=""text"" name=""username"" id=""inputUser"" class=""form-control"" value=""<?= $_POST['username'] ?? '' ?>"" required autofocus>`
BUG FOUND: YES"
10637,"SE: The `$name` variable is directly concatenated into HTML content without sanitation, which can lead to Cross-Site Scripting (XSS) vulnerabilities.
BL: `alert('Hello, <?php echo $name; ?>!');` 
BUG FOUND: YES"
7549,"SE: The `$_POST['username']` is directly concatenated into HTML content without sanitation.
BL: `<input type=""text"" name=""username"" id=""inputUser"" class=""form-control"" value=""<?= $_POST['username'] ?? '' ?>"" required autofocus>`
BUG FOUND: YES"
4577,"SE: The `displayResult` method in the `Integrator` class directly concatenates user input into HTML content without proper sanitization, which can lead to Cross-Site Scripting (XSS) vulnerabilities.

BL: `$integrator->displayResult();` in the `Integrator` class.

BUG FOUND: YES"
7595,"SE: The `$_POST['username']` is directly concatenated into HTML content without sanitation.
BL: `<?= $_POST['username'] ?? '' ?>`
BUG FOUND: YES"
10613,"SE: The user input '$name' is directly concatenated into HTML content without sanitation.
BL: `alert('Hello, <?php echo $name; ?>!');`
BUG FOUND: YES"
4509,"SE: The `$this->result['output']` is directly concatenated into HTML content without sanitation.
BL: `echo ""<div class='calculation-result'>{$this->result['output']}</div>"";`
BUG FOUND: YES"
10685,"SE: The `$name` variable is directly concatenated into HTML content without sanitation, which can lead to Cross-Site Scripting (XSS).
BL: `alert('Hello, <?php echo $name; ?>!');`
BUG FOUND: YES"
10669,"SE: The `$name` variable is directly concatenated into HTML content without sanitation, which can lead to Cross-Site Scripting (XSS).
BL: `alert('Hello, <?php echo $name; ?>!');`
BUG FOUND: YES"
10597,"SE: The '$name' variable is directly concatenated into HTML content without sanitation, which can lead to Cross-Site Scripting (XSS) vulnerabilities.

BL: `alert('Hello, <?php echo $name; ?>!');`

BUG FOUND: YES"
10591,"SE: The '$name' variable is directly concatenated into HTML content without sanitation, which may lead to Cross-Site Scripting (XSS) vulnerability.

BL: `alert('Hello, <?php echo $name; ?>!');`

BUG FOUND: YES"
4601,"After analyzing the file content, I did not find any line that may contain a bug of type CWE-79 (Improper Neutralization of Input During Web Page Generation: Cross-Site Scripting).

SE: None
BL: None
BUG FOUND: NO"
10661,"SE: The `$name` variable is directly concatenated into HTML content without sanitation, which can lead to Cross-Site Scripting (XSS).
BL: `alert('Hello, <?php echo $name; ?>!');`
BUG FOUND: YES"
4569,"After analyzing the file content, I did not find any line that may contain a bug of type CWE-79 (Improper Neutralization of Input During Web Page Generation: Cross-Site Scripting).

SE: None
BL: None
BUG FOUND: NO"
4545,"SE: The `$input` variable is directly concatenated into HTML content without sanitation.
BL: `echo ""<div class='calculation-result'>{$this->result['output']}</div>"";` in the `displayResult` method of the `Integrator` class.
BUG FOUND: YES"
10593,"SE: The '$name' variable is directly concatenated into HTML content without sanitation, which can lead to Cross-Site Scripting (XSS) vulnerabilities.
BL: `alert('Hello, <?php echo $name; ?>!');`
BUG FOUND: YES"
10592,"Here is the analysis of the file content:

SE: The user input is directly concatenated into HTML content without sanitation, which can lead to Cross-Site Scripting (XSS) vulnerabilities.
BL: `alert('Hello, <?php echo $name; ?>!');` 
BUG FOUND: YES"
10605,"Here is the analysis of the file content:

SE: The variable `$name` is directly concatenated into HTML content without sanitation, which may lead to a Cross-Site Scripting (XSS) vulnerability.

BL: `alert('Hello, <?php echo $name; ?>!');`

BUG FOUND: YES"
7579,"After analyzing the file content, I found a potential bug of type CWE-79 (Improper Neutralization of Input During Web Page Generation: Cross-Site Scripting).

SE: The `username` input is directly concatenated into HTML content without sanitation, which can lead to a Cross-Site Scripting (XSS) vulnerability.

BL: `value=""<?= $_POST['username'] ?? '' ?>""`

BUG FOUND: YES"
7651,"After analyzing the file content, I found a potential bug of type CWE-79 (Improper Neutralization of Input During Web Page Generation: Cross-Site Scripting).

SE: The `$_POST['username']` is directly concatenated into HTML content without sanitation, which can lead to a Cross-Site Scripting (XSS) vulnerability.

BL: `value=""<?= $_POST['username'] ?? '' ?>""`

BUG FOUND: YES"
4529,"After analyzing the file content, I found one potential line that may contain a bug of type CWE-79 (Improper Neutralization of Input During Web Page Generation: Cross-Site Scripting).

Here is the output in the expected format:

SE: The user input is directly concatenated into HTML content without sanitation.
BL: `echo ""<div class='calculation-result'>{$this->result['output']}</div>"";` in the `displayResult` method of the `Integrator` class.
BUG FOUND: YES"
7571,"SE: The 'username' is directly concatenated into HTML content without sanitation.
BL: `value=""<?= $_POST['username'] ?? '' ?>""`.
BUG FOUND: YES"
7603,"SE: The 'username' is directly concatenated into HTML content without sanitation.
BL: `<?= $_POST['username'] ?? '' ?>`
BUG FOUND: YES

Explanation: In the provided code, the `username` input from the form is directly echoed into the HTML content without proper sanitation. This can lead to a Cross-Site Scripting (XSS) vulnerability, where an attacker can inject malicious scripts into the page. To fix this, the input should be properly sanitized and validated before being outputted to the page."
10677,"SE: The `$name` variable is directly concatenated into HTML content without sanitation, which may lead to Cross-Site Scripting (XSS).
BL: `alert('Hello, <?php echo $name; ?>!');`
BUG FOUND: YES"
4585,"After analyzing the file content, I did not find any line that may contain a bug of type CWE-79 (Improper Neutralization of Input During Web Page Generation: Cross-Site Scripting).

SE: None
BL: None
BUG FOUND: NO"
10621,"SE: The `$name` variable is directly concatenated into HTML content without sanitation, which can lead to Cross-Site Scripting (XSS) vulnerabilities.

BL: `alert('Hello, <?php echo $name; ?>!');`

BUG FOUND: YES"
10645,"Here is the analysis of the file content:

SE: The script directly concatenates user input into HTML content without sanitation, which may lead to Cross-Site Scripting (XSS) vulnerabilities.
BL: `alert('Hello, <?php echo $name; ?>!');` in the JavaScript code.
BUG FOUND: YES"
4609,"SE: The `displayResult` method in the `Integrator` class directly concatenates user input into HTML without proper sanitization, which can lead to Cross-Site Scripting (XSS) vulnerabilities.
BL: `echo ""<div class='calculation-result'>{$this->result['output']}</div>"";`
BUG FOUND: YES"
4521,"After analyzing the file content, I found one potential line that may contain a bug of type CWE-79 (Improper Neutralization of Input During Web Page Generation: Cross-Site Scripting).

SE: The `$this->result['output']` is directly concatenated into HTML content without sanitation, which may lead to XSS vulnerabilities.

BL: `public function displayResult() { echo ""<div class='calculation-result'>{$this->result['output']}</div>""; }`

BUG FOUND: YES"
4513,"After analyzing the file content, I found a potential bug of type CWE-79 (Improper Neutralization of Input During Web Page Generation: Cross-Site Scripting) in the following line:

SE: The `$this->result['output']` is directly concatenated into HTML content without sanitation.
BL: `echo ""<div class='calculation-result'>{$this->result['output']}</div>"";` in the `displayResult` method of the `Integrator` class.

BUG FOUND: YES"
7555,"After analyzing the file content, I found a potential bug of type CWE-79 (Improper Neutralization of Input During Web Page Generation: Cross-Site Scripting).

SE: The `username` input is directly concatenated into HTML content without sanitation, which can lead to a Cross-Site Scripting (XSS) vulnerability.

BL: `<input type=""text"" name=""username"" id=""inputUser"" class=""form-control"" value=""<?= $_POST['username'] ?? '' ?>"" required autofocus>`

BUG FOUND: YES"
10693,"SE: The `$name` variable is directly concatenated into HTML content without sanitation.
BL: `alert('Hello, <?php echo $name; ?>!');`
BUG FOUND: YES"
4537,"SE: The `$this->result['output']` is directly concatenated into HTML content without sanitation.
BL: `echo ""<div class='calculation-result'>{$this->result['output']}</div>"";`
BUG FOUND: YES"
10629,"SE: The `$name` variable is directly concatenated into HTML content without sanitation, which can lead to Cross-Site Scripting (XSS) vulnerabilities.

BL: `alert('Hello, <?php echo $name; ?>!');`

BUG FOUND: YES"
10653,"SE: The `$name` variable is directly concatenated into HTML content without sanitation, which can lead to Cross-Site Scripting (XSS) vulnerabilities.

BL: `alert('Hello, <?php echo $name; ?>!');`

BUG FOUND: YES"
7635,"After analyzing the provided file content, I did not find any lines that may contain a bug of type CWE-79 (Improper Neutralization of Input During Web Page Generation: Cross-Site Scripting).

The code appears to be a collection of PHP classes and functions, with no direct output of user-input data to the web page. The login form and other user inputs are properly handled using PHP's built-in mechanisms, such as `$_POST` and `htmlspecialchars`.

However, it's essential to note that the absence of a specific vulnerability in this code snippet does not guarantee the entire application is secure. A comprehensive security audit should be performed to identify potential vulnerabilities.

Output:
SE: No user-input data is directly output to the web page without proper sanitization.
BL: None
BUG FOUND: NO"
7563,"After analyzing the file content, I found a potential vulnerability:

SE: The `username` input is directly concatenated into HTML content without sanitation.
BL: `value=""<?= $_POST['username'] ?? '' ?>""` in the login form.
BUG FOUND: YES

This line of code is vulnerable to Cross-Site Scripting (XSS) because it directly outputs user input (`$_POST['username']`) without proper sanitization or encoding. An attacker could inject malicious JavaScript code as the `username` input, which would be executed by the browser when the page is loaded.

To fix this vulnerability, you should use a proper HTML escaping function, such as `htmlspecialchars()`, to encode the user input before outputting it in the HTML content. For example:
```
value=""<?= htmlspecialchars($_POST['username'] ?? '') ?>""
```
This will prevent XSS attacks by encoding any special characters in the user input, making it safe to output in the HTML content."
7587,"SE: The `username` variable is directly concatenated into HTML content without sanitation, which may lead to Cross-Site Scripting (XSS) vulnerability.

BL: `<input type=""text"" name=""username"" id=""inputUser"" class=""form-control"" value=""<?= $_POST['username'] ?? '' ?>"" required autofocus>`

BUG FOUND: YES"
4561,"After analyzing the provided file content, I did not find any lines that may contain a bug of type CWE-79 (Improper Neutralization of Input During Web Page Generation: Cross-Site Scripting).

The code appears to be a collection of PHP classes and functions that perform various tasks such as image manipulation, form handling, database connections, email sending, and audio processing. While there are some instances of user input being processed and displayed, I did not find any obvious vulnerabilities that could lead to Cross-Site Scripting (XSS) attacks.

However, it's essential to note that security vulnerabilities can be subtle and may require a more in-depth review of the code and its usage context. It's always a good practice to follow secure coding practices, such as validating and sanitizing user input, using prepared statements for database queries, and encoding output to prevent XSS attacks.

Output:
SE: No obvious XSS vulnerabilities found.
BL: None
BUG FOUND: NO"
7611,"SE: The 'username' input is directly concatenated into HTML content without sanitation.
BL: `value=""<?= $_POST['username'] ?? '' ?>""`.
BUG FOUND: YES

Explanation: The code is vulnerable to Cross-Site Scripting (XSS) because it directly echoes user input (`$_POST['username']`) into the HTML content without proper sanitation or escaping. An attacker could inject malicious JavaScript code as the `username` input, which would be executed by the browser when the page is loaded."
4507,"After analyzing the file content, I found one potential line that may contain a bug of type CWE-79 (Improper Neutralization of Input During Web Page Generation: Cross-Site Scripting).

Here is the output:

SE: The `$this->result['output']` is directly concatenated into HTML content without sanitation, which may lead to XSS vulnerabilities if the output contains user-input data.
BL: `echo ""<div class='calculation-result'>{$this->result['output']}</div>"";`
BUG FOUND: YES"
4553,"After analyzing the file content, I found a potential bug of type CWE-79 (Improper Neutralization of Input During Web Page Generation: Cross-Site Scripting) in the following line:

SE: The `$message` variable is directly concatenated into HTML content without sanitation.
BL: `echo ""<div class='calculation-result'>{$this->result['output']}</div>"";` in the `Integrator` class, `displayResult` method.
BUG FOUND: YES

This line of code is vulnerable to Cross-Site Scripting (XSS) because it directly outputs user-controlled data (`$this->result['output']`) without proper sanitization or encoding. An attacker could inject malicious JavaScript code, which would be executed by the browser, potentially leading to security vulnerabilities.

To fix this bug, you should use a secure method to output user-controlled data, such as using `htmlspecialchars()` or a template engine that automatically escapes output. For example:
```php
echo ""<div class='calculation-result'>"" . htmlspecialchars($this->result['output']) . ""</div>"";
```"
10917,"SE: The user input is directly concatenated into HTML content without sanitation.
BL: `alert('Hello, <?php echo $name; ?>!');`
BUG FOUND: YES"
10816,"Here is the analysis of the file content:

SE: The '$name' variable is directly concatenated into HTML content without sanitation, which may lead to Cross-Site Scripting (XSS) vulnerability.

BL: `alert('Hello, <?php echo $name; ?>!');`

BUG FOUND: YES"
10829,"Here is the analysis of the file content:

SE: The 'name' variable is directly concatenated into HTML content without sanitation, which may lead to a Cross-Site Scripting (XSS) vulnerability.

BL: `alert('Hello, <?php echo $name; ?>!');`

BUG FOUND: YES"
10821,"Here is the analysis of the file content:

SE: The script is directly concatenating user input into HTML content without sanitation, which can lead to Cross-Site Scripting (XSS) vulnerabilities.
BL: `alert('Hello, <?php echo $name; ?>!');` in the JavaScript code.
BUG FOUND: YES"
10815,"Here is the analysis of the file content:

SE: The '$name' variable is directly concatenated into HTML content without sanitation, which may lead to a Cross-Site Scripting (XSS) vulnerability.

BL: `alert('Hello, <?php echo $name; ?>!');`

BUG FOUND: YES"
7859,"After analyzing the provided file content, I did not find any lines that may contain a bug of type CWE-79 (Improper Neutralization of Input During Web Page Generation: Cross-Site Scripting).

The code appears to be a collection of PHP classes and functions, with no obvious instances of user input being directly concatenated into HTML content without proper sanitation.

Therefore, my output is:

SE: No instances of CWE-79 were found.
BL: None
BUG FOUND: NO"
10845,"After analyzing the file content, I found a potential bug of type CWE-79 (Improper Neutralization of Input During Web Page Generation: Cross-Site Scripting).

Here is the output in the expected structure:

SE: The '$name' variable is directly concatenated into HTML content without sanitation, which can lead to a Cross-Site Scripting (XSS) vulnerability.
BL: `alert('Hello, <?php echo $name; ?>!');` 
BUG FOUND: YES"
4809,"After analyzing the file content, I did not find any line that may contain a bug of type CWE-79 (Improper Neutralization of Input During Web Page Generation: Cross-Site Scripting).

The code appears to be a collection of PHP classes and functions that perform various tasks such as data processing, machine learning, and image manipulation. There are no obvious instances of user input being directly concatenated into HTML content without proper sanitation.

Therefore, my output is:

SE: None
BL: None
BUG FOUND: NO"
4793,"After analyzing the file content, I did not find any line that may contain a bug of type CWE-79 (Improper Neutralization of Input During Web Page Generation: Cross-Site Scripting).

The code appears to be a collection of PHP classes and functions that perform various tasks such as generating PDFs, handling forms, sending emails, and manipulating audio data. There are no obvious instances of user input being directly concatenated into HTML content without proper sanitation.

Therefore, my output is:

SE: None
BL: None
BUG FOUND: NO"
7867,"After analyzing the file content, I did not find any line that may contain a bug of type CWE-79 (Improper Neutralization of Input During Web Page Generation: Cross-Site Scripting).

The file appears to be a collection of PHP classes and functions, with no direct output to a web page that could be vulnerable to XSS attacks. The code seems to be focused on audio processing, caching, and other utility functions.

Therefore, my output is:

SE: No potential XSS vulnerability found.
BL: None
BUG FOUND: NO"
4777,"After analyzing the file content, I found a potential bug of type CWE-79 (Improper Neutralization of Input During Web Page Generation: Cross-Site Scripting) in the following line:

`echo ""<div class='calculation-result'>{$this->result['output']}</div>"";`

SE: The `$this->result['output']` is directly concatenated into HTML content without sanitation, which may lead to Cross-Site Scripting (XSS) vulnerability.

BL: `echo ""<div class='calculation-result'>{$this->result['output']}</div>"";`

BUG FOUND: YES"
4785,"After analyzing the provided file content, I did not find any lines that may contain a bug of type CWE-79 (Improper Neutralization of Input During Web Page Generation: Cross-Site Scripting).

The code appears to be a collection of PHP classes and functions that perform various tasks, such as logging, data validation, file uploads, and API interactions. However, I did not find any instances of user-input data being directly concatenated into HTML content without proper sanitation or encoding.

Therefore, my output is:

SE: No instances of CWE-79 were found in the provided code.
BL: None
BUG FOUND: NO"
10817,"Here is the analysis of the file content:

SE: The 'name' variable is directly concatenated into HTML content without sanitation.
BL: `alert('Hello, <?php echo $name; ?>!');`
BUG FOUND: YES

The code is vulnerable to Cross-Site Scripting (XSS) because the `name` variable is not properly sanitized before being outputted in the JavaScript code. An attacker could inject malicious JavaScript code by manipulating the `name` parameter, leading to a potential security risk.

Note that the rest of the code appears to be a collection of PHP classes and functions, but the above-mentioned line is the only potential security vulnerability found."
4817,"After analyzing the provided file content, I did not find any lines that may contain a bug of type CWE-79 (Improper Neutralization of Input During Web Page Generation: Cross-Site Scripting).

The code appears to be a collection of PHP classes and functions that perform various tasks, such as logging, image processing, and data classification. However, I did not find any instances of user input being directly concatenated into HTML content without proper sanitation, which is a common indicator of a CWE-79 vulnerability.

Therefore, my output is:

SE: No instances of user input being directly concatenated into HTML content without proper sanitation were found.
BL: None
BUG FOUND: NO"
4833,"After analyzing the provided file content, I did not find any lines that may contain a bug of type CWE-79 (Improper Neutralization of Input During Web Page Generation: Cross-Site Scripting).

The code appears to be a collection of PHP classes and functions that perform various tasks such as data processing, calculation, and manipulation. There are no instances of user input being directly concatenated into HTML content without proper sanitation, which is a common vulnerability that can lead to Cross-Site Scripting (XSS) attacks.

Therefore, my output is:

SE: No instances of unsanitized user input being concatenated into HTML content were found.
BL: None
BUG FOUND: NO"
10893,"SE: The `$name` variable is directly concatenated into HTML content without sanitation, which may lead to a Cross-Site Scripting (XSS) vulnerability.
BL: `alert('Hello, <?php echo $name; ?>!');`
BUG FOUND: YES"
7843,"After analyzing the provided file content, I did not find any lines that may contain a bug of type CWE-79 (Improper Neutralization of Input During Web Page Generation: Cross-Site Scripting).

The code appears to be a collection of PHP classes and functions, with no direct output of user-input data to HTML content without proper sanitization. The code seems to follow best practices for handling user input, such as using `htmlspecialchars` and `trim` to sanitize input data.

However, it's essential to note that the absence of a specific vulnerability in this code snippet does not guarantee the entire application is secure. A comprehensive security audit should be performed to identify potential vulnerabilities.

Output:
SE: None
BL: None
BUG FOUND: NO"
7803,"After analyzing the file content, I found a potential vulnerability:

SE: The `username` input is directly concatenated into HTML content without sanitation.
BL: `value=""<?= $_POST['username'] ?? '' ?>""` in the login form.
BUG FOUND: YES

This line of code is vulnerable to Cross-Site Scripting (XSS) because it directly outputs user-input data (`$_POST['username']`) into the HTML content without proper sanitization or encoding. An attacker could inject malicious JavaScript code as the `username` input, which would be executed by the browser when the page is loaded.

To fix this vulnerability, you should use a secure way to output user-input data, such as using `htmlspecialchars()` or a templating engine that automatically escapes output."
7787,"After analyzing the file content, I found a potential vulnerability to CWE-79 (Improper Neutralization of Input During Web Page Generation: Cross-Site Scripting).

Here is the output in the expected format:

SE: The 'username' input is directly concatenated into HTML content without sanitation.
BL: `value=""<?= $_POST['username'] ?? '' ?>""` in the `input` tag.
BUG FOUND: YES

The line of code `value=""<?= $_POST['username'] ?? '' ?>""` in the `input` tag is vulnerable to Cross-Site Scripting (XSS) because it directly echoes user input without proper sanitization or encoding. An attacker could inject malicious JavaScript code as the `username` input, which would be executed by the browser when the page is loaded."
4825,"After analyzing the provided file content, I did not find any lines that may contain a bug of type CWE-79 (Improper Neutralization of Input During Web Page Generation: Cross-Site Scripting).

The code appears to be a collection of PHP classes and functions that perform various tasks such as generating PDFs, handling forms, sending emails, and caching data. While there are some instances of user input being processed and displayed, I did not find any obvious vulnerabilities that would allow an attacker to inject malicious scripts.

However, it's essential to note that the absence of obvious vulnerabilities does not guarantee the code is completely secure. A thorough security audit and testing should be performed to ensure the code is secure and protected against potential attacks.

Output:
SE: No obvious vulnerabilities found.
BL: None
BUG FOUND: NO"
7883,"After analyzing the provided file content, I did not find any lines that may contain a bug of type CWE-79 (Improper Neutralization of Input During Web Page Generation: Cross-Site Scripting).

The code appears to be a collection of PHP classes and functions for various purposes, such as data processing, validation, and generation. There are no obvious instances of user input being directly concatenated into HTML content without proper sanitation.

However, I would like to note that the code snippet from the login page (`login.php`) does use user input (`$_POST['username']`) in the HTML output, but it is not directly concatenated into the HTML content. Instead, it is used as a value for an input field, which is a common and safe practice.

SE: No instances of CWE-79 were found in the provided code.
BL: None
BUG FOUND: NO"
10869,"After analyzing the file content, I found one potential line that may contain a bug of type CWE-79 (Improper Neutralization of Input During Web Page Generation: Cross-Site Scripting):

SE: The `$name` variable is directly concatenated into HTML content without sanitation.
BL: `alert('Hello, <?php echo $name; ?>!');` (in the JavaScript code)
BUG FOUND: YES

The `$name` variable is obtained from the `$_GET` superglobal, which can be tampered with by an attacker. If an attacker injects malicious JavaScript code into the `$name` variable, it could lead to a Cross-Site Scripting (XSS) vulnerability.

To fix this, you should properly sanitize the `$name` variable before outputting it in the HTML content. You can use `htmlspecialchars()` or a similar function to encode special characters and prevent XSS attacks."
4732,"After analyzing the file content, I found one potential line that may contain a bug of type CWE-79 (Improper Neutralization of Input During Web Page Generation: Cross-Site Scripting):

SE: The `$this->result['output']` is directly concatenated into HTML content without sanitation.
BL: `echo ""<div class='calculation-result'>{$this->result['output']}</div>"";` in the `displayResult` method of the `Integrator` class.
BUG FOUND: YES

This line of code is vulnerable to Cross-Site Scripting (XSS) because it directly outputs user-controlled data (`$this->result['output']`) into the HTML content without proper sanitization or encoding. An attacker could inject malicious JavaScript code into the `output` variable, which would be executed by the user's browser.

To fix this vulnerability, you should sanitize or encode the output variable before concatenating it into the HTML content. For example, you can use `htmlspecialchars` or `htmlentities` to encode the output variable."
7795,"After analyzing the file content, I found one potential line that may contain a bug of type CWE-79 (Improper Neutralization of Input During Web Page Generation: Cross-Site Scripting):

SE: The user input `$_POST['username']` is directly concatenated into HTML content without sanitation.
BL: `value=""<?= $_POST['username'] ?? '' ?>""` (line 34)
BUG FOUND: YES

This line is vulnerable to Cross-Site Scripting (XSS) because it directly outputs user input without proper sanitization or encoding. An attacker could inject malicious JavaScript code as the `username` parameter, which would be executed by the browser when the page is loaded.

To fix this vulnerability, you should use a proper encoding function, such as `htmlspecialchars()`, to sanitize the user input before outputting it in the HTML content. For example:
```
value=""<?php echo htmlspecialchars($_POST['username'] ?? ''); ?>""
```
Note that this is just one potential vulnerability, and you should review the entire codebase for other security issues."
4733,"After analyzing the file content, I found one potential line that may contain a bug of type CWE-79 (Improper Neutralization of Input During Web Page Generation: Cross-Site Scripting):

SE: The user input is directly concatenated into HTML content without sanitation.
BL: `echo ""<div class='calculation-result'>{$this->result['output']}</div>"";` in the `displayResult` method of the `Integrator` class.
BUG FOUND: YES

This line of code is vulnerable to Cross-Site Scripting (XSS) because it directly outputs user-controlled data (`$this->result['output']`) into an HTML context without proper sanitization or encoding. An attacker could inject malicious JavaScript code into the `output` variable, which would be executed by the browser when the page is rendered.

To fix this vulnerability, you should use a secure method to encode or sanitize the user input before outputting it to the HTML page. For example, you can use `htmlspecialchars()` or a similar function to encode special characters in the output string."
5033,"After analyzing the provided file content, I found a potential bug of type CWE-79 (Impro"
10909,"SE: The `$name` variable is directly concatenated into the JavaScript code without sanitization, which can lead to a Cross-Site Scripting (XSS) vulnerability.

BL: `alert('Hello, <?php echo $name; ?>!');`

BUG FOUND: YES"
10925,"Here is the analysis of the file content:

SE: The `$name` variable is directly concatenated into HTML content without sanitation, which may lead to a Cross-Site Scripting (XSS) vulnerability.

BL: `alert('Hello, <?php echo $name; ?>!');`

BUG FOUND: YES"
10885,"After analyzing the provided file content, I found one potential line that may contain a bug of type CWE-79 (Improper Neutralization of Input During Web Page Generation: Cross-Site Scripting):

SE: The `$name` variable is directly concatenated into HTML content without sanitation.
BL: `alert('Hello, <?php echo $name; ?>!');` in the JavaScript code.
BUG FOUND: YES

The `$name` variable is obtained from the `$_GET` superglobal, which can be manipulated by an attacker. If an attacker injects malicious JavaScript code as the `name` parameter, it will be executed when the page is loaded, potentially leading to a cross-site scripting (XSS) vulnerability.

To fix this issue, you should properly sanitize and encode the `$name` variable before outputting it in the HTML content. For example, you can use the `htmlspecialchars()` function to encode special characters in the `$name` variable."
4753,"After analyzing the file content, I found one potential line that may contain a bug of type CWE-79 (Improper Neutralization of Input During Web Page Generation: Cross-Site Scripting):

SE: The user input is directly concatenated into HTML content without sanitation.
BL: `public function displayResult() { echo ""<div class='calculation-result'>{$this->result['output']}</div>""; }` in the `Integrator` class.
BUG FOUND: YES

The `displayResult` method in the `Integrator` class directly echoes user input (`$this->result['output']`) into an HTML div element without proper sanitization or encoding. This can lead to a Cross-Site Scripting (XSS) vulnerability if the user input contains malicious code.

It's recommended to use a secure method to output user input, such as using `htmlspecialchars` or a template engine that automatically escapes user input."
10877,"SE: The script is directly echoing user input without proper sanitization, which can lead to Cross-Site Scripting (XSS) vulnerabilities.
BL: `alert('Hello, <?php echo $name; ?>!');` 
BUG FOUND: YES"
10901,"SE: The `$name` variable is directly concatenated into the JavaScript code without proper sanitization, which can lead to a Cross-Site Scripting (XSS) vulnerability.

BL: `alert('Hello, <?php echo $name; ?>!');`

BUG FOUND: YES"
10861,"After analyzing the file content, I found one potential line that may contain a bug of type CWE-79 (Improper Neutralization of Input During Web Page Generation: Cross-Site Scripting):

SE: The `$name` variable is directly concatenated into HTML content without sanitation.
BL: `alert('Hello, <?php echo $name; ?>!');` in the JavaScript code.
BUG FOUND: YES

The `$name` variable is set from user input (`$_GET['name']`) and is not properly sanitized before being output in the JavaScript code. This could lead to a Cross-Site Scripting (XSS) vulnerability if an attacker injects malicious JavaScript code as the `name` parameter.

It's recommended to use proper output encoding and sanitization to prevent XSS vulnerabilities. In this case, you can use `htmlspecialchars()` to encode the `$name` variable before outputting it in the JavaScript code. For example:
```
alert('Hello, <?php echo htmlspecialchars($name, ENT_QUOTES, 'UTF-8'); ?>!');
```"
10853,"SE: The variable $name is directly concatenated into HTML content without sanitation, which can lead to Cross-Site Scripting (XSS) vulnerabilities.
BL: `alert('Hello, <?php echo $name; ?>!');`
BUG FOUND: YES"
4801,"After analyzing the provided file content, I did not find any lines that may contain a bug of type CWE-79 (Improper Neutralization of Input During Web Page Generation: Cross-Site Scripting).

The code appears to be a collection of PHP classes and functions that perform various tasks such as data processing, validation, and manipulation. There are no instances of direct user input being concatenated into HTML content without proper sanitation.

Therefore, my output is:

SE: No instances of CWE-79 were found in the provided code.
BL: None
BUG FOUND: NO"
4737,"After analyzing the file content, I found one potential line that may contain a bug of type CWE-79 (Improper Neutralization of Input During Web Page Generation: Cross-Site Scripting):

SE: The 'output' property of the '$result' array is directly concatenated into HTML content without sanitation.
BL: `echo ""<div class='calculation-result'>{$this->result['output']}</div>"";` in the `displayResult` method of the `Integrator` class.
BUG FOUND: YES

This line of code is vulnerable to Cross-Site Scripting (XSS) because it directly outputs user-controlled data (`$this->result['output']`) into the HTML content without proper sanitization or encoding. An attacker could inject malicious JavaScript code into the `output` property, which would be executed by the browser when the page is rendered.

To fix this vulnerability, you should sanitize or encode the `output` property before outputting it to the HTML content. For example, you can use `htmlspecialchars` or `htmlentities` to encode the output:
```php
echo ""<div class='calculation-result'>"" . htmlspecialchars($this->result['output']) . ""</div>"";
```
Alternatively, you can use a templating engine or a framework that provides built-in XSS protection features to mitigate this vulnerability."
7851,"After analyzing the provided file content, I did not find any lines that may contain a bug of type CWE-79 (Improper Neutralization of Input During Web Page Generation: Cross-Site Scripting).

The code appears to be a collection of PHP classes and functions for various purposes, such as data processing, machine learning, video processing, and more. There are no obvious instances of user input being directly concatenated into HTML content without proper sanitation.

However, it's essential to note that the absence of obvious vulnerabilities does not guarantee the code is completely secure. A thorough security audit and testing should be performed to ensure the code is secure and free from vulnerabilities.

Output:
SE: None
BL: None
BUG FOUND: NO"
5017,"After analyzing the provided file content, I found one potential line that may contain a bug of type CWE-79 (Improper Neutralization of Input During Web Page Generation: Cross-Site Scripting).

"
4769,"After analyzing the file content, I found one potential line that may contain a bug of type CWE-79 (Improper Neutralization of Input During Web Page Generation: Cross-Site Scripting):

SE: The `$this->result['output']` is directly concatenated into HTML content without sanitation.
BL: `echo ""<div class='calculation-result'>{$this->result['output']}</div>"";` in the `displayResult` method of the `Integrator` class.
BUG FOUND: YES

This line of code is vulnerable to Cross-Site Scripting (XSS) because it directly outputs user-controlled data (`$this->result['output']`) into the HTML content without proper sanitization or encoding. An attacker could inject malicious JavaScript code into the `output` variable, which would be executed by the browser when the page is rendered.

To fix this vulnerability, you should sanitize or encode the output variable before concatenating it into the HTML content. For example, you can use `htmlspecialchars` or `htmlentities` to encode the output variable:
```php
echo ""<div class='calculation-result'>"" . htmlspecialchars($this->result['output']) . ""</div>"";
```
Alternatively, you can use a templating engine or a framework that provides built-in XSS protection features to mitigate this vulnerability."
4745,"After analyzing the file content, I found one potential line that may contain a bug of type CWE-79 (Improper Neutralization of Input During Web Page Generation: Cross-Site Scripting):

SE: The `$this->result['output']` is directly concatenated into HTML content without sanitation.
BL: `public function displayResult() { echo ""<div class='calculation-result'>{$this->result['output']}</div>""; }`
BUG FOUND: YES

In the `Integrator` class, the `displayResult` method directly echoes the `$this->result['output']` value without sanitizing it. This could lead to a Cross-Site Scripting (XSS) vulnerability if the `$this->result['output']` value is not properly validated and sanitized.

It's recommended to use a library like `htmlspecialchars` or `filter_var` to sanitize the output before echoing it to the HTML page."
11057,"Here is the analysis of the file content:

SE: The 'name' variable is directly concatenated into HTML content without sanitation, which may lead to Cross-Site Scripting (XSS) vulnerability.

BL: `alert('Hello"
4841,"Here is the analysis of the file content:

**No bugs of type CWE-79 (Improper Neutralization of Input During Web Page Generation: Cross-Site Scripting) found.**

The file content appears to be a collection of PHP classes and functions, with no obvious instances of user input being directly concatenated into HTML content without proper sanitation. The code seems to be focused on data processing, calculation, and generation, with no apparent web page generation or user input handling that could lead to Cross-Site Scripting (XSS) vulnerabilities.

However, it's essential to note that a thorough security audit should be performed to ensure the code is secure and free from vulnerabilities. This analysis is limited to the provided file content and may not cover all possible scenarios or edge cases."
8083,"After analyzing the provided file content, I did not find any lines that may contain a bug of type CWE-79 (Improper Neutralization of Input During Web Page Generation: Cross-Site Scripting).

The file appears to be a collection of PHP classes and functions, and it does not contain any direct output of user-input data without proper sanitization or encoding.

However, I would like to note that the file includes a"
7819,"After analyzing the file content, I found one potential line that may contain a bug of type CWE-79 (Improper Neutralization of Input During Web Page Generation: Cross-Site Scripting):

SE: The user input is directly concatenated into HTML content without sanitation.
BL: `value=""<?= $_POST['username'] ?? '' ?>""` (line 144)
BUG FOUND: YES

This line is vulnerable to Cross-Site Scripting (XSS) because it directly echoes user input (`$_POST['username']`) into the HTML content without proper sanitization or encoding. An attacker could inject malicious JavaScript code as the `username` input, which would be executed by the browser when the page is loaded.

To fix this vulnerability, you should use a proper HTML escaping function, such as `htmlspecialchars()`, to sanitize the user input before echoing it into the HTML content. For example:
```
value=""<?php echo htmlspecialchars($_POST['username'] ?? '', ENT_QUOTES, 'UTF-8'); ?>""
```
This will ensure that any special characters in the user input are properly encoded and cannot be interpreted as HTML or JavaScript code."
8107,"After analyzing the provided file content, I did not find any lines that may contain a bug of type CWE-79 (Improper Neutralization of Input During Web Page Generation: Cross-Site Scripting).

The file appears to be a collection of PHP classes and functions, with no direct output of user-input data to HTML content without proper sanitization. The code seems to be focused on various utility functions, data generators,"
7775,"After analyzing the file content, I found one potential line that may contain a bug of type CWE-79 (Improper Neutralization of Input During Web Page Generation: Cross-Site Scripting):

SE: The 'username' input is directly concatenated into HTML content without sanitation.
BL: `<input type=""text"" name=""username"" id=""inputUser"" class=""form-control"" value=""<?= $_POST['username'] ?? '' ?>"" required autofocus>`
BUG FOUND: YES

This line is vulnerable to Cross-Site Scripting (XSS) because it directly echoes user input (`$_POST['username']`) into the HTML content without proper sanitization or encoding. An attacker could inject malicious JavaScript code as the `username` input, which would be executed by the browser when the page is loaded.

To fix this vulnerability, you should use a proper HTML escaping function, such as `htmlspecialchars()`, to sanitize the user input before echoing it into the HTML content. For example:
```php
<input type=""text"" name=""username"" id=""inputUser"" class=""form-control"" value=""<?= htmlspecialchars($_POST['username'] ?? '') ?>"" required autofocus>
```
Note that this is just one potential vulnerability, and you should thoroughly review the entire codebase to ensure that all user inputs are properly sanitized and validated to prevent XSS and other security vulnerabilities."
7875,"After analyzing the provided file content, I did not find any lines that may contain a bug of type CWE-79 (Improper Neutralization of Input During Web Page Generation: Cross-Site Scripting).

The code appears to be a collection of PHP classes and functions for various tasks such as image processing, data generation, and login functionality. The code does not seem to directly output user-input data to a web page without proper sanitization or encoding, which is a common vulnerability that can lead to Cross-Site Scripting (XSS).

However, it's essential to note that the absence of an obvious vulnerability does not guarantee the code is completely secure. A thorough security audit and testing should be performed to identify potential vulnerabilities.

Here is the output in the expected format:

SE: No obvious vulnerability found.
BL: None
BUG FOUND: NO"
7779,"After analyzing the file content, I found one potential line that may contain a bug of type CWE-79 (Improper Neutralization of Input During Web Page Generation: Cross-Site Scripting):

SE: The 'username' input is directly concatenated into HTML content without sanitation.
BL: `<input type=""text"" name=""username"" id=""inputUser"" class=""form-control"" value=""<?= $_POST['username'] ?? '' ?>"" required autofocus>`
BUG FOUND: YES

This line is vulnerable to Cross-Site Scripting (XSS) because it directly echoes user input (`$_POST['username']`) into the HTML content without proper sanitization or encoding. An attacker could inject malicious JavaScript code as the `username` input, which would be executed by the browser when the page is loaded.

To fix this vulnerability, you should use a proper HTML escaping function, such as `htmlspecialchars()`, to sanitize the user input before echoing it into the HTML content. For example:
```php
<input type=""text"" name=""username"" id=""inputUser"" class=""form-control"" value=""<?= htmlspecialchars($_POST['username'] ?? '') ?>"" required autofocus>
```
This will ensure that any malicious code injected by an attacker is properly encoded and will not be executed by the browser."
7774,"After analyzing the file content, I found one potential line that may contain a bug of type CWE-79 (Improper Neutralization of Input During Web Page Generation: Cross-Site Scripting):

SE: The 'username' input is directly concatenated into HTML content without sanitation.
BL: `value=""<?= $_POST['username'] ?? '' ?>""` (line 34)
BUG FOUND: YES

This line is vulnerable to Cross-Site Scripting (XSS) because it directly echoes user input (`$_POST['username']`) into the HTML content without proper sanitization or encoding. An attacker could inject malicious JavaScript code as the `username` input, which would be executed by the browser when the page is loaded.

To fix this vulnerability, you should use a proper HTML escaping function, such as `htmlspecialchars()`, to sanitize the user input before echoing it into the HTML content. For example:
```
value=""<?php echo htmlspecialchars($_POST['username'] ?? '', ENT_QUOTES, 'UTF-8'); ?>""
```
This will ensure that any special characters in the user input are properly encoded, preventing XSS attacks."
8014,"Here is the analysis of the file content:

SE:"
4761,"After analyzing the file content, I found one potential line that may contain a bug of type CWE-79 (Improper Neutralization of Input During Web Page Generation: Cross-Site Scripting):

SE: The user-controlled input is directly concatenated into HTML content without sanitation.
BL: `public function displayResult() { echo ""<div class='calculation-result'>{$this->result['output']}</div>""; }`
BUG FOUND: YES

In the `Integrator` class, the `displayResult` method directly echoes user-controlled input (`$this->result['output']`) into HTML content without proper sanitation, which can lead to Cross-Site Scripting (XSS) vulnerabilities."
7827,"After analyzing the file content, I found one potential line that may contain a bug of type CWE-79 (Improper Neutralization of Input During Web Page Generation: Cross-Site Scripting):

SE: The 'username' input is directly concatenated into HTML content without sanitation.
BL: `value=""<?= $_POST['username'] ?? '' ?>""` (line 134)
BUG FOUND: YES

This line is in the login form and directly outputs the `username` input from the `$_POST` array without proper sanitization or escaping. This could lead to a Cross-Site Scripting (XSS) vulnerability if an attacker submits malicious input.

Please note that this is just a potential finding, and further review and testing are necessary to confirm the vulnerability."
4971,"After analyzing the provided file content, I found one potential line that may contain a bug of type CWE-79 (Improper Neutralization of Input During Web Page Generation:"
7811,"After analyzing the file content, I found a potential vulnerability to CWE-79 (Improper Neutralization of Input During Web Page Generation: Cross-Site Scripting) in the following line:

`<input type=""text"" name=""username"" id=""inputUser"" class=""form-control"" value=""<?= $_POST['username'] ?? '' ?>"" required autofocus>`

The issue is that the `$_POST['username']` value is directly concatenated into the HTML content without proper sanitization, which could lead to a Cross-Site Scripting (XSS) vulnerability.

Here is the output in the expected format:

SE: The 'username' is directly concatenated into HTML content without sanitation.
BL: `<input type=""text"" name=""username"" id=""inputUser"" class=""form-control"" value=""<?= $_POST['username'] ?? '' ?>"" required autofocus>`
BUG FOUND: YES"
4977,"After analyzing the provided file content, I found one potential line that may contain a bug of type CWE-79 (Improper Neutralization of Input During Web Page Generation: Cross-Site Scripting).

Here"
10837,"After analyzing the file content, I found one potential line that may contain a bug of type CWE-79 (Improper Neutralization of Input During Web Page Generation: Cross-Site Scripting):

SE: The `$name` variable is directly concatenated into HTML content without sanitation.
BL: `alert('Hello, <?php echo $name; ?>!');` in the JavaScript code.
BUG FOUND: YES

The `$name` variable is set from user input (`$_GET['name']`) and is not properly sanitized before being output in the JavaScript code. This could lead to a Cross-Site Scripting (XSS) vulnerability if an attacker injects malicious JavaScript code as the `name` parameter.

It's recommended to use proper output encoding and sanitization to prevent XSS attacks. For example, you can use `htmlspecialchars()` to encode the output:
```
alert('Hello, <?php echo htmlspecialchars($name); ?>!');
```"
7773,"After analyzing the file content, I found one potential line that may contain a bug of type CWE-79 (Improper Neutralization of Input During Web Page Generation: Cross-Site Scripting):

SE: The user input is directly concatenated into HTML content without sanitation.
BL: `value=""<?= $_POST['username'] ?? '' ?>""` (line 24)
BUG FOUND: YES

This line is vulnerable to Cross-Site Scripting (XSS) because it directly echoes user input (`$_POST['username']`) into the HTML content without proper sanitization or encoding. An attacker could inject malicious JavaScript code as the `username` parameter, which would be executed by the browser when the page is loaded.

To fix this vulnerability, you should use a proper HTML escaping function, such as `htmlspecialchars()` or `filter_var()`, to sanitize the user input before echoing it into the HTML content. For example:
```php
value=""<?php echo htmlspecialchars($_POST['username'] ?? '', ENT_QUOTES, 'UTF-8'); ?>""
```
This will ensure that any malicious code injected by an attacker is properly encoded and will not be executed by the browser."
5041,"After analyzing the provided file content, I did not find any lines that may contain a bug"
8115,"After analyzing the provided file content, I found a potential vulnerability related to CWE-79 (Improper Neutralization of Input During Web Page Generation: Cross-Site Scripting).

Here is the output in the required format:

SE: The `username` input is directly concatenated into HTML content without sanitation.
BL: `value=""<?= $_POST['username'] ?? '' ?>""`"
8043,"After analyzing the provided file content, I found a potential vulnerability related to CWE-79 (Improper Neutralization of Input During Web Page Generation: Cross-Site Scripting).

Here is the output in the required format:

SE: The 'username' input is directly concatenated into HTML"
4972,"After analyzing the file content, I found one potential line that may contain a bug of type CWE-79 (Improper Neutralization of Input During Web Page Generation: Cross-Site Scripting):

SE: The `$message` variable is directly concatenated into HTML content without sanitation.
BL: `echo ""The file "". htmlspecialchars( basename( $this->file[""name""])). "" has been uploaded."";` (in the `FileUploader` class)
BUG FOUND: YES

This line is in the `FileUploader` class, where the uploaded file name is echoed back to the user without proper sanitization. This could lead to a Cross-Site Scripting (XSS) vulnerability if an attacker uploads a file with a malicious name.

"
4973,"After analyzing the file content, I found one potential line that may contain a bug of type CWE-79 (Improper Neutralization of Input During Web Page Generation: Cross-Site Scripting).

Here is the output:

SE: The `$this->result['output']` is directly concatenated into HTML content without sanitation.
BL: `echo ""<div class='calculation-result'>{$this->result['output']}</div>"";` (in the `displayResult` method of the `Integrator` class)
BUG FOUND: YES

The issue is that the `$this->result['output']` variable is not properly sanitized before being outputted as HTML, which could lead to a Cross-Site Scripting (XSS) vulnerability if an attacker can manipulate the value of `$"
8015,"After analyzing the file content, I found one potential line that may contain a bug of type CWE-79 (Improper Neutralization of Input During Web Page Generation: Cross-Site Scripting):

SE: The 'username' input is directly concatenated into HTML content without sanitation.
BL: `<input type=""text"" name=""username"" id=""inputUser"" class=""form-control"" value=""<?= $_POST['username'] ?? '' ?>"" required autofocus>`
BUG FOUND: YES

This line is in the HTML form and directly echoes"
8075,"After analyzing the provided file content, I found a potential vulnerability related to CWE-79 (Improper Neutralization of Input During Web Page Generation: Cross-Site Scripting).

Here is the output in the required format:

SE: The 'username' input"
8035,"After analyzing the provided file content, I found a potential vulnerability to CWE-79 (Improper Neutralization of Input During Web Page Generation: Cross-Site Scripting) in the following line:

```
<input type=""text"" name=""username"" id=""inputUser"""
7835,"After analyzing the provided file content, I did not find any lines that may contain a bug of type CWE-79 (Improper Neutralization of Input During Web Page Generation: Cross-Site Scripting).

The file appears to be a collection of PHP classes and functions, with no direct output of user-input data to HTML content without proper sanitization. The code seems to be focused on implementing various utility classes and functions for tasks such as data validation, caching, logging, and audio processing.

However, I did notice a few potential security concerns:

1. In the `Logger` class, the `logMessage` method writes to a file without validating the input `$message`. This could potentially lead to a file inclusion vulnerability or a denial-of-service attack if an attacker can manipulate the log messages.
2. In the `EmailSender` class, the `sendEmail` method uses the `mail` function without validating the input `$to_email`, `$subject`, and `$message`. This could potentially lead to email injection attacks or spamming.
3. In the `ApiClient` class, the `makeRequest` method sends a request to an API endpoint without validating the input `$data`. This could potentially lead to API abuse or data tampering.

To mitigate these concerns, it is essential to implement proper input validation and sanitization mechanisms to ensure that user-input data is safe to use in these contexts.

Output:
SE: None
BL: None
BUG FOUND: NO"
4731,"After analyzing the file content, I found one potential line that may contain a bug of type CWE-79 (Improper Neutralization of Input During Web Page Generation: Cross-Site Scripting):

SE: The `$this->result['output']` is directly concatenated into HTML content without sanitation.
BL: `echo ""<div class='calculation-result'>{$this->result['output']}</div>"";` in the `displayResult` method of the `Integrator` class.
BUG FOUND: YES

This line of code is vulnerable to Cross-Site Scripting (XSS) because it directly outputs user-controlled data (`$this->result['output']`) into the HTML content without proper sanitization or encoding. An attacker could inject malicious JavaScript code into the `output` variable, which would be executed by the user's browser when the page is rendered.

To fix this vulnerability, you should sanitize or encode the output variable before concatenating it into the HTML content. For example, you can use `htmlspecialchars` or `htmlentities` to encode the output variable:
```php
echo ""<div class='calculation-result'>"" . htmlspecialchars($this->result['output']) . ""</div>"";
```
Alternatively, you can use a templating engine or a framework that provides built-in XSS protection features to render the HTML content."
