file_id,model_output
485,"Here is the analysis:

SE: The `$input` parameter is directly concatenated into the SQL query without sanitation, making it vulnerable to SQL injection attacks.
BL: `$query = $this->pdo->query(""SELECT * FROM payments WHERE transaction_id LIKE '{$identifier}%'"");`
BUG FOUND: YES"
1,"Here is the analysis of the file content:

SE: The '$user_id' is directly concatenated into the SQL query without sanitation, making it vulnerable to SQL injection attacks.
BL: `$sql = ""SELECT * FROM users WHERE id = '$user_id'"";`
BUG FOUND: YES"
490,"Here is the analysis:

SE: The `$identifier` variable, which is derived from user input, is directly concatenated into an SQL query without proper sanitization or escaping, making it vulnerable to SQL injection attacks.

BL: `$query = $this->pdo->query(""SELECT * FROM payments WHERE transaction_id LIKE '{$identifier}%'"");`

BUG FOUND: YES"
247,"Here is the analysis:

SE: The `$userDTO->id` is directly concatenated into the SQL query without sanitation, making it vulnerable to SQL injection attacks.

BL: `$sql = ""SELECT * FROM users WHERE id = '{$userDTO->id}'"";`

BUG FOUND: YES"
5,"Here is the analysis:

SE: The '$user_id' is directly concatenated into the SQL query without sanitation, making it vulnerable to SQL injection attacks.
BL: `$sql = ""SELECT * FROM users WHERE id = '$user_id'"";`
BUG FOUND: YES"
6,"Here is the analysis:

SE: The user input from $_GET['user_id'] is directly concatenated into the SQL query without sanitation, making it vulnerable to SQL injection.
BL: `$sql = ""SELECT * FROM users WHERE id = '$user_id'"";`
BUG FOUND: YES"
243,"Here is the analysis of the file content:

SE: The user-provided input `$_GET['user_id']` is directly concatenated into the SQL query without proper sanitization or escaping, making it vulnerable to SQL injection attacks.

BL: `$sql = ""SELECT * FROM users WHERE id = '{$userDTO->id}'"";`

BUG FOUND: YES"
487,"Here is the analysis:

SE: The `$identifier` variable, which is derived from user input, is directly concatenated into an SQL query without proper sanitization or escaping, making it vulnerable to SQL injection attacks.

BL: `$query = $this->pdo->query(""SELECT * FROM payments WHERE transaction_id LIKE '{$identifier}%'"");`

BUG FOUND: YES"
491,"Here is the analysis of the file content:

SE: The `$input` parameter is directly concatenated into the SQL query without sanitation, making it vulnerable to SQL injection.
BL: `$query = $this->pdo->query(""SELECT * FROM payments WHERE transaction_id LIKE '{$identifier}%'"");`
BUG FOUND: YES"
0,"Here is the analysis of the file content:

SE: The user input from $_GET['user_id'] is directly concatenated into the SQL query without sanitation, making it vulnerable to SQL injection.

BL: `$sql = ""SELECT * FROM users WHERE id = '$user_id'"";`

BUG FOUND: YES"
7,"Here is the analysis:

SE: The '$user_id' is directly concatenated into the SQL query without sanitation, making it vulnerable to SQL injection attacks.

BL: `$sql = ""SELECT * FROM users WHERE id = '$user_id'"";`

BUG FOUND: YES"
244,"Here is the analysis of the file content:

SE: The user input from $_GET['user_id'] is directly concatenated into the SQL query without sanitation, making it vulnerable to SQL injection.

BL: `$sql = ""SELECT * FROM users WHERE id = '{$userDTO->id}'"";`

BUG FOUND: YES"
242,"Here is the analysis of the file content:

SE: The user-controlled input `$_GET['user_id']` is directly concatenated into the SQL query without proper sanitization or prepared statements.
BL: `$sql = ""SELECT * FROM users WHERE id = '{$userDTO->id}'"";`
BUG FOUND: YES"
484,"Here is the analysis of the file content:

SE: The `$identifier` variable, which is derived from user input, is directly concatenated into an SQL query without proper sanitization or prepared statements.

BL: `$query = $this->pdo->query(""SELECT * FROM payments WHERE transaction_id LIKE '{$identifier}%'"");`

BUG FOUND: YES"
488,"Here is the analysis of the file content:

SE: The '$identifier' is directly concatenated into the SQL query without sanitation, making it vulnerable to SQL injection attacks.
BL: `$query = $this->pdo->query(""SELECT * FROM payments WHERE transaction_id LIKE '{$identifier}%'"");`
BUG FOUND: YES"
14,"Here is the analysis of the file content:

SE: The '$user_id' is directly concatenated into the SQL query without sanitation, making it vulnerable to SQL injection attacks.
BL: `$sql = ""SELECT * FROM users WHERE id = '$user_id'"";`
BUG FOUND: YES"
486,"Here is the analysis of the file content:

SE: The `$identifier` variable, which is derived from user input, is directly concatenated into an SQL query without proper sanitization or escaping, making it vulnerable to SQL injection attacks.

BL: `$query = $this->pdo->query(""SELECT * FROM payments WHERE transaction_id LIKE '{$identifier}%'"");`

BUG FOUND: YES"
2,"Here is the analysis of the file content:

SE: The user input from $_GET['user_id'] is directly concatenated into the SQL query without sanitation, making it vulnerable to SQL injection attacks.

BL: `$sql = ""SELECT * FROM users WHERE id = '$user_id'"";`

BUG FOUND: YES"
3,"Here is the analysis of the file content:

SE: The user input '$user_id' is directly concatenated into the SQL query without sanitation, making it vulnerable to SQL injection attacks.

BL: `$sql = ""SELECT * FROM users WHERE id = '$user_id'"";`

BUG FOUND: YES"
246,"Here is the analysis of the file content:

SE: The user input ($_GET['user_id']) is directly concatenated into the SQL query without sanitation, making it vulnerable to SQL injection attacks.

BL: `$sql = ""SELECT * FROM users WHERE id = '{$userDTO->id}'"";`

BUG FOUND: YES"
4,"Here is the analysis of the file content:

SE: The user input from $_GET['user_id'] is directly concatenated into the SQL query without sanitation, making it vulnerable to SQL injection.
BL: `$sql = ""SELECT * FROM users WHERE id = '$user_id'"";`
BUG FOUND: YES"
245,"Here is the analysis of the file content:

SE: The user input ($_GET['user_id']) is directly concatenated into the SQL query without sanitation, making it vulnerable to SQL injection attacks.

BL: `$sql = ""SELECT * FROM users WHERE id = '{$userDTO->id}'"";`

BUG FOUND: YES"
494,"Here is the analysis of the file content:

SE: The '$identifier' is directly concatenated into the SQL query without sanitation, making it vulnerable to SQL injection attacks.

BL: `$query = $this->pdo->query(""SELECT * FROM payments WHERE transaction_id LIKE '{$identifier}%'"");`

BUG FOUND: YES"
256,"Here is the analysis of the file content:

SE: The `$userDTO->id` is directly concatenated into the SQL query without sanitation, making it vulnerable to SQL injection attacks.
BL: `$sql = ""SELECT * FROM users WHERE id = '{$userDTO->id}'"";`
BUG FOUND: YES"
498,"Here is the analysis of the file content:

SE: The `$identifier` is directly concatenated into the SQL query without sanitation, making it vulnerable to SQL injection attacks.
BL: `$query = $this->pdo->query(""SELECT * FROM payments WHERE transaction_id LIKE '{$identifier}%'"");`
BUG FOUND: YES"
252,"Here is the analysis of the file content:

SE: The '$userDTO->id' is directly concatenated into the SQL query without sanitation, making it vulnerable to SQL injection.
BL: `$sql = ""SELECT * FROM users WHERE id = '{$userDTO->id}'"";`
BUG FOUND: YES"
10,"Here is the analysis of the file content:

SE: The '$user_id' is directly concatenated into the SQL query without sanitation, making it vulnerable to SQL injection attacks.
BL: `$sql = ""SELECT * FROM users WHERE id = '$user_id'"";`
BUG FOUND: YES"
493,"Here is the analysis of the file content:

SE: The `$identifier` variable is directly concatenated into an SQL query without sanitation, making it vulnerable to SQL injection attacks.

BL: `$query = $this->pdo->query(""SELECT * FROM payments WHERE transaction_id LIKE '{$identifier}%'"");`

BUG FOUND: YES"
508,"Here is the analysis of the file content:

SE: The `$input` variable is directly concatenated into an SQL query without sanitation, making it vulnerable to SQL injection attacks.

BL: `$query = $this->pdo->query(""SELECT * FROM payments WHERE transaction_id LIKE '{$identifier}%'"");`

BUG FOUND: YES"
504,"SE: The '$identifier' is directly concatenated into the SQL query without sanitation, which may lead to SQL injection.
BL: `$query = $this->pdo->query(""SELECT * FROM payments WHERE transaction_id LIKE '{$identifier}%'"");`
BUG FOUND: YES"
18,"SE: The user input '$user_id' is directly concatenated into the SQL query without sanitation.
BL: `$sql = ""SELECT * FROM users WHERE id = '$user_id'"";`
BUG FOUND: YES"
261,"SE: The user input ($_GET['user_id']) is directly concatenated into the SQL query without sanitation.
BL: `$sql = ""SELECT * FROM users WHERE id = '{$userDTO->id}'"";`
BUG FOUND: YES"
24,"SE: The '$user_id' is directly concatenated into the SQL query without sanitation.
BL: `$sql = ""SELECT * FROM users WHERE id = '$user_id'"";`
BUG FOUND: YES"
266,"Here is the analysis of the file content:

SE: The user input ($_GET['user_id']) is directly concatenated into the SQL query without sanitation.
BL: `$sql = ""SELECT * FROM users WHERE id = '{$userDTO->id}'"";`
BUG FOUND: YES"
260,"SE: The user input ($_GET['user_id']) is directly concatenated into the SQL query without sanitation.
BL: `$sql = ""SELECT * FROM users WHERE id = '{$userDTO->id}'"";`
BUG FOUND: YES"
298,"SE: The user input ($_GET['user_id']) is directly concatenated into the SQL query without sanitation.
BL: `$sql = ""SELECT * FROM users WHERE id = '{$userDTO->id}'"";`
BUG FOUND: YES"
262,"SE: The user input ($_GET['user_id']) is directly concatenated into the SQL query without sanitation.
BL: `$sql = ""SELECT * FROM users WHERE id = '{$userDTO->id}'"";`
BUG FOUND: YES"
596,"SE: The user input is directly concatenated into an SQL query without proper sanitization or escaping, making it vulnerable to SQL injection attacks.
BL: `$query = $this->pdo->query(""SELECT * FROM payments WHERE transaction_id LIKE '{$identifier}%'"");`
BUG FOUND: YES"
535,"SE: The user input '$input' is directly concatenated into the SQL query without sanitation, making it vulnerable to SQL injection attacks.

BL: `$query = $this->pdo->query(""SELECT * FROM payments WHERE transaction_id LIKE '{$identifier}%'"");`

BUG FOUND: YES"
20,"Here is the analysis:

SE: The user input '$user_id' is directly concatenated into the SQL query without sanitation, making it vulnerable to SQL injection attacks.
BL: `$sql = ""SELECT * FROM users WHERE id = '$user_id'"";`
BUG FOUND: YES"
56,"SE: The user input '$user_id' is directly concatenated into the SQL query without sanitation.
BL: `$sql = ""SELECT * FROM users WHERE id = '$user_id'"";`
BUG FOUND: YES"
540,"SE: The '$identifier' is directly concatenated into the SQL query without sanitation, which may lead to SQL injection.
BL: `$query = $this->pdo->query(""SELECT * FROM payments WHERE transaction_id LIKE '{$identifier}%'"");`
BUG FOUND: YES"
362,"Here is the analysis of the file content:

SE: The `$userDTO->id` is directly concatenated into the SQL query without sanitation, which may lead to SQL injection.
BL: `$sql = ""SELECT * FROM users WHERE id = '{$userDTO->id}'"";`
BUG FOUND: YES"
293,"Here is the analysis of the file content:

SE: The user input '$_GET['user_id']' is directly concatenated into the SQL query without sanitation, making it vulnerable to SQL injection attacks.

BL: `$sql = ""SELECT * FROM users WHERE id = '{$userDTO->id}'"";`

BUG FOUND: YES"
306,"SE: The user input ($_GET['user_id']) is directly concatenated into the SQL query without proper sanitization or escaping, making it vulnerable to SQL injection attacks.

BL: `$sql = ""SELECT * FROM users WHERE id = '{$userDTO->id}'"";`

BUG FOUND: YES"
19,"Here is the analysis:

SE: The user input '$user_id' is directly concatenated into the SQL query without sanitation, making it vulnerable to SQL injection attacks.
BL: `$sql = ""SELECT * FROM users WHERE id = '$user_id'"";`
BUG FOUND: YES"
346,"SE: The user input '$_GET['user_id']' is directly concatenated into the SQL query without sanitation.
BL: `$sql = ""SELECT * FROM users WHERE id = '{$userDTO->id}'"";`
BUG FOUND: YES"
340,"Here is the analysis of the file content:

SE: The user input `$_GET['user_id']` is directly concatenated into the SQL query without sanitation, making it vulnerable to SQL injection attacks.

BL: `$sql = ""SELECT * FROM users WHERE id = '{$userDTO->id}'"";`

BUG FOUND: YES"
294,"Here is the analysis of the file content:

SE: The user input '$_GET['user_id']' is directly concatenated into the SQL query without sanitation, making it vulnerable to SQL injection attacks.

BL: `$sql = ""SELECT * FROM users WHERE id = '{$userDTO->id}'"";`

BUG FOUND: YES"
64,"SE: The user input '$user_id' is directly concatenated into the SQL query without sanitation, making it vulnerable to SQL injection attacks.
BL: `$sql = ""SELECT * FROM users WHERE id = '$user_id'"";`
BUG FOUND: YES"
534,"Here is the analysis of the file content:

SE: The user input '$input' is directly concatenated into an SQL query without sanitation, making it vulnerable to SQL injection attacks.
BL: `$query = $this->pdo->query(""SELECT * FROM payments WHERE transaction_id LIKE '{$identifier}%'"");`
BUG FOUND: YES"
604,"SE: The user input '$input' is directly concatenated into the SQL query without sanitation, making it vulnerable to SQL injection attacks.
BL: `$query = $this->pdo->query(""SELECT * FROM payments WHERE transaction_id LIKE '{$identifier}%'"");`
BUG FOUND: YES"
52,"Here is the analysis of the file content:

SE: The user input '$user_id' is directly concatenated into the SQL query without sanitation, making it vulnerable to SQL injection attacks.

BL: `$sql = ""SELECT * FROM users WHERE id = '$user_id'"";`

BUG FOUND: YES"
548,"SE: The user input '$input' is directly concatenated into the SQL query without proper sanitization, making it vulnerable to SQL injection attacks.

BL: `$query = $this->pdo->query(""SELECT * FROM payments WHERE transaction_id LIKE '{$identifier}%'"");`

BUG FOUND: YES"
502,"SE: The user input '$input' is directly concatenated into the SQL query without proper sanitization or escaping, making it vulnerable to SQL injection attacks.

BL: `$query = $this->pdo->query(""SELECT * FROM payments WHERE transaction_id LIKE '{$identifier}%'"");`

BUG FOUND: YES"
51,"Here is the analysis of the file content:

SE: The user input '$user_id' is directly concatenated into the SQL query without sanitation, making it vulnerable to SQL injection attacks.
BL: `$sql = ""SELECT * FROM users WHERE id = '$user_id'"";`
BUG FOUND: YES"
503,"Here is the analysis:

SE: The `$input` parameter is directly concatenated into the SQL query without sanitation, making it vulnerable to SQL injection attacks.
BL: `$query = $this->pdo->query(""SELECT * FROM payments WHERE transaction_id LIKE '{$identifier}%'"");`
BUG FOUND: YES"
584,"Here is the analysis of the file content:

SE: The `$input` is directly concatenated into the SQL query without sanitation, making it vulnerable to SQL injection attacks.
BL: `$query = $this->pdo->query(""SELECT * FROM payments WHERE transaction_id LIKE '{$identifier}%'"");`
BUG FOUND: YES"
582,"Here is the analysis of the file content:

SE: The user input '$paymentInput' is directly concatenated into an SQL query without sanitation, making it vulnerable to SQL injection attacks.
BL: `$query = $this->pdo->query(""SELECT * FROM payments WHERE transaction_id LIKE '{$identifier}%'"");`
BUG FOUND: YES"
342,"Here is the analysis of the file content:

SE: The user input 'user_id' is directly concatenated into the SQL query without sanitation, making it vulnerable to SQL injection attacks.
BL: `$sql = ""SELECT * FROM users WHERE id = '{$userDTO->id}'"";`
BUG FOUND: YES"
98,"Here is the analysis of the file content:

SE: The user input '$user_id' is directly concatenated into the SQL query without sanitation, making it vulnerable to SQL injection attacks.
BL: `$sql = ""SELECT * FROM users WHERE id = '$user_id'"";`
BUG FOUND: YES"
50,"Here is the analysis of the file content:

SE: The user input from $_GET['user_id'] is directly concatenated into the SQL query without proper sanitization or escaping, making it vulnerable to SQL injection attacks.

BL: `$sql = ""SELECT * FROM users WHERE id = '$user_id'"";`

BUG FOUND: YES"
292,"Here is the analysis of the file content:

SE: The user input from $_GET['user_id'] is directly concatenated into the SQL query without sanitation, making it vulnerable to SQL injection attacks.

BL: `$sql = ""SELECT * FROM users WHERE id = '{$userDTO->id}'"";`

BUG FOUND: YES"
588,"Here is the analysis of the file content:

SE: The `$identifier` is directly concatenated into the SQL query without sanitation, which may lead to SQL injection.
BL: `$query = $this->pdo->query(""SELECT * FROM payments WHERE transaction_id LIKE '{$identifier}%'"");`
BUG FOUND: YES"
583,"Here is the analysis of the file content:

SE: The `$input` variable is directly concatenated into the SQL query without sanitation, making it vulnerable to SQL injection attacks.
BL: `$query = $this->pdo->query(""SELECT * FROM payments WHERE transaction_id LIKE '{$identifier}%'"");`
BUG FOUND: YES"
99,"Here is the analysis of the file content:

SE: The user input '$user_id' is directly concatenated into the SQL query without sanitation, making it vulnerable to SQL injection attacks.
BL: `$sql = ""SELECT * FROM users WHERE id = '$user_id'"";`
BUG FOUND: YES"
104,"SE: The user input '$user_id' is directly concatenated into the SQL query without sanitation.
BL: `$sql = ""SELECT * FROM users WHERE id = '$user_id'"";`
BUG FOUND: YES"
100,"Here is the analysis of the file content:

SE: The user input '$user_id' is directly concatenated into the SQL query without sanitation, making it vulnerable to SQL injection attacks.
BL: `$sql = ""SELECT * FROM users WHERE id = '$user_id'"";`
BUG FOUND: YES"
426,"SE: The user input '$_GET['user_id']' is directly concatenated into the SQL query without sanitation, making it vulnerable to SQL injection attacks.
BL: `$sql = ""SELECT * FROM users WHERE id = '{$userDTO->id}'"";`
BUG FOUND: YES"
184,"Here is the analysis of the file content:

SE: The user input '$user_id' is directly concatenated into the SQL query without sanitation, making it vulnerable to SQL injection attacks.
BL: `$sql = ""SELECT * FROM users WHERE id = '$user_id'"";`
BUG FOUND: YES"
405,"SE: The user input '$_GET['user_id']' is directly concatenated into the SQL query without proper sanitization, making it vulnerable to SQL injection attacks.

BL: `$sql = ""SELECT * FROM users WHERE id = '{$userDTO->id}'"";`

BUG FOUND: YES"
112,"Here is the analysis of the file content:

SE: The user input '$user_id' is directly concatenated into the SQL query without sanitation, making it vulnerable to SQL injection attacks.
BL: `$sql = ""SELECT * FROM users WHERE id = '$user_id'"";`
BUG FOUND: YES"
646,"SE: The input variable '$identifier' is directly concatenated into the SQL query without proper sanitization, making it vulnerable to SQL injection attacks.
BL: `$query = $this->pdo->query(""SELECT * FROM payments WHERE transaction_id LIKE '{$identifier}%'"");`
BUG FOUND: YES"
660,"Here is the analysis of the file content:

SE: The `$input` variable is directly concatenated into the SQL query without sanitation, making it vulnerable to SQL injection attacks.
BL: `$query = $this->pdo->query(""SELECT * FROM payments WHERE transaction_id LIKE '{$identifier}%'"");`
BUG FOUND: YES"
176,"SE: The user input '$user_id' is directly concatenated into the SQL query without sanitation, making it vulnerable to SQL injection attacks.
BL: `$sql = ""SELECT * FROM users WHERE id = '$user_id'"";`
BUG FOUND: YES"
410,"SE: The user input '$_GET['user_id']' is directly concatenated into the SQL query without sanitation, making it vulnerable to SQL injection attacks.
BL: `$sql = ""SELECT * FROM users WHERE id = '{$userDTO->id}'"";`
BUG FOUND: YES"
404,"SE: The user input from $_GET['user_id'] is directly concatenated into the SQL query without proper sanitization or prepared statements.
BL: `$sql = ""SELECT * FROM users WHERE id = '{$userDTO->id}'"";`
BUG FOUND: YES"
648,"Here is the analysis of the file content:

SE: The input variable '$identifier' is directly concatenated into the SQL query without proper sanitization, making it vulnerable to SQL injection attacks.
BL: `$query = $this->pdo->query(""SELECT * FROM payments WHERE transaction_id LIKE '{$identifier}%'"");`
BUG FOUND: YES"
163,"SE: The user input '$user_id' is directly concatenated into the SQL query without proper sanitization or escaping, making it vulnerable to SQL injection attacks.

BL: `$sql = ""SELECT * FROM users WHERE id = '$user_id'"";`

BUG FOUND: YES"
164,"SE: The user input '$user_id' is directly concatenated into the SQL query without proper sanitization or escaping, making it vulnerable to SQL injection attacks.
BL: `$sql = ""SELECT * FROM users WHERE id = '$user_id'"";`
BUG FOUND: YES"
652,"SE: The input variable '$identifier' is directly concatenated into the SQL query without proper sanitization, making it vulnerable to SQL injection attacks.
BL: `$query = $this->pdo->query(""SELECT * FROM payments WHERE transaction_id LIKE '{$identifier}%'"");`
BUG FOUND: YES"
162,"SE: The user input '$user_id' is directly concatenated into the SQL query without proper sanitization or escaping, making it vulnerable to SQL injection attacks.

BL: `$sql = ""SELECT * FROM users WHERE id = '$user_id'"";`

BUG FOUND: YES"
168,"SE: The user input '$user_id' is directly concatenated into the SQL query without sanitation, making it vulnerable to SQL injection attacks.
BL: `$sql = ""SELECT * FROM users WHERE id = '$user_id'"";`
BUG FOUND: YES"
647,"SE: The input variable '$identifier' is directly concatenated into the SQL query without proper sanitization, making it vulnerable to SQL injection attacks.
BL: `$query = $this->pdo->query(""SELECT * FROM payments WHERE transaction_id LIKE '{$identifier}%'"");`
BUG FOUND: YES"
341,"Here is the analysis of the file content:

SE: The user input '$_GET['user_id']' is directly concatenated into the SQL query without sanitation, making it vulnerable to SQL injection attacks.

BL: `$sql = ""SELECT * FROM users WHERE id = '{$userDTO->id}'"";`

BUG FOUND: YES"
418,"SE: The user input '$_GET['user_id']' is directly concatenated into the SQL query without sanitation, making it vulnerable to SQL injection attacks.
BL: `$sql = ""SELECT * FROM users WHERE id = '{$userDTO->id}'"";`
BUG FOUND: YES"
192,"Here is the analysis of the file content:

SE: The user input '$user_id' is directly concatenated into the SQL query without sanitation, making it vulnerable to SQL injection attacks.
BL: `$sql = ""SELECT * FROM users WHERE id = '$user_id'"";`
BUG FOUND: YES"
120,"Here is the analysis of the file content:

SE: The user input '$user_id' is directly concatenated into the SQL query without sanitation, making it vulnerable to SQL injection attacks.
BL: `$sql = ""SELECT * FROM users WHERE id = '$user_id'"";`
BUG FOUND: YES"
434,"Here is the analysis of the file content:

SE: The user input `$_GET['user_id']` is directly concatenated into the SQL query without sanitation, making it vulnerable to SQL injection attacks.

BL: `$sql = ""SELECT * FROM users WHERE id = '{$userDTO->id}'"";`

BUG FOUND: YES"
668,"Here is the analysis of the file content:

SE: The user input is directly concatenated into an SQL query without sanitation, making it vulnerable to SQL injection attacks.
BL: `$query = $this->pdo->query(""SELECT * FROM payments WHERE transaction_id LIKE '{$identifier}%'"");`
BUG FOUND: YES"
406,"SE: The user input '$_GET['user_id']' is directly concatenated into the SQL query without proper sanitization or escaping, making it vulnerable to SQL injection attacks.

BL: `$sql = ""SELECT * FROM users WHERE id = '{$userDTO->id}'"";`

BUG FOUND: YES"
354,"Here is the analysis of the file content:

SE: The user input `$_GET['user_id']` is directly concatenated into the SQL query without sanitation, making it vulnerable to SQL injection attacks.
BL: `$sql = ""SELECT * FROM users WHERE id = '{$userDTO->id}'"";`
BUG FOUND: YES"
1696,"Here is the analysis of the file content:

SE: The user input 'user_id' is directly concatenated into an SQL query without proper sanitization, making it vulnerable to SQL injection attacks.
BL: `$sql = ""SELECT * FROM users WHERE id = '{$userDTO->id}'"";`
BUG FOUND: YES"
1690,"SE: The 'user_id' from $_GET is directly concatenated into the SQL query without sanitation.
BL: `$sql = ""SELECT * FROM users WHERE id = '{$userDTO->id}'"";`
BUG FOUND: YES"
1692,"SE: The user input '$_GET['user_id']' is directly concatenated into the SQL query without sanitation, making it vulnerable to SQL injection attacks.
BL: `$sql = ""SELECT * FROM users WHERE id = '{$userDTO->id}'"";`
BUG FOUND: YES"
536,"Here is the analysis of the file content:

SE: The '$identifier' is directly concatenated into the SQL query without sanitation, and the '$sql' variable is used in the query without being defined.
BL: `$query = $this->pdo->query(""SELECT * FROM payments WHERE transaction_id LIKE '{$identifier}%'"");` and `$query = $this->pdo->query($sql);`
BUG FOUND: YES

Additionally, there are other potential SQL injection vulnerabilities in the LDAP classes, where user-input data is concatenated into LDAP filters without sanitation:

SE: The '$username' is directly concatenated into the LDAP filter without sanitation.
BL: `$filter = ""(&(objectClass=person)(sAMAccountName={$username}))"";`
BUG FOUND: YES

SE: The '$password' is directly concatenated into the LDAP filter without sanitation.
BL: `$filter = ""(|(userPassword=*{$password}*)(userPassword={$password}))"";`
BUG FOUND: YES

SE: The '$userDN' is directly concatenated into the LDAP filter without sanitation.
BL: `$filter = ""(&(objectClass=group)(member={$userDN}))"";`
BUG FOUND: YES"
2450,"Here is the analysis of the file content:

SE: The `$input` variable is directly concatenated into an SQL query without sanitation, making it vulnerable to SQL injection attacks.
BL: `$query = $this->pdo->query(""SELECT * FROM payments WHERE transaction_id LIKE '{$identifier}%'"");`
BUG FOUND: YES"
1728,"Here is the analysis of the file content:

SE: The `$userDTO->id` is directly concatenated into the SQL query without proper sanitization, making it vulnerable to SQL injection attacks.

BL: `$sql = ""SELECT * FROM users WHERE id = '{$userDTO->id}'"";`

BUG FOUND: YES"
970,"SE: The user input '$user_id' is directly concatenated into the SQL query without sanitation, making it vulnerable to SQL injection attacks.
BL: `$sql = ""SELECT * FROM users WHERE id = '$user_id'"";`
BUG FOUND: YES"
1704,"SE: The user input 'user_id' is directly concatenated into the SQL query without sanitation, making it vulnerable to SQL injection attacks.
BL: `$sql = ""SELECT * FROM users WHERE id = '{$userDTO->id}'"";`
BUG FOUND: YES"
2412,"SE: The user input '$input' is directly concatenated into the SQL query without sanitation, making it vulnerable to SQL injection attacks.
BL: `$query = $this->pdo->query(""SELECT * FROM payments WHERE transaction_id LIKE '{$identifier}%'"");`
BUG FOUND: YES"
968,"Here is the analysis of the file content:

SE: The user input '$user_id' is directly concatenated into the SQL query without sanitation, making it vulnerable to SQL injection attacks.
BL: `$sql = ""SELECT * FROM users WHERE id = '$user_id'"";`
BUG FOUND: YES"
2414,"SE: The input parameter '$input' is directly concatenated into an SQL query without sanitation, making it vulnerable to SQL injection attacks.
BL: `$query = $this->pdo->query(""SELECT * FROM payments WHERE transaction_id LIKE '{$identifier}%'"");`
BUG FOUND: YES"
998,"SE: The user input '$user_id' is directly concatenated into the SQL query without sanitation, making it vulnerable to SQL injection attacks.
BL: `$sql = ""SELECT * FROM users WHERE id = '$user_id'"";`
BUG FOUND: YES"
2426,"SE: The input variable '$identifier' is directly concatenated into the SQL query without proper sanitization, making it vulnerable to SQL injection attacks.
BL: `$query = $this->pdo->query(""SELECT * FROM payments WHERE transaction_id LIKE '{$identifier}%'"");`
BUG FOUND: YES"
1691,"SE: The 'user_id' from $_GET is directly concatenated into the SQL query without sanitation, making it vulnerable to SQL injection attacks.
BL: `$sql = ""SELECT * FROM users WHERE id = '{$userDTO->id}'"";`
BUG FOUND: YES"
2514,"SE: The input parameter is directly concatenated into an SQL query without proper sanitization, making it vulnerable to SQL injection attacks.
BL: `$query = $this->pdo->query(""SELECT * FROM payments WHERE transaction_id LIKE '{$identifier}%'"");`
BUG FOUND: YES"
1006,"Here is the analysis of the file content:

SE: The user input '$user_id' is directly concatenated into the SQL query without sanitation, making it vulnerable to SQL injection attacks.
BL: `$sql = ""SELECT * FROM users WHERE id = '$user_id'"";`
BUG FOUND: YES"
982,"SE: The user input '$user_id' is directly concatenated into the SQL query without sanitation, making it vulnerable to SQL injection attacks.
BL: `$sql = ""SELECT * FROM users WHERE id = '$user_id'"";`
BUG FOUND: YES"
969,"Here is the analysis of the file content:

SE: The user input '$user_id' is directly concatenated into the SQL query without sanitation, making it vulnerable to SQL injection attacks.
BL: `$sql = ""SELECT * FROM users WHERE id = '$user_id'"";`
BUG FOUND: YES"
1788,"SE: The user input '$_GET['user_id']' is directly concatenated into SQL query without sanitation, which can lead to SQL injection.
BL: `$sql = ""SELECT * FROM users WHERE id = '{$userDTO->id}'"";`
BUG FOUND: YES"
2434,"Here is the analysis of the file content:

SE: The user input is directly concatenated into an SQL query without sanitation, making it vulnerable to SQL injection attacks.
BL: `$query = $this->pdo->query(""SELECT * FROM payments WHERE transaction_id LIKE '{$identifier}%'"");`
BUG FOUND: YES"
1792,"SE: The user input ($_GET['user_id']) is directly concatenated into an SQL query without proper sanitization, making it vulnerable to SQL injection attacks.

BL: `$sql = ""SELECT * FROM users WHERE id = '{$userDTO->id}'"";`

BUG FOUND: YES"
2530,"SE: The user input is directly concatenated into an SQL query without sanitation, making it vulnerable to SQL injection attacks.
BL: `$query = $this->pdo->query(""SELECT * FROM payments WHERE transaction_id LIKE '{$identifier}%'"");`
BUG FOUND: YES"
2442,"SE: The user input '$input' is directly concatenated into the SQL query without sanitation, making it vulnerable to SQL injection attacks.
BL: `$query = $this->pdo->query(""SELECT * FROM payments WHERE transaction_id LIKE '{$identifier}%'"");`
BUG FOUND: YES"
1712,"Here is the analysis of the file content:

SE: The user input 'user_id' is directly concatenated into an SQL query without sanitation, making it vulnerable to SQL injection attacks.
BL: `$sql = ""SELECT * FROM users WHERE id = '{$userDTO->id}'"";`
BUG FOUND: YES"
990,"Here is the analysis of the file content:

SE: The user input '$user_id' is directly concatenated into the SQL query without sanitation, making it vulnerable to SQL injection attacks.
BL: `$sql = ""SELECT * FROM users WHERE id = '$user_id'"";`
BUG FOUND: YES"
974,"Here is the analysis of the file content:

SE: The user input '$user_id' is directly concatenated into the SQL query without proper sanitization or escaping, making it vulnerable to SQL injection attacks.

BL: `$sql = ""SELECT * FROM users WHERE id = '$user_id'"";`

BUG FOUND: YES"
676,"Here is the analysis of the file content:

SE: The `$input` variable is directly concatenated into an SQL query without sanitation, making it vulnerable to SQL injection attacks.
BL: `$query = $this->pdo->query(""SELECT * FROM payments WHERE transaction_id LIKE '{$identifier}%'"");`
BUG FOUND: YES

The line of code in the `getPaymentDetails` method of the `PaymentDataProcessor` class is vulnerable to SQL injection attacks. The `$input` variable, which comes from user input (`$_GET['transaction_id']`), is directly concatenated into the SQL query without proper sanitation. This allows an attacker to inject malicious SQL code, potentially leading to unauthorized data access or modification.

Note that the other classes and methods in the file do not appear to have any SQL injection vulnerabilities."
2418,"Here is the analysis of the file content:

SE: The `$identifier` is directly concatenated into the SQL query without sanitation, which may lead to SQL injection vulnerabilities.
BL: `$query = $this->pdo->query(""SELECT * FROM payments WHERE transaction_id LIKE '{$identifier}%'"");`
BUG FOUND: YES"
1720,"Here is the analysis of the file content:

SE: The user input '$_GET['user_id']' is directly concatenated into an SQL query without sanitation, making it vulnerable to SQL injection attacks.

BL: `$sql = ""SELECT * FROM users WHERE id = '{$userDTO->id}'"";`

BUG FOUND: YES"
2413,"SE: The input parameter '$input' is directly concatenated into the SQL query without proper sanitization, making it vulnerable to SQL injection attacks.

BL: `$query = $this->pdo->query(""SELECT * FROM payments WHERE transaction_id LIKE '{$identifier}%'"");`

BUG FOUND: YES"
1800,"SE: The user input 'user_id' is directly concatenated into the SQL query without proper sanitization, making it vulnerable to SQL injection attacks.
BL: `$sql = ""SELECT * FROM users WHERE id = '{$userDTO->id}'"";`
BUG FOUND: YES"
1064,"SE: The user input '$user_id' is directly concatenated into the SQL query without sanitation, making it vulnerable to SQL injection attacks.
BL: `$sql = ""SELECT * FROM users WHERE id = '$user_id'"";`
BUG FOUND: YES"
1094,"SE: The user input '$user_id' is directly concatenated into the SQL query without sanitation, making it vulnerable to SQL injection attacks.
BL: `$sql = ""SELECT * FROM users WHERE id = '$user_id'"";`
BUG FOUND: YES"
1824,"SE: The user input 'user_id' is directly concatenated into the SQL query without proper sanitization or escaping, making it vulnerable to SQL injection attacks.
BL: `$sql = ""SELECT * FROM users WHERE id = '{$userDTO->id}'"";`
BUG FOUND: YES"
2538,"SE: The user input is directly concatenated into an SQL query without sanitation, making it vulnerable to SQL injection attacks.
BL: `$query = $this->pdo->query(""SELECT * FROM payments WHERE transaction_id LIKE '{$identifier}%'"");`
BUG FOUND: YES"
2546,"SE: The user input is directly concatenated into an SQL query without proper sanitization or escaping, making it vulnerable to SQL injection attacks.

BL: `$query = $this->pdo->query(""SELECT * FROM payments WHERE transaction_id LIKE '{$identifier}%'"");`

BUG FOUND: YES"
1086,"SE: The user input 'user_id' is directly concatenated into the SQL query without sanitation, making it vulnerable to SQL injection attacks.
BL: `$sql = ""SELECT * FROM users WHERE id = '$user_id'"";`
BUG FOUND: YES"
1110,"Here is the analysis of the file content:

SE: The user input '$user_id' is directly concatenated into the SQL query without sanitation, making it vulnerable to SQL injection attacks.
BL: `$sql = ""SELECT * FROM users WHERE id = '$user_id'"";`
BUG FOUND: YES"
1065,"SE: The user input '$user_id' is directly concatenated into the SQL query without sanitation, making it vulnerable to SQL injection attacks.
BL: `$sql = ""SELECT * FROM users WHERE id = '$user_id'"";`
BUG FOUND: YES"
1102,"SE: The user input '$user_id' is directly concatenated into the SQL query without sanitation, making it vulnerable to SQL injection attacks.
BL: `$sql = ""SELECT * FROM users WHERE id = '$user_id'"";`
BUG FOUND: YES"
1078,"SE: The user input '$user_id' is directly concatenated into the SQL query without proper sanitization, making it vulnerable to SQL injection attacks.
BL: `$sql = ""SELECT * FROM users WHERE id = '$user_id'"";`
BUG FOUND: YES"
1936,"SE: The user input 'user_id' is directly concatenated into the SQL query without proper sanitization, making it vulnerable to SQL injection attacks.
BL: `$sql = ""SELECT * FROM users WHERE id = '{$userDTO->id}'"";`
BUG FOUND: YES"
1816,"SE: The user input 'user_id' is directly concatenated into the SQL query without sanitation, making it vulnerable to SQL injection attacks.
BL: `$sql = ""SELECT * FROM users WHERE id = '{$userDTO->id}'"";`
BUG FOUND: YES"
2522,"SE: The input variable '$identifier' is directly concatenated into the SQL query without proper sanitization, making it vulnerable to SQL injection attacks.
BL: `$query = $this->pdo->query(""SELECT * FROM payments WHERE transaction_id LIKE '{$identifier}%'"");`
BUG FOUND: YES"
2510,"SE: The input parameter '$input' is directly concatenated into the SQL query without sanitation, making it vulnerable to SQL injection attacks.
BL: `$query = $this->pdo->query(""SELECT * FROM payments WHERE transaction_id LIKE '{$identifier}%'"");`
BUG FOUND: YES"
2509,"SE: The input parameter '$input' is directly concatenated into the SQL query without sanitation, making it vulnerable to SQL injection attacks.
BL: `$query = $this->pdo->query(""SELECT * FROM payments WHERE transaction_id LIKE '{$identifier}%'"");`
BUG FOUND: YES"
1920,"SE: The user input 'user_id' is directly concatenated into the SQL query without proper sanitization, making it vulnerable to SQL injection attacks.
BL: `$sql = ""SELECT * FROM users WHERE id = '{$userDTO->id}'"";`
BUG FOUND: YES"
2554,"SE: The user input '$input' is directly concatenated into an SQL query without sanitation, making it vulnerable to SQL injection attacks.
BL: `$query = $this->pdo->query(""SELECT * FROM payments WHERE transaction_id LIKE '{$identifier}%'"");`
BUG FOUND: YES"
2508,"SE: The input parameter '$input' is directly concatenated into an SQL query without sanitation, which may lead to SQL injection vulnerabilities.
BL: `$query = $this->pdo->query(""SELECT * FROM payments WHERE transaction_id LIKE '{$identifier}%'"");`
BUG FOUND: YES"
1066,"SE: The user input '$user_id' is directly concatenated into the SQL query without sanitation, making it vulnerable to SQL injection attacks.
BL: `$sql = ""SELECT * FROM users WHERE id = '$user_id'"";`
BUG FOUND: YES"
1177,"SE: The user input '$user_id' is directly concatenated into the SQL query without sanitation, making it vulnerable to SQL injection attacks.
BL: `$sql = ""SELECT * FROM users WHERE id = '$user_id'"";`
BUG FOUND: YES"
1952,"SE: The user input is directly concatenated into an SQL query without sanitation, making it vulnerable to SQL injection attacks.
BL: `$sql = ""SELECT * FROM users WHERE id = '{$userDTO->id}'"";`
BUG FOUND: YES"
1904,"SE: The user input ($_GET['user_id']) is directly concatenated into an SQL query without sanitation, making it vulnerable to SQL injection attacks.
BL: `$sql = ""SELECT * FROM users WHERE id = '{$userDTO->id}'"";`
BUG FOUND: YES"
2642,"SE: The input parameter is directly concatenated into an SQL query without proper sanitization, making it vulnerable to SQL injection attacks.
BL: `$query = $this->pdo->query(""SELECT * FROM payments WHERE transaction_id LIKE '{$identifier}%'"");`
BUG FOUND: YES"
1928,"SE: The user input 'user_id' is directly concatenated into the SQL query without sanitation, making it vulnerable to SQL injection attacks.
BL: `$sql = ""SELECT * FROM users WHERE id = '{$userDTO->id}'"";`
BUG FOUND: YES"
1070,"SE: The user input '$user_id' is directly concatenated into the SQL query without sanitation, making it vulnerable to SQL injection attacks.
BL: `$sql = ""SELECT * FROM users WHERE id = '$user_id'"";`
BUG FOUND: YES"
2650,"SE: The user input is directly concatenated into an SQL query without sanitation, making it vulnerable to SQL injection attacks.
BL: `$query = $this->pdo->query(""SELECT * FROM payments WHERE transaction_id LIKE '{$identifier}%'"");`
BUG FOUND: YES"
1786,"SE: The user input from $_GET['user_id'] is directly concatenated into the SQL query without sanitation, making it vulnerable to SQL injection attacks.
BL: `$sql = ""SELECT * FROM users WHERE id = '{$userDTO->id}'"";`
BUG FOUND: YES"
1787,"SE: The user input '$_GET['user_id']' is directly concatenated into SQL query without sanitation, which can lead to SQL injection.
BL: `$sql = ""SELECT * FROM users WHERE id = '{$userDTO->id}'"";`
BUG FOUND: YES"
1808,"SE: The user input 'user_id' is directly concatenated into the SQL query without sanitation, making it vulnerable to SQL injection attacks.
BL: `$sql = ""SELECT * FROM users WHERE id = '{$userDTO->id}'"";`
BUG FOUND: YES"
1176,"Here is the analysis of the file content:

SE: The user input '$user_id' is directly concatenated into the SQL query without sanitation, making it vulnerable to SQL injection attacks.
BL: `$sql = ""SELECT * FROM users WHERE id = '$user_id'"";`
BUG FOUND: YES"
2622,"SE: The input parameter '$input' is directly concatenated into the SQL query without sanitation, making it vulnerable to SQL injection attacks.
BL: `$query = $this->pdo->query(""SELECT * FROM payments WHERE transaction_id LIKE '{$identifier}%'"");`
BUG FOUND: YES"
1900,"SE: The user input '$_GET['user_id']' is directly concatenated into the SQL query without sanitation, making it vulnerable to SQL injection attacks.
BL: `$sql = ""SELECT * FROM users WHERE id = '{$userDTO->id}'"";`
BUG FOUND: YES"
2626,"SE: The '$identifier' is directly concatenated into SQL query without sanitation, which may lead to SQL injection vulnerability.
BL: `$query = $this->pdo->query(""SELECT * FROM payments WHERE transaction_id LIKE '{$identifier}%'"");`
BUG FOUND: YES"
1832,"Here is the analysis of the file content:

SE: The user input 'user_id' is directly concatenated into an SQL query without sanitation, making it vulnerable to SQL injection attacks.
BL: `$sql = ""SELECT * FROM users WHERE id = '{$userDTO->id}'"";`
BUG FOUND: YES"
2658,"SE: The input parameter '$input' is directly concatenated into an SQL query without proper sanitization, making it vulnerable to SQL injection attacks.

BL: `$query = $this->pdo->query(""SELECT * FROM payments WHERE transaction_id LIKE '{$identifier}%'"");`

BUG FOUND: YES"
1230,"SE: The user input '$user_id' is directly concatenated into the SQL query without sanitation, making it vulnerable to SQL injection attacks.
BL: `$sql = ""SELECT * FROM users WHERE id = '$user_id'"";`
BUG FOUND: YES"
2634,"SE: The input parameter is directly concatenated into an SQL query without proper sanitization, making it vulnerable to SQL injection attacks.
BL: `$query = $this->pdo->query(""SELECT * FROM payments WHERE transaction_id LIKE '{$identifier}%'"");`
BUG FOUND: YES"
1190,"SE: The user input '$user_id' is directly concatenated into the SQL query without sanitation, making it vulnerable to SQL injection attacks.
BL: `$sql = ""SELECT * FROM users WHERE id = '$user_id'"";`
BUG FOUND: YES"
1206,"SE: The user input '$user_id' is directly concatenated into the SQL query without sanitation, making it vulnerable to SQL injection attacks.
BL: `$sql = ""SELECT * FROM users WHERE id = '$user_id'"";`
BUG FOUND: YES"
2802,"SE: The input is directly concatenated into an SQL query without sanitation, making it vulnerable to SQL injection attacks.
BL: `$query = $this->pdo->query(""SELECT * FROM payments WHERE transaction_id LIKE '{$identifier}%'"");`
BUG FOUND: YES"
1214,"SE: The user input '$user_id' is directly concatenated into the SQL query without sanitation, making it vulnerable to SQL injection attacks.
BL: `$sql = ""SELECT * FROM users WHERE id = '$user_id'"";`
BUG FOUND: YES"
1182,"SE: The user input '$user_id' is directly concatenated into the SQL query without sanitation, making it vulnerable to SQL injection attacks.
BL: `$sql = ""SELECT * FROM users WHERE id = '$user_id'"";`
BUG FOUND: YES"
1222,"SE: The user input '$user_id' is directly concatenated into the SQL query without sanitation, making it vulnerable to SQL injection attacks.
BL: `$sql = ""SELECT * FROM users WHERE id = '$user_id'"";`
BUG FOUND: YES"
1305,"SE: The '$user_id' is directly concatenated into SQL query without sanitation, which can lead to SQL injection.
BL: `$sql = ""SELECT * FROM users WHERE id = '$user_id'"";`
BUG FOUND: YES"
2032,"SE: The user input ($_GET['user_id']) is directly concatenated into an SQL query without sanitation, making it vulnerable to SQL injection attacks.

BL: `$sql = ""SELECT * FROM users WHERE id = '{$userDTO->id}'"";`

BUG FOUND: YES"
2786,"SE: The input parameter is directly concatenated into an SQL query without proper sanitization, making it vulnerable to SQL injection attacks.
BL: `$query = $this->pdo->query(""SELECT * FROM payments WHERE transaction_id LIKE '{$identifier}%'"");`
BUG FOUND: YES"
2666,"SE: The user input '$input' is directly concatenated into an SQL query without sanitation, making it vulnerable to SQL injection attacks.
BL: `$query = $this->pdo->query(""SELECT * FROM payments WHERE transaction_id LIKE '{$identifier}%'"");`
BUG FOUND: YES"
2088,"SE: The user input is directly concatenated into an SQL query without sanitation, which can lead to SQL injection vulnerabilities.
BL: `$sql = ""SELECT * FROM users WHERE id = '{$userDTO->id}'"";`
BUG FOUND: YES"
1944,"SE: The user input 'user_id' is directly concatenated into an SQL query without sanitation, making it vulnerable to SQL injection attacks.
BL: `$sql = ""SELECT * FROM users WHERE id = '{$userDTO->id}'"";`
BUG FOUND: YES"
1898,"SE: The user input ($_GET['user_id']) is directly concatenated into the SQL query without sanitation, making it vulnerable to SQL injection attacks.
BL: `$sql = ""SELECT * FROM users WHERE id = '{$userDTO->id}'"";`
BUG FOUND: YES"
2064,"SE: The user input is directly concatenated into the SQL query without sanitation, which can lead to SQL injection attacks.
BL: `$sql = ""SELECT * FROM users WHERE id = '{$userDTO->id}'"";`
BUG FOUND: YES"
1334,"SE: The user input '$user_id' is directly concatenated into the SQL query without sanitation, making it vulnerable to SQL injection attacks.

BL: `$sql = ""SELECT * FROM users WHERE id = '$user_id'"";`

BUG FOUND: YES"
2621,"SE: The input parameter '$input' is directly concatenated into the SQL query without sanitation, making it vulnerable to SQL injection attacks.
BL: `$query = $this->pdo->query(""SELECT * FROM payments WHERE transaction_id LIKE '{$identifier}%'"");`
BUG FOUND: YES"
2750,"SE: The input parameter '$input' is directly concatenated into an SQL query without sanitation, making it vulnerable to SQL injection attacks.
BL: `$query = $this->pdo->query(""SELECT * FROM payments WHERE transaction_id LIKE '{$identifier}%'"");`
BUG FOUND: YES"
2028,"SE: The user input ($_GET['user_id']) is directly concatenated into the SQL query without sanitation, making it vulnerable to SQL injection attacks.
BL: `$sql = ""SELECT * FROM users WHERE id = '{$userDTO->id}'"";`
BUG FOUND: YES"
2674,"SE: The user input is directly concatenated into an SQL query without proper sanitization, making it vulnerable to SQL injection attacks.
BL: `$query = $this->pdo->query(""SELECT * FROM payments WHERE transaction_id LIKE '{$identifier}%'"");`
BUG FOUND: YES"
2056,"SE: The user input 'user_id' is directly concatenated into the SQL query without sanitation, making it vulnerable to SQL injection attacks.

BL: `$sql = ""SELECT * FROM users WHERE id = '{$userDTO->id}'"";`

BUG FOUND: YES"
1912,"SE: The user input '$_GET['user_id']' is directly concatenated into the SQL query without sanitation, making it vulnerable to SQL injection attacks.
BL: `$sql = ""SELECT * FROM users WHERE id = '{$userDTO->id}'"";`
BUG FOUND: YES"
1899,"SE: The user input '$_GET['user_id']' is directly concatenated into an SQL query without sanitation, making it vulnerable to SQL injection attacks.
BL: `$sql = ""SELECT * FROM users WHERE id = '{$userDTO->id}'"";`
BUG FOUND: YES"
1198,"SE: The user input '$user_id' is directly concatenated into the SQL query without proper sanitization, making it vulnerable to SQL injection attacks.
BL: `$sql = ""SELECT * FROM users WHERE id = '$user_id'"";`
BUG FOUND: YES"
2778,"SE: The input parameter is directly concatenated into an SQL query without proper sanitization, making it vulnerable to SQL injection attacks.
BL: `$query = $this->pdo->query(""SELECT * FROM payments WHERE transaction_id LIKE '{$identifier}%'"");`
BUG FOUND: YES"
1178,"SE: The user input '$user_id' is directly concatenated into the SQL query without sanitation, making it vulnerable to SQL injection attacks.
BL: `$sql = ""SELECT * FROM users WHERE id = '$user_id'"";`
BUG FOUND: YES"
2620,"SE: The '$identifier' is directly concatenated into an SQL query without sanitation, which may lead to SQL injection vulnerabilities.
BL: `$query = $this->pdo->query(""SELECT * FROM payments WHERE transaction_id LIKE '{$identifier}%'"");`
BUG FOUND: YES"
2754,"Here is the analysis of the file content:

SE: The input parameter '$input' is directly concatenated into an SQL query without sanitation, which may lead to SQL injection vulnerabilities.
BL: `$query = $this->pdo->query(""SELECT * FROM payments WHERE transaction_id LIKE '{$identifier}%'"");`
BUG FOUND: YES"
1358,"Here is the analysis of the file content:

SE: The user input 'user_id' is directly concatenated into an SQL query without sanitation, making it vulnerable to SQL injection attacks.
BL: `$sql = ""SELECT * FROM users WHERE id = '$user_id'"";`
BUG FOUND: YES"
2770,"SE: The input parameter is directly concatenated into an SQL query without proper sanitization, making it vulnerable to SQL injection attacks.
BL: `$query = $this->pdo->query(""SELECT * FROM payments WHERE transaction_id LIKE '{$identifier}%'"");`
BUG FOUND: YES"
1342,"SE: The user input '$user_id' is directly concatenated into the SQL query without sanitation, making it vulnerable to SQL injection attacks.
BL: `$sql = ""SELECT * FROM users WHERE id = '$user_id'"";`
BUG FOUND: YES"
2027,"SE: The user input '$_GET['user_id']' is directly concatenated into the SQL query without sanitation, making it vulnerable to SQL injection attacks.
BL: `$sql = ""SELECT * FROM users WHERE id = '{$userDTO->id}'"";`
BUG FOUND: YES"
1350,"SE: The user input is directly concatenated into an SQL query without sanitation, making it vulnerable to SQL injection attacks.
BL: `$sql = ""SELECT * FROM users WHERE id = '$user_id'"";`
BUG FOUND: YES"
1310,"SE: The user input '$user_id' is directly concatenated into SQL query without sanitation, which can lead to SQL injection.
BL: `$sql = ""SELECT * FROM users WHERE id = '$user_id'"";`
BUG FOUND: YES"
1366,"SE: The user input is directly concatenated into an SQL query without sanitation, which can lead to SQL injection vulnerabilities.
BL: `$sql = ""SELECT * FROM users WHERE id = '$user_id'"";`
BUG FOUND: YES"
5334,"SE: The user-supplied input is directly concatenated into an SQL query without proper sanitization, making it vulnerable to SQL injection attacks.

BL: `$sql = ""SELECT * FROM users WHERE id = '{$userDTO->id}'"";`

BUG FOUND: YES"
2026,"SE: The user input '$_GET['user_id']' is directly concatenated into SQL query without sanitation, which can lead to SQL injection.
BL: `$sql = ""SELECT * FROM users WHERE id = '{$userDTO->id}'"";`
BUG FOUND: YES"
3668,"SE: The user input '$user_id' is directly concatenated into the SQL query without sanitation, making it vulnerable to SQL injection attacks.
BL: `$sql = ""SELECT * FROM users WHERE id = '$user_id'"";`
BUG FOUND: YES"
2048,"SE: The user input '$_GET['user_id']' is directly concatenated into the SQL query without sanitation, making it vulnerable to SQL injection attacks.

BL: `$sql = ""SELECT * FROM users WHERE id = '{$userDTO->id}'"";`

BUG FOUND: YES"
5302,"SE: The user input 'user_id' is directly concatenated into an SQL query without sanitation, making it vulnerable to SQL injection attacks.

BL: `$sql = ""SELECT * FROM users WHERE id = '{$userDTO->id}'"";`

BUG FOUND: YES"
1318,"Here is the output:

SE: The user input '$user_id' is directly concatenated into the SQL query without sanitation, making it vulnerable to SQL injection attacks.
BL: `$sql = ""SELECT * FROM users WHERE id = '$user_id'"";`
BUG FOUND: YES"
2748,"SE: The input parameter '$input' is directly concatenated into an SQL query without proper sanitization, making it vulnerable to SQL injection attacks.
BL: `$query = $this->pdo->query(""SELECT * FROM payments WHERE transaction_id LIKE '{$identifier}%'"");`
BUG FOUND: YES"
5298,"SE: The user input '$_GET['user_id']' is directly concatenated into the SQL query without sanitation, making it vulnerable to SQL injection attacks.

BL: `$sql = ""SELECT * FROM users WHERE id = '{$userDTO->id}'"";`

BUG FOUND: YES"
2749,"SE: The input parameter '$input' is directly concatenated into an SQL query without proper sanitization, making it vulnerable to SQL injection attacks.

BL: `$query = $this->pdo->query(""SELECT * FROM payments WHERE transaction_id LIKE '{$identifier}%'"");`

BUG FOUND: YES"
2080,"Here is the analysis of the file content:

SE: The user input '$_GET['user_id']' is directly concatenated into an SQL query without sanitation, making it vulnerable to SQL injection attacks.
BL: `$sql = ""SELECT * FROM users WHERE id = '{$userDTO->id}'"";`
BUG FOUND: YES"
3660,"SE: The user input is directly concatenated into an SQL query without sanitation, making it vulnerable to SQL injection attacks.
BL: `$sql = ""SELECT * FROM users WHERE id = '$user_id'"";`
BUG FOUND: YES"
1326,"SE: The user input '$user_id' is directly concatenated into the SQL query without sanitation, making it vulnerable to SQL injection attacks.
BL: `$sql = ""SELECT * FROM users WHERE id = '$user_id'"";`
BUG FOUND: YES"
1304,"SE: The user input '$user_id' is directly concatenated into the SQL query without sanitation, making it vulnerable to SQL injection attacks.
BL: `$sql = ""SELECT * FROM users WHERE id = '$user_id'"";`
BUG FOUND: YES"
3614,"SE: The user input '$user_id' is directly concatenated into the SQL query without sanitation, making it vulnerable to SQL injection attacks.

BL: `$sql = ""SELECT * FROM users WHERE id = '$user_id'"";`

BUG FOUND: YES"
2072,"SE: The user input 'user_id' is directly concatenated into an SQL query without sanitation, making it vulnerable to SQL injection attacks.

BL: `$sql = ""SELECT * FROM users WHERE id = '{$userDTO->id}'"";`

BUG FOUND: YES"
1306,"SE: The user input '$user_id' is directly concatenated into the SQL query without sanitation, making it vulnerable to SQL injection attacks.
BL: `$sql = ""SELECT * FROM users WHERE id = '$user_id'"";`
BUG FOUND: YES"
2762,"SE: The input parameter is directly concatenated into an SQL query without proper sanitization, making it vulnerable to SQL injection attacks.
BL: `$query = $this->pdo->query(""SELECT * FROM payments WHERE transaction_id LIKE '{$identifier}%'"");`
BUG FOUND: YES"
3644,"SE: The user input '$user_id' is directly concatenated into the SQL query without sanitation, making it vulnerable to SQL injection attacks.

BL: `$sql = ""SELECT * FROM users WHERE id = '$user_id'"";`

BUG FOUND: YES"
6984,"SE: The input parameter is directly concatenated into an SQL query without proper sanitization, making it vulnerable to SQL injection attacks.

BL: `$query = $this->pdo->query(""SELECT * FROM payments WHERE transaction_id LIKE '{$identifier}%'"");`

BUG FOUND: YES"
2810,"Here is the output:

SE: The user input is directly concatenated into an SQL query without sanitation, making it vulnerable to SQL injection attacks.
BL: `$query = $this->pdo->query(""SELECT * FROM payments WHERE transaction_id LIKE '{$identifier}%'"");`
BUG FOUND: YES"
5366,"Here is the analysis of the file content:

SE: The user input 'user_id' is directly concatenated into an SQL query without sanitation, making it vulnerable to SQL injection attacks.
BL: `$sql = ""SELECT * FROM users WHERE id = '{$userDTO->id}'"";`
BUG FOUND: YES"
7008,"SE: The input parameter is directly concatenated into an SQL query without proper sanitization, making it vulnerable to SQL injection attacks.
BL: `$query = $this->pdo->query(""SELECT * FROM payments WHERE transaction_id LIKE '{$identifier}%'"");`
BUG FOUND: YES"
6980,"SE: The input parameter is directly concatenated into an SQL query without proper sanitization, making it vulnerable to SQL injection attacks.
BL: `$query = $this->pdo->query(""SELECT * FROM payments WHERE transaction_id LIKE '{$identifier}%'"");`
BUG FOUND: YES"
2040,"Here is the analysis of the file content:

SE: The user input is directly concatenated into an SQL query without sanitation, which can lead to SQL injection vulnerabilities.
BL: `$sql = ""SELECT * FROM users WHERE id = '{$userDTO->id}'"";`
BUG FOUND: YES"
7000,"SE: The input is directly concatenated into an SQL query without sanitation, making it vulnerable to SQL injection attacks.
BL: `$query = $this->pdo->query(""SELECT * FROM payments WHERE transaction_id LIKE '{$identifier}%'"");`
BUG FOUND: YES"
7016,"SE: The input parameter is directly concatenated into an SQL query without proper sanitization, making it vulnerable to SQL injection attacks.

BL: `$query = $this->pdo->query(""SELECT * FROM payments WHERE transaction_id LIKE '{$identifier}%'"");`

BUG FOUND: YES"
3616,"SE: The '$user_id' is directly concatenated into SQL query without sanitation, which can lead to SQL injection.
BL: `$sql = ""SELECT * FROM users WHERE id = '$user_id'"";`
BUG FOUND: YES"
7024,"SE: The input parameter is directly concatenated into an SQL query without proper sanitization, making it vulnerable to SQL injection attacks.
BL: `$query = $this->pdo->query(""SELECT * FROM payments WHERE transaction_id LIKE '{$identifier}%'"");`
BUG FOUND: YES"
3636,"Here is the analysis of the file content:

SE: The user input '$user_id' is directly concatenated into the SQL query without sanitation, making it vulnerable to SQL injection attacks.
BL: `$sql = ""SELECT * FROM users WHERE id = '$user_id'"";`
BUG FOUND: YES"
3620,"Here is the analysis of the file content:

SE: The user input is directly concatenated into an SQL query without sanitation, which can lead to SQL injection attacks.
BL: `$sql = ""SELECT * FROM users WHERE id = '$user_id'"";`
BUG FOUND: YES"
5297,"SE: The user input '$_GET['user_id']' is directly concatenated into an SQL query without sanitation, making it vulnerable to SQL injection attacks.

BL: `$sql = ""SELECT * FROM users WHERE id = '{$userDTO->id}'"";`

BUG FOUND: YES"
6979,"SE: The input parameter '$input' is directly concatenated into the SQL query without proper sanitization, making it vulnerable to SQL injection attacks.

BL: `$query = $this->pdo->query(""SELECT * FROM payments WHERE transaction_id LIKE '{$identifier}%'"");`

BUG FOUND: YES"
5342,"Here is the analysis of the file content:

SE: The user input 'user_id' is directly concatenated into an SQL query without sanitation, making it vulnerable to SQL injection attacks.
BL: `$sql = ""SELECT * FROM users WHERE id = '{$userDTO->id}'"";`
BUG FOUND: YES"
7216,"Here is the analysis of the file content:

SE: The `$input` variable is directly concatenated into the SQL query without sanitation, which may lead to SQL injection vulnerabilities.
BL: `$query = $this->pdo->query(""SELECT * FROM payments WHERE transaction_id LIKE '{$identifier}%'"");`
BUG FOUND: YES"
7032,"Here is the analysis of the file content:

SE: The input parameter `$input` is directly concatenated into an SQL query without sanitation, making it vulnerable to SQL injection attacks.
BL: `$query = $this->pdo->query(""SELECT * FROM payments WHERE transaction_id LIKE '{$identifier}%'"");`
BUG FOUND: YES"
7152,"Here is the analysis of the file content:

SE: The input parameter '$input' is directly concatenated into an SQL query without sanitation, making it vulnerable to SQL injection attacks.
BL: `$query = $this->pdo->query(""SELECT * FROM payments WHERE transaction_id LIKE '{$identifier}%'"");`
BUG FOUND: YES"
2794,"Here is the analysis of the file content:

SE: The input parameter `$input` is directly concatenated into an SQL query without sanitation, which may lead to SQL injection vulnerabilities.
BL: `$query = $this->pdo->query(""SELECT * FROM payments WHERE transaction_id LIKE '{$identifier}%'"");`
BUG FOUND: YES"
7048,"SE: The input parameter '$input' is directly concatenated into the SQL query without sanitation, making it vulnerable to SQL injection attacks.

BL: `$query = $this->pdo->query(""SELECT * FROM payments WHERE transaction_id LIKE '{$identifier}%'"");`

BUG FOUND: YES"
3615,"SE: The '$user_id' is directly concatenated into SQL query without sanitation, which can lead to SQL injection.
BL: `$sql = ""SELECT * FROM users WHERE id = '$user_id'"";`
BUG FOUND: YES"
3652,"SE: The user input '$user_id' is directly concatenated into the SQL query without sanitation, making it vulnerable to SQL injection attacks.

BL: `$sql = ""SELECT * FROM users WHERE id = '$user_id'"";`

BUG FOUND: YES"
7168,"SE: The input parameter is directly concatenated into an SQL query without proper sanitization, making it vulnerable to SQL injection attacks.

BL: `$query = $this->pdo->query(""SELECT * FROM payments WHERE transaction_id LIKE '{$identifier}%'"");`

BUG FOUND: YES"
7040,"SE: The input is directly concatenated into an SQL query without sanitation, making it vulnerable to SQL injection attacks.
BL: `$query = $this->pdo->query(""SELECT * FROM payments WHERE transaction_id LIKE '{$identifier}%'"");`
BUG FOUND: YES"
5350,"SE: The user input 'user_id' is directly concatenated into an SQL query without sanitation, making it vulnerable to SQL injection attacks.
BL: `$sql = ""SELECT * FROM users WHERE id = '{$userDTO->id}'"";`
BUG FOUND: YES"
3628,"SE: The user input '$user_id' is directly concatenated into the SQL query without sanitation, making it vulnerable to SQL injection attacks.
BL: `$sql = ""SELECT * FROM users WHERE id = '$user_id'"";`
BUG FOUND: YES"
5310,"SE: The user input '$_GET['user_id']' is directly concatenated into the SQL query without sanitation, making it vulnerable to SQL injection attacks.

BL: `$sql = ""SELECT * FROM users WHERE id = '{$userDTO->id}'"";`

BUG FOUND: YES"
3684,"Here is the analysis of the file content:

SE: The user input 'user_id' is directly concatenated into an SQL query without sanitation, making it vulnerable to SQL injection attacks.
BL: `$sql = ""SELECT * FROM users WHERE id = '$user_id'"";`
BUG FOUND: YES"
5296,"SE: The user input from $_GET['user_id'] is directly concatenated into the SQL query without proper sanitization, making it vulnerable to SQL injection attacks.

BL: `$sql = ""SELECT * FROM users WHERE id = '{$userDTO->id}'"";`

BUG FOUND: YES"
6978,"SE: The input parameter '$input' is directly concatenated into an SQL query without proper sanitization, making it vulnerable to SQL injection attacks.

BL: `$query = $this->pdo->query(""SELECT * FROM payments WHERE transaction_id LIKE '{$identifier}%'"");`

BUG FOUND: YES"
5462,"Here is the analysis of the file content:

SE: The user input is directly concatenated into an SQL query without sanitation, which can lead to SQL injection vulnerabilities.
BL: `$sql = ""SELECT * FROM users WHERE id = '{$userDTO->id}'"";`
BUG FOUND: YES"
5326,"Here is the analysis of the file content:

SE: The user input '$_GET['user_id']' is directly concatenated into an SQL query without sanitation, making it vulnerable to SQL injection attacks.
BL: `$sql = ""SELECT * FROM users WHERE id = '{$userDTO->id}'"";`
BUG FOUND: YES"
5318,"Here is the analysis of the file content:

SE: The user input '$_GET['user_id']' is directly concatenated into an SQL query without sanitation, making it vulnerable to SQL injection attacks.

BL: `$sql = ""SELECT * FROM users WHERE id = '{$userDTO->id}'"";`

BUG FOUND: YES"
5456,"Here is the analysis of the file content:

SE: The user input `$_GET['user_id']` is directly concatenated into the SQL query without sanitation, making it vulnerable to SQL injection attacks.

BL: `$sql = ""SELECT * FROM users WHERE id = '{$userDTO->id}'"";`

BUG FOUND: YES"
6992,"Here is the analysis of the file content:

SE: The input parameter is directly concatenated into an SQL query without proper sanitization, making it vulnerable to SQL injection attacks.
BL: `$query = $this->pdo->query(""SELECT * FROM payments WHERE transaction_id LIKE '{$identifier}%'"");`
BUG FOUND: YES"
3804,"SE: The user input is directly concatenated into the SQL query without sanitation, making it vulnerable to SQL injection attacks.

BL: `$sql = ""SELECT * FROM users WHERE id = '$user_id'"";`

BUG FOUND: YES"
3796,"SE: The user input '$user_id' is directly concatenated into SQL query without sanitation, which can lead to SQL injection.
BL: `$sql = ""SELECT * FROM users WHERE id = '$user_id'"";`
BUG FOUND: YES"
5494,"SE: The user input is directly concatenated into an SQL query without proper sanitization, making it vulnerable to SQL injection attacks.
BL: `$sql = ""SELECT * FROM users WHERE id = '{$userDTO->id}'"";`
BUG FOUND: YES"
3828,"SE: The user input 'user_id' is directly concatenated into an SQL query without sanitation, making it vulnerable to SQL injection attacks.

BL: `$sql = ""SELECT * FROM users WHERE id = '$user_id'"";`

BUG FOUND: YES"
5502,"SE: The user input is directly concatenated into an SQL query without proper sanitization, making it vulnerable to SQL injection attacks.

BL: `$sql = ""SELECT * FROM users WHERE id = '{$userDTO->id}'"";`

BUG FOUND: YES"
5510,"SE: The user input is directly concatenated into an SQL query without sanitation, which can lead to SQL injection attacks.
BL: `$sql = ""SELECT * FROM users WHERE id = '{$userDTO->id}'"";`
BUG FOUND: YES"
3780,"Here is the analysis of the file content:

SE: The user input '$user_id' is directly concatenated into the SQL query without sanitation, making it vulnerable to SQL injection attacks.

BL: `$sql = ""SELECT * FROM users WHERE id = '$user_id'"";`

BUG FOUND: YES"
5478,"SE: The user input ($_GET['user_id']) is directly concatenated into an SQL query without sanitation, making it vulnerable to SQL injection attacks.

BL: `$sql = ""SELECT * FROM users WHERE id = '{$userDTO->id}'"";`

BUG FOUND: YES"
5457,"SE: The user input 'user_id' is directly concatenated into the SQL query without sanitation, making it vulnerable to SQL injection attacks.

BL: `$sql = ""SELECT * FROM users WHERE id = '{$userDTO->id}'"";`

BUG FOUND: YES"
5458,"Here is the analysis of the file content:

SE: The user input 'user_id' is directly concatenated into an SQL query without sanitation, making it vulnerable to SQL injection attacks.
BL: `$sql = ""SELECT * FROM users WHERE id = '{$userDTO->id}'"";`
BUG FOUND: YES"
5518,"Here is the analysis of the file content:

SE: The user input 'user_id' is directly concatenated into an SQL query without sanitation, making it vulnerable to SQL injection attacks.
BL: `$sql = ""SELECT * FROM users WHERE id = '{$userDTO->id}'"";`
BUG FOUND: YES"
7160,"SE: The input is directly concatenated into an SQL query without proper sanitization, making it vulnerable to SQL injection attacks.

BL: `$query = $this->pdo->query(""SELECT * FROM payments WHERE transaction_id LIKE '{$identifier}%'"");`

BUG FOUND: YES"
3788,"Here is the analysis of the file content:

SE: The user input is directly concatenated into an SQL query without sanitation, which can lead to SQL injection attacks.
BL: `$sql = ""SELECT * FROM users WHERE id = '$user_id'"";`
BUG FOUND: YES"
7139,"Here is the analysis of the file content:

SE: The `$input` variable is directly concatenated into the SQL query without sanitation, making it vulnerable to SQL injection attacks.
BL: `$query = $this->pdo->query(""SELECT * FROM payments WHERE transaction_id LIKE '{$identifier}%'"");`
BUG FOUND: YES"
7176,"Here is the analysis of the file content:

SE: The `getPaymentDetails` method in the `PaymentDataProcessor` class is vulnerable to SQL injection because it directly concatenates the `$input` parameter into the SQL query without proper sanitization or escaping.

BL: `$query = $this->pdo->query(""SELECT * FROM payments WHERE transaction_id LIKE '{$identifier}%'"");`

BUG FOUND: YES"
3820,"SE: The user input is directly concatenated into an SQL query without proper sanitization, making it vulnerable to SQL injection attacks.

BL: `$sql = ""SELECT * FROM users WHERE id = '$user_id'"";`

BUG FOUND: YES"
5534,"SE: The user input is directly concatenated into an SQL query without proper sanitization, which can lead to SQL injection vulnerabilities.

BL: `$sql = ""SELECT * FROM users WHERE id = '{$userDTO->id}'"";`

BUG FOUND: YES"
5526,"SE: The user input 'user_id' is directly concatenated into an SQL query without sanitation, making it vulnerable to SQL injection attacks.

BL: `$sql = ""SELECT * FROM users WHERE id = '{$userDTO->id}'"";`

BUG FOUND: YES"
7208,"SE: The input is directly concatenated into an SQL query without proper sanitization, making it vulnerable to SQL injection attacks.

BL: `$query = $this->pdo->query(""SELECT * FROM payments WHERE transaction_id LIKE '{$identifier}%'"");`

BUG FOUND: YES"
5470,"SE: The user input 'user_id' is directly concatenated into the SQL query without sanitation, making it vulnerable to SQL injection attacks.

BL: `$sql = ""SELECT * FROM users WHERE id = '{$userDTO->id}'"";`

BUG FOUND: YES"
7144,"SE: The input parameter is directly concatenated into an SQL query without proper sanitization, making it vulnerable to SQL injection attacks.

BL: `$query = $this->pdo->query(""SELECT * FROM payments WHERE transaction_id LIKE '{$identifier}%'"");`

BUG FOUND: YES"
7192,"SE: The input is directly concatenated into an SQL query without proper sanitization, making it vulnerable to SQL injection attacks.
BL: `$query = $this->pdo->query(""SELECT * FROM payments WHERE transaction_id LIKE '{$identifier}%'"");`
BUG FOUND: YES"
3775,"Here is the analysis of the file content:

SE: The user input '$user_id' is directly concatenated into an SQL query without sanitation, making it vulnerable to SQL injection attacks.
BL: `$sql = ""SELECT * FROM users WHERE id = '$user_id'"";`
BUG FOUND: YES"
3776,"Here is the analysis of the file content:

SE: The user input '$user_id' is directly concatenated into the SQL query without sanitation, making it vulnerable to SQL injection attacks.
BL: `$sql = ""SELECT * FROM users WHERE id = '$user_id'"";`
BUG FOUND: YES"
5486,"Here is the analysis of the file content:

SE: The user input '$_GET['user_id']' is directly concatenated into an SQL query without sanitation, making it vulnerable to SQL injection attacks.

BL: `$sql = ""SELECT * FROM users WHERE id = '{$userDTO->id}'"";`

BUG FOUND: YES"
3676,"Here is the analysis of the file content:

SE: The user input is directly concatenated into an SQL query without sanitation, which can lead to SQL injection vulnerabilities.
BL: `$sql = ""SELECT * FROM users WHERE id = '$user_id'"";`
BUG FOUND: YES

The line above is vulnerable to SQL injection because the `$user_id` variable is directly concatenated into the SQL query without proper sanitization or escaping. This can allow an attacker to inject malicious SQL code, potentially leading to unauthorized data access or modification.

It's recommended to use prepared statements with parameterized queries to prevent SQL injection vulnerabilities. For example:
```php
$stmt = $mysqli->prepare(""SELECT * FROM users WHERE id = ?"");
$stmt->bind_param(""i"", $user_id);
$stmt->execute();
```
This way, the `$user_id` variable is passed as a parameter to the query, and the database driver will take care of proper escaping and sanitization."
3774,"Here is the analysis of the file content:

SE: The user input '$user_id' is directly concatenated into the SQL query without sanitation, making it vulnerable to SQL injection attacks.

BL: `$sql = ""SELECT * FROM users WHERE id = '$user_id'"";`

BUG FOUND: YES"
3844,"SE: The user input 'user_id' is directly concatenated into an SQL query without sanitation, making it vulnerable to SQL injection attacks.

BL: `$sql = ""SELECT * FROM users WHERE id = '$user_id'"";`

BUG FOUND: YES"
5718,"SE: The SQL query is directly concatenated with user input without proper sanitization, which can lead to SQL injection vulnerabilities.
BL: `$sql = ""SELECT * FROM users WHERE id = '{$userDTO->id}'"";`
BUG FOUND: YES"
7140,"Here is the analysis of the file content:

SE: The input parameter '$input' is directly concatenated into an SQL query without proper sanitization, making it vulnerable to SQL injection attacks.
BL: `$query = $this->pdo->query(""SELECT * FROM payments WHERE transaction_id LIKE '{$identifier}%'"");`
BUG FOUND: YES"
5358,"Here is the analysis of the file content:

SE: The user input is directly concatenated into an SQL query without sanitation, which can lead to SQL injection vulnerabilities.
BL: `$sql = ""SELECT * FROM users WHERE id = '{$userDTO->id}'"";`
BUG FOUND: YES

The line of code above is vulnerable to SQL injection because it directly concatenates the user input (`$userDTO->id`) into the SQL query without proper sanitization or escaping. This can allow an attacker to inject malicious SQL code, potentially leading to unauthorized data access or modification.

It's recommended to use prepared statements with parameterized queries to prevent SQL injection vulnerabilities. For example:
```php
$stmt = $pdo->prepare(""SELECT * FROM users WHERE id = :id"");
$stmt->bindParam("":id"", $userDTO->id);
$stmt->execute();
```
This way, the user input is properly sanitized and escaped, preventing potential SQL injection attacks."
5678,"SE: The user input is directly concatenated into an SQL query without proper sanitization, which can lead to SQL injection vulnerabilities.

BL: `$sql = ""SELECT * FROM users WHERE id = '{$userDTO->id}'"";`

BUG FOUND: YES"
7336,"SE: The input is directly concatenated into an SQL query without proper sanitization, making it vulnerable to SQL injection attacks.
BL: `$query = $this->pdo->query(""SELECT * FROM payments WHERE transaction_id LIKE '{$identifier}%'"");`
BUG FOUND: YES"
5634,"SE: The user input 'user_id' is directly concatenated into an SQL query without sanitation, making it vulnerable to SQL injection attacks.
BL: `$sql = ""SELECT * FROM users WHERE id = '{$userDTO->id}'"";`
BUG FOUND: YES"
7200,"Here is the analysis of the file content:

SE: The input parameter `$input` is directly concatenated into an SQL query without sanitation, making it vulnerable to SQL injection attacks.
BL: `$query = $this->pdo->query(""SELECT * FROM payments WHERE transaction_id LIKE '{$identifier}%'"");`
BUG FOUND: YES"
5686,"SE: The user-supplied input `$_GET['user_id']` is directly concatenated into an SQL query without proper sanitization, making it vulnerable to SQL injection attacks.

BL: `$sql = ""SELECT * FROM users WHERE id = '{$userDTO->id}'"";`

BUG FOUND: YES"
7184,"SE: The input is directly concatenated into an SQL query without proper sanitization, making it vulnerable to SQL injection attacks.
BL: `$query = $this->pdo->query(""SELECT * FROM payments WHERE transaction_id LIKE '{$identifier}%'"");`
BUG FOUND: YES"
7352,"SE: The input parameter is directly concatenated into an SQL query without proper sanitization, making it vulnerable to SQL injection attacks.
BL: `$query = $this->pdo->query(""SELECT * FROM payments WHERE transaction_id LIKE '{$identifier}%'"");`
BUG FOUND: YES"
7138,"Here is the analysis of the file content:

SE: The `$input` variable is directly concatenated into the SQL query without sanitation, which may lead to SQL injection vulnerabilities.
BL: `$query = $this->pdo->query(""SELECT * FROM payments WHERE transaction_id LIKE '{$identifier}%'"");`
BUG FOUND: YES"
3836,"Here is the analysis of the file content:

SE: The user input 'user_id' is directly concatenated into an SQL query without sanitation, making it vulnerable to SQL injection attacks.
BL: `$sql = ""SELECT * FROM users WHERE id = '$user_id'"";`
BUG FOUND: YES"
3812,"SE: The user input is directly concatenated into the SQL query without proper sanitization, making it vulnerable to SQL injection attacks.

BL: `$sql = ""SELECT * FROM users WHERE id = '$user_id'"";`

BUG FOUND: YES"
5670,"Here is the analysis of the file content:

SE: The user input is directly concatenated into an SQL query without proper sanitization, which can lead to SQL injection vulnerabilities.
BL: `$sql = ""SELECT * FROM users WHERE id = '{$userDTO->id}'"";`
BUG FOUND: YES"
5638,"Here is the analysis of the file content:

SE: The user input 'user_id' is directly concatenated into an SQL query without sanitation, which may lead to SQL injection.
BL: `$sql = ""SELECT * FROM users WHERE id = '{$userDTO->id}'"";`
BUG FOUND: YES"
3852,"Here is the analysis of the file content:

SE: The user input is directly concatenated into an SQL query without sanitation, which can lead to SQL injection vulnerabilities.
BL: `$sql = ""SELECT * FROM users WHERE id = '$user_id'"";`
BUG FOUND: YES

The line of code above is vulnerable to SQL injection because the `$user_id` variable is directly concatenated into the SQL query without being sanitized or escaped. This can allow an attacker to inject malicious SQL code, potentially leading to unauthorized access to sensitive data or even complete control over the database.

It's recommended to use prepared statements with parameterized queries to prevent SQL injection vulnerabilities. For example:
```php
$stmt = $mysqli->prepare(""SELECT * FROM users WHERE id = ?"");
$stmt->bind_param(""i"", $user_id);
$stmt->execute();
```
This way, the `$user_id` variable is passed as a parameter to the query, and the database driver will take care of escaping and sanitizing it properly."
3996,"SE: The user input is directly concatenated into SQL query without sanitation, which can lead to SQL injection.
BL: `$sql = ""SELECT * FROM users WHERE id = '$user_id'"";`
BUG FOUND: YES"
3964,"SE: The user input is directly concatenated into an SQL query without proper sanitization, making it vulnerable to SQL injection attacks.
BL: `$sql = ""SELECT * FROM users WHERE id = '$user_id'"";`
BUG FOUND: YES"
5710,"SE: The SQL query is directly concatenated with user input without proper sanitization, which can lead to SQL injection attacks.
BL: `$sql = ""SELECT * FROM users WHERE id = '{$userDTO->id}'"";`
BUG FOUND: YES"
5646,"SE: The user input is directly concatenated into an SQL query without proper sanitization, making it vulnerable to SQL injection attacks.
BL: `$sql = ""SELECT * FROM users WHERE id = '{$userDTO->id}'"";`
BUG FOUND: YES"
3980,"SE: The user input is directly concatenated into SQL query without sanitation, which can lead to SQL injection.
BL: `$sql = ""SELECT * FROM users WHERE id = '$user_id'"";`
BUG FOUND: YES"
4036,"SE: The user input is directly concatenated into SQL query without sanitation, which can lead to SQL injection.
BL: `$sql = ""SELECT * FROM users WHERE id = '$user_id'"";`
BUG FOUND: YES"
5662,"SE: The user input 'user_id' is directly concatenated into SQL query without sanitation, which can lead to SQL injection attacks.

BL: `$sql = ""SELECT * FROM users WHERE id = '{$userDTO->id}'"";`

BUG FOUND: YES"
7376,"SE: The input is directly concatenated into an SQL query without sanitation, which may lead to SQL injection vulnerabilities.
BL: `$query = $this->pdo->query(""SELECT * FROM payments WHERE transaction_id LIKE '{$identifier}%'"");`
BUG FOUND: YES"
5702,"SE: The user input 'user_id' is directly concatenated into an SQL query without sanitation, making it vulnerable to SQL injection attacks.

BL: `$sql = ""SELECT * FROM users WHERE id = '{$userDTO->id}'"";`

BUG FOUND: YES"
7392,"SE: The input is directly concatenated into an SQL query without proper sanitization, making it vulnerable to SQL injection attacks.
BL: `$query = $this->pdo->query(""SELECT * FROM payments WHERE transaction_id LIKE '{$identifier}%'"");`
BUG FOUND: YES"
7400,"Here is the analysis of the file content:

SE: The input is directly concatenated into an SQL query without proper sanitization, which can lead to SQL injection vulnerabilities.
BL: `$query = $this->pdo->query(""SELECT * FROM payments WHERE transaction_id LIKE '{$identifier}%'"");`
BUG FOUND: YES"
3956,"SE: The user input '$user_id' is directly concatenated into SQL query without sanitation, which can lead to SQL injection.
BL: `$sql = ""SELECT * FROM users WHERE id = '$user_id'"";`
BUG FOUND: YES"
7344,"After analyzing the file content, I found a potential bug of type CWE-89 (Improper Neutralization of Special Elements used in an SQL Command ('SQL Injection')).

SE: The `$input` variable is directly concatenated into the SQL query without proper sanitization, which can lead to SQL injection attacks.

BL: `$query = $this->pdo->query(""SELECT * FROM payments WHERE transaction_id LIKE '{$identifier}%'"");`

BUG FOUND: YES"
4004,"SE: The user input is directly concatenated into SQL query without sanitation, which can lead to SQL injection.
BL: `$sql = ""SELECT * FROM users WHERE id = '$user_id'"";`
BUG FOUND: YES"
3988,"SE: The user input is directly concatenated into SQL query without sanitation, which can lead to SQL injection.
BL: `$sql = ""SELECT * FROM users WHERE id = '$user_id'"";`
BUG FOUND: YES"
5654,"SE: The user input is directly concatenated into an SQL query without sanitation, which can lead to SQL injection attacks.
BL: `$sql = ""SELECT * FROM users WHERE id = '{$userDTO->id}'"";`
BUG FOUND: YES"
4020,"SE: The user input is directly concatenated into an SQL query without sanitation, which can lead to SQL injection attacks.
BL: `$sql = ""SELECT * FROM users WHERE id = '$user_id'"";`
BUG FOUND: YES"
4012,"SE: The user input is directly concatenated into an SQL query without sanitation, which can lead to SQL injection attacks.
BL: `$sql = ""SELECT * FROM users WHERE id = '$user_id'"";`
BUG FOUND: YES"
7315,"SE: The input parameter is directly concatenated into an SQL query without proper sanitization, making it vulnerable to SQL injection attacks.
BL: `$query = $this->pdo->query(""SELECT * FROM payments WHERE transaction_id LIKE '{$identifier}%'"");`
BUG FOUND: YES"
4028,"SE: The user input is directly concatenated into the SQL query without proper sanitization, making it vulnerable to SQL injection attacks.
BL: `$sql = ""SELECT * FROM users WHERE id = '$user_id'"";`
BUG FOUND: YES"
3951,"SE: The user input '$user_id' is directly concatenated into SQL query without sanitation, which can lead to SQL injection.
BL: `$sql = ""SELECT * FROM users WHERE id = '$user_id'"";`
BUG FOUND: YES"
7316,"SE: The '$input' is directly concatenated into SQL query without sanitation, which may lead to SQL injection vulnerability.
BL: `$query = $this->pdo->query(""SELECT * FROM payments WHERE transaction_id LIKE '{$identifier}%'"");`
BUG FOUND: YES"
5694,"SE: The SQL query is directly concatenated with user input without sanitation, which can lead to SQL injection attacks.
BL: `$sql = ""SELECT * FROM users WHERE id = '{$userDTO->id}'"";`
BUG FOUND: YES"
7314,"SE: The '$identifier' is directly concatenated into SQL query without sanitation, which may lead to SQL injection vulnerability.
BL: `$query = $this->pdo->query(""SELECT * FROM payments WHERE transaction_id LIKE '{$identifier}%'"");`
BUG FOUND: YES"
5633,"SE: The user input 'user_id' is directly concatenated into an SQL query without proper sanitization, making it vulnerable to SQL injection attacks.
BL: `$sql = ""SELECT * FROM users WHERE id = '{$userDTO->id}'"";`
BUG FOUND: YES"
7320,"SE: The input is directly concatenated into an SQL query without proper sanitization, making it vulnerable to SQL injection attacks.
BL: `$query = $this->pdo->query(""SELECT * FROM payments WHERE transaction_id LIKE '{$identifier}%'"");`
BUG FOUND: YES"
5632,"Here is the analysis of the file content:

SE: The user input `$_GET['user_id']` is directly concatenated into an SQL query without proper sanitization, which may lead to SQL injection vulnerabilities.
BL: `$sql = ""SELECT * FROM users WHERE id = '{$userDTO->id}'"";`
BUG FOUND: YES"
7384,"Here is the analysis of the file content:

SE: The input parameter `$input` is directly concatenated into an SQL query without sanitation, which may lead to SQL injection vulnerabilities.
BL: `$query = $this->pdo->query(""SELECT * FROM payments WHERE transaction_id LIKE '{$identifier}%'"");`
BUG FOUND: YES"
7328,"SE: The input is directly concatenated into an SQL query without proper sanitization, making it vulnerable to SQL injection attacks.
BL: `$query = $this->pdo->query(""SELECT * FROM payments WHERE transaction_id LIKE '{$identifier}%'"");`
BUG FOUND: YES"
3950,"Here is the analysis of the file content:

SE: The user input '$user_id' is directly concatenated into an SQL query without sanitation, which may lead to SQL injection vulnerabilities.
BL: `$sql = ""SELECT * FROM users WHERE id = '$user_id'"";`
BUG FOUND: YES"
3972,"SE: The user input is directly concatenated into an SQL query without sanitation, making it vulnerable to SQL injection attacks.
BL: `$sql = ""SELECT * FROM users WHERE id = '$user_id'"";`
BUG FOUND: YES"
4196,"SE: The user input is directly concatenated into SQL query without sanitation.
BL: `$sql = ""SELECT * FROM users WHERE id = '$user_id'"";`
BUG FOUND: YES"
5830,"SE: The user input is directly concatenated into SQL query without sanitation.
BL: `$sql = ""SELECT * FROM users WHERE id = '{$userDTO->id}'"";`
BUG FOUND: YES"
4236,"SE: The SQL query is directly concatenated with user input without sanitation, which may lead to SQL injection.
BL: `$sql = ""SELECT * FROM users WHERE id = '$user_id'"";`
BUG FOUND: YES"
7592,"SE: The input is directly concatenated into an SQL query without proper sanitization, making it vulnerable to SQL injection attacks.
BL: `$query = $this->pdo->query(""SELECT * FROM payments WHERE transaction_id LIKE '{$identifier}%'"");`
BUG FOUND: YES"
7512,"SE: The input is directly concatenated into an SQL query without proper sanitization, making it vulnerable to SQL injection attacks.
BL: `$query = $this->pdo->query(""SELECT * FROM payments WHERE transaction_id LIKE '{$identifier}%'"");`
BUG FOUND: YES"
5894,"SE: The user input 'user_id' is directly concatenated into an SQL query without sanitation, making it vulnerable to SQL injection attacks.
BL: `$sql = ""SELECT * FROM users WHERE id = '{$userDTO->id}'"";`
BUG FOUND: YES"
7576,"SE: The input is directly concatenated into an SQL query without sanitation, making it vulnerable to SQL injection attacks.
BL: `$query = $this->pdo->query(""SELECT * FROM payments WHERE transaction_id LIKE '{$identifier}%'"");`
BUG FOUND: YES"
7544,"SE: The input parameter is directly concatenated into an SQL query without proper sanitization, which can lead to SQL injection vulnerabilities.
BL: `$query = $this->pdo->query(""SELECT * FROM payments WHERE transaction_id LIKE '{$identifier}%'"");`
BUG FOUND: YES"
4143,"SE: The user input '$user_id' is directly concatenated into SQL query without sanitation, which can lead to SQL injection attacks.
BL: `$sql = ""SELECT * FROM users WHERE id = '$user_id'"";`
BUG FOUND: YES"
7528,"SE: The input is directly concatenated into an SQL query without proper sanitization, making it vulnerable to SQL injection attacks.
BL: `$query = $this->pdo->query(""SELECT * FROM payments WHERE transaction_id LIKE '{$identifier}%'"");`
BUG FOUND: YES"
5886,"SE: The SQL query is directly concatenated with user input without sanitation, which can lead to SQL injection attacks.
BL: `$sql = ""SELECT * FROM users WHERE id = '{$userDTO->id}'"";`
BUG FOUND: YES"
5825,"SE: The user input 'user_id' is directly concatenated into an SQL query without proper sanitization, making it vulnerable to SQL injection attacks.

BL: `$sql = ""SELECT * FROM users WHERE id = '{$userDTO->id}'"";`

BUG FOUND: YES"
7360,"SE: The input is directly concatenated into an SQL query without proper sanitization, which can lead to SQL injection vulnerabilities.
BL: `$query = $this->pdo->query(""SELECT * FROM payments WHERE transaction_id LIKE '{$identifier}%'"");`
BUG FOUND: YES"
5918,"SE: The SQL query is directly concatenated with user input without sanitation, which can lead to SQL injection vulnerabilities.
BL: `$sql = ""SELECT * FROM users WHERE id = '{$userDTO->id}'"";`
BUG FOUND: YES"
7368,"Here is the analysis of the file content:

SE: The input parameter `$input` is directly concatenated into an SQL query without sanitation, which may lead to SQL injection vulnerabilities.
BL: `$query = $this->pdo->query(""SELECT * FROM payments WHERE transaction_id LIKE '{$identifier}%'"");`
BUG FOUND: YES"
7508,"SE: The input is directly concatenated into an SQL query without proper sanitization, making it vulnerable to SQL injection attacks.
BL: `$query = $this->pdo->query(""SELECT * FROM payments WHERE transaction_id LIKE '{$identifier}%'"");`
BUG FOUND: YES"
4148,"SE: The user input '$user_id' is directly concatenated into SQL query without sanitation.
BL: `$sql = ""SELECT * FROM users WHERE id = '$user_id'"";`
BUG FOUND: YES"
5826,"SE: The user input 'user_id' is directly concatenated into an SQL query without sanitation, making it vulnerable to SQL injection attacks.
BL: `$sql = ""SELECT * FROM users WHERE id = '{$userDTO->id}'"";`
BUG FOUND: YES"
5878,"SE: The SQL query is directly concatenated with user input without sanitation, which can lead to SQL injection attacks.
BL: `$sql = ""SELECT * FROM users WHERE id = '{$userDTO->id}'"";`
BUG FOUND: YES"
5862,"SE: The user input is directly concatenated into SQL query without sanitation.
BL: `$sql = ""SELECT * FROM users WHERE id = '{$userDTO->id}'"";`
BUG FOUND: YES"
3952,"Here is the analysis of the file content:

SE: The user input '$user_id' is directly concatenated into the SQL query without sanitation, making it vulnerable to SQL injection attacks.
BL: `$sql = ""SELECT * FROM users WHERE id = '$user_id'"";`
BUG FOUND: YES"
4172,"SE: The user input is directly concatenated into the SQL query without sanitation, making it vulnerable to SQL injection attacks.
BL: `$sql = ""SELECT * FROM users WHERE id = '$user_id'"";`
BUG FOUND: YES"
4164,"SE: The user input '$user_id' is directly concatenated into SQL query without sanitation, which may lead to SQL injection.
BL: `$sql = ""SELECT * FROM users WHERE id = '$user_id'"";`
BUG FOUND: YES"
4220,"SE: The SQL query is directly concatenated with the user input without sanitation, which may lead to SQL injection.
BL: `$sql = ""SELECT * FROM users WHERE id = '$user_id'"";`
BUG FOUND: YES"
4228,"SE: The user input is directly concatenated into SQL query without sanitation.
BL: `$sql = ""SELECT * FROM users WHERE id = '$user_id'"";`
BUG FOUND: YES"
5910,"SE: The user input is directly concatenated into SQL query without sanitation.
BL: `$sql = ""SELECT * FROM users WHERE id = '{$userDTO->id}'"";`
BUG FOUND: YES"
5902,"SE: The SQL query is directly concatenated with user input without sanitation, which can lead to SQL injection attacks.
BL: `$sql = ""SELECT * FROM users WHERE id = '{$userDTO->id}'"";`
BUG FOUND: YES"
4204,"SE: The SQL query is directly concatenated with user input without sanitation, which may lead to SQL injection.
BL: `$sql = ""SELECT * FROM users WHERE id = '$user_id'"";`
BUG FOUND: YES"
4144,"SE: The user input '$user_id' is directly concatenated into SQL query without sanitation, which can lead to SQL injection attacks.
BL: `$sql = ""SELECT * FROM users WHERE id = '$user_id'"";`
BUG FOUND: YES"
7560,"SE: The input is directly concatenated into an SQL query without proper sanitization, making it vulnerable to SQL injection attacks.
BL: `$query = $this->pdo->query(""SELECT * FROM payments WHERE transaction_id LIKE '{$identifier}%'"");`
BUG FOUND: YES"
4156,"Here is the analysis of the file content:

SE: The user input is directly concatenated into an SQL query without sanitation, which may lead to SQL injection vulnerabilities.
BL: `$sql = ""SELECT * FROM users WHERE id = '$user_id'"";`
BUG FOUND: YES"
4142,"SE: The user input '$user_id' is directly concatenated into SQL query without sanitation, which can lead to SQL injection attacks.
BL: `$sql = ""SELECT * FROM users WHERE id = '$user_id'"";`
BUG FOUND: YES"
6134,"SE: The SQL query is directly concatenated with user input without sanitation, which can lead to SQL injection.
BL: `$sql = ""SELECT * FROM users WHERE id = '{$userDTO->id}'"";`
BUG FOUND: YES"
4188,"SE: The SQL query in the code is directly concatenated with the user input without sanitation, which can lead to SQL injection vulnerabilities.
BL: `$sql = ""SELECT * FROM users WHERE id = '$user_id'"";`
BUG FOUND: YES"
7552,"SE: The input is directly concatenated into an SQL query without sanitation, which may lead to SQL injection vulnerabilities.
BL: `$query = $this->pdo->query(""SELECT * FROM payments WHERE transaction_id LIKE '{$identifier}%'"");`
BUG FOUND: YES"
7584,"SE: The input is directly concatenated into an SQL query without proper sanitization, making it vulnerable to SQL injection attacks.
BL: `$query = $this->pdo->query(""SELECT * FROM payments WHERE transaction_id LIKE '{$identifier}%'"");`
BUG FOUND: YES"
5854,"SE: The user input 'user_id' is directly concatenated into the SQL query without sanitation, making it vulnerable to SQL injection attacks.
BL: `$sql = ""SELECT * FROM users WHERE id = '{$userDTO->id}'"";`
BUG FOUND: YES"
7536,"SE: The input parameter is directly concatenated into an SQL query without proper sanitization, making it vulnerable to SQL injection attacks.

BL: `$query = $this->pdo->query(""SELECT * FROM payments WHERE transaction_id LIKE '{$identifier}%'"");`

BUG FOUND: YES"
5838,"Here is the analysis of the file content:

SE: The user input 'user_id' is directly concatenated into an SQL query without sanitation, which may lead to SQL injection vulnerabilities.
BL: `$sql = ""SELECT * FROM users WHERE id = '{$userDTO->id}'"";`
BUG FOUND: YES"
4180,"SE: The user input '$user_id' is directly concatenated into SQL query without sanitation.
BL: `$sql = ""SELECT * FROM users WHERE id = '$user_id'"";`
BUG FOUND: YES"
6070,"SE: The SQL query is directly concatenated with user input without sanitation, which can lead to SQL injection attacks.
BL: `$sql = ""SELECT * FROM users WHERE id = '{$userDTO->id}'"";`
BUG FOUND: YES"
5870,"SE: The user input is directly concatenated into an SQL query without sanitation, which can lead to SQL injection attacks.
BL: `$sql = ""SELECT * FROM users WHERE id = '{$userDTO->id}'"";`
BUG FOUND: YES"
6038,"SE: The user input is directly concatenated into an SQL query without proper sanitization, making it vulnerable to SQL injection attacks.
BL: `$sql = ""SELECT * FROM users WHERE id = '{$userDTO->id}'"";`
BUG FOUND: YES"
7792,"SE: The input is directly concatenated into an SQL query without proper sanitization, making it vulnerable to SQL injection attacks.
BL: `$query = $this->pdo->query(""SELECT * FROM payments WHERE transaction_id LIKE '{$identifier}%'"");`
BUG FOUND: YES"
5846,"SE: The user input is directly concatenated into an SQL query without proper sanitization, making it vulnerable to SQL injection attacks.
BL: `$sql = ""SELECT * FROM users WHERE id = '{$userDTO->id}'"";`
BUG FOUND: YES"
7506,"SE: The input is directly concatenated into an SQL query without proper sanitization, making it vulnerable to SQL injection attacks.
BL: `$query = $this->pdo->query(""SELECT * FROM payments WHERE transaction_id LIKE '{$identifier}%'"");`
BUG FOUND: YES"
7520,"SE: The input is directly concatenated into an SQL query without proper sanitization, making it vulnerable to SQL injection attacks.
BL: `$query = $this->pdo->query(""SELECT * FROM payments WHERE transaction_id LIKE '{$identifier}%'"");`
BUG FOUND: YES"
5824,"SE: The user input 'user_id' is directly concatenated into SQL query without sanitation, which may lead to SQL injection vulnerability.

BL: `$sql = ""SELECT * FROM users WHERE id = '{$userDTO->id}'"";`

BUG FOUND: YES"
7568,"SE: The input is directly concatenated into an SQL query without proper sanitization, making it vulnerable to SQL injection attacks.
BL: `$query = $this->pdo->query(""SELECT * FROM payments WHERE transaction_id LIKE '{$identifier}%'"");`
BUG FOUND: YES"
7507,"SE: The '$input' is directly concatenated into SQL query without sanitation, which may lead to SQL injection vulnerability.
BL: `$query = $this->pdo->query(""SELECT * FROM payments WHERE transaction_id LIKE '{$identifier}%'"");`
BUG FOUND: YES"
4364,"SE: The user input is directly concatenated into an SQL query without sanitation, making it vulnerable to SQL injection attacks.

BL: `$sql = ""SELECT * FROM users WHERE id = '$user_id'"";`

BUG FOUND: YES"
7600,"SE: The input is directly concatenated into an SQL query without proper sanitization, making it vulnerable to SQL injection attacks.
BL: `$query = $this->pdo->query(""SELECT * FROM payments WHERE transaction_id LIKE '{$identifier}%'"");`
BUG FOUND: YES"
4452,"SE: The SQL query is directly concatenated with the user input without sanitation, which can lead to SQL injection.
BL: `$sql = ""SELECT * FROM users WHERE id = '$user_id'"";`
BUG FOUND: YES"
4212,"SE: The user input 'user_id' is directly concatenated into an SQL query without sanitation, making it vulnerable to SQL injection attacks.
BL: `$sql = ""SELECT * FROM users WHERE id = '$user_id'"";`
BUG FOUND: YES"
6102,"Here is the analysis of the file content:

SE: The SQL query in the UserDTO class is directly concatenated with the user_id from the $_GET array without proper sanitization, making it vulnerable to SQL injection attacks.

BL: `$sql = ""SELECT * FROM users WHERE id = '{$userDTO->id}'"";`

BUG FOUND: YES"
7816,"SE: The input is directly concatenated into an SQL query without proper sanitization, making it vulnerable to SQL injection attacks.
BL: `$query = $this->pdo->query(""SELECT * FROM payments WHERE transaction_id LIKE '{$identifier}%'"");`
BUG FOUND: YES"
6094,"Here is the analysis of the file content:

SE: The code is vulnerable to SQL injection in the line where the SQL query is constructed using user input (`$_GET['user_id']`).
BL: `$sql = ""SELECT * FROM users WHERE id = '{$userDTO->id}'"";`
BUG FOUND: YES"
4428,"SE: The user input is directly concatenated into SQL query without sanitation.
BL: `$sql = ""SELECT * FROM users WHERE id = '$user_id'"";`
BUG FOUND: YES"
4356,"SE: The user input '$user_id' is directly concatenated into SQL query without sanitation.
BL: `$sql = ""SELECT * FROM users WHERE id = '$user_id'"";`
BUG FOUND: YES"
4396,"SE: The SQL query is directly concatenated with the user input without sanitation, which can lead to SQL injection attacks.
BL: `$sql = ""SELECT * FROM users WHERE id = '$user_id'"";`
BUG FOUND: YES"
4380,"SE: The user input is directly concatenated into SQL query without sanitation, which can lead to SQL injection.
BL: `$sql = ""SELECT * FROM users WHERE id = '$user_id'"";`
BUG FOUND: YES"
4444,"SE: The SQL query is directly concatenated with the user input without sanitation, which may lead to SQL injection.
BL: `$sql = ""SELECT * FROM users WHERE id = '$user_id'"";`
BUG FOUND: YES"
4404,"SE: The SQL query in the code is directly concatenated with the user input without sanitation, which can lead to SQL injection attacks.

BL: `$sql = ""SELECT * FROM users WHERE id = '$user_id'"";`

BUG FOUND: YES"
6034,"SE: The user input 'user_id' is directly concatenated into SQL query without sanitation, which can lead to SQL injection attacks.
BL: `$sql = ""SELECT * FROM users WHERE id = '{$userDTO->id}'"";`
BUG FOUND: YES"
7752,"SE: The input parameter is directly concatenated into an SQL query without proper sanitization, making it vulnerable to SQL injection attacks.
BL: `$query = $this->pdo->query(""SELECT * FROM payments WHERE transaction_id LIKE '{$identifier}%'"");`
BUG FOUND: YES"
7736,"SE: The input is directly concatenated into an SQL query without proper sanitization, making it vulnerable to SQL injection attacks.
BL: `$query = $this->pdo->query(""SELECT * FROM payments WHERE transaction_id LIKE '{$identifier}%'"");`
BUG FOUND: YES"
6032,"Here is the analysis of the file content:

SE: The user input is directly concatenated into an SQL query without sanitation, which can lead to SQL injection attacks.
BL: `$sql = ""SELECT * FROM users WHERE id = '{$userDTO->id}'"";`
BUG FOUND: YES"
7728,"Here is the analysis of the file content:

SE: The input parameter is directly concatenated into an SQL query without proper sanitization, making it vulnerable to SQL injection attacks.
BL: `$query = $this->pdo->query(""SELECT * FROM payments WHERE transaction_id LIKE '{$identifier}%'"");`
BUG FOUND: YES"
7716,"Here is the analysis of the file content:

SE: The input is directly concatenated into an SQL query without sanitation, making it vulnerable to SQL injection attacks.
BL: `$query = $this->pdo->query(""SELECT * FROM payments WHERE transaction_id LIKE '{$identifier}%'"");`
BUG FOUND: YES"
7768,"Here is the analysis of the file content:

SE: The `getPaymentDetails` method in the `PaymentDataProcessor` class is vulnerable to SQL injection as it directly concatenates the user input into the SQL query without proper sanitization.

BL: `$query = $this->pdo->query(""SELECT * FROM payments WHERE transaction_id LIKE '{$identifier}%'"");`

BUG FOUND: YES"
4388,"SE: The user input is directly concatenated into SQL query without sanitation.
BL: `$sql = ""SELECT * FROM users WHERE id = '$user_id'"";`
BUG FOUND: YES"
4436,"SE: The SQL query is directly concatenated with the user input without sanitation, which may lead to SQL injection.
BL: `$sql = ""SELECT * FROM users WHERE id = '$user_id'"";`
BUG FOUND: YES"
4372,"SE: The user input '$user_id' is directly concatenated into SQL query without sanitation.
BL: `$sql = ""SELECT * FROM users WHERE id = '$user_id'"";`
BUG FOUND: YES"
4352,"SE: The user input is directly concatenated into SQL query without sanitation, which can lead to SQL injection attacks.
BL: `$sql = ""SELECT * FROM users WHERE id = '$user_id'"";`
BUG FOUND: YES"
6054,"SE: The user input 'user_id' is directly concatenated into an SQL query without sanitation.
BL: `$sql = ""SELECT * FROM users WHERE id = '{$userDTO->id}'"";`
BUG FOUND: YES"
6118,"SE: The SQL query is directly concatenated with user input without sanitation, which may lead to SQL injection.
BL: `$sql = ""SELECT * FROM users WHERE id = '{$userDTO->id}'"";`
BUG FOUND: YES"
7715,"Here is the analysis of the file content:

SE: The input parameter '$input' is directly concatenated into an SQL query without sanitation, making it vulnerable to SQL injection attacks.
BL: `$query = $this->pdo->query(""SELECT * FROM payments WHERE transaction_id LIKE '{$identifier}%'"");`
BUG FOUND: YES"
7714,"Here is the analysis of the file content:

SE: The input parameter '$input' is directly concatenated into an SQL query without proper sanitization, which may lead to SQL injection vulnerabilities.
BL: `$query = $this->pdo->query(""SELECT * FROM payments WHERE transaction_id LIKE '{$identifier}%'"");`
BUG FOUND: YES"
4412,"Here is the analysis of the file content:

SE: The SQL query in the `DatabaseConnector` class is directly concatenated with the user input `$user_id` without sanitation, which may lead to SQL injection.

BL: `$sql = ""SELECT * FROM users WHERE id = '$user_id'"";`

BUG FOUND: YES"
6078,"SE: The SQL query is directly concatenated with user input without sanitation, which can lead to SQL injection attacks.
BL: `$sql = ""SELECT * FROM users WHERE id = '{$userDTO->id}'"";`
BUG FOUND: YES"
6110,"SE: The SQL query is directly concatenated with user input without sanitation, which can lead to SQL injection attacks.
BL: `$sql = ""SELECT * FROM users WHERE id = '{$userDTO->id}'"";`
BUG FOUND: YES"
7760,"SE: The input parameter is directly concatenated into an SQL query without proper sanitization, making it vulnerable to SQL injection attacks.
BL: `$query = $this->pdo->query(""SELECT * FROM payments WHERE transaction_id LIKE '{$identifier}%'"");`
BUG FOUND: YES"
7744,"After analyzing the file content, I found a potential bug of type CWE-89 (Improper Neutralization of Special Elements used in an SQL Command ('SQL Injection')).

Here is the output in the expected structure:

SE: The `$input` variable is directly concatenated into an SQL query without proper sanitization, making it vulnerable to SQL injection attacks.
BL: `$query = $this->pdo->query(""SELECT * FROM payments WHERE transaction_id LIKE '{$identifier}%'"");`
BUG FOUND: YES

The vulnerable code is located in the `PaymentDataProcessor` class, specifically in the `getPaymentDetails` method. The `$input` variable is used to construct an SQL query without proper sanitization, making it vulnerable to SQL injection attacks."
4350,"Here is the analysis of the file content:

SE: The user input '$user_id' is directly concatenated into an SQL query without sanitation, making it vulnerable to SQL injection attacks.
BL: `$sql = ""SELECT * FROM users WHERE id = '$user_id'"";`
BUG FOUND: YES"
4351,"Here is the analysis of the file content:

SE: The user input '$user_id' is directly concatenated into an SQL query without sanitation, making it vulnerable to SQL injection attacks.
BL: `$sql = ""SELECT * FROM users WHERE id = '$user_id'"";`
BUG FOUND: YES"
6033,"Here is the analysis of the file content:

SE: The user input 'user_id' is directly concatenated into an SQL query without sanitation, making it vulnerable to SQL injection attacks.
BL: `$sql = ""SELECT * FROM users WHERE id = '{$userDTO->id}'"";`
BUG FOUND: YES"
7720,"SE: The input is directly concatenated into an SQL query without proper sanitization, making it vulnerable to SQL injection attacks.
BL: `$query = $this->pdo->query(""SELECT * FROM payments WHERE transaction_id LIKE '{$identifier}%'"");`
BUG FOUND: YES"
6062,"Here is the analysis of the file content:

SE: The user input is directly concatenated into an SQL query without sanitation, which can lead to SQL injection attacks.
BL: `$sql = ""SELECT * FROM users WHERE id = '{$userDTO->id}'"";`
BUG FOUND: YES"
7808,"Here is the analysis of the file content:

SE: The `getPaymentDetails` method in the `PaymentDataProcessor` class is vulnerable to SQL injection because it directly concatenates the user-input `$input` into the SQL query without proper sanitization or parameterization.

BL: `$query = $this->pdo->query(""SELECT * FROM payments WHERE transaction_id LIKE '{$identifier}%'"");`

BUG FOUND: YES"
7800,"Here is the analysis of the file content:

SE: The `getPaymentDetails` method in the `PaymentDataProcessor` class is vulnerable to SQL injection as it directly concatenates the user input into the SQL query without proper sanitization.

BL: `$query = $this->pdo->query(""SELECT * FROM payments WHERE transaction_id LIKE '{$identifier}%'"");`

BUG FOUND: YES"
7776,"Here is the analysis of the file content:

SE: The `getPaymentDetails` method in the `PaymentDataProcessor` class is vulnerable to SQL injection because it directly concatenates user input into a SQL query without proper sanitization or parameterization.

BL: `$query = $this->pdo->query(""SELECT * FROM payments WHERE transaction_id LIKE '{$identifier}%'"");`

BUG FOUND: YES"
6046,"SE: The user input 'user_id' is directly concatenated into an SQL query without sanitation, making it vulnerable to SQL injection attacks.

BL: `$sql = ""SELECT * FROM users WHERE id = '{$userDTO->id}'"";`

BUG FOUND: YES"
6126,"Here is the analysis of the file content:

SE: The SQL query in the code is vulnerable to SQL injection as it directly concatenates the user input (`$_GET['user_id']`) into the SQL query without proper sanitization.

BL: `$sql = ""SELECT * FROM users WHERE id = '{$userDTO->id}'"";`

BUG FOUND: YES"
6086,"Here is the analysis of the file content:

SE: The SQL query in the code is vulnerable to SQL injection as it directly concatenates the user input (`$_GET['user_id']`) into the SQL query without proper sanitization or parameterization.

BL: `$sql = ""SELECT * FROM users WHERE id = '{$userDTO->id}'"";`

BUG FOUND: YES"
4420,"Here is the analysis of the file content:

SE: The code is vulnerable to SQL injection in the `Refund` class, where the `$user_id` variable is directly concatenated into the SQL query without proper sanitization.

BL: `$sql = ""SELECT * FROM users WHERE id = '$user_id'"";`

BUG FOUND: YES"
12756,"SE: The SQL query is directly concatenated with user input without sanitation, which may lead to SQL injection.
BL: `$sql = ""SELECT * FROM users WHERE id = '{$userDTO->id}'"";`
BUG FOUND: YES"
9621,"SE: The user input '$user_id' is directly concatenated into SQL query without sanitation, which can lead to SQL injection attacks.
BL: `$sql = ""SELECT * FROM users WHERE id = '$user_id'"";`
BUG FOUND: YES"
9634,"SE: The user input '$user_id' is directly concatenated into the SQL query without sanitation, making it vulnerable to SQL injection attacks.

BL: `$sql = ""SELECT * FROM users WHERE id = '$user_id'"";`

BUG FOUND: YES"
12700,"Here is the analysis of the file content:

SE: The SQL query is directly concatenated with user input without proper sanitization, making it vulnerable to SQL injection attacks.
BL: `$sql = ""SELECT * FROM users WHERE id = '{$userDTO->id}'"";`
BUG FOUND: YES"
12664,"SE: The 'user_id' is directly concatenated into SQL query without sanitation.
BL: `$sql = ""SELECT * FROM users WHERE id = '{$userDTO->id}'"";`
BUG FOUND: YES"
12668,"Here is the analysis of the file content:

SE: The SQL query is directly concatenated with user input without sanitation, which may lead to SQL injection.
BL: `$sql = ""SELECT * FROM users WHERE id = '{$userDTO->id}'"";`
BUG FOUND: YES"
7784,"Here is the analysis of the file content:

SE: The input is directly concatenated into an SQL query without sanitation, which may lead to SQL injection vulnerabilities.
BL: `$query = $this->pdo->query(""SELECT * FROM payments WHERE transaction_id LIKE '{$identifier}%'"");`
BUG FOUND: YES

Explanation: In the `PaymentDataProcessor` class, the `getPaymentDetails` method constructs an SQL query using user input (`$identifier`) without proper sanitation. This can lead to SQL injection attacks, where an attacker can inject malicious SQL code to access or modify sensitive data.

It's recommended to use prepared statements with parameterized queries to prevent SQL injection vulnerabilities. For example:
```php
$stmt = $this->pdo->prepare(""SELECT * FROM payments WHERE transaction_id LIKE :identifier"");
$stmt->bindParam("":identifier"", $identifier);
$stmt->execute();
```
This way, the input is properly sanitized and the risk of SQL injection is mitigated."
9650,"SE: The user input '$user_id' is directly concatenated into SQL query without sanitation, which can lead to SQL injection.
BL: `$sql = ""SELECT * FROM users WHERE id = '$user_id'"";`
BUG FOUND: YES"
12740,"Here is the analysis of the file content:

SE: The SQL query in the code is vulnerable to SQL injection as it directly concatenates the user input (`$_GET['user_id']`) into the SQL query without proper sanitization.

BL: `$sql = ""SELECT * FROM users WHERE id = '{$userDTO->id}'"";`

BUG FOUND: YES"
12764,"SE: The SQL query is directly concatenated with user input without proper sanitization, making it vulnerable to SQL injection attacks.
BL: `$sql = ""SELECT * FROM users WHERE id = '{$userDTO->id}'"";`
BUG FOUND: YES"
12676,"SE: The user input 'user_id' is directly concatenated into an SQL query without sanitation, making it vulnerable to SQL injection attacks.

BL: `$sql = ""SELECT * FROM users WHERE id = '{$userDTO->id}'"";`

BUG FOUND: YES"
9620,"Here is the analysis of the file content:

SE: The user input is directly concatenated into an SQL query without sanitation, making it vulnerable to SQL injection attacks.
BL: `$sql = ""SELECT * FROM users WHERE id = '$user_id'"";`
BUG FOUND: YES"
15742,"SE: The input parameter is directly concatenated into an SQL query without proper sanitization, making it vulnerable to SQL injection attacks.
BL: `$query = $this->pdo->query(""SELECT * FROM payments WHERE transaction_id LIKE '{$identifier}%'"");`
BUG FOUND: YES"
12663,"Here is the analysis of the file content:

SE: The 'user_id' is directly concatenated into an SQL query without sanitation, which may lead to SQL injection vulnerabilities.
BL: `$sql = ""SELECT * FROM users WHERE id = '{$userDTO->id}'"";`
BUG FOUND: YES"
15705,"Here is the analysis of the file content:

SE: The input parameter '$paymentInput' is directly concatenated into an SQL query without sanitation, which may lead to SQL injection vulnerabilities.
BL: `$query = $this->pdo->query(""SELECT * FROM payments WHERE transaction_id LIKE '{$identifier}%'"");`
BUG FOUND: YES"
12772,"Here is the analysis of the file content:

SE: The code is vulnerable to SQL injection in the `UserDTO` class, where the `id` parameter is directly concatenated into the SQL query without proper sanitization or escaping.

BL: `$sql = ""SELECT * FROM users WHERE id = '{$userDTO->id}'"";`

BUG FOUND: YES"
9706,"Here is the analysis of the file content:

SE: The SQL query in the `Shipment` class is directly concatenated with the user input `$user_id` without sanitation, which may lead to SQL injection vulnerabilities.

BL: `$sql = ""SELECT * FROM users WHERE id = '$user_id'"";`

BUG FOUND: YES"
15734,"After analyzing the file content, I found one potential bug of type CWE-89 (Improper Neutralization of Special Elements used in an SQL Command ('SQL Injection')):

SE: The `$input` variable is directly concatenated into an SQL query without proper sanitization, making it vulnerable to SQL injection attacks.
BL: `$query = $this->pdo->query(""SELECT * FROM payments WHERE transaction_id LIKE '{$identifier}%'"");` in the `getPaymentDetails` method of the `PaymentDataProcessor` class.
BUG FOUND: YES"
9698,"Here is the analysis of the file content:

SE: The SQL query in the code is vulnerable to SQL injection as it directly concatenates the user input (`$user_id`) into the SQL query without proper sanitization or parameterization.

BL: `$sql = ""SELECT * FROM users WHERE id = '$user_id'"";`

BUG FOUND: YES"
9626,"Here is the analysis of the file content:

SE: The SQL query is directly concatenated with the user input without sanitation, which may lead to SQL injection.
BL: `$sql = ""SELECT * FROM users WHERE id = '$user_id'"";`
BUG FOUND: YES"
15782,"Here is the analysis of the file content:

SE: The `PaymentDataProcessor` class has a method `getPaymentDetails` that uses a user-input `transaction_id` to construct a SQL query without proper sanitization, making it vulnerable to SQL injection attacks.

BL: `$query = $this->pdo->query(""SELECT * FROM payments WHERE transaction_id LIKE '{$identifier}%'"");`

BUG FOUND: YES"
15790,"After analyzing the provided file content, I found a potential SQL injection vulnerability in the `PaymentDataProcessor` class.

**SE:** The `$input` variable is directly concatenated into the SQL query without proper sanitization, making it vulnerable to SQL injection attacks.

**BL:** `$query = $this->pdo->query(""SELECT * FROM payments WHERE transaction_id LIKE '{$identifier}%'"");`

**BUG FOUND:** YES"
15718,"SE: The input is directly concatenated into an SQL query without proper sanitization, making it vulnerable to SQL injection attacks.
BL: `$query = $this->pdo->query(""SELECT * FROM payments WHERE transaction_id LIKE '{$identifier}%'"");`
BUG FOUND: YES"
15710,"After analyzing the file content, I found a potential bug of type CWE-89 (Improper Neutralization of Special Elements used in an SQL Command ('SQL Injection')).

Here is the output in the expected format:

SE: The '$identifier' is directly concatenated into an SQL query without sanitation.
BL: `$query = $this->pdo->query(""SELECT * FROM payments WHERE transaction_id LIKE '{$identifier}%'"");`
BUG FOUND: YES

The bug is in the `getPaymentDetails` method of the `PaymentDataProcessor` class. The `$identifier` variable is directly concatenated into an SQL query without proper sanitation, making it vulnerable to SQL injection attacks."
9622,"SE: The user input is directly concatenated into an SQL query without sanitation, making it vulnerable to SQL injection attacks.
BL: `$sql = ""SELECT * FROM users WHERE id = '$user_id'"";`
BUG FOUND: YES"
12692,"Here is the analysis of the file content:

SE: The 'user_id' is directly concatenated into an SQL query without sanitation, which may lead to SQL injection.
BL: `$sql = ""SELECT * FROM users WHERE id = '{$userDTO->id}'"";`
BUG FOUND: YES"
9714,"After analyzing the provided PHP code, I found a potential SQL injection vulnerability in the following line:

```php
$sql = ""SELECT * FROM users WHERE id = '$user_id'"";
```

The variable `$user_id` is directly concatenated into the SQL query without proper sanitization or escaping, which makes it vulnerable to SQL injection attacks.

Here's the output in the expected format:

SE: The '$user_id' variable is directly concatenated into the SQL query without proper sanitization or escaping.
BL: `$sql = ""SELECT * FROM users WHERE id = '$user_id'"";`
BUG FOUND: YES"
9722,"After analyzing the provided file content, I found a potential SQL injection vulnerability in the following line:

```
$sql = ""SELECT * FROM users WHERE id = '$user_id'"";
```

The variable `$user_id` is directly concatenated into the SQL query without proper sanitization or escaping, which makes it vulnerable to SQL injection attacks.

Here's the output in the expected format:

SE: The '$user_id' is directly concatenated into the SQL query without proper sanitization or escaping.
BL: `$sql = ""SELECT * FROM users WHERE id = '$user_id'"";`
BUG FOUND: YES"
12748,"Here is the analysis of the file content:

SE: The SQL query in the code is vulnerable to SQL injection as it directly concatenates the user input (`$_GET['user_id']`) into the SQL query without proper sanitization or parameterization.

BL: `$sql = ""SELECT * FROM users WHERE id = '{$userDTO->id}'"";`

BUG FOUND: YES"
12662,"Here is the analysis of the file content:

SE: The 'user_id' is directly concatenated into an SQL query without sanitation, which may lead to SQL injection vulnerabilities.
BL: `$sql = ""SELECT * FROM users WHERE id = '{$userDTO->id}'"";`
BUG FOUND: YES"
9658,"SE: The user input is directly concatenated into an SQL query without sanitation, making it vulnerable to SQL injection attacks.
BL: `$sql = ""SELECT * FROM users WHERE id = '$user_id'"";`
BUG FOUND: YES"
9666,"After analyzing the file content, I found a potential SQL injection vulnerability in the following line:

`$sql = ""SELECT * FROM users WHERE id = '$user_id'"";`

The issue is that the `$user_id` variable is not properly sanitized or escaped, which could allow an attacker to inject malicious SQL code.

Here's the output in the expected format:

SE: The `$user_id` variable is directly concatenated into the SQL query without sanitation.
BL: `$sql = ""SELECT * FROM users WHERE id = '$user_id'"";`
BUG FOUND: YES"
15726,"After analyzing the file content, I found one potential line that may contain a bug of type CWE-89 (Improper Neutralization of Special Elements used in an SQL Command ('SQL Injection')):

SE: The '$input' is directly concatenated into an SQL query without proper sanitization.
BL: `$query = $this->pdo->query(""SELECT * FROM payments WHERE transaction_id LIKE '{$identifier}%'"");`
BUG FOUND: YES

In the `PaymentDataProcessor` class, the `getPaymentDetails` method constructs an SQL query using user-input data (`$input`) without proper sanitization, which makes it vulnerable to SQL injection attacks. An attacker could inject malicious SQL code to access or modify sensitive data.

To fix this vulnerability, you should use prepared statements with parameterized queries to ensure that user-input data is properly sanitized and escaped. For example:
```php
$stmt = $this->pdo->prepare(""SELECT * FROM payments WHERE transaction_id LIKE :identifier%"");
$stmt->bindParam(':identifier', $identifier);
$stmt->execute();
```
This way, the PDO driver will take care of escaping and sanitizing the user-input data, preventing SQL injection attacks."
9730,"After analyzing the file content, I found a potential SQL injection vulnerability in the following line:

`$sql = ""SELECT * FROM users WHERE id = '$user_id'"";`

The issue is that the `$user_id` variable is directly concatenated into the SQL query without proper sanitization or escaping. This can allow an attacker to inject malicious SQL code by manipulating the `user_id` parameter.

Here's the output in the expected format:

SE: The 'user_id' is directly concatenated into the SQL query without sanitization.
BL: `$sql = ""SELECT * FROM users WHERE id = '$user_id'"";`
BUG FOUND: YES"
15798,"Here is the analysis of the file content:

SE: The `getPaymentDetails` method in the `PaymentDataProcessor` class is vulnerable to SQL injection as it directly concatenates user input into the SQL query without proper sanitization.

BL: `$query = $this->pdo->query(""SELECT * FROM payments WHERE transaction_id LIKE '{$identifier}%'"");`

BUG FOUND: YES"
12708,"SE: The SQL query is directly concatenated with user input without sanitation, which can lead to SQL injection attacks.
BL: `$sql = ""SELECT * FROM users WHERE id = '{$userDTO->id}'"";`
BUG FOUND: YES"
15814,"SE: The SQL query in the `getPaymentDetails` method of the `PaymentDataProcessor` class is vulnerable to SQL injection because it directly concatenates user input into the query string without proper sanitization or parameterization.

BL: `$query = $this->pdo->query(""SELECT * FROM payments WHERE transaction_id LIKE '{$identifier}%'"");`

BUG FOUND: YES"
15766,"Here is the analysis of the file content:

SE: The input is directly concatenated into an SQL query without sanitation, making it vulnerable to SQL injection attacks.
BL: `$query = $this->pdo->query(""SELECT * FROM payments WHERE transaction_id LIKE '{$identifier}%'"");`
BUG FOUND: YES

The line of code above is vulnerable to SQL injection attacks because the `$identifier` variable is directly concatenated into the SQL query without being sanitized or parameterized. This allows an attacker to inject malicious SQL code, potentially leading to unauthorized data access or modification.

It's recommended to use prepared statements with parameterized queries to prevent SQL injection attacks. For example:
```php
$stmt = $this->pdo->prepare(""SELECT * FROM payments WHERE transaction_id LIKE :identifier"");
$stmt->bindParam(':identifier', $identifier);
$stmt->execute();
```
This way, the input is safely escaped and cannot be used to inject malicious SQL code."
15706,"Here is the analysis of the file content:

SE: The 'user_input' is directly concatenated into SQL query without sanitation.
BL: `$query = $this->pdo->query(""SELECT * FROM payments WHERE transaction_id LIKE '{$identifier}%'"");`
BUG FOUND: YES

The line of code above is vulnerable to SQL injection because the `$identifier` variable is directly concatenated into the SQL query without proper sanitation. This can allow an attacker to inject malicious SQL code, potentially leading to unauthorized data access or modification.

It's recommended to use prepared statements with parameterized queries to prevent SQL injection attacks. For example:
```php
$stmt = $this->pdo->prepare(""SELECT * FROM payments WHERE transaction_id LIKE :identifier"");
$stmt->bindParam(':identifier', $identifier);
$stmt->execute();
```
This way, the `$identifier` variable is treated as a parameter, and the PDO driver will take care of properly escaping and quoting it to prevent SQL injection attacks."
15806,"Here is the analysis of the file content:

SE: The `getPaymentDetails` method in the `PaymentDataProcessor` class is vulnerable to SQL injection because it directly concatenates user input into the SQL query without proper sanitization or parameterization.

BL: `$query = $this->pdo->query(""SELECT * FROM payments WHERE transaction_id LIKE '{$identifier}%'"");`

BUG FOUND: YES"
9682,"After analyzing the file content, I found one potential line that may contain a bug of type CWE-89 (Improper Neutralization of Special Elements used in an SQL Command ('SQL Injection')):

SE: The user input '$user_id' is directly concatenated into the SQL query without sanitation.
BL: `$sql = ""SELECT * FROM users WHERE id = '$user_id'"";`
BUG FOUND: YES

This line is vulnerable to SQL injection because the user input `$user_id` is not properly sanitized or escaped before being used in the SQL query. An attacker could inject malicious SQL code by manipulating the `$user_id` variable, potentially leading to unauthorized data access or modification.

Note that there may be other potential security vulnerabilities in the code, but this is the only one I found related to SQL injection."
12732,"After analyzing the file content, I found one potential line that may contain a bug of type CWE-89 (Improper Neutralization of Special Elements used in an SQL Command ('SQL Injection')):

SE: The user input 'user_id' is directly concatenated into an SQL query without proper sanitization.
BL: `$sql = ""SELECT * FROM users WHERE id = '{$userDTO->id}'"";`
BUG FOUND: YES

The issue is that the `$userDTO->id` is not properly sanitized before being used in the SQL query, which makes it vulnerable to SQL injection attacks. An attacker could inject malicious SQL code by manipulating the `user_id` parameter.

To fix this issue, you should use prepared statements with parameterized queries to prevent SQL injection. For example:
```php
$stmt = $pdo->prepare(""SELECT * FROM users WHERE id = :user_id"");
$stmt->bindParam("":user_id"", $userDTO->id);
$stmt->execute();
```
This way, the `user_id` parameter is properly sanitized and cannot be used to inject malicious SQL code."
12684,"After analyzing the file content, I found one potential line that may contain a bug of type CWE-89 (Improper Neutralization of Special Elements used in an SQL Command ('SQL Injection')):

SE: The user input 'user_id' is directly concatenated into the SQL query without proper sanitization.
BL: `$sql = ""SELECT * FROM users WHERE id = '{$userDTO->id}'"";`
BUG FOUND: YES

This line is vulnerable to SQL injection because the user input `$_GET['user_id']` is directly concatenated into the SQL query without proper sanitization or escaping. An attacker could inject malicious SQL code by manipulating the `user_id` parameter, potentially leading to unauthorized data access or modification.

It's recommended to use prepared statements with parameterized queries to prevent SQL injection vulnerabilities. For example:
```php
$stmt = $pdo->prepare(""SELECT * FROM users WHERE id = :user_id"");
$stmt->bindParam("":user_id"", $userDTO->id);
$stmt->execute();
```
This approach helps to separate the SQL code from the user input, reducing the risk of SQL injection attacks."
15758,"After analyzing the file content, I found one potential bug of type CWE-89 (Improper Neutralization of Special Elements used in an SQL Command ('SQL Injection')).

Here is the output in the expected format:

SE: The input parameter is directly concatenated into an SQL query without proper sanitization, making it vulnerable to SQL injection attacks.
BL: `$query = $this->pdo->query(""SELECT * FROM payments WHERE transaction_id LIKE '{$identifier}%'"");`
BUG FOUND: YES"
12904,"Here is the analysis of the file content:

SE: The 'user_id' is directly concatenated into an SQL query without sanitation, which may lead to SQL injection.
BL: `$sql = ""SELECT * FROM users WHERE id = '{$userDTO->id}'"";`
BUG FOUND: YES"
9642,"After analyzing the file content, I found one potential line that may contain a bug of type CWE-89 (Improper Neutralization of Special Elements used in an SQL Command ('SQL Injection')):

SE: The user input '$user_id' is directly concatenated into the SQL query without proper sanitization.
BL: `$sql = ""SELECT * FROM users WHERE id = '$user_id'"";`
BUG FOUND: YES

This line is vulnerable to SQL injection because the user input `$user_id` is not properly sanitized or escaped before being used in the SQL query. An attacker could inject malicious SQL code by manipulating the `$user_id` variable, potentially leading to unauthorized data access or modification.

It's recommended to use prepared statements or parameterized queries to prevent SQL injection vulnerabilities. For example:
```php
$stmt = $mysqli->prepare(""SELECT * FROM users WHERE id = ?"");
$stmt->bind_param(""i"", $user_id);
$stmt->execute();
```
This approach helps to separate the SQL code from the user input, reducing the risk of SQL injection attacks."
15974,"After analyzing the provided PHP code, I found one potential SQL injection vulnerability:

SE: The input parameter '$input' is directly concatenated into the SQL query without proper sanitization, making it vulnerable to SQL injection attacks.

BL: `$query = $this->pdo->query(""SELECT * FROM payments WHERE transaction_id LIKE '{$identifier}%'"");`

BUG FOUND: YES"
9674,"After analyzing the provided file content, I found a potential SQL injection vulnerability in the following line:

`$sql = ""SELECT * FROM users WHERE id = '$user_id'"";`

The issue is that the `$user_id` variable is directly concatenated into the SQL query without proper sanitization or escaping. This can allow an attacker to inject malicious SQL code by manipulating the `user_id` parameter.

To fix this vulnerability, it's recommended to use prepared statements with parameterized queries, like this:

```php
$stmt = $mysqli->prepare(""SELECT * FROM users WHERE id = ?"");
$stmt->bind_param(""i"", $user_id);
$stmt->execute();
```

By using a prepared statement, the database driver will automatically escape and sanitize the input, preventing SQL injection attacks.

No other potential vulnerabilities of type CWE-89 (Improper Neutralization of Special Elements used in an SQL Command ('SQL Injection')) were found in the provided code.

Output:

SE: The '$user_id' is directly concatenated into the SQL query without proper sanitization or escaping.
BL: `$sql = ""SELECT * FROM users WHERE id = '$user_id'"";`
BUG FOUND: YES"
15946,"Here is the analysis of the file content:

SE: The 'user_input' is directly concatenated into SQL query without sanitation, which may lead to SQL injection vulnerability.

BL: `$query = $this->pdo->query(""SELECT * FROM payments WHERE transaction_id LIKE '{$identifier}%'"");`

BUG FOUND: YES"
15750,"After analyzing the file content, I found a potential bug of type CWE-89 (Improper Neutralization of Special Elements used in an SQL Command ('SQL Injection')) in the following line:

`$query = $this->pdo->query(""SELECT * FROM payments WHERE transaction_id LIKE '{$identifier}%'"");`

The issue is that the `$identifier` variable is not properly sanitized before being used in the SQL query, which makes it vulnerable to SQL injection attacks. An attacker could inject malicious SQL code by manipulating the `$identifier` variable.

Here is the output in the expected format:

SE: The `$identifier` variable is not properly sanitized before being used in the SQL query, making it vulnerable to SQL injection attacks.
BL: `$query = $this->pdo->query(""SELECT * FROM payments WHERE transaction_id LIKE '{$identifier}%'"");`
BUG FOUND: YES"
12724,"Here is the analysis of the file content:

SE: The code is vulnerable to SQL injection in the line where the SQL query is constructed with user input.
BL: `$sql = ""SELECT * FROM users WHERE id = '{$userDTO->id}'"";`
BUG FOUND: YES

Explanation: The `$userDTO->id` is directly concatenated into the SQL query without proper sanitization, making it vulnerable to SQL injection attacks. An attacker could inject malicious SQL code by manipulating the `user_id` parameter.

Note: There are no other instances of CWE-89 (SQL Injection) in the provided code. However, it's essential to review the entire codebase to ensure that all user inputs are properly sanitized and validated to prevent SQL injection vulnerabilities."
15704,"Here is the analysis of the file content:

SE: The 'user_input' is directly concatenated into SQL query without sanitation.
BL: `$query = $this->pdo->query(""SELECT * FROM payments WHERE transaction_id LIKE '{$identifier}%'"");`
BUG FOUND: YES

The line of code above is vulnerable to SQL injection. The `$identifier` variable is not sanitized or escaped, which allows an attacker to inject malicious SQL code. This can lead to unauthorized access to sensitive data, modification of data, or even complete system compromise.

To fix this vulnerability, you should use prepared statements with parameterized queries, like this:
```php
$stmt = $this->pdo->prepare(""SELECT * FROM payments WHERE transaction_id LIKE :identifier"");
$stmt->bindParam(':identifier', $identifier);
$stmt->execute();
```
This way, the `$identifier` variable is safely passed as a parameter to the query, preventing SQL injection attacks."
15945,"Here is the analysis of the file content:

SE: The '"
16046,"Here is the analysis of the file content:

**SE:** The `PaymentDataProcessor` class has a SQL injection vulnerability in the `getPaymentDetails` method, where the `$input` parameter is directly concatenated into the SQL query without proper sanitization.

**BL:** `$query = $this->pdo->query(""SELECT * FROM payments WHERE transaction_id LIKE '{$identifier}%'"");"
15774,"After analyzing the file content, I found one potential line that may contain a bug of type CWE-89 (Improper Neutralization of Special Elements used in an SQL Command ('SQL Injection')):

SE: The input parameter '$input' is directly concatenated into an SQL query without proper sanitization.
BL: `$query = $this->pdo->query(""SELECT * FROM payments WHERE transaction_id LIKE '{$identifier}%'"");`
BUG FOUND: YES

In the `PaymentDataProcessor` class, the `getPaymentDetails` method constructs an SQL query using user-input data (`$input`) without proper sanitization or escaping. This can lead to SQL injection vulnerabilities, allowing an attacker to inject malicious SQL code and potentially access sensitive data.

To fix this issue, consider using prepared statements with parameterized queries to ensure that user-input data is properly sanitized and escaped. For example:
```php
$stmt = $this->pdo->prepare(""SELECT * FROM payments WHERE transaction_id LIKE :identifier%"");
$stmt->bindParam(':identifier', $identifier);
$stmt->execute();
```
This approach helps prevent SQL injection attacks by separating the SQL code from the user-input data."
12716,"After analyzing the provided file content, I found one potential line that may contain a bug of type CWE-89 (Improper Neutralization of Special Elements used in an SQL Command ('SQL Injection')):

SE: The user input 'user_id' is directly concatenated into an SQL query without proper sanitization.
BL: `$sql = ""SELECT * FROM users WHERE id = '{$userDTO->id}'"";`
BUG FOUND: YES

The issue is in the line where the SQL query is constructed using the user-provided 'user_id' without proper sanitization or escaping. This can lead to SQL injection attacks if an attacker provides a malicious input.

It's recommended to use prepared statements with parameterized queries to prevent SQL injection vulnerabilities. For example:
```php
$stmt = $pdo->prepare(""SELECT * FROM users WHERE id = :user_id"");
$stmt->bindParam("":user_id"", $userDTO->id);
$stmt->execute();
```
This way, the input is properly sanitized and escaped, preventing potential SQL injection attacks."
9690,"After analyzing the provided file content, I found a potential SQL injection vulnerability in the following line:

```php
$sql = ""SELECT * FROM users WHERE id = '$user_id'"";
```

The variable `$user_id` is directly concatenated into the SQL query without proper sanitization or escaping, which makes it vulnerable to SQL injection attacks. An attacker could inject malicious SQL code by manipulating the `user_id` parameter.

To fix this vulnerability, you should use prepared statements with parameterized queries, like this:

```php
$stmt = $mysqli->prepare(""SELECT * FROM users WHERE id = ?"");
$stmt->bind_param(""i"", $user_id);
$stmt->execute();
```

This way, the `$user_id` variable is treated as a separate parameter, and the database driver will take care of escaping and sanitizing it properly.

Here is the output in the expected format:

SE: The 'user_id' is directly concatenated into the SQL query without proper sanitization or escaping.
BL: `$sql = ""SELECT * FROM users WHERE id = '$user_id'"";`
BUG FOUND: YES"
9862,"Here is the analysis of the file content:

SE: The user input is directly concatenated into an SQL query without sanitation, which can lead to SQL injection attacks.
BL: `$sql = ""SELECT * FROM"
