file_id,prompt,model_output,model
19,"Analyze the file content below and tell me if there's any line that may contain a bug of type CWE-89 (Improper Neutralization of Special Elements used in an SQL Command ('SQL Injection')). Your output must adhere to the following structure.

Expected Output Structure:
SE: very Short Explanation of why the line may contain a bug of given type (e.g., The 'user_input' is directly concatenated into HTML content without sanitation).
BL: the Bugged Line, if any is found, else none (e.g., `response = ""<html><body><h1>Welcome, "" + user_input + ""!</h1></body></html>""`).
BUG FOUND: YES if a bug is found, else NO.

Example output:
SE: The 'user_input' is directly concatenated into HTML content without sanitation.
BL: `response = ""<html><body><h1>Welcome, "" + user_input + ""!</h1></body></html>""`
BUG FOUND: YES

File Content:
<?php
public function column_custom_fields($item)
{
    $customFields = unserialize($item['custom_fields']);

    if (is_array($customFields)) {
        foreach ($customFields as $key => $value) {
            printf('<div class=""wpsms-custom-field""><strong>%s</strong>: %s</div>', $key, $value);
        }
    }
}
public function column_cb($item)
{
    return sprintf(
        '<input type=""checkbox"" name=""%1$s[]"" value=""%2$s"" />',
        /*$1%s*/
        $this->_args['singular'],  //Let's simply repurpose the table's singular label (""movie"")
        /*$2%s*/
        $item['ID']                //The value of the checkbox should be the record's id
    );
}
public function get_bulk_actions()
{
    $actions = ['bulk_delete' => __('Delete', 'wp-sms')];

    $groups = $this->db->get_results(""SELECT * FROM `{$this->tb_prefix}sms_subscribes_group`"", ARRAY_A);
    if (count($groups)) {
        foreach ($groups as $value) {
            $actions['move_to_' . $value['ID']] = sprintf(__('Move to «%s»', 'wp-sms'), $value['name']);
        }
    }
    return $actions;
}
/**
 * Usort Function
 *
 * @param $a
 * @param $b
 *
 * @return array
 */
public function usort_reorder($a, $b)
{
    $orderby = (!empty($_REQUEST['orderby'])) ? sanitize_text_field($_REQUEST['orderby']) : 'date'; //If no sort, default to sender
    $order   = (!empty($_REQUEST['order'])) ? sanitize_text_field($_REQUEST['order']) : 'desc'; //If no order, default to asc
    $result  = strcmp($a[$orderby], $b[$orderby]); //Determine sort order

    return ($order === 'asc') ? $result : -$result; //Send final sort direction to usort
}
public function mobile_or_country_query($where)
{
    if (isset($_GET['group_id']) && $_GET['group_id']) {
        $group_id = sanitize_text_field($_GET['group_id']);
        $where = ""WHERE group_ID = {$group_id}"";
    }

    if (isset($_GET['country_code']) && $_GET['country_code']) {
        $country_code = sanitize_text_field($_GET['country_code']);
        if ($where) {
            $where .= "" AND mobile LIKE '{$country_code}%'"";
        } else {
            $where = ""WHERE mobile LIKE '{$country_code}%'"";
        }
    }
    return $where;
}
public function column_default($item, $column_name)
{
    switch ($column_name) {
        case 'name':
        case 'mobile':
            return wp_sms_render_quick_reply($item['mobile']);
        case 'activate_key':
            return $item[$column_name];

        case 'group_ID':
            $group = Newsletter::getGroup($item[$column_name]);
            if ($group) {
                return $group->name;
            } else {
                return '-';
            }

        case 'date':
            return sprintf(__('%s <span class=""wpsms-time"">%s</span>', 'wp-sms'), date_i18n('Y-m-d', strtotime($item[$column_name])), date_i18n('H:i', strtotime($item[$column_name])));

        default:
            return print_r($item, true); //Show the whole array for troubleshooting purposes
    }
}
public function column_status($item)
{
    return Helper::loadTemplate('admin/label-button.php', array(
        'type'  => ($item['status'] == '1' ? 'active' : 'inactive'),
        'label' => ($item['status'] == '1' ? __('Active', 'wp-sms') : __('Inactive', 'wp-sms'))
    ));
}
//get total items on different Queries
public function get_total($query = '')
{
    if (!$query) {
        $query = 'SELECT * FROM `' . $this->tb_prefix . 'sms_subscribes`';
    }

    $result = $this->db->get_results($query, ARRAY_A);

    return count($result);
}
/**
 * @param $which
 * @return void
 */
protected function extra_tablenav($which)
{
    switch ($which) {
        case 'top':

            // Filter by Group
            echo Helper::loadTemplate('admin/group-filter.php', array(
                'groups'   => Newsletter::getGroups(),
                'selected' => (isset($_GET['group_id']) ? $_GET['group_id'] : '')
            ));

            // Filter by Country
            echo Helper::loadTemplate('admin/country-filter.php', array(
                'countries' => Newsletter::filterSubscribersByCountry(),
                'selected'  => (isset($_GET['country_code']) ? $_GET['country_code'] : '')
            ));

            break;
    }
}
    "," SE: The '$_GET['group_id']' and '$_GET['country_code']' are directly concatenated into SQL query without sanitation.
BL: `$where = ""WHERE group_ID = {$group_id}"";`, `$where .= "" AND mobile LIKE '{$country_code}%'"";`
BUG FOUND: YES",mixtral-8x7b-32768
15,"Analyze the file content below and tell me if there's any line that may contain a bug of type CWE-89 (Improper Neutralization of Special Elements used in an SQL Command ('SQL Injection')). Your output must adhere to the following structure.

Expected Output Structure:
SE: very Short Explanation of why the line may contain a bug of given type (e.g., The 'user_input' is directly concatenated into HTML content without sanitation).
BL: the Bugged Line, if any is found, else none (e.g., `response = ""<html><body><h1>Welcome, "" + user_input + ""!</h1></body></html>""`).
BUG FOUND: YES if a bug is found, else NO.

Example output:
SE: The 'user_input' is directly concatenated into HTML content without sanitation.
BL: `response = ""<html><body><h1>Welcome, "" + user_input + ""!</h1></body></html>""`
BUG FOUND: YES

File Content:
<?php
/**
 * Property dictionary for all tables
 */
private static $properties = array();

private $is_new = true;

/**
 * Contains property values
 */
private $data = array();
private function set_property( $name, $value ) {
	$this->data[ $name ] = $value;
}
public function __get( $name ) {
	if ( static::has_property( $name ) ) {
		return $this->get_property( $name );
	} elseif ( property_exists( $this, $name ) ) {
		return $this->$name;
	} else {
		return null;
	}
}
private function get_property( $name ) {
	if ( isset( $this->data[ $name ] ) ) {
		return $this->data[ $name ];
	} else {
		return null;
	}
}
private static function unserialize_property($property) {
	if ( ! isset($property) )
		return;

	if ( $unserialized_string = is_serialized($property) )
		return unserialize($property);

	return $property;
}
/**
 * Retrieves the database table name.
 * 
 * The name is derived from the namespace an class name. Additionally, it
 * is prefixed with the global WordPress database table prefix.
 * @todo cache
 * 
 * @return string database table name
 */
public static function table_name() {
	global $wpdb;
	
	// prefix with $wpdb prefix
	return $wpdb->prefix . static::name();
}
/**
 * Define a property with name and type.
 * 
 * Currently only supports basics.
 * @todo enable additional options like NOT NULL, DEFAULT etc.
 * 
 * @param string $name Name of the property / column
 * @param string $type mySQL column type 
 */
public static function property( $name, $type, $args = array() ) {
	$class = get_called_class();
	
	if ( ! isset( static::$properties[ $class ] ) ) {
		static::$properties[ $class ] = array();
	}

	// ""id"" columns and those ending on ""_id"" get an index by default
	$index = $name == 'id' || stripos( $name, '_id' );
	// but if the argument is set, it overrides the default
	if (isset($args['index'])) {
		$index = $args['index'];
	}
	
	static::$properties[ $class ][] = array(
		'name'  => $name,
		'type'  => $type,
		'index' => $index,
		'index_length' => isset($args['index_length']) ? $args['index_length'] : null,
		'unique' => isset($args['unique']) ? $args['unique'] : null
	);
}
/**
 * Return a list of property dictionaries.
 * 
 * @return array property list
 */
private static function properties() {
	$class = get_called_class();
	
	if ( ! isset( static::$properties[ $class ] ) ) {
		static::$properties[ $class ] = array();
	}
	
	return static::$properties[ $class ];
}
/**
 * Does the given property exist?
 * 
 * @param string $name name of the property to test
 * @return bool True if the property exists, else false.
 */
public static function has_property( $name ) {
	return in_array( $name, static::property_names() );
}
/**
 * Return a list of property names.
 * 
 * @return array property names
 */
public static function property_names() {
	return array_map( function ( $p ) { return $p['name']; } , static::properties() );
}
/**
 * Return number of rows in the table.
 * 
 * @return int number of rows
 */
public static function count() {
	global $wpdb;
	
	$sql = 'SELECT COUNT(*) FROM ' . static::table_name();
	return (int) $wpdb->get_var( $sql );
}
public static function find_all_by_where( $where ) {
	global $wpdb;
	
	$class = get_called_class();
	$models = array();
	
	$rows = $wpdb->get_results(
		'SELECT * FROM ' . static::table_name() . ' WHERE ' . $where
	);
	
	if ( ! $rows ) {
		return array();
	}
	
	foreach ( $rows as $row ) {
		$model = new $class();
		$model->flag_as_not_new();
		foreach ( $row as $property => $value ) {
			$model->$property = static::unserialize_property($value);
		}
		$models[] = $model;
	}
	
	return $models;
}
public static function find_one_by_property( $property, $value ) {
	global $wpdb;
	
	$class = get_called_class();
	$model = new $class();
	$model->flag_as_not_new();
	
	$row = $wpdb->get_row(
		'SELECT * FROM ' . static::table_name() . ' WHERE ' . $property .  ' = \'' . $value . '\' LIMIT 0,1'
	);
	
	if ( ! $row ) {
		return null;
	}
	
	foreach ( $row as $property => $value ) {
		$model->$property = static::unserialize_property($value);
	}
	
	return $model;
}
$this->is_new = false;

	do_action('podlove_model_save', $this);
	do_action('podlove_model_change', $this);

	return $success;
}

    "," SE: The 'value' from user input is directly concatenated into the SQL query without proper sanitization, which could lead to SQL Injection.
BL: `$row = $wpdb->get_row('SELECT * FROM ' . static::table_name() . ' WHERE ' . $property . ' = '' . $value . '\' LIMIT 0,1'`);
BUG FOUND: YES.",mixtral-8x7b-32768
9,"Analyze the file content below and tell me if there's any line that may contain a bug of type CWE-89 (Improper Neutralization of Special Elements used in an SQL Command ('SQL Injection')). Your output must adhere to the following structure.

Expected Output Structure:
SE: very Short Explanation of why the line may contain a bug of given type (e.g., The 'user_input' is directly concatenated into HTML content without sanitation).
BL: the Bugged Line, if any is found, else none (e.g., `response = ""<html><body><h1>Welcome, "" + user_input + ""!</h1></body></html>""`).
BUG FOUND: YES if a bug is found, else NO.

Example output:
SE: The 'user_input' is directly concatenated into HTML content without sanitation.
BL: `response = ""<html><body><h1>Welcome, "" + user_input + ""!</h1></body></html>""`
BUG FOUND: YES

File Content:
<?php
/**
 * Property dictionary for all tables
 */
private static $properties = array();

private $is_new = true;

/**
 * Contains property values
 */
private $data = array();
private function set_property( $name, $value ) {
	$this->data[ $name ] = $value;
}
private function get_property( $name ) {
	if ( isset( $this->data[ $name ] ) ) {
		return $this->data[ $name ];
	} else {
		return null;
	}
}
/**
 * Return a list of property names.
 * 
 * @return array property names
 */
public static function property_names() {
	return array_map( function ( $p ) { return $p['name']; } , static::properties() );
}
public static function find_one_by_property( $property, $value ) {
	global $wpdb;
	
	$class = get_called_class();
	$model = new $class();
	$model->flag_as_not_new();
	
	$row = $wpdb->get_row(
		'SELECT * FROM ' . static::table_name() . ' WHERE ' . $property .  ' = \'' . $value . '\' LIMIT 0,1'
	);
	
	if ( ! $row ) {
		return null;
	}
	
	foreach ( $row as $property => $value ) {
		$model->$property = static::unserialize_property($value);
	}
	
	return $model;
}
public function __set( $name, $value ) {
	if ( static::has_property( $name ) ) {
		$this->set_property( $name, $value );
	} else {
		$this->$name = $value;
	}
}
private static function unserialize_property($property) {
	if ( ! isset($property) )
		return;

	if ( $unserialized_string = is_serialized($property) )
		return unserialize($property);

	return $property;
}
/**
 * Retrieves the database table name.
 * 
 * The name is derived from the namespace an class name. Additionally, it
 * is prefixed with the global WordPress database table prefix.
 * @todo cache
 * 
 * @return string database table name
 */
public static function table_name() {
	global $wpdb;
	
	// prefix with $wpdb prefix
	return $wpdb->prefix . static::name();
}
/**
 * Define a property with name and type.
 * 
 * Currently only supports basics.
 * @todo enable additional options like NOT NULL, DEFAULT etc.
 * 
 * @param string $name Name of the property / column
 * @param string $type mySQL column type 
 */
public static function property( $name, $type, $args = array() ) {
	$class = get_called_class();
	
	if ( ! isset( static::$properties[ $class ] ) ) {
		static::$properties[ $class ] = array();
	}

	// ""id"" columns and those ending on ""_id"" get an index by default
	$index = $name == 'id' || stripos( $name, '_id' );
	// but if the argument is set, it overrides the default
	if (isset($args['index'])) {
		$index = $args['index'];
	}
	
	static::$properties[ $class ][] = array(
		'name'  => $name,
		'type'  => $type,
		'index' => $index,
		'index_length' => isset($args['index_length']) ? $args['index_length'] : null,
		'unique' => isset($args['unique']) ? $args['unique'] : null
	);
}
/**
 * Return a list of property dictionaries.
 * 
 * @return array property list
 */
private static function properties() {
	$class = get_called_class();
	
	if ( ! isset( static::$properties[ $class ] ) ) {
		static::$properties[ $class ] = array();
	}
	
	return static::$properties[ $class ];
}
/**
 * Does the given property exist?
 * 
 * @param string $name name of the property to test
 * @return bool True if the property exists, else false.
 */
public static function has_property( $name ) {
	return in_array( $name, static::property_names() );
}
/**
 * Does the table have any entries?
 * 
 * @return bool True if there is at least one entry, else false.
 */
public static function has_entries() {
	return static::count() > 0;
}
/**
 * Return number of rows in the table.
 * 
 * @return int number of rows
 */
public static function count() {
	global $wpdb;
	
	$sql = 'SELECT COUNT(*) FROM ' . static::table_name();
	return (int) $wpdb->get_var( $sql );
}
public static function find_all_by_where( $where ) {
	global $wpdb;
	
	$class = get_called_class();
	$models = array();
	
	$rows = $wpdb->get_results(
		'SELECT * FROM ' . static::table_name() . ' WHERE ' . $where
	);
	
	if ( ! $rows ) {
		return array();
	}
	
	foreach ( $rows as $row ) {
		$model = new $class();
		$model->flag_as_not_new();
		foreach ( $row as $property => $value ) {
			$model->$property = static::unserialize_property($value);
		}
		$models[] = $model;
	}
	
	return $models;
}

    "," SE: The 'property' and 'value' are directly concatenated into an SQL query without proper sanitation.
BL: `$row = $wpdb->get_row( 'SELECT * FROM ' . static::table_name() . ' WHERE ' . $property . ' = \'' . $value . '\' LIMIT 0,1' );`
BUG FOUND: YES
",mixtral-8x7b-32768
11,"Analyze the file content below and tell me if there's any line that may contain a bug of type CWE-89 (Improper Neutralization of Special Elements used in an SQL Command ('SQL Injection')). Your output must adhere to the following structure.

Expected Output Structure:
SE: very Short Explanation of why the line may contain a bug of given type (e.g., The 'user_input' is directly concatenated into HTML content without sanitation).
BL: the Bugged Line, if any is found, else none (e.g., `response = ""<html><body><h1>Welcome, "" + user_input + ""!</h1></body></html>""`).
BUG FOUND: YES if a bug is found, else NO.

Example output:
SE: The 'user_input' is directly concatenated into HTML content without sanitation.
BL: `response = ""<html><body><h1>Welcome, "" + user_input + ""!</h1></body></html>""`
BUG FOUND: YES

File Content:
<?php
private function set_property( $name, $value ) {
	$this->data[ $name ] = $value;
}
public function __get( $name ) {
	if ( static::has_property( $name ) ) {
		return $this->get_property( $name );
	} elseif ( property_exists( $this, $name ) ) {
		return $this->$name;
	} else {
		return null;
	}
}
/**
 * Retrieves the database table name.
 * 
 * The name is derived from the namespace an class name. Additionally, it
 * is prefixed with the global WordPress database table prefix.
 * @todo cache
 * 
 * @return string database table name
 */
public static function table_name() {
	global $wpdb;
	
	// prefix with $wpdb prefix
	return $wpdb->prefix . static::name();
}
/**
 * Define a property with name and type.
 * 
 * Currently only supports basics.
 * @todo enable additional options like NOT NULL, DEFAULT etc.
 * 
 * @param string $name Name of the property / column
 * @param string $type mySQL column type 
 */
public static function property( $name, $type, $args = array() ) {
	$class = get_called_class();
	
	if ( ! isset( static::$properties[ $class ] ) ) {
		static::$properties[ $class ] = array();
	}

	// ""id"" columns and those ending on ""_id"" get an index by default
	$index = $name == 'id' || stripos( $name, '_id' );
	// but if the argument is set, it overrides the default
	if (isset($args['index'])) {
		$index = $args['index'];
	}
	
	static::$properties[ $class ][] = array(
		'name'  => $name,
		'type'  => $type,
		'index' => $index,
		'index_length' => isset($args['index_length']) ? $args['index_length'] : null,
		'unique' => isset($args['unique']) ? $args['unique'] : null
	);
}
public static function find_one_by_property( $property, $value ) {
	global $wpdb;
	
	$class = get_called_class();
	$model = new $class();
	$model->flag_as_not_new();
	
	$row = $wpdb->get_row(
		'SELECT * FROM ' . static::table_name() . ' WHERE ' . $property .  ' = \'' . $value . '\' LIMIT 0,1'
	);
	
	if ( ! $row ) {
		return null;
	}
	
	foreach ( $row as $property => $value ) {
		$model->$property = static::unserialize_property($value);
	}
	
	return $model;
}
public function __set( $name, $value ) {
	if ( static::has_property( $name ) ) {
		$this->set_property( $name, $value );
	} else {
		$this->$name = $value;
	}
}
private function get_property( $name ) {
	if ( isset( $this->data[ $name ] ) ) {
		return $this->data[ $name ];
	} else {
		return null;
	}
}
/**
 * Return a list of property dictionaries.
 * 
 * @return array property list
 */
private static function properties() {
	$class = get_called_class();
	
	if ( ! isset( static::$properties[ $class ] ) ) {
		static::$properties[ $class ] = array();
	}
	
	return static::$properties[ $class ];
}
/**
 * Return a list of property names.
 * 
 * @return array property names
 */
public static function property_names() {
	return array_map( function ( $p ) { return $p['name']; } , static::properties() );
}
public static function find_by_id( $id ) {
	global $wpdb;
	
	$class = get_called_class();
	$model = new $class();
	$model->flag_as_not_new();
	
	$row = $wpdb->get_row( 'SELECT * FROM ' . static::table_name() . ' WHERE id = ' . (int) $id );
	
	if ( ! $row ) {
		return null;
	}
	
	foreach ( $row as $property => $value ) {
		$model->$property = static::unserialize_property($value);
	}
	
	return $model;
}
public static function find_all_by_where( $where ) {
	global $wpdb;
	
	$class = get_called_class();
	$models = array();
	
	$rows = $wpdb->get_results(
		'SELECT * FROM ' . static::table_name() . ' WHERE ' . $where
	);
	
	if ( ! $rows ) {
		return array();
	}
	
	foreach ( $rows as $row ) {
		$model = new $class();
		$model->flag_as_not_new();
		foreach ( $row as $property => $value ) {
			$model->$property = static::unserialize_property($value);
		}
		$models[] = $model;
	}
	
	return $models;
}
public static function find_one_by_where( $where ) {
	global $wpdb;
	
	$class = get_called_class();
	$model = new $class();
	$model->flag_as_not_new();
	
	$row = $wpdb->get_row(
		'SELECT * FROM ' . static::table_name() . ' WHERE ' . $where . ' LIMIT 0,1'
	);
	
	if ( ! $row ) {
		return null;
	}
	
	foreach ( $row as $property => $value ) {
		$model->$property = static::unserialize_property($value);
	}
	
	return $model;
}

    "," SE: The 'value' is directly concatenated into SQL query without sanitation.
BL: `$row = $wpdb->get_row('SELECT * FROM ' . static::table_name() . ' WHERE ' . $property . ' = \'' . $value . '\' LIMIT 0,1');`
BUG FOUND: YES",mixtral-8x7b-32768
3,"Analyze the file content below and tell me if there's any line that may contain a bug of type CWE-89 (Improper Neutralization of Special Elements used in an SQL Command ('SQL Injection')). Your output must adhere to the following structure.

Expected Output Structure:
SE: very Short Explanation of why the line may contain a bug of given type (e.g., The 'user_input' is directly concatenated into HTML content without sanitation).
BL: the Bugged Line, if any is found, else none (e.g., `response = ""<html><body><h1>Welcome, "" + user_input + ""!</h1></body></html>""`).
BUG FOUND: YES if a bug is found, else NO.

Example output:
SE: The 'user_input' is directly concatenated into HTML content without sanitation.
BL: `response = ""<html><body><h1>Welcome, "" + user_input + ""!</h1></body></html>""`
BUG FOUND: YES

File Content:
<?php
/**
 * @Route(""/tree-get-root"", name=""pimcore_admin_asset_treegetroot"", methods={""GET""})
 *
 * @param Request $request
 *
 * @return JsonResponse
 */
public function treeGetRootAction(Request $request): JsonResponse
{
    return parent::treeGetRootAction($request);
}
/**
 * @Route(""/delete-info"", name=""pimcore_admin_asset_deleteinfo"", methods={""GET""})
 *
 * @param Request $request
 * @param EventDispatcherInterface $eventDispatcher
 *
 * @return JsonResponse
 */
public function deleteInfoAction(Request $request, EventDispatcherInterface $eventDispatcher): JsonResponse
{
    return parent::deleteInfoAction($request, $eventDispatcher);
}
protected function getSafeFilename(string $targetPath, string $filename): string
{
    $pathinfo = pathinfo($filename);
    $originalFilename = $pathinfo['filename'];
    $originalFileextension = empty($pathinfo['extension']) ? '' : '.' . $pathinfo['extension'];
    $count = 1;

    if ($targetPath == '/') {
        $targetPath = '';
    }

    while (true) {
        if (Asset\Service::pathExists($targetPath . '/' . $filename)) {
            $filename = $originalFilename . '_' . $count . $originalFileextension;
            $count++;
        } else {
            return $filename;
        }
    }
}
public function onKernelControllerEvent(ControllerEvent $event): void
{
    if (!$event->isMainRequest()) {
        return;
    }

    $this->checkActionPermission($event, 'assets', [
        'getImageThumbnailAction', 'getVideoThumbnailAction', 'getDocumentThumbnailAction',
    ]);

    $this->_assetService = new Asset\Service($this->getAdminUser());
}
public function getIDsfilter(Request $request){
    $conditionFilters = [];
    $selectedIds = $request->get('selectedIds', []);
    if (!empty($selectedIds)) {
        $selectedIds = explode(',', $selectedIds);
        //add a condition if id numbers are specified
        $conditionFilters[] = 'id IN (' . implode(',', $selectedIds) . ')';
    }
    return $conditionFilters;
}
/**
 * @throws \Exception
 */
protected function getTreeNodeConfig(ElementInterface $element): array
{
    return $this->elementService->getElementTreeNodeConfig($element);
}
/**
 * @Route(""/serve-video-preview"", name=""pimcore_admin_asset_servevideopreview"", methods={""GET""})
 *
 * @param Request $request
 *
 * @return StreamedResponse
 */
public function serveVideoPreviewAction(Request $request): StreamedResponse
{
    $asset = Asset\Video::getById((int) $request->get('id'));
    $configName = $request->get('config');

    if (!$asset) {
        throw $this->createNotFoundException('could not load video asset');
    }

    if (!$asset->isAllowed('view')) {
        throw $this->createAccessDeniedException('not allowed to preview');
    }

    $config = Asset\Video\Thumbnail\Config::getByName($configName);

    if (!$config instanceof Asset\Video\Thumbnail\Config) {
        $config = Asset\Video\Thumbnail\Config::getPreviewConfig();
    }

    $thumbnail = $asset->getThumbnail($config, ['mp4']);
    $storagePath = $asset->getRealPath() . '/' . preg_replace('@^' . preg_quote($asset->getPath(), '@') . '@', '', urldecode($thumbnail['formats']['mp4']));

    $storage = Tool\Storage::get('thumbnail');
    if ($storage->fileExists($storagePath)) {
        $fs = $storage->fileSize($storagePath);
        $stream = $storage->readStream($storagePath);

        return new StreamedResponse(function () use ($stream) {
            fpassthru($stream);
        }, 200, [
            'Content-Type' => 'video/mp4',
            'Content-Length' => $fs,
            'Accept-Ranges' => 'bytes',
        ]);
    } else {
        throw $this->createNotFoundException('Video thumbnail not found');
    }
}
/**
 * @Route(""/image-editor"", name=""pimcore_admin_asset_imageeditor"", methods={""GET""})
 *
 * @param Request $request
 *
 * @return Response
 */
public function imageEditorAction(Request $request): Response
{
    $asset = Asset::getById((int) $request->get('id'));

    if (!$asset->isAllowed('view')) {
        throw $this->createAccessDeniedException('Not allowed to preview');
    }

    return $this->render(
        '@PimcoreAdmin/admin/asset/image_editor.html.twig',
        ['asset' => $asset]
    );
}
?>
    "," SE: In the function 'getIDsfilter', the 'selectedIds' from the request query parameters are directly used in the SQL query without any sanitization.
BL: `$conditionFilters[] = 'id IN (' . implode(',', $selectedIds) . ')';`
BUG FOUND: YES
Explanation: This code is vulnerable to SQL Injection as it constructs SQL queries by concatenating user-provided input. An attacker can manipulate the 'selectedIds' parameter to inject malicious SQL code.",mixtral-8x7b-32768
0,"Analyze the file content below and tell me if there's any line that may contain a bug of type CWE-89 (Improper Neutralization of Special Elements used in an SQL Command ('SQL Injection')). Your output must adhere to the following structure.

Expected Output Structure:
SE: very Short Explanation of why the line may contain a bug of given type (e.g., The 'user_input' is directly concatenated into HTML content without sanitation).
BL: the Bugged Line, if any is found, else none (e.g., `response = ""<html><body><h1>Welcome, "" + user_input + ""!</h1></body></html>""`).
BUG FOUND: YES if a bug is found, else NO.

Example output:
SE: The 'user_input' is directly concatenated into HTML content without sanitation.
BL: `response = ""<html><body><h1>Welcome, "" + user_input + ""!</h1></body></html>""`
BUG FOUND: YES

File Content:
<?php

public function getIDsfilter(Request $request){
    $conditionFilters = [];
    $selectedIds = $request->get('selectedIds', []);
    if (!empty($selectedIds)) {
        $selectedIds = explode(',', $selectedIds);
        //add a condition if id numbers are specified
        $conditionFilters[] = 'id IN (' . implode(',', $selectedIds) . ')';
    }
    return $conditionFilters;
}
/**
 * @Route(""/tree-get-root"", name=""pimcore_admin_asset_treegetroot"", methods={""GET""})
 *
 * @param Request $request
 *
 * @return JsonResponse
 */
public function treeGetRootAction(Request $request): JsonResponse
{
    return parent::treeGetRootAction($request);
}
/**
 * @Route(""/add-asset"", name=""pimcore_admin_asset_addasset"", methods={""POST""})
 *
 * @param Request $request
 * @param Config $config
 *
 * @return JsonResponse
 */
public function addAssetAction(Request $request, Config $config): JsonResponse
{
    try {
        $res = $this->addAsset($request, $config);

        $response = [
            'success' => $res['success'],
        ];

        if ($res['success']) {
            $response['asset'] = [
                'id' => $res['asset']->getId(),
                'path' => $res['asset']->getFullPath(),
                'type' => $res['asset']->getType(),
            ];
        }

        return $this->adminJson($response);
    } catch (\Exception $e) {
        return $this->adminJson([
            'success' => false,
            'message' => $e->getMessage(),
        ]);
    }
}
/**
     * @Route(""/exists"", name=""pimcore_admin_asset_exists"", methods={""GET""})
     *
     * @param Request $request
     *
     * @return JsonResponse
     *
     * @throws \Exception
     */
    public function existsAction(Request $request): JsonResponse
    {
        $parentAsset = \Pimcore\Model\Asset::getById((int)$request->get('parentId'));

        return new JsonResponse([
            'exists' => Asset\Service::pathExists($parentAsset->getRealFullPath().'/'.$request->get('filename')),
        ]);
    }
/**
 * @throws \Exception
 */
protected function getTreeNodeConfig(ElementInterface $element): array
{
    return $this->elementService->getElementTreeNodeConfig($element);
}
/**
 * @Route(""/download"", name=""pimcore_admin_asset_download"", methods={""GET""})
 *
 * @param Request $request
 *
 * @return StreamedResponse
 */
public function downloadAction(Request $request): StreamedResponse
{
    $asset = Asset::getById((int) $request->get('id'));

    if (!$asset) {
        throw $this->createNotFoundException('Asset not found');
    }

    if (!$asset->isAllowed('view')) {
        throw $this->createAccessDeniedException('not allowed to view asset');
    }

    $stream = $asset->getStream();

    if (!is_resource($stream)) {
        throw $this->createNotFoundException('Unable to get resource for asset ' . $asset->getId());
    }

    return new StreamedResponse(function () use ($stream) {
        fpassthru($stream);
    }, 200, [
        'Content-Type' => $asset->getMimeType(),
        'Content-Disposition' => sprintf('attachment; filename=""%s""', $asset->getFilename()),
        'Content-Length' => $asset->getFileSize(),
    ]);
}
/**
 * @Route(""/get-asset"", name=""pimcore_admin_asset_getasset"", methods={""GET""})
 *
 * @param Request $request
 *
 * @return StreamedResponse
 */
public function getAssetAction(Request $request): StreamedResponse
{
    $image = Asset::getById((int)$request->get('id'));

    if (!$image) {
        throw $this->createNotFoundException('Asset not found');
    }

    if (!$image->isAllowed('view')) {
        throw $this->createAccessDeniedException('not allowed to view asset');
    }

    $stream = $image->getStream();

    if (!is_resource($stream)) {
        throw $this->createNotFoundException('Unable to get resource for asset ' . $image->getId());
    }

    $response = new StreamedResponse(function () use ($stream) {
        fpassthru($stream);
    }, 200, [
        'Content-Type' => $image->getMimeType(),
        'Access-Control-Allow-Origin' => '*',
    ]);
    $this->addThumbnailCacheHeaders($response);

    return $response;
}
?>
    "," SE: The 'selectedIds' from the request's query parameters are directly used in the SQL query construction without any sanitization or parameterization.
BL: `$conditionFilters[] = 'id IN (' . implode(',', $selectedIds) . ')';`
BUG FOUND: YES
Explanation:
An attacker can manipulate the 'selectedIds' input to perform SQL Injection attacks because it is directly used in the SQL query. By not using parameterized queries or sanitizing the input, the code exposes itself to potential security vulnerabilities.",mixtral-8x7b-32768
10,"Analyze the file content below and tell me if there's any line that may contain a bug of type CWE-89 (Improper Neutralization of Special Elements used in an SQL Command ('SQL Injection')). Your output must adhere to the following structure.

Expected Output Structure:
SE: very Short Explanation of why the line may contain a bug of given type (e.g., The 'user_input' is directly concatenated into HTML content without sanitation).
BL: the Bugged Line, if any is found, else none (e.g., `response = ""<html><body><h1>Welcome, "" + user_input + ""!</h1></body></html>""`).
BUG FOUND: YES if a bug is found, else NO.

Example output:
SE: The 'user_input' is directly concatenated into HTML content without sanitation.
BL: `response = ""<html><body><h1>Welcome, "" + user_input + ""!</h1></body></html>""`
BUG FOUND: YES

File Content:
<?php
/**
 * Property dictionary for all tables
 */
private static $properties = array();

private $is_new = true;

/**
 * Contains property values
 */
private $data = array();
public function __get( $name ) {
	if ( static::has_property( $name ) ) {
		return $this->get_property( $name );
	} elseif ( property_exists( $this, $name ) ) {
		return $this->$name;
	} else {
		return null;
	}
}
private function get_property( $name ) {
	if ( isset( $this->data[ $name ] ) ) {
		return $this->data[ $name ];
	} else {
		return null;
	}
}
/**
 * Retrieves the database table name.
 * 
 * The name is derived from the namespace an class name. Additionally, it
 * is prefixed with the global WordPress database table prefix.
 * @todo cache
 * 
 * @return string database table name
 */
public static function table_name() {
	global $wpdb;
	
	// prefix with $wpdb prefix
	return $wpdb->prefix . static::name();
}
/**
 * Return a list of property names.
 * 
 * @return array property names
 */
public static function property_names() {
	return array_map( function ( $p ) { return $p['name']; } , static::properties() );
}
public static function find_one_by_property( $property, $value ) {
	global $wpdb;
	
	$class = get_called_class();
	$model = new $class();
	$model->flag_as_not_new();
	
	$row = $wpdb->get_row(
		'SELECT * FROM ' . static::table_name() . ' WHERE ' . $property .  ' = \'' . $value . '\' LIMIT 0,1'
	);
	
	if ( ! $row ) {
		return null;
	}
	
	foreach ( $row as $property => $value ) {
		$model->$property = static::unserialize_property($value);
	}
	
	return $model;
}
public function __set( $name, $value ) {
	if ( static::has_property( $name ) ) {
		$this->set_property( $name, $value );
	} else {
		$this->$name = $value;
	}
}
private function set_property( $name, $value ) {
	$this->data[ $name ] = $value;
}
/**
 * Define a property with name and type.
 * 
 * Currently only supports basics.
 * @todo enable additional options like NOT NULL, DEFAULT etc.
 * 
 * @param string $name Name of the property / column
 * @param string $type mySQL column type 
 */
public static function property( $name, $type, $args = array() ) {
	$class = get_called_class();
	
	if ( ! isset( static::$properties[ $class ] ) ) {
		static::$properties[ $class ] = array();
	}

	// ""id"" columns and those ending on ""_id"" get an index by default
	$index = $name == 'id' || stripos( $name, '_id' );
	// but if the argument is set, it overrides the default
	if (isset($args['index'])) {
		$index = $args['index'];
	}
	
	static::$properties[ $class ][] = array(
		'name'  => $name,
		'type'  => $type,
		'index' => $index,
		'index_length' => isset($args['index_length']) ? $args['index_length'] : null,
		'unique' => isset($args['unique']) ? $args['unique'] : null
	);
}
/**
 * Return a list of property dictionaries.
 * 
 * @return array property list
 */
private static function properties() {
	$class = get_called_class();
	
	if ( ! isset( static::$properties[ $class ] ) ) {
		static::$properties[ $class ] = array();
	}
	
	return static::$properties[ $class ];
}
/**
 * Does the given property exist?
 * 
 * @param string $name name of the property to test
 * @return bool True if the property exists, else false.
 */
public static function has_property( $name ) {
	return in_array( $name, static::property_names() );
}
/**
 * Does the table have any entries?
 * 
 * @return bool True if there is at least one entry, else false.
 */
public static function has_entries() {
	return static::count() > 0;
}
/**
 * Retrieve all entries from the table.
 *
 * @param  string $sql_suffix optional SQL, appended after FROM clause
 * @return array list of model objects
 */
public static function all( $sql_suffix = '' ) {
	global $wpdb;
	
	$class = get_called_class();
	$models = array();
	
	$rows = $wpdb->get_results( 'SELECT * FROM ' . static::table_name() . ' ' . $sql_suffix );

	foreach ( $rows as $row ) {
		$model = new $class();
		$model->flag_as_not_new();
		foreach ( $row as $property => $value ) {
			$model->$property = static::unserialize_property($value);
		}
		$models[] = $model;
	}
	
	return $models;
}
/**
 * True if not yet saved to database. Else false.
 */
public function is_new() {
	return $this->is_new;
}

    "," SE: The 'property' and 'value' variables are directly concatenated into an SQL query without proper sanitation.
BL: `$row = $wpdb->get_row('SELECT * FROM ' . static::table_name() . ' WHERE ' . $property . ' = \'' . $value . '\' LIMIT 0,1');`
BUG FOUND: YES
```python
Explanation:
The 'property' and 'value' variables are directly used in the SQL query, making the code vulnerable to SQL injection if these variables are derived from user input. To mitigate this risk, consider using prepared statements or parameterized queries to ensure the safe handling of user input in SQL queries.
```",mixtral-8x7b-32768
14,"Analyze the file content below and tell me if there's any line that may contain a bug of type CWE-89 (Improper Neutralization of Special Elements used in an SQL Command ('SQL Injection')). Your output must adhere to the following structure.

Expected Output Structure:
SE: very Short Explanation of why the line may contain a bug of given type (e.g., The 'user_input' is directly concatenated into HTML content without sanitation).
BL: the Bugged Line, if any is found, else none (e.g., `response = ""<html><body><h1>Welcome, "" + user_input + ""!</h1></body></html>""`).
BUG FOUND: YES if a bug is found, else NO.

Example output:
SE: The 'user_input' is directly concatenated into HTML content without sanitation.
BL: `response = ""<html><body><h1>Welcome, "" + user_input + ""!</h1></body></html>""`
BUG FOUND: YES

File Content:
<?php
/**
 * Property dictionary for all tables
 */
private static $properties = array();

private $is_new = true;

/**
 * Contains property values
 */
private $data = array();
public function __set( $name, $value ) {
	if ( static::has_property( $name ) ) {
		$this->set_property( $name, $value );
	} else {
		$this->$name = $value;
	}
}
public function __get( $name ) {
	if ( static::has_property( $name ) ) {
		return $this->get_property( $name );
	} elseif ( property_exists( $this, $name ) ) {
		return $this->$name;
	} else {
		return null;
	}
}
private function get_property( $name ) {
	if ( isset( $this->data[ $name ] ) ) {
		return $this->data[ $name ];
	} else {
		return null;
	}
}
private static function unserialize_property($property) {
	if ( ! isset($property) )
		return;

	if ( $unserialized_string = is_serialized($property) )
		return unserialize($property);

	return $property;
}
/**
 * Define a property with name and type.
 * 
 * Currently only supports basics.
 * @todo enable additional options like NOT NULL, DEFAULT etc.
 * 
 * @param string $name Name of the property / column
 * @param string $type mySQL column type 
 */
public static function property( $name, $type, $args = array() ) {
	$class = get_called_class();
	
	if ( ! isset( static::$properties[ $class ] ) ) {
		static::$properties[ $class ] = array();
	}

	// ""id"" columns and those ending on ""_id"" get an index by default
	$index = $name == 'id' || stripos( $name, '_id' );
	// but if the argument is set, it overrides the default
	if (isset($args['index'])) {
		$index = $args['index'];
	}
	
	static::$properties[ $class ][] = array(
		'name'  => $name,
		'type'  => $type,
		'index' => $index,
		'index_length' => isset($args['index_length']) ? $args['index_length'] : null,
		'unique' => isset($args['unique']) ? $args['unique'] : null
	);
}
/**
 * Does the given property exist?
 * 
 * @param string $name name of the property to test
 * @return bool True if the property exists, else false.
 */
public static function has_property( $name ) {
	return in_array( $name, static::property_names() );
}
/**
 * Return a list of property names.
 * 
 * @return array property names
 */
public static function property_names() {
	return array_map( function ( $p ) { return $p['name']; } , static::properties() );
}
/**
 * Does the table have any entries?
 * 
 * @return bool True if there is at least one entry, else false.
 */
public static function has_entries() {
	return static::count() > 0;
}
/**
 * Return number of rows in the table.
 * 
 * @return int number of rows
 */
public static function count() {
	global $wpdb;
	
	$sql = 'SELECT COUNT(*) FROM ' . static::table_name();
	return (int) $wpdb->get_var( $sql );
}
public static function find_by_id( $id ) {
	global $wpdb;
	
	$class = get_called_class();
	$model = new $class();
	$model->flag_as_not_new();
	
	$row = $wpdb->get_row( 'SELECT * FROM ' . static::table_name() . ' WHERE id = ' . (int) $id );
	
	if ( ! $row ) {
		return null;
	}
	
	foreach ( $row as $property => $value ) {
		$model->$property = static::unserialize_property($value);
	}
	
	return $model;
}
public static function find_one_by_property( $property, $value ) {
	global $wpdb;
	
	$class = get_called_class();
	$model = new $class();
	$model->flag_as_not_new();
	
	$row = $wpdb->get_row(
		'SELECT * FROM ' . static::table_name() . ' WHERE ' . $property .  ' = \'' . $value . '\' LIMIT 0,1'
	);
	
	if ( ! $row ) {
		return null;
	}
	
	foreach ( $row as $property => $value ) {
		$model->$property = static::unserialize_property($value);
	}
	
	return $model;
}
private function set_property( $name, $value ) {
	$this->data[ $name ] = $value;
}
/**
 * True if not yet saved to database. Else false.
 */
public function is_new() {
	return $this->is_new;
}
$this->is_new = false;

	do_action('podlove_model_save', $this);
	do_action('podlove_model_change', $this);

	return $success;
}
/**
 * Sets default values.
 * 
 * @return array
 */
private function set_defaults() {
	
	$defaults = $this->default_values();

	if ( ! is_array( $defaults ) || empty( $defaults ) )
		return;

	foreach ( $defaults as $property => $value ) {
		if ( $this->$property === null )
			$this->$property = $value;
	}

}

    "," SE: The '{$property}' and '{$value}' are directly concatenated into the SQL query without proper sanitation, which could lead to SQL Injection.
BL: `$row = $wpdb->get_row( 'SELECT * FROM ' . static::table_name() . ' WHERE ' . $property . ' = \'' . $value . '\' LIMIT 0,1' );`
BUG FOUND: YES

SE: The '{$id}' is directly concatenated into the SQL query without proper sanitation, which could lead to SQL Injection.
BL: `$row = $wpdb->get_row( 'SELECT * FROM ' . static::table_name() . ' WHERE id = ' . (int) $id );`
BUG FOUND: YES",mixtral-8x7b-32768
16,"Analyze the file content below and tell me if there's any line that may contain a bug of type CWE-89 (Improper Neutralization of Special Elements used in an SQL Command ('SQL Injection')). Your output must adhere to the following structure.

Expected Output Structure:
SE: very Short Explanation of why the line may contain a bug of given type (e.g., The 'user_input' is directly concatenated into HTML content without sanitation).
BL: the Bugged Line, if any is found, else none (e.g., `response = ""<html><body><h1>Welcome, "" + user_input + ""!</h1></body></html>""`).
BUG FOUND: YES if a bug is found, else NO.

Example output:
SE: The 'user_input' is directly concatenated into HTML content without sanitation.
BL: `response = ""<html><body><h1>Welcome, "" + user_input + ""!</h1></body></html>""`
BUG FOUND: YES

File Content:
<?php

public function mobile_or_country_query($where)
{
    if (isset($_GET['group_id']) && $_GET['group_id']) {
        $group_id = sanitize_text_field($_GET['group_id']);
        $where = ""WHERE group_ID = {$group_id}"";
    }

    if (isset($_GET['country_code']) && $_GET['country_code']) {
        $country_code = sanitize_text_field($_GET['country_code']);
        if ($where) {
            $where .= "" AND mobile LIKE '{$country_code}%'"";
        } else {
            $where = ""WHERE mobile LIKE '{$country_code}%'"";
        }
    }
    return $where;
}
namespace WP_SMS;

if (!defined('ABSPATH')) {
    exit;
} // Exit if accessed directly

if (!class_exists('WP_List_Table')) {
    require_once(ABSPATH . 'wp-admin/includes/class-wp-list-table.php');
}
public function __construct()
{
    global $wpdb;

    //Set parent defaults
    parent::__construct(array(
        'singular' => 'ID',     //singular name of the listed records
        'plural'   => 'ID',    //plural name of the listed records
        'ajax'     => false        //does this table support ajax?
    ));

    $this->db        = $wpdb;
    $this->tb_prefix = $wpdb->prefix;
    $this->count     = $this->get_total();
    $this->limit     = $this->get_items_per_page('wp_sms_subscriber_per_page');
    $this->data      = $this->get_data();
    $this->adminUrl  = admin_url('admin.php?page=wp-sms-subscribers');
}
public function column_default($item, $column_name)
{
    switch ($column_name) {
        case 'name':
        case 'mobile':
            return wp_sms_render_quick_reply($item['mobile']);
        case 'activate_key':
            return $item[$column_name];

        case 'group_ID':
            $group = Newsletter::getGroup($item[$column_name]);
            if ($group) {
                return $group->name;
            } else {
                return '-';
            }

        case 'date':
            return sprintf(__('%s <span class=""wpsms-time"">%s</span>', 'wp-sms'), date_i18n('Y-m-d', strtotime($item[$column_name])), date_i18n('H:i', strtotime($item[$column_name])));

        default:
            return print_r($item, true); //Show the whole array for troubleshooting purposes
    }
}
public function column_name($item)
{
    /**
     * Sanitize the input
     */
    $page = sanitize_text_field($_REQUEST['page']);

    //Build row actions
    $actions = array(
        'edit'   => sprintf('<a href=""#"" onclick=""wp_sms_edit_subscriber(%s)"">' . __('Edit', 'wp-sms') . '</a>', $item['ID']),
        'delete' => sprintf('<a href=""?page=%s&action=%s&ID=%s"">' . __('Delete', 'wp-sms') . '</a>', $page, 'delete', $item['ID']),
    );

    //Return the title contents
    return sprintf('%1$s %3$s',
        /*$1%s*/
        esc_html($item['name']),
        /*$2%s*/
        $item['ID'],
        /*$2%s*/
        $this->row_actions($actions)
    );
}
public function column_custom_fields($item)
{
    $customFields = unserialize($item['custom_fields']);

    if (is_array($customFields)) {
        foreach ($customFields as $key => $value) {
            printf('<div class=""wpsms-custom-field""><strong>%s</strong>: %s</div>', $key, $value);
        }
    }
}
public function get_columns()
{
    $columns = array(
        'cb'            => '<input type=""checkbox"" />', //Render a checkbox instead of text
        'name'          => __('Name', 'wp-sms'),
        'mobile'        => __('Mobile', 'wp-sms'),
        'group_ID'      => __('Group', 'wp-sms'),
        'date'          => __('Date', 'wp-sms'),
        'activate_key'  => __('Activate code', 'wp-sms'),
        'status'        => __('Status', 'wp-sms'),
        'custom_fields' => __('Custom Fields', 'wp-sms'),
    );

    return $columns;
}
public function get_bulk_actions()
{
    $actions = ['bulk_delete' => __('Delete', 'wp-sms')];

    $groups = $this->db->get_results(""SELECT * FROM `{$this->tb_prefix}sms_subscribes_group`"", ARRAY_A);
    if (count($groups)) {
        foreach ($groups as $value) {
            $actions['move_to_' . $value['ID']] = sprintf(__('Move to «%s»', 'wp-sms'), $value['name']);
        }
    }
    return $actions;
}
    "," SE: The 'group_ID' and 'mobile' parameters in the SQL query are directly concatenated with user input from GET request without proper sanitation or parameterization, which could potentially lead to SQL Injection (CWE-89).
BL: `$where = ""WHERE group_ID = {$group_ID}"";`, `$where .= "" AND mobile LIKE '{$country_code}%'"";`
BUG FOUND: YES

To mitigate this risk, consider using parameterized queries or prepared statements instead of directly concatenating user input into the SQL query. This can help ensure that user input is properly escaped and prevents potential SQL Injection attacks.",mixtral-8x7b-32768
6,"Analyze the file content below and tell me if there's any line that may contain a bug of type CWE-89 (Improper Neutralization of Special Elements used in an SQL Command ('SQL Injection')). Your output must adhere to the following structure.

Expected Output Structure:
SE: very Short Explanation of why the line may contain a bug of given type (e.g., The 'user_input' is directly concatenated into HTML content without sanitation).
BL: the Bugged Line, if any is found, else none (e.g., `response = ""<html><body><h1>Welcome, "" + user_input + ""!</h1></body></html>""`).
BUG FOUND: YES if a bug is found, else NO.

Example output:
SE: The 'user_input' is directly concatenated into HTML content without sanitation.
BL: `response = ""<html><body><h1>Welcome, "" + user_input + ""!</h1></body></html>""`
BUG FOUND: YES

File Content:
<?php
/**
 * @Route(""/delete-info"", name=""pimcore_admin_asset_deleteinfo"", methods={""GET""})
 *
 * @param Request $request
 * @param EventDispatcherInterface $eventDispatcher
 *
 * @return JsonResponse
 */
public function deleteInfoAction(Request $request, EventDispatcherInterface $eventDispatcher): JsonResponse
{
    return parent::deleteInfoAction($request, $eventDispatcher);
}
protected function getSafeFilename(string $targetPath, string $filename): string
{
    $pathinfo = pathinfo($filename);
    $originalFilename = $pathinfo['filename'];
    $originalFileextension = empty($pathinfo['extension']) ? '' : '.' . $pathinfo['extension'];
    $count = 1;

    if ($targetPath == '/') {
        $targetPath = '';
    }

    while (true) {
        if (Asset\Service::pathExists($targetPath . '/' . $filename)) {
            $filename = $originalFilename . '_' . $count . $originalFileextension;
            $count++;
        } else {
            return $filename;
        }
    }
}
/**
 * @Route(""/add-folder"", name=""pimcore_admin_asset_addfolder"", methods={""POST""})
 *
 * @param Request $request
 *
 * @return JsonResponse
 */
public function addFolderAction(Request $request): JsonResponse
{
    $success = false;
    $parentAsset = Asset::getById((int)$request->get('parentId'));
    $equalAsset = Asset::getByPath($parentAsset->getRealFullPath() . '/' . $request->get('name'));

    if ($parentAsset->isAllowed('create')) {
        if (!$equalAsset) {
            $asset = Asset::create($request->get('parentId'), [
                'filename' => $request->get('name'),
                'type' => 'folder',
                'userOwner' => $this->getAdminUser()->getId(),
                'userModification' => $this->getAdminUser()->getId(),
            ]);
            $success = true;
        }
    } else {
        Logger::debug('prevented creating asset because of missing permissions');
    }

    return $this->adminJson(['success' => $success]);
}
/**
 * @Route(""/show-version"", name=""pimcore_admin_asset_showversion"", methods={""GET""})
 *
 * @param Request $request
 *
 * @return Response
 */
public function showVersionAction(Request $request): Response
{
    $id = (int)$request->get('id');
    $version = Model\Version::getById($id);
    $asset = $version?->loadData();
    if (!$asset) {
        throw $this->createNotFoundException('Version with id [' . $id . ""] doesn't exist"");
    }

    if (!$asset->isAllowed('versions')) {
        throw $this->createAccessDeniedHttpException('Permission denied, version id [' . $id . ']');
    }

    if ($asset->getMimeType() === 'application/pdf') {
        $scanResponse = $this->getResponseByScanStatus($asset, false);
        if ($scanResponse) {
            return $scanResponse;
        }
    }

    $loader = \Pimcore::getContainer()->get('pimcore.implementation_loader.asset.metadata.data');

    return $this->render(
        '@PimcoreAdmin/admin/asset/show_version_' . strtolower($asset->getType()) . '.html.twig',
        [
            'asset' => $asset,
            'version' => $version,
            'loader' => $loader,
        ]
    );
}
public function getIDsfilter(Request $request){
    $conditionFilters = [];
    $selectedIds = $request->get('selectedIds', []);
    if (!empty($selectedIds)) {
        $selectedIds = explode(',', $selectedIds);
        //add a condition if id numbers are specified
        $conditionFilters[] = 'id IN (' . implode(',', $selectedIds) . ')';
    }
    return $conditionFilters;
}
/**
 * @Route(""/clear-thumbnail"", name=""pimcore_admin_asset_clearthumbnail"", methods={""POST""})
 *
 * @param Request $request
 *
 * @return JsonResponse
 */
public function clearThumbnailAction(Request $request): JsonResponse
{
    $success = false;

    if ($asset = Asset::getById((int) $request->get('id'))) {
        if (method_exists($asset, 'clearThumbnails')) {
            if (!$asset->isAllowed('publish')) {
                throw $this->createAccessDeniedException('not allowed to publish');
            }

            $asset->clearThumbnails(true); // force clear
            $asset->save();

            $success = true;
        }
    }

    return $this->adminJson(['success' => $success]);
}
?>
    "," SE: The 'request' object is used in forming an SQL query without proper sanitation.
BL: `if ($asset = Asset::getById((int) $request->get('id'))) {`
BUG FOUND: YES
SE: The 'request' object is used in forming an SQL query without proper sanitation.
BL: `$equalAsset = Asset::getByPath($parentAsset->getRealFullPath() . '/' . $request->get('name'));`
BUG FOUND: YES
SE: The 'request' object is used in forming an SQL query without proper sanitation.
BL: `$id = (int)$request->get('id');`
BUG FOUND: YES",mixtral-8x7b-32768
7,"Analyze the file content below and tell me if there's any line that may contain a bug of type CWE-89 (Improper Neutralization of Special Elements used in an SQL Command ('SQL Injection')). Your output must adhere to the following structure.

Expected Output Structure:
SE: very Short Explanation of why the line may contain a bug of given type (e.g., The 'user_input' is directly concatenated into HTML content without sanitation).
BL: the Bugged Line, if any is found, else none (e.g., `response = ""<html><body><h1>Welcome, "" + user_input + ""!</h1></body></html>""`).
BUG FOUND: YES if a bug is found, else NO.

Example output:
SE: The 'user_input' is directly concatenated into HTML content without sanitation.
BL: `response = ""<html><body><h1>Welcome, "" + user_input + ""!</h1></body></html>""`
BUG FOUND: YES

File Content:
<?php
/**
 * @Route(""/tree-get-root"", name=""pimcore_admin_asset_treegetroot"", methods={""GET""})
 *
 * @param Request $request
 *
 * @return JsonResponse
 */
public function treeGetRootAction(Request $request): JsonResponse
{
    return parent::treeGetRootAction($request);
}
/**
 * @Route(""/add-asset"", name=""pimcore_admin_asset_addasset"", methods={""POST""})
 *
 * @param Request $request
 * @param Config $config
 *
 * @return JsonResponse
 */
public function addAssetAction(Request $request, Config $config): JsonResponse
{
    try {
        $res = $this->addAsset($request, $config);

        $response = [
            'success' => $res['success'],
        ];

        if ($res['success']) {
            $response['asset'] = [
                'id' => $res['asset']->getId(),
                'path' => $res['asset']->getFullPath(),
                'type' => $res['asset']->getType(),
            ];
        }

        return $this->adminJson($response);
    } catch (\Exception $e) {
        return $this->adminJson([
            'success' => false,
            'message' => $e->getMessage(),
        ]);
    }
}
/**
     * @Route(""/add-asset-compatibility"", name=""pimcore_admin_asset_addassetcompatibility"", methods={""POST""})
     *
     * @param Request $request
     * @param Config $config
     *
     * @return JsonResponse
     */
    public function addAssetCompatibilityAction(Request $request, Config $config): JsonResponse
    {
        try {
            // this is a special action for the compatibility mode upload (without flash)
            $res = $this->addAsset($request, $config);

            $response = $this->adminJson([
                'success' => $res['success'],
                'msg' => $res['success'] ? 'Success' : 'Error',
                'id' => $res['asset'] ? $res['asset']->getId() : null,
                'fullpath' => $res['asset'] ? $res['asset']->getRealFullPath() : null,
                'type' => $res['asset'] ? $res['asset']->getType() : null,
            ]);
            $response->headers->set('Content-Type', 'text/html');

            return $response;
        } catch (\Exception $e) {
            return $this->adminJson([
                'success' => false,
                'message' => $e->getMessage(),
            ]);
        }
    }
/**
 * @throws \Exception
 */
protected function getTreeNodeConfig(ElementInterface $element): array
{
    return $this->elementService->getElementTreeNodeConfig($element);
}
/**
 * @Route(""/show-version"", name=""pimcore_admin_asset_showversion"", methods={""GET""})
 *
 * @param Request $request
 *
 * @return Response
 */
public function showVersionAction(Request $request): Response
{
    $id = (int)$request->get('id');
    $version = Model\Version::getById($id);
    $asset = $version?->loadData();
    if (!$asset) {
        throw $this->createNotFoundException('Version with id [' . $id . ""] doesn't exist"");
    }

    if (!$asset->isAllowed('versions')) {
        throw $this->createAccessDeniedHttpException('Permission denied, version id [' . $id . ']');
    }

    if ($asset->getMimeType() === 'application/pdf') {
        $scanResponse = $this->getResponseByScanStatus($asset, false);
        if ($scanResponse) {
            return $scanResponse;
        }
    }

    $loader = \Pimcore::getContainer()->get('pimcore.implementation_loader.asset.metadata.data');

    return $this->render(
        '@PimcoreAdmin/admin/asset/show_version_' . strtolower($asset->getType()) . '.html.twig',
        [
            'asset' => $asset,
            'version' => $version,
            'loader' => $loader,
        ]
    );
}
public function getIDsfilter(Request $request){
    $conditionFilters = [];
    $selectedIds = $request->get('selectedIds', []);
    if (!empty($selectedIds)) {
        $selectedIds = explode(',', $selectedIds);
        //add a condition if id numbers are specified
        $conditionFilters[] = 'id IN (' . implode(',', $selectedIds) . ')';
    }
    return $conditionFilters;
}

?>
    "," SE: The 'selectedIds' from user request is directly concatenated into the SQL query without proper sanitization.
BL: `$conditionFilters[] = 'id IN (' . implode(',', $selectedIds) . ')';`
BUG FOUND: YES

Explanation:
This code is building an SQL query using string concatenation with user-provided input, which is a serious security risk known as SQL Injection (CWE-89). In this case, the 'selectedIds' variable is directly inserted into the SQL query using concatenation, making it vulnerable to malicious input manipulation. An attacker could exploit this by providing specially crafted input to inject their own SQL commands, leading to unauthorized data access, modification, or deletion. To fix this issue, consider using prepared statements or parameterized queries to ensure the safe handling of user input in SQL queries.",mixtral-8x7b-32768
2,"Analyze the file content below and tell me if there's any line that may contain a bug of type CWE-89 (Improper Neutralization of Special Elements used in an SQL Command ('SQL Injection')). Your output must adhere to the following structure.

Expected Output Structure:
SE: very Short Explanation of why the line may contain a bug of given type (e.g., The 'user_input' is directly concatenated into HTML content without sanitation).
BL: the Bugged Line, if any is found, else none (e.g., `response = ""<html><body><h1>Welcome, "" + user_input + ""!</h1></body></html>""`).
BUG FOUND: YES if a bug is found, else NO.

Example output:
SE: The 'user_input' is directly concatenated into HTML content without sanitation.
BL: `response = ""<html><body><h1>Welcome, "" + user_input + ""!</h1></body></html>""`
BUG FOUND: YES

File Content:
<?php
/**
 * @Route(""/delete-info"", name=""pimcore_admin_asset_deleteinfo"", methods={""GET""})
 *
 * @param Request $request
 * @param EventDispatcherInterface $eventDispatcher
 *
 * @return JsonResponse
 */
public function deleteInfoAction(Request $request, EventDispatcherInterface $eventDispatcher): JsonResponse
{
    return parent::deleteInfoAction($request, $eventDispatcher);
}
/**
 * @Route(""/clear-thumbnail"", name=""pimcore_admin_asset_clearthumbnail"", methods={""POST""})
 *
 * @param Request $request
 *
 * @return JsonResponse
 */
public function clearThumbnailAction(Request $request): JsonResponse
{
    $success = false;

    if ($asset = Asset::getById((int) $request->get('id'))) {
        if (method_exists($asset, 'clearThumbnails')) {
            if (!$asset->isAllowed('publish')) {
                throw $this->createAccessDeniedException('not allowed to publish');
            }

            $asset->clearThumbnails(true); // force clear
            $asset->save();

            $success = true;
        }
    }

    return $this->adminJson(['success' => $success]);
}
public function getIDsfilter(Request $request){
    $conditionFilters = [];
    $selectedIds = $request->get('selectedIds', []);
    if (!empty($selectedIds)) {
        $selectedIds = explode(',', $selectedIds);
        //add a condition if id numbers are specified
        $conditionFilters[] = 'id IN (' . implode(',', $selectedIds) . ')';
    }
    return $conditionFilters;
}
/**
 * @Route(""/tree-get-root"", name=""pimcore_admin_asset_treegetroot"", methods={""GET""})
 *
 * @param Request $request
 *
 * @return JsonResponse
 */
public function treeGetRootAction(Request $request): JsonResponse
{
    return parent::treeGetRootAction($request);
}
/**
     * @Route(""/exists"", name=""pimcore_admin_asset_exists"", methods={""GET""})
     *
     * @param Request $request
     *
     * @return JsonResponse
     *
     * @throws \Exception
     */
    public function existsAction(Request $request): JsonResponse
    {
        $parentAsset = \Pimcore\Model\Asset::getById((int)$request->get('parentId'));

        return new JsonResponse([
            'exists' => Asset\Service::pathExists($parentAsset->getRealFullPath().'/'.$request->get('filename')),
        ]);
    }
protected function getSafeFilename(string $targetPath, string $filename): string
{
    $pathinfo = pathinfo($filename);
    $originalFilename = $pathinfo['filename'];
    $originalFileextension = empty($pathinfo['extension']) ? '' : '.' . $pathinfo['extension'];
    $count = 1;

    if ($targetPath == '/') {
        $targetPath = '';
    }

    while (true) {
        if (Asset\Service::pathExists($targetPath . '/' . $filename)) {
            $filename = $originalFilename . '_' . $count . $originalFileextension;
            $count++;
        } else {
            return $filename;
        }
    }
}
/**
 * @throws \Exception
 */
protected function getTreeNodeConfig(ElementInterface $element): array
{
    return $this->elementService->getElementTreeNodeConfig($element);
}
/**
 * @Route(""/show-version"", name=""pimcore_admin_asset_showversion"", methods={""GET""})
 *
 * @param Request $request
 *
 * @return Response
 */
public function showVersionAction(Request $request): Response
{
    $id = (int)$request->get('id');
    $version = Model\Version::getById($id);
    $asset = $version?->loadData();
    if (!$asset) {
        throw $this->createNotFoundException('Version with id [' . $id . ""] doesn't exist"");
    }

    if (!$asset->isAllowed('versions')) {
        throw $this->createAccessDeniedHttpException('Permission denied, version id [' . $id . ']');
    }

    if ($asset->getMimeType() === 'application/pdf') {
        $scanResponse = $this->getResponseByScanStatus($asset, false);
        if ($scanResponse) {
            return $scanResponse;
        }
    }

    $loader = \Pimcore::getContainer()->get('pimcore.implementation_loader.asset.metadata.data');

    return $this->render(
        '@PimcoreAdmin/admin/asset/show_version_' . strtolower($asset->getType()) . '.html.twig',
        [
            'asset' => $asset,
            'version' => $version,
            'loader' => $loader,
        ]
    );
}
?>
    "," SE: The 'request' object is used in a SQL query without proper sanitation, which could potentially lead to SQL Injection.
BL: `if ($asset = Asset::getById((int) $request->get('id'))) {`
BUG FOUND: YES

SE: The 'request' object is used in a SQL query without proper sanitation, which could potentially lead to SQL Injection.
BL: `$parentAsset = \Pimcore\Model\Asset::getById((int)$request->get('parentId'));`
BUG FOUND: YES

The other lines do not contain any SQL queries that use user input directly, so they are safe from SQL Injection (CWE-89). However, it's always a good practice to use parameterized queries or prepared statements to ensure the safety of your code.",mixtral-8x7b-32768
1,"Analyze the file content below and tell me if there's any line that may contain a bug of type CWE-89 (Improper Neutralization of Special Elements used in an SQL Command ('SQL Injection')). Your output must adhere to the following structure.

Expected Output Structure:
SE: very Short Explanation of why the line may contain a bug of given type (e.g., The 'user_input' is directly concatenated into HTML content without sanitation).
BL: the Bugged Line, if any is found, else none (e.g., `response = ""<html><body><h1>Welcome, "" + user_input + ""!</h1></body></html>""`).
BUG FOUND: YES if a bug is found, else NO.

Example output:
SE: The 'user_input' is directly concatenated into HTML content without sanitation.
BL: `response = ""<html><body><h1>Welcome, "" + user_input + ""!</h1></body></html>""`
BUG FOUND: YES

File Content:
<?php
/**
 * @Route(""/tree-get-root"", name=""pimcore_admin_asset_treegetroot"", methods={""GET""})
 *
 * @param Request $request
 *
 * @return JsonResponse
 */
public function treeGetRootAction(Request $request): JsonResponse
{
    return parent::treeGetRootAction($request);
}
protected function addThumbnailCacheHeaders(Response $response): void
{
    $lifetime = 300;
    $date = new \DateTime('now');
    $date->add(new \DateInterval('PT' . $lifetime . 'S'));

    $response->setMaxAge($lifetime);
    $response->setPublic();
    $response->setExpires($date);
    $response->headers->set('Pragma', '');
}
public function getIDsfilter(Request $request){
    $conditionFilters = [];
    $selectedIds = $request->get('selectedIds', []);
    if (!empty($selectedIds)) {
        $selectedIds = explode(',', $selectedIds);
        //add a condition if id numbers are specified
        $conditionFilters[] = 'id IN (' . implode(',', $selectedIds) . ')';
    }
    return $conditionFilters;
}
/**
     * @Route(""/exists"", name=""pimcore_admin_asset_exists"", methods={""GET""})
     *
     * @param Request $request
     *
     * @return JsonResponse
     *
     * @throws \Exception
     */
    public function existsAction(Request $request): JsonResponse
    {
        $parentAsset = \Pimcore\Model\Asset::getById((int)$request->get('parentId'));

        return new JsonResponse([
            'exists' => Asset\Service::pathExists($parentAsset->getRealFullPath().'/'.$request->get('filename')),
        ]);
    }
/**
 * @Route(""/delete"", name=""pimcore_admin_asset_delete"", methods={""DELETE""})
 *
 * @param Request $request
 *
 * @return JsonResponse
 */
public function deleteAction(Request $request): JsonResponse
{
    $type = $request->get('type');

    if ($type === 'children') {
        $parentAsset = Asset::getById((int) $request->get('id'));

        $list = new Asset\Listing();
        $list->setCondition('`path` LIKE ?', [Helper::escapeLike($parentAsset->getRealFullPath()) . '/%']);
        $list->setLimit((int)$request->get('amount'));
        $list->setOrderKey('LENGTH(`path`)', false);
        $list->setOrder('DESC');

        $deletedItems = [];
        foreach ($list as $asset) {
            $deletedItems[$asset->getId()] = $asset->getRealFullPath();
            if ($asset->isAllowed('delete') && !$asset->isLocked()) {
                $asset->delete();
            }
        }

        return $this->adminJson(['success' => true, 'deleted' => $deletedItems]);
    }
    if ($request->get('id')) {
        $asset = Asset::getById((int) $request->get('id'));
        if ($asset && $asset->isAllowed('delete')) {
            if ($asset->isLocked()) {
                return $this->adminJson([
                    'success' => false,
                    'message' => 'prevented deleting asset, because it is locked: ID: ' . $asset->getId(),
                ]);
            }

            $asset->delete();

            return $this->adminJson(['success' => true]);
        }
    }

    throw $this->createAccessDeniedHttpException();
}
/**
 * @Route(""/show-version"", name=""pimcore_admin_asset_showversion"", methods={""GET""})
 *
 * @param Request $request
 *
 * @return Response
 */
public function showVersionAction(Request $request): Response
{
    $id = (int)$request->get('id');
    $version = Model\Version::getById($id);
    $asset = $version?->loadData();
    if (!$asset) {
        throw $this->createNotFoundException('Version with id [' . $id . ""] doesn't exist"");
    }

    if (!$asset->isAllowed('versions')) {
        throw $this->createAccessDeniedHttpException('Permission denied, version id [' . $id . ']');
    }

    if ($asset->getMimeType() === 'application/pdf') {
        $scanResponse = $this->getResponseByScanStatus($asset, false);
        if ($scanResponse) {
            return $scanResponse;
        }
    }

    $loader = \Pimcore::getContainer()->get('pimcore.implementation_loader.asset.metadata.data');

    return $this->render(
        '@PimcoreAdmin/admin/asset/show_version_' . strtolower($asset->getType()) . '.html.twig',
        [
            'asset' => $asset,
            'version' => $version,
            'loader' => $loader,
        ]
    );
}
?>
    "," SE: The 'request' object is used in a SQL query without proper sanitation.
BL: `$parentAsset = \Pimcore\Model\Asset::getById((int)$request->get('parentId'));` and `'path' LIKE ?', [Helper::escapeLike($parentAsset->getRealFullPath()) . '/%'`
BUG FOUND: YES
Explanation:
The 'parentId' and 'path' values are taken directly from the 'request' object and used in SQL queries. If these values are not properly sanitized, it could lead to SQL Injection vulnerabilities (CWE-89). It's recommended to use parameterized queries or prepared statements to ensure the safety of the SQL queries.",mixtral-8x7b-32768
18,"Analyze the file content below and tell me if there's any line that may contain a bug of type CWE-89 (Improper Neutralization of Special Elements used in an SQL Command ('SQL Injection')). Your output must adhere to the following structure.

Expected Output Structure:
SE: very Short Explanation of why the line may contain a bug of given type (e.g., The 'user_input' is directly concatenated into HTML content without sanitation).
BL: the Bugged Line, if any is found, else none (e.g., `response = ""<html><body><h1>Welcome, "" + user_input + ""!</h1></body></html>""`).
BUG FOUND: YES if a bug is found, else NO.

Example output:
SE: The 'user_input' is directly concatenated into HTML content without sanitation.
BL: `response = ""<html><body><h1>Welcome, "" + user_input + ""!</h1></body></html>""`
BUG FOUND: YES

File Content:
<?php
namespace WP_SMS;

if (!defined('ABSPATH')) {
    exit;
} // Exit if accessed directly

if (!class_exists('WP_List_Table')) {
    require_once(ABSPATH . 'wp-admin/includes/class-wp-list-table.php');
}
public function __construct()
{
    global $wpdb;

    //Set parent defaults
    parent::__construct(array(
        'singular' => 'ID',     //singular name of the listed records
        'plural'   => 'ID',    //plural name of the listed records
        'ajax'     => false        //does this table support ajax?
    ));

    $this->db        = $wpdb;
    $this->tb_prefix = $wpdb->prefix;
    $this->count     = $this->get_total();
    $this->limit     = $this->get_items_per_page('wp_sms_subscriber_per_page');
    $this->data      = $this->get_data();
    $this->adminUrl  = admin_url('admin.php?page=wp-sms-subscribers');
}
//get total items on different Queries
public function get_total($query = '')
{
    if (!$query) {
        $query = 'SELECT * FROM `' . $this->tb_prefix . 'sms_subscribes`';
    }

    $result = $this->db->get_results($query, ARRAY_A);

    return count($result);
}
public function mobile_or_country_query($where)
{
    if (isset($_GET['group_id']) && $_GET['group_id']) {
        $group_id = sanitize_text_field($_GET['group_id']);
        $where = ""WHERE group_ID = {$group_id}"";
    }

    if (isset($_GET['country_code']) && $_GET['country_code']) {
        $country_code = sanitize_text_field($_GET['country_code']);
        if ($where) {
            $where .= "" AND mobile LIKE '{$country_code}%'"";
        } else {
            $where = ""WHERE mobile LIKE '{$country_code}%'"";
        }
    }
    return $where;
}
public function column_default($item, $column_name)
{
    switch ($column_name) {
        case 'name':
        case 'mobile':
            return wp_sms_render_quick_reply($item['mobile']);
        case 'activate_key':
            return $item[$column_name];

        case 'group_ID':
            $group = Newsletter::getGroup($item[$column_name]);
            if ($group) {
                return $group->name;
            } else {
                return '-';
            }

        case 'date':
            return sprintf(__('%s <span class=""wpsms-time"">%s</span>', 'wp-sms'), date_i18n('Y-m-d', strtotime($item[$column_name])), date_i18n('H:i', strtotime($item[$column_name])));

        default:
            return print_r($item, true); //Show the whole array for troubleshooting purposes
    }
}
public function column_cb($item)
{
    return sprintf(
        '<input type=""checkbox"" name=""%1$s[]"" value=""%2$s"" />',
        /*$1%s*/
        $this->_args['singular'],  //Let's simply repurpose the table's singular label (""movie"")
        /*$2%s*/
        $item['ID']                //The value of the checkbox should be the record's id
    );
}
public function get_columns()
{
    $columns = array(
        'cb'            => '<input type=""checkbox"" />', //Render a checkbox instead of text
        'name'          => __('Name', 'wp-sms'),
        'mobile'        => __('Mobile', 'wp-sms'),
        'group_ID'      => __('Group', 'wp-sms'),
        'date'          => __('Date', 'wp-sms'),
        'activate_key'  => __('Activate code', 'wp-sms'),
        'status'        => __('Status', 'wp-sms'),
        'custom_fields' => __('Custom Fields', 'wp-sms'),
    );

    return $columns;
}
public function get_sortable_columns()
{
    $sortable_columns = array(
        'ID'            => array('ID', true),     //true means it's already sorted
        'name'          => array('name', false),     //true means it's already sorted
        'mobile'        => array('mobile', false),     //true means it's already sorted
        'group_ID'      => array('group_ID', false),     //true means it's already sorted
        'date'          => array('date', false),   //true means it's already sorted
        'status'        => array('status', false), //true means it's already sorted
        'custom_fields' => array('custom_fields', false), //true means it's already sorted
    );

    if (Option::getOption('newsletter_form_verify')) {
        $sortable_columns['activate_key'] = array('activate_key', false);
    }

    return $sortable_columns;
}
    "," SE: The 'group_ID' and 'mobile' parameters from user input in $_GET are directly used in SQL queries without proper sanitation.
BL: In function 'get_total($query)', line: `$result = $this->db->get_results($query, ARRAY_A);`
In function 'mobile_or_country_query($where)', lines: `$where = ""WHERE group_ID = {$group_id}"";`, `$where .= "" AND mobile LIKE '{$country_code}%'"";`
BUG FOUND: YES

Explanation:
The 'group_ID' and 'mobile' parameters from user input in $_GET are used in SQL queries without being passed through the 'sanitize_text_field' function in the 'get_total($query)' and 'mobile_or_country_query($where)' functions. This could potentially lead to an SQL Injection vulnerability (CWE-89). To mitigate this risk, the user inputs should be properly sanitized before being used in SQL queries.",mixtral-8x7b-32768
13,"Analyze the file content below and tell me if there's any line that may contain a bug of type CWE-89 (Improper Neutralization of Special Elements used in an SQL Command ('SQL Injection')). Your output must adhere to the following structure.

Expected Output Structure:
SE: very Short Explanation of why the line may contain a bug of given type (e.g., The 'user_input' is directly concatenated into HTML content without sanitation).
BL: the Bugged Line, if any is found, else none (e.g., `response = ""<html><body><h1>Welcome, "" + user_input + ""!</h1></body></html>""`).
BUG FOUND: YES if a bug is found, else NO.

Example output:
SE: The 'user_input' is directly concatenated into HTML content without sanitation.
BL: `response = ""<html><body><h1>Welcome, "" + user_input + ""!</h1></body></html>""`
BUG FOUND: YES

File Content:
<?php
public function __get( $name ) {
	if ( static::has_property( $name ) ) {
		return $this->get_property( $name );
	} elseif ( property_exists( $this, $name ) ) {
		return $this->$name;
	} else {
		return null;
	}
}
private function get_property( $name ) {
	if ( isset( $this->data[ $name ] ) ) {
		return $this->data[ $name ];
	} else {
		return null;
	}
}
/**
 * Retrieves the database table name.
 * 
 * The name is derived from the namespace an class name. Additionally, it
 * is prefixed with the global WordPress database table prefix.
 * @todo cache
 * 
 * @return string database table name
 */
public static function table_name() {
	global $wpdb;
	
	// prefix with $wpdb prefix
	return $wpdb->prefix . static::name();
}
/**
 * Define a property with name and type.
 * 
 * Currently only supports basics.
 * @todo enable additional options like NOT NULL, DEFAULT etc.
 * 
 * @param string $name Name of the property / column
 * @param string $type mySQL column type 
 */
public static function property( $name, $type, $args = array() ) {
	$class = get_called_class();
	
	if ( ! isset( static::$properties[ $class ] ) ) {
		static::$properties[ $class ] = array();
	}

	// ""id"" columns and those ending on ""_id"" get an index by default
	$index = $name == 'id' || stripos( $name, '_id' );
	// but if the argument is set, it overrides the default
	if (isset($args['index'])) {
		$index = $args['index'];
	}
	
	static::$properties[ $class ][] = array(
		'name'  => $name,
		'type'  => $type,
		'index' => $index,
		'index_length' => isset($args['index_length']) ? $args['index_length'] : null,
		'unique' => isset($args['unique']) ? $args['unique'] : null
	);
}
/**
 * Return a list of property dictionaries.
 * 
 * @return array property list
 */
private static function properties() {
	$class = get_called_class();
	
	if ( ! isset( static::$properties[ $class ] ) ) {
		static::$properties[ $class ] = array();
	}
	
	return static::$properties[ $class ];
}
/**
 * Does the given property exist?
 * 
 * @param string $name name of the property to test
 * @return bool True if the property exists, else false.
 */
public static function has_property( $name ) {
	return in_array( $name, static::property_names() );
}
/**
 * Return a list of property names.
 * 
 * @return array property names
 */
public static function property_names() {
	return array_map( function ( $p ) { return $p['name']; } , static::properties() );
}
/**
 * Does the table have any entries?
 * 
 * @return bool True if there is at least one entry, else false.
 */
public static function has_entries() {
	return static::count() > 0;
}
public static function find_one_by_property( $property, $value ) {
	global $wpdb;
	
	$class = get_called_class();
	$model = new $class();
	$model->flag_as_not_new();
	
	$row = $wpdb->get_row(
		'SELECT * FROM ' . static::table_name() . ' WHERE ' . $property .  ' = \'' . $value . '\' LIMIT 0,1'
	);
	
	if ( ! $row ) {
		return null;
	}
	
	foreach ( $row as $property => $value ) {
		$model->$property = static::unserialize_property($value);
	}
	
	return $model;
}
/**
 * Property dictionary for all tables
 */
private static $properties = array();

private $is_new = true;

/**
 * Contains property values
 */
private $data = array();
public function __set( $name, $value ) {
	if ( static::has_property( $name ) ) {
		$this->set_property( $name, $value );
	} else {
		$this->$name = $value;
	}
}
private function set_property( $name, $value ) {
	$this->data[ $name ] = $value;
}
/**
 * Retrieve all entries from the table.
 *
 * @param  string $sql_suffix optional SQL, appended after FROM clause
 * @return array list of model objects
 */
public static function all( $sql_suffix = '' ) {
	global $wpdb;
	
	$class = get_called_class();
	$models = array();
	
	$rows = $wpdb->get_results( 'SELECT * FROM ' . static::table_name() . ' ' . $sql_suffix );

	foreach ( $rows as $row ) {
		$model = new $class();
		$model->flag_as_not_new();
		foreach ( $row as $property => $value ) {
			$model->$property = static::unserialize_property($value);
		}
		$models[] = $model;
	}
	
	return $models;
}
/**
 * True if not yet saved to database. Else false.
 */
public function is_new() {
	return $this->is_new;
}

    "," SE: The 'value' from user input is directly concatenated into an SQL query without proper sanitation.
BL: `$row = $wpdb->get_row( 'SELECT * FROM ' . static::table_name() . ' WHERE ' . $property . ' = \'' . $value . '\' LIMIT 0,1' );`
BUG FOUND: YES

Explanation:

The 'find_one_by_property' method in the provided code is at risk of SQL Injection due to the direct concatenation of user-provided input ($value) into an SQL query. The input is not sanitized or parameterized, allowing an attacker to manipulate the SQL command by injecting malicious code into the 'value' variable. This vulnerability can lead to unauthorized data access, modification, or deletion. To mitigate this risk, consider using prepared statements or parameterized queries to ensure the safe handling of user input in SQL queries.",mixtral-8x7b-32768
17,"Analyze the file content below and tell me if there's any line that may contain a bug of type CWE-89 (Improper Neutralization of Special Elements used in an SQL Command ('SQL Injection')). Your output must adhere to the following structure.

Expected Output Structure:
SE: very Short Explanation of why the line may contain a bug of given type (e.g., The 'user_input' is directly concatenated into HTML content without sanitation).
BL: the Bugged Line, if any is found, else none (e.g., `response = ""<html><body><h1>Welcome, "" + user_input + ""!</h1></body></html>""`).
BUG FOUND: YES if a bug is found, else NO.

Example output:
SE: The 'user_input' is directly concatenated into HTML content without sanitation.
BL: `response = ""<html><body><h1>Welcome, "" + user_input + ""!</h1></body></html>""`
BUG FOUND: YES

File Content:
<?php
public function column_status($item)
{
    return Helper::loadTemplate('admin/label-button.php', array(
        'type'  => ($item['status'] == '1' ? 'active' : 'inactive'),
        'label' => ($item['status'] == '1' ? __('Active', 'wp-sms') : __('Inactive', 'wp-sms'))
    ));
}
public function column_custom_fields($item)
{
    $customFields = unserialize($item['custom_fields']);

    if (is_array($customFields)) {
        foreach ($customFields as $key => $value) {
            printf('<div class=""wpsms-custom-field""><strong>%s</strong>: %s</div>', $key, $value);
        }
    }
}
public function mobile_or_country_query($where)
{
    if (isset($_GET['group_id']) && $_GET['group_id']) {
        $group_id = sanitize_text_field($_GET['group_id']);
        $where = ""WHERE group_ID = {$group_id}"";
    }

    if (isset($_GET['country_code']) && $_GET['country_code']) {
        $country_code = sanitize_text_field($_GET['country_code']);
        if ($where) {
            $where .= "" AND mobile LIKE '{$country_code}%'"";
        } else {
            $where = ""WHERE mobile LIKE '{$country_code}%'"";
        }
    }
    return $where;
}
public function __construct()
{
    global $wpdb;

    //Set parent defaults
    parent::__construct(array(
        'singular' => 'ID',     //singular name of the listed records
        'plural'   => 'ID',    //plural name of the listed records
        'ajax'     => false        //does this table support ajax?
    ));

    $this->db        = $wpdb;
    $this->tb_prefix = $wpdb->prefix;
    $this->count     = $this->get_total();
    $this->limit     = $this->get_items_per_page('wp_sms_subscriber_per_page');
    $this->data      = $this->get_data();
    $this->adminUrl  = admin_url('admin.php?page=wp-sms-subscribers');
}
public function column_cb($item)
{
    return sprintf(
        '<input type=""checkbox"" name=""%1$s[]"" value=""%2$s"" />',
        /*$1%s*/
        $this->_args['singular'],  //Let's simply repurpose the table's singular label (""movie"")
        /*$2%s*/
        $item['ID']                //The value of the checkbox should be the record's id
    );
}
public function get_columns()
{
    $columns = array(
        'cb'            => '<input type=""checkbox"" />', //Render a checkbox instead of text
        'name'          => __('Name', 'wp-sms'),
        'mobile'        => __('Mobile', 'wp-sms'),
        'group_ID'      => __('Group', 'wp-sms'),
        'date'          => __('Date', 'wp-sms'),
        'activate_key'  => __('Activate code', 'wp-sms'),
        'status'        => __('Status', 'wp-sms'),
        'custom_fields' => __('Custom Fields', 'wp-sms'),
    );

    return $columns;
}
public function get_sortable_columns()
{
    $sortable_columns = array(
        'ID'            => array('ID', true),     //true means it's already sorted
        'name'          => array('name', false),     //true means it's already sorted
        'mobile'        => array('mobile', false),     //true means it's already sorted
        'group_ID'      => array('group_ID', false),     //true means it's already sorted
        'date'          => array('date', false),   //true means it's already sorted
        'status'        => array('status', false), //true means it's already sorted
        'custom_fields' => array('custom_fields', false), //true means it's already sorted
    );

    if (Option::getOption('newsletter_form_verify')) {
        $sortable_columns['activate_key'] = array('activate_key', false);
    }

    return $sortable_columns;
}
public function get_bulk_actions()
{
    $actions = ['bulk_delete' => __('Delete', 'wp-sms')];

    $groups = $this->db->get_results(""SELECT * FROM `{$this->tb_prefix}sms_subscribes_group`"", ARRAY_A);
    if (count($groups)) {
        foreach ($groups as $value) {
            $actions['move_to_' . $value['ID']] = sprintf(__('Move to «%s»', 'wp-sms'), $value['name']);
        }
    }
    return $actions;
}
//get total items on different Queries
public function get_total($query = '')
{
    if (!$query) {
        $query = 'SELECT * FROM `' . $this->tb_prefix . 'sms_subscribes`';
    }

    $result = $this->db->get_results($query, ARRAY_A);

    return count($result);
}
    "," SE: The `$_GET['group_id']` and `$_GET['country_code']` inputs are directly concatenated into the SQL query without proper sanitation.
BL: In the `mobile_or_country_query` function, the following lines:
- `$where = ""WHERE group_ID = {$group_id}"";`
- `$where .= "" AND mobile LIKE '{$country_code}%'"";`
BUG FOUND: YES

Explanation:
Directly concatenating user inputs into SQL queries can lead to SQL Injection vulnerabilities if the inputs are not properly sanitized. In this case, the `sanitize_text_field` function is used, but it is not sufficient to prevent SQL Injection when the input is used in an SQL query. A more secure approach is to use prepared statements or parameterized queries.",mixtral-8x7b-32768
5,"Analyze the file content below and tell me if there's any line that may contain a bug of type CWE-89 (Improper Neutralization of Special Elements used in an SQL Command ('SQL Injection')). Your output must adhere to the following structure.

Expected Output Structure:
SE: very Short Explanation of why the line may contain a bug of given type (e.g., The 'user_input' is directly concatenated into HTML content without sanitation).
BL: the Bugged Line, if any is found, else none (e.g., `response = ""<html><body><h1>Welcome, "" + user_input + ""!</h1></body></html>""`).
BUG FOUND: YES if a bug is found, else NO.

Example output:
SE: The 'user_input' is directly concatenated into HTML content without sanitation.
BL: `response = ""<html><body><h1>Welcome, "" + user_input + ""!</h1></body></html>""`
BUG FOUND: YES

File Content:
<?php
/**
 * @Route(""/tree-get-root"", name=""pimcore_admin_asset_treegetroot"", methods={""GET""})
 *
 * @param Request $request
 *
 * @return JsonResponse
 */
public function treeGetRootAction(Request $request): JsonResponse
{
    return parent::treeGetRootAction($request);
}
/**
 * @Route(""/delete-info"", name=""pimcore_admin_asset_deleteinfo"", methods={""GET""})
 *
 * @param Request $request
 * @param EventDispatcherInterface $eventDispatcher
 *
 * @return JsonResponse
 */
public function deleteInfoAction(Request $request, EventDispatcherInterface $eventDispatcher): JsonResponse
{
    return parent::deleteInfoAction($request, $eventDispatcher);
}
/**
 * @Route(""/add-asset"", name=""pimcore_admin_asset_addasset"", methods={""POST""})
 *
 * @param Request $request
 * @param Config $config
 *
 * @return JsonResponse
 */
public function addAssetAction(Request $request, Config $config): JsonResponse
{
    try {
        $res = $this->addAsset($request, $config);

        $response = [
            'success' => $res['success'],
        ];

        if ($res['success']) {
            $response['asset'] = [
                'id' => $res['asset']->getId(),
                'path' => $res['asset']->getFullPath(),
                'type' => $res['asset']->getType(),
            ];
        }

        return $this->adminJson($response);
    } catch (\Exception $e) {
        return $this->adminJson([
            'success' => false,
            'message' => $e->getMessage(),
        ]);
    }
}
/**
 * @throws \Exception
 */
protected function getTreeNodeConfig(ElementInterface $element): array
{
    return $this->elementService->getElementTreeNodeConfig($element);
}
/**
 * @Route(""/get-asset"", name=""pimcore_admin_asset_getasset"", methods={""GET""})
 *
 * @param Request $request
 *
 * @return StreamedResponse
 */
public function getAssetAction(Request $request): StreamedResponse
{
    $image = Asset::getById((int)$request->get('id'));

    if (!$image) {
        throw $this->createNotFoundException('Asset not found');
    }

    if (!$image->isAllowed('view')) {
        throw $this->createAccessDeniedException('not allowed to view asset');
    }

    $stream = $image->getStream();

    if (!is_resource($stream)) {
        throw $this->createNotFoundException('Unable to get resource for asset ' . $image->getId());
    }

    $response = new StreamedResponse(function () use ($stream) {
        fpassthru($stream);
    }, 200, [
        'Content-Type' => $image->getMimeType(),
        'Access-Control-Allow-Origin' => '*',
    ]);
    $this->addThumbnailCacheHeaders($response);

    return $response;
}
public function getIDsfilter(Request $request){
    $conditionFilters = [];
    $selectedIds = $request->get('selectedIds', []);
    if (!empty($selectedIds)) {
        $selectedIds = explode(',', $selectedIds);
        //add a condition if id numbers are specified
        $conditionFilters[] = 'id IN (' . implode(',', $selectedIds) . ')';
    }
    return $conditionFilters;
}
/**
 * @Route(""/get-folder-thumbnail"", name=""pimcore_admin_asset_getfolderthumbnail"", methods={""GET""})
 *
 * @param Request $request
 *
 * @return StreamedResponse
 */
public function getFolderThumbnailAction(Request $request): StreamedResponse
{
    $folder = null;

    if ($request->get('id')) {
        $folder = Asset\Folder::getById((int)$request->get('id'));
        if ($folder instanceof  Asset\Folder) {
            if (!$folder->isAllowed('view')) {
                throw $this->createAccessDeniedException('not allowed to view thumbnail');
            }

            $stream = $folder->getPreviewImage();
            if (!$stream) {
                throw $this->createNotFoundException(sprintf('Tree preview thumbnail not available for asset %s', $folder->getId()));
            } else {
                $response = new StreamedResponse(function () use ($stream) {
                    fpassthru($stream);
                }, 200, [
                    'Content-Type' => 'image/jpg',
                ]);
            }

            $this->addThumbnailCacheHeaders($response);

            return $response;
        }
    }

    throw $this->createNotFoundException('could not load asset folder');
}
?>
    "," SE: In the 'getIDsfilter' function, user input from the 'selectedIds' variable is directly concatenated into the SQL query without proper sanitation, which could potentially lead to SQL Injection.
BL: `$conditionFilters[] = 'id IN (' . implode(',', $selectedIds) . ')';`
BUG FOUND: YES.

Please note that this is a potential security vulnerability. In practice, the 'selectedIds' variable should be properly sanitized or type-casted to ensure it contains only integers before being used in the SQL query. The current implementation assumes that the 'selectedIds' variable is safe because it comes from a trusted source (the request object), but it's still a good practice to sanitize user inputs.",mixtral-8x7b-32768
8,"Analyze the file content below and tell me if there's any line that may contain a bug of type CWE-89 (Improper Neutralization of Special Elements used in an SQL Command ('SQL Injection')). Your output must adhere to the following structure.

Expected Output Structure:
SE: very Short Explanation of why the line may contain a bug of given type (e.g., The 'user_input' is directly concatenated into HTML content without sanitation).
BL: the Bugged Line, if any is found, else none (e.g., `response = ""<html><body><h1>Welcome, "" + user_input + ""!</h1></body></html>""`).
BUG FOUND: YES if a bug is found, else NO.

Example output:
SE: The 'user_input' is directly concatenated into HTML content without sanitation.
BL: `response = ""<html><body><h1>Welcome, "" + user_input + ""!</h1></body></html>""`
BUG FOUND: YES

File Content:
<?php

public static function find_one_by_property( $property, $value ) {
	global $wpdb;
	
	$class = get_called_class();
	$model = new $class();
	$model->flag_as_not_new();
	
	$row = $wpdb->get_row(
		'SELECT * FROM ' . static::table_name() . ' WHERE ' . $property .  ' = \'' . $value . '\' LIMIT 0,1'
	);
	
	if ( ! $row ) {
		return null;
	}
	
	foreach ( $row as $property => $value ) {
		$model->$property = static::unserialize_property($value);
	}
	
	return $model;
}
/**
 * Property dictionary for all tables
 */
private static $properties = array();

private $is_new = true;

/**
 * Contains property values
 */
private $data = array();
private function set_property( $name, $value ) {
	$this->data[ $name ] = $value;
}
public function __get( $name ) {
	if ( static::has_property( $name ) ) {
		return $this->get_property( $name );
	} elseif ( property_exists( $this, $name ) ) {
		return $this->$name;
	} else {
		return null;
	}
}
private function get_property( $name ) {
	if ( isset( $this->data[ $name ] ) ) {
		return $this->data[ $name ];
	} else {
		return null;
	}
}
private static function unserialize_property($property) {
	if ( ! isset($property) )
		return;

	if ( $unserialized_string = is_serialized($property) )
		return unserialize($property);

	return $property;
}
/**
 * Retrieves the database table name.
 * 
 * The name is derived from the namespace an class name. Additionally, it
 * is prefixed with the global WordPress database table prefix.
 * @todo cache
 * 
 * @return string database table name
 */
public static function table_name() {
	global $wpdb;
	
	// prefix with $wpdb prefix
	return $wpdb->prefix . static::name();
}
/**
 * Define a property with name and type.
 * 
 * Currently only supports basics.
 * @todo enable additional options like NOT NULL, DEFAULT etc.
 * 
 * @param string $name Name of the property / column
 * @param string $type mySQL column type 
 */
public static function property( $name, $type, $args = array() ) {
	$class = get_called_class();
	
	if ( ! isset( static::$properties[ $class ] ) ) {
		static::$properties[ $class ] = array();
	}

	// ""id"" columns and those ending on ""_id"" get an index by default
	$index = $name == 'id' || stripos( $name, '_id' );
	// but if the argument is set, it overrides the default
	if (isset($args['index'])) {
		$index = $args['index'];
	}
	
	static::$properties[ $class ][] = array(
		'name'  => $name,
		'type'  => $type,
		'index' => $index,
		'index_length' => isset($args['index_length']) ? $args['index_length'] : null,
		'unique' => isset($args['unique']) ? $args['unique'] : null
	);
}
/**
 * Return a list of property dictionaries.
 * 
 * @return array property list
 */
private static function properties() {
	$class = get_called_class();
	
	if ( ! isset( static::$properties[ $class ] ) ) {
		static::$properties[ $class ] = array();
	}
	
	return static::$properties[ $class ];
}
/**
 * Return a list of property names.
 * 
 * @return array property names
 */
public static function property_names() {
	return array_map( function ( $p ) { return $p['name']; } , static::properties() );
}
/**
 * Does the table have any entries?
 * 
 * @return bool True if there is at least one entry, else false.
 */
public static function has_entries() {
	return static::count() > 0;
}
public static function find_by_id( $id ) {
	global $wpdb;
	
	$class = get_called_class();
	$model = new $class();
	$model->flag_as_not_new();
	
	$row = $wpdb->get_row( 'SELECT * FROM ' . static::table_name() . ' WHERE id = ' . (int) $id );
	
	if ( ! $row ) {
		return null;
	}
	
	foreach ( $row as $property => $value ) {
		$model->$property = static::unserialize_property($value);
	}
	
	return $model;
}
public static function find_one_by_where( $where ) {
	global $wpdb;
	
	$class = get_called_class();
	$model = new $class();
	$model->flag_as_not_new();
	
	$row = $wpdb->get_row(
		'SELECT * FROM ' . static::table_name() . ' WHERE ' . $where . ' LIMIT 0,1'
	);
	
	if ( ! $row ) {
		return null;
	}
	
	foreach ( $row as $property => $value ) {
		$model->$property = static::unserialize_property($value);
	}
	
	return $model;
}

    "," SE: The 'property' and 'value' variables are directly concatenated into an SQL command without proper sanitation, which could potentially lead to SQL Injection.
BL: `$row = $wpdb->get_row('SELECT * FROM ' . static::table_name() . ' WHERE ' . $property . ' = \'' . $value . '\' LIMIT 0,1');`
BUG FOUND: YES
",mixtral-8x7b-32768
12,"Analyze the file content below and tell me if there's any line that may contain a bug of type CWE-89 (Improper Neutralization of Special Elements used in an SQL Command ('SQL Injection')). Your output must adhere to the following structure.

Expected Output Structure:
SE: very Short Explanation of why the line may contain a bug of given type (e.g., The 'user_input' is directly concatenated into HTML content without sanitation).
BL: the Bugged Line, if any is found, else none (e.g., `response = ""<html><body><h1>Welcome, "" + user_input + ""!</h1></body></html>""`).
BUG FOUND: YES if a bug is found, else NO.

Example output:
SE: The 'user_input' is directly concatenated into HTML content without sanitation.
BL: `response = ""<html><body><h1>Welcome, "" + user_input + ""!</h1></body></html>""`
BUG FOUND: YES

File Content:
<?php
public function __set( $name, $value ) {
	if ( static::has_property( $name ) ) {
		$this->set_property( $name, $value );
	} else {
		$this->$name = $value;
	}
}
private function set_property( $name, $value ) {
	$this->data[ $name ] = $value;
}
/**
 * Retrieves the database table name.
 * 
 * The name is derived from the namespace an class name. Additionally, it
 * is prefixed with the global WordPress database table prefix.
 * @todo cache
 * 
 * @return string database table name
 */
public static function table_name() {
	global $wpdb;
	
	// prefix with $wpdb prefix
	return $wpdb->prefix . static::name();
}
/**
 * Define a property with name and type.
 * 
 * Currently only supports basics.
 * @todo enable additional options like NOT NULL, DEFAULT etc.
 * 
 * @param string $name Name of the property / column
 * @param string $type mySQL column type 
 */
public static function property( $name, $type, $args = array() ) {
	$class = get_called_class();
	
	if ( ! isset( static::$properties[ $class ] ) ) {
		static::$properties[ $class ] = array();
	}

	// ""id"" columns and those ending on ""_id"" get an index by default
	$index = $name == 'id' || stripos( $name, '_id' );
	// but if the argument is set, it overrides the default
	if (isset($args['index'])) {
		$index = $args['index'];
	}
	
	static::$properties[ $class ][] = array(
		'name'  => $name,
		'type'  => $type,
		'index' => $index,
		'index_length' => isset($args['index_length']) ? $args['index_length'] : null,
		'unique' => isset($args['unique']) ? $args['unique'] : null
	);
}
/**
 * Return a list of property dictionaries.
 * 
 * @return array property list
 */
private static function properties() {
	$class = get_called_class();
	
	if ( ! isset( static::$properties[ $class ] ) ) {
		static::$properties[ $class ] = array();
	}
	
	return static::$properties[ $class ];
}
/**
 * Does the given property exist?
 * 
 * @param string $name name of the property to test
 * @return bool True if the property exists, else false.
 */
public static function has_property( $name ) {
	return in_array( $name, static::property_names() );
}
public static function find_one_by_property( $property, $value ) {
	global $wpdb;
	
	$class = get_called_class();
	$model = new $class();
	$model->flag_as_not_new();
	
	$row = $wpdb->get_row(
		'SELECT * FROM ' . static::table_name() . ' WHERE ' . $property .  ' = \'' . $value . '\' LIMIT 0,1'
	);
	
	if ( ! $row ) {
		return null;
	}
	
	foreach ( $row as $property => $value ) {
		$model->$property = static::unserialize_property($value);
	}
	
	return $model;
}
/**
 * Property dictionary for all tables
 */
private static $properties = array();

private $is_new = true;

/**
 * Contains property values
 */
private $data = array();
private function get_property( $name ) {
	if ( isset( $this->data[ $name ] ) ) {
		return $this->data[ $name ];
	} else {
		return null;
	}
}
private static function unserialize_property($property) {
	if ( ! isset($property) )
		return;

	if ( $unserialized_string = is_serialized($property) )
		return unserialize($property);

	return $property;
}
/**
 * Return a list of property names.
 * 
 * @return array property names
 */
public static function property_names() {
	return array_map( function ( $p ) { return $p['name']; } , static::properties() );
}
/**
 * Does the table have any entries?
 * 
 * @return bool True if there is at least one entry, else false.
 */
public static function has_entries() {
	return static::count() > 0;
}
/**
 * Return number of rows in the table.
 * 
 * @return int number of rows
 */
public static function count() {
	global $wpdb;
	
	$sql = 'SELECT COUNT(*) FROM ' . static::table_name();
	return (int) $wpdb->get_var( $sql );
}
public static function find_all_by_where( $where ) {
	global $wpdb;
	
	$class = get_called_class();
	$models = array();
	
	$rows = $wpdb->get_results(
		'SELECT * FROM ' . static::table_name() . ' WHERE ' . $where
	);
	
	if ( ! $rows ) {
		return array();
	}
	
	foreach ( $rows as $row ) {
		$model = new $class();
		$model->flag_as_not_new();
		foreach ( $row as $property => $value ) {
			$model->$property = static::unserialize_property($value);
		}
		$models[] = $model;
	}
	
	return $models;
}

    "," SE: The 'property' and 'value' are directly concatenated into an SQL query without proper sanitation.
BL: `$row = $wpdb->get_row('SELECT * FROM ' . static::table_name() . ' WHERE ' . $property . ' = \'' . $value . '\' LIMIT 0,1'`);
BUG FOUND: YES

Explanation:

The 'find_one_by_property' method constructs an SQL query by concatenating user-provided values for '$property' and '$value' directly into the query. This practice is vulnerable to SQL injection attacks because it does not properly sanitize or validate the input. An attacker can manipulate the input to alter the SQL query, leading to unauthorized access, data modification, or data exposure. To mitigate this risk, consider using prepared statements or parameterized queries to ensure that user input is properly escaped and validated before being included in the SQL query.",mixtral-8x7b-32768
4,"Analyze the file content below and tell me if there's any line that may contain a bug of type CWE-89 (Improper Neutralization of Special Elements used in an SQL Command ('SQL Injection')). Your output must adhere to the following structure.

Expected Output Structure:
SE: very Short Explanation of why the line may contain a bug of given type (e.g., The 'user_input' is directly concatenated into HTML content without sanitation).
BL: the Bugged Line, if any is found, else none (e.g., `response = ""<html><body><h1>Welcome, "" + user_input + ""!</h1></body></html>""`).
BUG FOUND: YES if a bug is found, else NO.

Example output:
SE: The 'user_input' is directly concatenated into HTML content without sanitation.
BL: `response = ""<html><body><h1>Welcome, "" + user_input + ""!</h1></body></html>""`
BUG FOUND: YES

File Content:
<?php
/**
 * @Route(""/delete-info"", name=""pimcore_admin_asset_deleteinfo"", methods={""GET""})
 *
 * @param Request $request
 * @param EventDispatcherInterface $eventDispatcher
 *
 * @return JsonResponse
 */
public function deleteInfoAction(Request $request, EventDispatcherInterface $eventDispatcher): JsonResponse
{
    return parent::deleteInfoAction($request, $eventDispatcher);
}
/**
     * @Route(""/exists"", name=""pimcore_admin_asset_exists"", methods={""GET""})
     *
     * @param Request $request
     *
     * @return JsonResponse
     *
     * @throws \Exception
     */
    public function existsAction(Request $request): JsonResponse
    {
        $parentAsset = \Pimcore\Model\Asset::getById((int)$request->get('parentId'));

        return new JsonResponse([
            'exists' => Asset\Service::pathExists($parentAsset->getRealFullPath().'/'.$request->get('filename')),
        ]);
    }
/**
 * @Route(""/get-folder-thumbnail"", name=""pimcore_admin_asset_getfolderthumbnail"", methods={""GET""})
 *
 * @param Request $request
 *
 * @return StreamedResponse
 */
public function getFolderThumbnailAction(Request $request): StreamedResponse
{
    $folder = null;

    if ($request->get('id')) {
        $folder = Asset\Folder::getById((int)$request->get('id'));
        if ($folder instanceof  Asset\Folder) {
            if (!$folder->isAllowed('view')) {
                throw $this->createAccessDeniedException('not allowed to view thumbnail');
            }

            $stream = $folder->getPreviewImage();
            if (!$stream) {
                throw $this->createNotFoundException(sprintf('Tree preview thumbnail not available for asset %s', $folder->getId()));
            } else {
                $response = new StreamedResponse(function () use ($stream) {
                    fpassthru($stream);
                }, 200, [
                    'Content-Type' => 'image/jpg',
                ]);
            }

            $this->addThumbnailCacheHeaders($response);

            return $response;
        }
    }

    throw $this->createNotFoundException('could not load asset folder');
}
public function getIDsfilter(Request $request){
    $conditionFilters = [];
    $selectedIds = $request->get('selectedIds', []);
    if (!empty($selectedIds)) {
        $selectedIds = explode(',', $selectedIds);
        //add a condition if id numbers are specified
        $conditionFilters[] = 'id IN (' . implode(',', $selectedIds) . ')';
    }
    return $conditionFilters;
}
/**
 * @Route(""/tree-get-root"", name=""pimcore_admin_asset_treegetroot"", methods={""GET""})
 *
 * @param Request $request
 *
 * @return JsonResponse
 */
public function treeGetRootAction(Request $request): JsonResponse
{
    return parent::treeGetRootAction($request);
}
protected function getSafeFilename(string $targetPath, string $filename): string
{
    $pathinfo = pathinfo($filename);
    $originalFilename = $pathinfo['filename'];
    $originalFileextension = empty($pathinfo['extension']) ? '' : '.' . $pathinfo['extension'];
    $count = 1;

    if ($targetPath == '/') {
        $targetPath = '';
    }

    while (true) {
        if (Asset\Service::pathExists($targetPath . '/' . $filename)) {
            $filename = $originalFilename . '_' . $count . $originalFileextension;
            $count++;
        } else {
            return $filename;
        }
    }
}
protected function addThumbnailCacheHeaders(Response $response): void
{
    $lifetime = 300;
    $date = new \DateTime('now');
    $date->add(new \DateInterval('PT' . $lifetime . 'S'));

    $response->setMaxAge($lifetime);
    $response->setPublic();
    $response->setExpires($date);
    $response->headers->set('Pragma', '');
}
/**
 * @Route(""/image-editor"", name=""pimcore_admin_asset_imageeditor"", methods={""GET""})
 *
 * @param Request $request
 *
 * @return Response
 */
public function imageEditorAction(Request $request): Response
{
    $asset = Asset::getById((int) $request->get('id'));

    if (!$asset->isAllowed('view')) {
        throw $this->createAccessDeniedException('Not allowed to preview');
    }

    return $this->render(
        '@PimcoreAdmin/admin/asset/image_editor.html.twig',
        ['asset' => $asset]
    );
}
?>
    "," SE: The 'parentId' and 'filename' are directly concatenated into the file path without sanitation.
BL: `$parentAsset = \Pimcore\Model\Asset::getById((int)$request->get('parentId')); ... Asset\Service::pathExists($parentAsset->getRealFullPath().'/'.$request->get('filename'))`
BUG FOUND: YES

SE: The 'id' is directly concatenated into the file path without sanitation.
BL: `$folder = Asset\Folder::getById((int)$request->get('id')); ... $folder->getRealFullPath().'/'.$request->get('filename')`
BUG FOUND: YES

Note: The 'selectedIds' are not directly used in an SQL query, but they are concatenated into the 'conditionFilters' array, which is later used in a query. However, since the 'selectedIds' are exploded from a string and then cast to integers, it's less likely to be vulnerable to SQL injection if the input is properly sanitized before being combined with the request.
BL: `$selectedIds = $request->get('selectedIds', []); if (!empty($selectedIds)) { $selectedIds = explode(',', $selectedIds); //add a condition if id numbers are specified $conditionFilters[] = 'id IN (' . implode(',', $selectedIds) . ')'; }`
BUG FOUND: NO (but potential risk if input is not properly sanitized)",mixtral-8x7b-32768
20,"Analyze the file content below and tell me if there's any line that may contain a bug of type CWE-89 (Improper Neutralization of Special Elements used in an SQL Command ('SQL Injection')). Your output must adhere to the following structure.

Expected Output Structure:
SE: very Short Explanation of why the line may contain a bug of given type (e.g., The 'user_input' is directly concatenated into HTML content without sanitation).
BL: the Bugged Line, if any is found, else none (e.g., `response = ""<html><body><h1>Welcome, "" + user_input + ""!</h1></body></html>""`).
BUG FOUND: YES if a bug is found, else NO.

Example output:
SE: The 'user_input' is directly concatenated into HTML content without sanitation.
BL: `response = ""<html><body><h1>Welcome, "" + user_input + ""!</h1></body></html>""`
BUG FOUND: YES

File Content:
<?php
public function __construct()
{
    global $wpdb;

    //Set parent defaults
    parent::__construct(array(
        'singular' => 'ID',     //singular name of the listed records
        'plural'   => 'ID',    //plural name of the listed records
        'ajax'     => false        //does this table support ajax?
    ));

    $this->db        = $wpdb;
    $this->tb_prefix = $wpdb->prefix;
    $this->count     = $this->get_total();
    $this->limit     = $this->get_items_per_page('wp_sms_subscriber_per_page');
    $this->data      = $this->get_data();
    $this->adminUrl  = admin_url('admin.php?page=wp-sms-subscribers');
}
public function column_status($item)
{
    return Helper::loadTemplate('admin/label-button.php', array(
        'type'  => ($item['status'] == '1' ? 'active' : 'inactive'),
        'label' => ($item['status'] == '1' ? __('Active', 'wp-sms') : __('Inactive', 'wp-sms'))
    ));
}
public function column_custom_fields($item)
{
    $customFields = unserialize($item['custom_fields']);

    if (is_array($customFields)) {
        foreach ($customFields as $key => $value) {
            printf('<div class=""wpsms-custom-field""><strong>%s</strong>: %s</div>', $key, $value);
        }
    }
}
public function column_cb($item)
{
    return sprintf(
        '<input type=""checkbox"" name=""%1$s[]"" value=""%2$s"" />',
        /*$1%s*/
        $this->_args['singular'],  //Let's simply repurpose the table's singular label (""movie"")
        /*$2%s*/
        $item['ID']                //The value of the checkbox should be the record's id
    );
}
public function get_columns()
{
    $columns = array(
        'cb'            => '<input type=""checkbox"" />', //Render a checkbox instead of text
        'name'          => __('Name', 'wp-sms'),
        'mobile'        => __('Mobile', 'wp-sms'),
        'group_ID'      => __('Group', 'wp-sms'),
        'date'          => __('Date', 'wp-sms'),
        'activate_key'  => __('Activate code', 'wp-sms'),
        'status'        => __('Status', 'wp-sms'),
        'custom_fields' => __('Custom Fields', 'wp-sms'),
    );

    return $columns;
}
public function mobile_or_country_query($where)
{
    if (isset($_GET['group_id']) && $_GET['group_id']) {
        $group_id = sanitize_text_field($_GET['group_id']);
        $where = ""WHERE group_ID = {$group_id}"";
    }

    if (isset($_GET['country_code']) && $_GET['country_code']) {
        $country_code = sanitize_text_field($_GET['country_code']);
        if ($where) {
            $where .= "" AND mobile LIKE '{$country_code}%'"";
        } else {
            $where = ""WHERE mobile LIKE '{$country_code}%'"";
        }
    }
    return $where;
}
namespace WP_SMS;

if (!defined('ABSPATH')) {
    exit;
} // Exit if accessed directly

if (!class_exists('WP_List_Table')) {
    require_once(ABSPATH . 'wp-admin/includes/class-wp-list-table.php');
}
public function column_default($item, $column_name)
{
    switch ($column_name) {
        case 'name':
        case 'mobile':
            return wp_sms_render_quick_reply($item['mobile']);
        case 'activate_key':
            return $item[$column_name];

        case 'group_ID':
            $group = Newsletter::getGroup($item[$column_name]);
            if ($group) {
                return $group->name;
            } else {
                return '-';
            }

        case 'date':
            return sprintf(__('%s <span class=""wpsms-time"">%s</span>', 'wp-sms'), date_i18n('Y-m-d', strtotime($item[$column_name])), date_i18n('H:i', strtotime($item[$column_name])));

        default:
            return print_r($item, true); //Show the whole array for troubleshooting purposes
    }
}
/**
 * Usort Function
 *
 * @param $a
 * @param $b
 *
 * @return array
 */
public function usort_reorder($a, $b)
{
    $orderby = (!empty($_REQUEST['orderby'])) ? sanitize_text_field($_REQUEST['orderby']) : 'date'; //If no sort, default to sender
    $order   = (!empty($_REQUEST['order'])) ? sanitize_text_field($_REQUEST['order']) : 'desc'; //If no order, default to asc
    $result  = strcmp($a[$orderby], $b[$orderby]); //Determine sort order

    return ($order === 'asc') ? $result : -$result; //Send final sort direction to usort
}
    "," SE: The 'group_id' and 'country_code' from user input are directly concatenated into the SQL query without proper sanitation.
BL: `$where = ""WHERE group_ID = {$group_id}"";` and `$where = ""WHERE mobile LIKE '{$country_code}%'"";`
BUG FOUND: YES

Although the 'group_id' and 'country_code' are passed through sanitize_text_field(), the direct concatenation into the SQL query may still expose the code to SQL Injection if the sanitization is not sufficient. To avoid SQL Injection, consider using parameterized queries or prepared statements.",mixtral-8x7b-32768
22,"Analyze the file content below and tell me if there's any line that may contain a bug of type CWE-89 (Improper Neutralization of Special Elements used in an SQL Command ('SQL Injection')). Your output must adhere to the following structure.

Expected Output Structure:
SE: very Short Explanation of why the line may contain a bug of given type (e.g., The 'user_input' is directly concatenated into HTML content without sanitation).
BL: the Bugged Line, if any is found, else none (e.g., `response = ""<html><body><h1>Welcome, "" + user_input + ""!</h1></body></html>""`).
BUG FOUND: YES if a bug is found, else NO.

Example output:
SE: The 'user_input' is directly concatenated into HTML content without sanitation.
BL: `response = ""<html><body><h1>Welcome, "" + user_input + ""!</h1></body></html>""`
BUG FOUND: YES

File Content:
<?php
namespace WP_SMS;

if (!defined('ABSPATH')) {
    exit;
} // Exit if accessed directly

if (!class_exists('WP_List_Table')) {
    require_once(ABSPATH . 'wp-admin/includes/class-wp-list-table.php');
}
public function __construct()
{
    global $wpdb;

    //Set parent defaults
    parent::__construct(array(
        'singular' => 'ID',     //singular name of the listed records
        'plural'   => 'ID',    //plural name of the listed records
        'ajax'     => false        //does this table support ajax?
    ));

    $this->db        = $wpdb;
    $this->tb_prefix = $wpdb->prefix;
    $this->count     = $this->get_total();
    $this->limit     = $this->get_items_per_page('wp_sms_subscriber_per_page');
    $this->data      = $this->get_data();
    $this->adminUrl  = admin_url('admin.php?page=wp-sms-subscribers');
}
public function column_default($item, $column_name)
{
    switch ($column_name) {
        case 'name':
        case 'mobile':
            return wp_sms_render_quick_reply($item['mobile']);
        case 'activate_key':
            return $item[$column_name];

        case 'group_ID':
            $group = Newsletter::getGroup($item[$column_name]);
            if ($group) {
                return $group->name;
            } else {
                return '-';
            }

        case 'date':
            return sprintf(__('%s <span class=""wpsms-time"">%s</span>', 'wp-sms'), date_i18n('Y-m-d', strtotime($item[$column_name])), date_i18n('H:i', strtotime($item[$column_name])));

        default:
            return print_r($item, true); //Show the whole array for troubleshooting purposes
    }
}
public function column_name($item)
{
    /**
     * Sanitize the input
     */
    $page = sanitize_text_field($_REQUEST['page']);

    //Build row actions
    $actions = array(
        'edit'   => sprintf('<a href=""#"" onclick=""wp_sms_edit_subscriber(%s)"">' . __('Edit', 'wp-sms') . '</a>', $item['ID']),
        'delete' => sprintf('<a href=""?page=%s&action=%s&ID=%s"">' . __('Delete', 'wp-sms') . '</a>', $page, 'delete', $item['ID']),
    );

    //Return the title contents
    return sprintf('%1$s %3$s',
        /*$1%s*/
        esc_html($item['name']),
        /*$2%s*/
        $item['ID'],
        /*$2%s*/
        $this->row_actions($actions)
    );
}
public function column_status($item)
{
    return Helper::loadTemplate('admin/label-button.php', array(
        'type'  => ($item['status'] == '1' ? 'active' : 'inactive'),
        'label' => ($item['status'] == '1' ? __('Active', 'wp-sms') : __('Inactive', 'wp-sms'))
    ));
}
/**
 * Usort Function
 *
 * @param $a
 * @param $b
 *
 * @return array
 */
public function usort_reorder($a, $b)
{
    $orderby = (!empty($_REQUEST['orderby'])) ? sanitize_text_field($_REQUEST['orderby']) : 'date'; //If no sort, default to sender
    $order   = (!empty($_REQUEST['order'])) ? sanitize_text_field($_REQUEST['order']) : 'desc'; //If no order, default to asc
    $result  = strcmp($a[$orderby], $b[$orderby]); //Determine sort order

    return ($order === 'asc') ? $result : -$result; //Send final sort direction to usort
}
public function mobile_or_country_query($where)
{
    if (isset($_GET['group_id']) && $_GET['group_id']) {
        $group_id = sanitize_text_field($_GET['group_id']);
        $where = ""WHERE group_ID = {$group_id}"";
    }

    if (isset($_GET['country_code']) && $_GET['country_code']) {
        $country_code = sanitize_text_field($_GET['country_code']);
        if ($where) {
            $where .= "" AND mobile LIKE '{$country_code}%'"";
        } else {
            $where = ""WHERE mobile LIKE '{$country_code}%'"";
        }
    }
    return $where;
}
public function get_bulk_actions()
{
    $actions = ['bulk_delete' => __('Delete', 'wp-sms')];

    $groups = $this->db->get_results(""SELECT * FROM `{$this->tb_prefix}sms_subscribes_group`"", ARRAY_A);
    if (count($groups)) {
        foreach ($groups as $value) {
            $actions['move_to_' . $value['ID']] = sprintf(__('Move to «%s»', 'wp-sms'), $value['name']);
        }
    }
    return $actions;
}
    "," SE: The 'group_id' and 'country_code' from user input are directly concatenated into the SQL query without proper sanitization, which could potentially lead to SQL Injection (CWE-89).
BL:  `$where = ""WHERE group_ID = {$group_id}"";` and `$where = ""WHERE mobile LIKE '{$country_code}%'"";`
BUG FOUND: YES

Explanation:
The user inputs 'group_id' and 'country_code' are directly used in the SQL query using string interpolation. If these inputs are not properly sanitized, an attacker could inject malicious SQL code, leading to SQL Injection vulnerabilities. To mitigate this risk, consider using prepared statements or parameterized queries to ensure user inputs are properly escaped.",mixtral-8x7b-32768
21,"Analyze the file content below and tell me if there's any line that may contain a bug of type CWE-89 (Improper Neutralization of Special Elements used in an SQL Command ('SQL Injection')). Your output must adhere to the following structure.

Expected Output Structure:
SE: very Short Explanation of why the line may contain a bug of given type (e.g., The 'user_input' is directly concatenated into HTML content without sanitation).
BL: the Bugged Line, if any is found, else none (e.g., `response = ""<html><body><h1>Welcome, "" + user_input + ""!</h1></body></html>""`).
BUG FOUND: YES if a bug is found, else NO.

Example output:
SE: The 'user_input' is directly concatenated into HTML content without sanitation.
BL: `response = ""<html><body><h1>Welcome, "" + user_input + ""!</h1></body></html>""`
BUG FOUND: YES

File Content:
<?php
namespace WP_SMS;

if (!defined('ABSPATH')) {
    exit;
} // Exit if accessed directly

if (!class_exists('WP_List_Table')) {
    require_once(ABSPATH . 'wp-admin/includes/class-wp-list-table.php');
}
public function __construct()
{
    global $wpdb;

    //Set parent defaults
    parent::__construct(array(
        'singular' => 'ID',     //singular name of the listed records
        'plural'   => 'ID',    //plural name of the listed records
        'ajax'     => false        //does this table support ajax?
    ));

    $this->db        = $wpdb;
    $this->tb_prefix = $wpdb->prefix;
    $this->count     = $this->get_total();
    $this->limit     = $this->get_items_per_page('wp_sms_subscriber_per_page');
    $this->data      = $this->get_data();
    $this->adminUrl  = admin_url('admin.php?page=wp-sms-subscribers');
}
public function column_default($item, $column_name)
{
    switch ($column_name) {
        case 'name':
        case 'mobile':
            return wp_sms_render_quick_reply($item['mobile']);
        case 'activate_key':
            return $item[$column_name];

        case 'group_ID':
            $group = Newsletter::getGroup($item[$column_name]);
            if ($group) {
                return $group->name;
            } else {
                return '-';
            }

        case 'date':
            return sprintf(__('%s <span class=""wpsms-time"">%s</span>', 'wp-sms'), date_i18n('Y-m-d', strtotime($item[$column_name])), date_i18n('H:i', strtotime($item[$column_name])));

        default:
            return print_r($item, true); //Show the whole array for troubleshooting purposes
    }
}
public function column_status($item)
{
    return Helper::loadTemplate('admin/label-button.php', array(
        'type'  => ($item['status'] == '1' ? 'active' : 'inactive'),
        'label' => ($item['status'] == '1' ? __('Active', 'wp-sms') : __('Inactive', 'wp-sms'))
    ));
}
/**
 * @param $which
 * @return void
 */
protected function extra_tablenav($which)
{
    switch ($which) {
        case 'top':

            // Filter by Group
            echo Helper::loadTemplate('admin/group-filter.php', array(
                'groups'   => Newsletter::getGroups(),
                'selected' => (isset($_GET['group_id']) ? $_GET['group_id'] : '')
            ));

            // Filter by Country
            echo Helper::loadTemplate('admin/country-filter.php', array(
                'countries' => Newsletter::filterSubscribersByCountry(),
                'selected'  => (isset($_GET['country_code']) ? $_GET['country_code'] : '')
            ));

            break;
    }
}
public function mobile_or_country_query($where)
{
    if (isset($_GET['group_id']) && $_GET['group_id']) {
        $group_id = sanitize_text_field($_GET['group_id']);
        $where = ""WHERE group_ID = {$group_id}"";
    }

    if (isset($_GET['country_code']) && $_GET['country_code']) {
        $country_code = sanitize_text_field($_GET['country_code']);
        if ($where) {
            $where .= "" AND mobile LIKE '{$country_code}%'"";
        } else {
            $where = ""WHERE mobile LIKE '{$country_code}%'"";
        }
    }
    return $where;
}
public function column_cb($item)
{
    return sprintf(
        '<input type=""checkbox"" name=""%1$s[]"" value=""%2$s"" />',
        /*$1%s*/
        $this->_args['singular'],  //Let's simply repurpose the table's singular label (""movie"")
        /*$2%s*/
        $item['ID']                //The value of the checkbox should be the record's id
    );
}
public function get_bulk_actions()
{
    $actions = ['bulk_delete' => __('Delete', 'wp-sms')];

    $groups = $this->db->get_results(""SELECT * FROM `{$this->tb_prefix}sms_subscribes_group`"", ARRAY_A);
    if (count($groups)) {
        foreach ($groups as $value) {
            $actions['move_to_' . $value['ID']] = sprintf(__('Move to «%s»', 'wp-sms'), $value['name']);
        }
    }
    return $actions;
}
//get total items on different Queries
public function get_total($query = '')
{
    if (!$query) {
        $query = 'SELECT * FROM `' . $this->tb_prefix . 'sms_subscribes`';
    }

    $result = $this->db->get_results($query, ARRAY_A);

    return count($result);
}
    "," SE: The 'group_id' and 'country_code' from user input are directly concatenated into the SQL query without proper sanitization which may lead to SQL Injection (CWE-89).
BL: `$where = ""WHERE group_ID = {$group_id}"";` and `$where = ""WHERE mobile LIKE '{$country_code}%'"";`
BUG FOUND: YES",mixtral-8x7b-32768
23,"Analyze the file content below and tell me if there's any line that may contain a bug of type CWE-89 (Improper Neutralization of Special Elements used in an SQL Command ('SQL Injection')). Your output must adhere to the following structure.

Expected Output Structure:
SE: very Short Explanation of why the line may contain a bug of given type (e.g., The 'user_input' is directly concatenated into HTML content without sanitation).
BL: the Bugged Line, if any is found, else none (e.g., `response = ""<html><body><h1>Welcome, "" + user_input + ""!</h1></body></html>""`).
BUG FOUND: YES if a bug is found, else NO.

Example output:
SE: The 'user_input' is directly concatenated into HTML content without sanitation.
BL: `response = ""<html><body><h1>Welcome, "" + user_input + ""!</h1></body></html>""`
BUG FOUND: YES

File Content:
<?php
public function column_default($item, $column_name)
{
    switch ($column_name) {
        case 'name':
        case 'mobile':
            return wp_sms_render_quick_reply($item['mobile']);
        case 'activate_key':
            return $item[$column_name];

        case 'group_ID':
            $group = Newsletter::getGroup($item[$column_name]);
            if ($group) {
                return $group->name;
            } else {
                return '-';
            }

        case 'date':
            return sprintf(__('%s <span class=""wpsms-time"">%s</span>', 'wp-sms'), date_i18n('Y-m-d', strtotime($item[$column_name])), date_i18n('H:i', strtotime($item[$column_name])));

        default:
            return print_r($item, true); //Show the whole array for troubleshooting purposes
    }
}
public function column_name($item)
{
    /**
     * Sanitize the input
     */
    $page = sanitize_text_field($_REQUEST['page']);

    //Build row actions
    $actions = array(
        'edit'   => sprintf('<a href=""#"" onclick=""wp_sms_edit_subscriber(%s)"">' . __('Edit', 'wp-sms') . '</a>', $item['ID']),
        'delete' => sprintf('<a href=""?page=%s&action=%s&ID=%s"">' . __('Delete', 'wp-sms') . '</a>', $page, 'delete', $item['ID']),
    );

    //Return the title contents
    return sprintf('%1$s %3$s',
        /*$1%s*/
        esc_html($item['name']),
        /*$2%s*/
        $item['ID'],
        /*$2%s*/
        $this->row_actions($actions)
    );
}
public function column_custom_fields($item)
{
    $customFields = unserialize($item['custom_fields']);

    if (is_array($customFields)) {
        foreach ($customFields as $key => $value) {
            printf('<div class=""wpsms-custom-field""><strong>%s</strong>: %s</div>', $key, $value);
        }
    }
}
public function column_cb($item)
{
    return sprintf(
        '<input type=""checkbox"" name=""%1$s[]"" value=""%2$s"" />',
        /*$1%s*/
        $this->_args['singular'],  //Let's simply repurpose the table's singular label (""movie"")
        /*$2%s*/
        $item['ID']                //The value of the checkbox should be the record's id
    );
}
public function get_columns()
{
    $columns = array(
        'cb'            => '<input type=""checkbox"" />', //Render a checkbox instead of text
        'name'          => __('Name', 'wp-sms'),
        'mobile'        => __('Mobile', 'wp-sms'),
        'group_ID'      => __('Group', 'wp-sms'),
        'date'          => __('Date', 'wp-sms'),
        'activate_key'  => __('Activate code', 'wp-sms'),
        'status'        => __('Status', 'wp-sms'),
        'custom_fields' => __('Custom Fields', 'wp-sms'),
    );

    return $columns;
}
public function get_bulk_actions()
{
    $actions = ['bulk_delete' => __('Delete', 'wp-sms')];

    $groups = $this->db->get_results(""SELECT * FROM `{$this->tb_prefix}sms_subscribes_group`"", ARRAY_A);
    if (count($groups)) {
        foreach ($groups as $value) {
            $actions['move_to_' . $value['ID']] = sprintf(__('Move to «%s»', 'wp-sms'), $value['name']);
        }
    }
    return $actions;
}
/**
 * Usort Function
 *
 * @param $a
 * @param $b
 *
 * @return array
 */
public function usort_reorder($a, $b)
{
    $orderby = (!empty($_REQUEST['orderby'])) ? sanitize_text_field($_REQUEST['orderby']) : 'date'; //If no sort, default to sender
    $order   = (!empty($_REQUEST['order'])) ? sanitize_text_field($_REQUEST['order']) : 'desc'; //If no order, default to asc
    $result  = strcmp($a[$orderby], $b[$orderby]); //Determine sort order

    return ($order === 'asc') ? $result : -$result; //Send final sort direction to usort
}
public function mobile_or_country_query($where)
{
    if (isset($_GET['group_id']) && $_GET['group_id']) {
        $group_id = sanitize_text_field($_GET['group_id']);
        $where = ""WHERE group_ID = {$group_id}"";
    }

    if (isset($_GET['country_code']) && $_GET['country_code']) {
        $country_code = sanitize_text_field($_GET['country_code']);
        if ($where) {
            $where .= "" AND mobile LIKE '{$country_code}%'"";
        } else {
            $where = ""WHERE mobile LIKE '{$country_code}%'"";
        }
    }
    return $where;
}

    "," SE: The '$_GET['group_id']' and '$_GET['country_code']' are directly concatenated into the SQL query without proper sanitization.
BL: 	if (isset($_GET['group_id']) && $_GET['group_id']) {
		$group_id = sanitize_text_field($_GET['group_id']);
		$where = ""WHERE group_ID = {$group_id}"";
	}

	if (isset($_GET['country_code']) && $_GET['country_code']) {
		$country_code = sanitize_text_field($_GET['country_code']);
		if ($where) {
			$where .= "" AND mobile LIKE '{$country_code}%'"";
		} else {
			$where = ""WHERE mobile LIKE '{$country_code}%'"";
		}
	}
BUG FOUND: YES",mixtral-8x7b-32768
26,"Analyze the file content below and tell me if there's any line that may contain a bug of type CWE-89 (Improper Neutralization of Special Elements used in an SQL Command ('SQL Injection')). Your output must adhere to the following structure.

Expected Output Structure:
SE: very Short Explanation of why the line may contain a bug of given type (e.g., The 'user_input' is directly concatenated into HTML content without sanitation).
BL: the Bugged Line, if any is found, else none (e.g., `response = ""<html><body><h1>Welcome, "" + user_input + ""!</h1></body></html>""`).
BUG FOUND: YES if a bug is found, else NO.

Example output:
SE: The 'user_input' is directly concatenated into HTML content without sanitation.
BL: `response = ""<html><body><h1>Welcome, "" + user_input + ""!</h1></body></html>""`
BUG FOUND: YES

File Content:
package model

import (
	""fmt""
	""github.com/0xJacky/Nginx-UI/internal/logger""
	""github.com/0xJacky/Nginx-UI/settings""
	""github.com/gin-gonic/gin""
	""github.com/spf13/cast""
	""gorm.io/driver/sqlite""
	""gorm.io/gen""
	""gorm.io/gorm""
	gormlogger ""gorm.io/gorm/logger""
	""path""
	""strings""
	""time""
)
func UseDB() *gorm.DB {
	return db
}
type Pagination struct {
	Total       int64 `json:""total""`
	PerPage     int   `json:""per_page""`
	CurrentPage int   `json:""current_page""`
	TotalPages  int64 `json:""total_pages""`
}
type DataList struct {
	Data       interface{} `json:""data""`
	Pagination Pagination  `json:""pagination,omitempty""`
}
func QueryToFussySearch(c *gin.Context, db *gorm.DB, keys ...string) *gorm.DB {
	for _, v := range keys {
		if c.Query(v) != """" {
			var sb strings.Builder

			_, err := fmt.Fprintf(&sb, ""`%s` LIKE ?"", v)
			if err != nil {
				logger.Error(err)
				continue
			}

			var sbValue strings.Builder

			_, err = fmt.Fprintf(&sbValue, ""%%%s%%"", c.Query(v))

			if err != nil {
				logger.Error(err)
				continue
			}

			db = db.Where(sb.String(), sbValue.String())
		}
	}
	return db
}
func applySorting(c *gin.Context, db *gorm.DB) *gorm.DB {
	sort := c.DefaultQuery(""order"", ""desc"")
	order := fmt.Sprintf(""`%s` %s"", DefaultQuery(c, ""sort_by"", ""id""), sort)
	return db.Order(order)
}
var db *gorm.DB

type Model struct {
	ID        int             `gorm:""primary_key"" json:""id""`
	CreatedAt time.Time       `json:""created_at""`
	UpdatedAt time.Time       `json:""updated_at""`
	DeletedAt *gorm.DeletedAt `gorm:""index"" json:""deleted_at""`
}
func GenerateAllModel() []any {
	return []any{
		ConfigBackup{},
		Auth{},
		AuthToken{},
		Cert{},
		ChatGPTLog{},
		Site{},
		Stream{},
		DnsCredential{},
		Environment{},
		Notification{},
	}
}
func Init() *gorm.DB {
	dbPath := path.Join(path.Dir(settings.ConfPath), fmt.Sprintf(""%s.db"", settings.ServerSettings.Database))

	var err error
	db, err = gorm.Open(sqlite.Open(dbPath), &gorm.Config{
		Logger:                                   logMode(),
		PrepareStmt:                              true,
		DisableForeignKeyConstraintWhenMigrating: true,
	})

	if err != nil {
		logger.Fatal(err.Error())
	}

	// Migrate the schema
	err = db.AutoMigrate(GenerateAllModel()...)
	if err != nil {
		logger.Fatal(err.Error())
	}

	return db
}
func QueryToEqualSearch(c *gin.Context, db *gorm.DB, keys ...string) *gorm.DB {
	for _, v := range keys {
		if c.Query(v) != """" {
			var sb strings.Builder

			_, err := fmt.Fprintf(&sb, ""`%s` = ?"", v)
			if err != nil {
				logger.Error(err)
				continue
			}

			db = db.Where(sb.String(), c.Query(v))
		}
	}
	return db
}
func QueryToFussyKeysSearch(c *gin.Context, db *gorm.DB, value string, keys ...string) *gorm.DB {
	if c.Query(value) == """" {
		return db
	}

	var condition *gorm.DB
	for i, v := range keys {
		sb := v + "" LIKE ?""
		sv := ""%"" + c.Query(value) + ""%""

		switch i {
		case 0:
			condition = db.Where(db.Where(sb, sv))
		default:
			condition = condition.Or(sb, sv)
		}
	}

	return db.Where(condition)
}
func QueryToOrInSearch(c *gin.Context, db *gorm.DB, keys ...string) *gorm.DB {
	for _, v := range keys {
		queryArray := c.QueryArray(v + ""[]"")
		if len(queryArray) == 0 {
			queryArray = c.QueryArray(v)
		}
		if len(queryArray) > 0 {
			var sb strings.Builder

			_, err := fmt.Fprintf(&sb, ""`%s` IN ?"", v)
			if err != nil {
				logger.Error(err)
				continue
			}

			db = db.Or(sb.String(), queryArray)
		}
	}
	return db
}
func QueryToOrFussySearch(c *gin.Context, db *gorm.DB, keys ...string) *gorm.DB {
	for _, v := range keys {
		if c.Query(v) != """" {
			var sb strings.Builder

			_, err := fmt.Fprintf(&sb, ""`%s` LIKE ?"", v)
			if err != nil {
				logger.Error(err)
				continue
			}

			var sbValue strings.Builder

			_, err = fmt.Fprintf(&sbValue, ""%%%s%%"", c.Query(v))

			if err != nil {
				logger.Error(err)
				continue
			}

			db = db.Or(sb.String(), sbValue.String())
		}
	}
	return db
}
func DefaultValue(c *gin.Context, key string, defaultValue any) any {
	if value, ok := c.Get(key); ok {
		return value
	}
	return defaultValue
}
func DefaultQuery(c *gin.Context, key string, defaultValue any) string {
	return c.DefaultQuery(key, DefaultValue(c, key, defaultValue).(string))
}
    "," SE: The 'c.Query(v)' is directly used in the SQL query without proper neutralization, which may lead to SQL Injection.
BL: `db = db.Where(sb.String(), sbValue.String())` in `QueryToFussySearch` function.
BUG FOUND: YES.",mixtral-8x7b-32768
31,"Analyze the file content below and tell me if there's any line that may contain a bug of type CWE-89 (Improper Neutralization of Special Elements used in an SQL Command ('SQL Injection')). Your output must adhere to the following structure.

Expected Output Structure:
SE: very Short Explanation of why the line may contain a bug of given type (e.g., The 'user_input' is directly concatenated into HTML content without sanitation).
BL: the Bugged Line, if any is found, else none (e.g., `response = ""<html><body><h1>Welcome, "" + user_input + ""!</h1></body></html>""`).
BUG FOUND: YES if a bug is found, else NO.

Example output:
SE: The 'user_input' is directly concatenated into HTML content without sanitation.
BL: `response = ""<html><body><h1>Welcome, "" + user_input + ""!</h1></body></html>""`
BUG FOUND: YES

File Content:
package model

import (
	""fmt""
	""github.com/0xJacky/Nginx-UI/internal/logger""
	""github.com/0xJacky/Nginx-UI/settings""
	""github.com/gin-gonic/gin""
	""github.com/spf13/cast""
	""gorm.io/driver/sqlite""
	""gorm.io/gen""
	""gorm.io/gorm""
	gormlogger ""gorm.io/gorm/logger""
	""path""
	""strings""
	""time""
)
var db *gorm.DB

type Model struct {
	ID        int             `gorm:""primary_key"" json:""id""`
	CreatedAt time.Time       `json:""created_at""`
	UpdatedAt time.Time       `json:""updated_at""`
	DeletedAt *gorm.DeletedAt `gorm:""index"" json:""deleted_at""`
}
func GenerateAllModel() []any {
	return []any{
		ConfigBackup{},
		Auth{},
		AuthToken{},
		Cert{},
		ChatGPTLog{},
		Site{},
		Stream{},
		DnsCredential{},
		Environment{},
		Notification{},
	}
}
func UseDB() *gorm.DB {
	return db
}
type Pagination struct {
	Total       int64 `json:""total""`
	PerPage     int   `json:""per_page""`
	CurrentPage int   `json:""current_page""`
	TotalPages  int64 `json:""total_pages""`
}
type DataList struct {
	Data       interface{} `json:""data""`
	Pagination Pagination  `json:""pagination,omitempty""`
}
func QueryToInSearch(c *gin.Context, db *gorm.DB, keys ...string) *gorm.DB {
	for _, v := range keys {
		queryArray := c.QueryArray(v + ""[]"")
		if len(queryArray) == 0 {
			queryArray = c.QueryArray(v)
		}
		if len(queryArray) > 0 {
			var sb strings.Builder

			_, err := fmt.Fprintf(&sb, ""`%s` IN ?"", v)
			if err != nil {
				logger.Error(err)
				continue
			}

			db = db.Where(sb.String(), queryArray)
		}
	}
	return db
}
func QueryToEqualSearch(c *gin.Context, db *gorm.DB, keys ...string) *gorm.DB {
	for _, v := range keys {
		if c.Query(v) != """" {
			var sb strings.Builder

			_, err := fmt.Fprintf(&sb, ""`%s` = ?"", v)
			if err != nil {
				logger.Error(err)
				continue
			}

			db = db.Where(sb.String(), c.Query(v))
		}
	}
	return db
}
func QueryToFussySearch(c *gin.Context, db *gorm.DB, keys ...string) *gorm.DB {
	for _, v := range keys {
		if c.Query(v) != """" {
			var sb strings.Builder

			_, err := fmt.Fprintf(&sb, ""`%s` LIKE ?"", v)
			if err != nil {
				logger.Error(err)
				continue
			}

			var sbValue strings.Builder

			_, err = fmt.Fprintf(&sbValue, ""%%%s%%"", c.Query(v))

			if err != nil {
				logger.Error(err)
				continue
			}

			db = db.Where(sb.String(), sbValue.String())
		}
	}
	return db
}
func QueryToFussyKeysSearch(c *gin.Context, db *gorm.DB, value string, keys ...string) *gorm.DB {
	if c.Query(value) == """" {
		return db
	}

	var condition *gorm.DB
	for i, v := range keys {
		sb := v + "" LIKE ?""
		sv := ""%"" + c.Query(value) + ""%""

		switch i {
		case 0:
			condition = db.Where(db.Where(sb, sv))
		default:
			condition = condition.Or(sb, sv)
		}
	}

	return db.Where(condition)
}
func QueryToOrInSearch(c *gin.Context, db *gorm.DB, keys ...string) *gorm.DB {
	for _, v := range keys {
		queryArray := c.QueryArray(v + ""[]"")
		if len(queryArray) == 0 {
			queryArray = c.QueryArray(v)
		}
		if len(queryArray) > 0 {
			var sb strings.Builder

			_, err := fmt.Fprintf(&sb, ""`%s` IN ?"", v)
			if err != nil {
				logger.Error(err)
				continue
			}

			db = db.Or(sb.String(), queryArray)
		}
	}
	return db
}
func QueryToOrFussySearch(c *gin.Context, db *gorm.DB, keys ...string) *gorm.DB {
	for _, v := range keys {
		if c.Query(v) != """" {
			var sb strings.Builder

			_, err := fmt.Fprintf(&sb, ""`%s` LIKE ?"", v)
			if err != nil {
				logger.Error(err)
				continue
			}

			var sbValue strings.Builder

			_, err = fmt.Fprintf(&sbValue, ""%%%s%%"", c.Query(v))

			if err != nil {
				logger.Error(err)
				continue
			}

			db = db.Or(sb.String(), sbValue.String())
		}
	}
	return db
}
func applySorting(c *gin.Context, db *gorm.DB) *gorm.DB {
	sort := c.DefaultQuery(""order"", ""desc"")
	order := fmt.Sprintf(""`%s` %s"", DefaultQuery(c, ""sort_by"", ""id""), sort)
	return db.Order(order)
}
func logMode() gormlogger.Interface {
	switch settings.ServerSettings.RunMode {
	case gin.ReleaseMode:
		return gormlogger.Default.LogMode(gormlogger.Warn)
	default:
		fallthrough
	case gin.DebugMode:
		return gormlogger.Default.LogMode(gormlogger.Info)
	}
}
func DefaultValue(c *gin.Context, key string, defaultValue any) any {
	if value, ok := c.Get(key); ok {
		return value
	}
	return defaultValue
}
    "," SE: User input from c.Query() is directly used in Where clause of SQL query without proper sanitation.
BL: `db = db.Where(sb.String(), c.Query(v))` in QueryToEqualSearch() function.
BUG FOUND: YES.",mixtral-8x7b-32768
33,"Analyze the file content below and tell me if there's any line that may contain a bug of type CWE-89 (Improper Neutralization of Special Elements used in an SQL Command ('SQL Injection')). Your output must adhere to the following structure.

Expected Output Structure:
SE: very Short Explanation of why the line may contain a bug of given type (e.g., The 'user_input' is directly concatenated into HTML content without sanitation).
BL: the Bugged Line, if any is found, else none (e.g., `response = ""<html><body><h1>Welcome, "" + user_input + ""!</h1></body></html>""`).
BUG FOUND: YES if a bug is found, else NO.

Example output:
SE: The 'user_input' is directly concatenated into HTML content without sanitation.
BL: `response = ""<html><body><h1>Welcome, "" + user_input + ""!</h1></body></html>""`
BUG FOUND: YES

File Content:
<?php
/**
 * Parses the output for AJAX calls
 *
 * @since 1.3
 * @package facileManager
 *
 * @param string $output Output to parse for AJAX call
 * @return string Return for the AJAX call to display
 */
function parseAjaxOutput($output) {
	global $fmdb;
	
	$message_array['content'] = $output;
	if ($message_array['content'] !== true) {
		if (strpos($message_array['content'], ""\n"") !== false || isset($fmdb->last_error)) {
			unset($_POST);
			include_once(ABSPATH . 'fm-modules/facileManager/ajax/formatOutput.php');
		} else {
			echo $message_array['content'];
		}
	} else {
		echo _('Success');
	}
}
function sanitize($data) {
    global $fmdb;
    
    if (is_string($data)) {
        if ($fmdb->use_mysqli) {
            return @mysqli_real_escape_string($fmdb->dbh, $data);
        } else {
            return @mysql_real_escape_string($data);
        }
    }
    return $data;
}
/**
 * Dummy function in case gettext is not installed
 *
 * @since 2.0
 * @package facileManager
 *
 * @param string $single_text Singular text to translate
 * @param string $plural_text Plural text to translate
 * @param integer $number Number to determine if its singular or plural
 * @return string $text
 */
if (!function_exists('ngettext')) {
	function ngettext($single_text, $plural_text, $number) {
		return $number == 1 ? $single_text : $plural_text;
	}
}
/**
 * Checks if there's a database upgrade
 *
 * @since 1.0
 * @package facileManager
 */
function isUpgradeAvailable() {
	global $fmdb;
	
	/** fM Core */
	include(ABSPATH . 'fm-includes/version.php');
	
	$running_db_version = getOption('fm_db_version');
	
	/** If the record does not exist then run the installer */
	if (!$running_db_version) {
		header('Location: ' . $GLOBALS['RELPATH'] . 'fm-install.php');
		exit;
	}
	
	if ($running_db_version < $fm_db_version) return true;
	
	/** Module upgrades */
	$fmdb->get_results(""SELECT module_name,option_value FROM fm_options WHERE option_name='version'"");
	for ($x=0; $x<$fmdb->num_rows; $x++) {
		$module_name = $fmdb->last_result[$x]->module_name;
		include(ABSPATH . 'fm-modules/' . $module_name . '/variables.inc.php');
		if (version_compare($fmdb->last_result[$x]->option_value, $__FM_CONFIG[$module_name]['version'], '<')) return true;
	}
	
	return false;
}
/**
 * Finds the top level menu for selection
 *
 * @since 1.2
 * @package facileManager
 *
 * @param array $menu_array Menu array to search.
 * @return string
 */
function findTopLevelMenuSlug($menu_array) {
	foreach ($menu_array as $slug => $menu_items) {
		foreach ($menu_items as $element) {
			if (array_search($GLOBALS['basename'], $element, true)) {
				return $slug;
			}
		}
	}
	
	return $GLOBALS['basename'];
}
/**
 * Gets the selected object
 *
 * @since 1.0
 * @package facileManager
 */
function basicGet($table, $id, $prefix = '', $field = 'id', $sql = '', $account_id = null) {
	global $fmdb;
	$id = sanitize($id);
	
	if (!$account_id) {
		$account_id = $_SESSION['user']['account_id'];
	}
	
	switch($sql) {
		case 'active':
			$sql = ""AND `{$prefix}status`='active'"";
			break;
		default:
			break;
	}
	
	$get_query = ""SELECT * FROM `$table` WHERE `{$prefix}status`!='deleted' AND `account_id`='$account_id' AND `$field`='$id' $sql"";
	return $fmdb->get_results($get_query);
}
/**
 * Builds and displays the search form
 *
 * @since 2.0
 * @package facileManager
 *
 * @param string $page_params Current page parameters in URI
 * @return string Search form
 */
function displaySearchForm($page_params = null) {
	if (isset($_GET['q'])) {
		$placeholder = sprintf(_('Searched for %s'), sanitize($_GET['q']));
		$search_remove = '<i class=""search_remove fa fa-remove fa-lg text_icon"" title=""' . _('Clear this search') . '""></i>';
		$display = ' style=""display:block""';
	} else {
		$placeholder = _('Search this page by keyword');
		$search_remove = $display = null;
	}
	
	$form = <<<HTML
	<div id=""search_form_container""$display>
		<div>
			<div id=""search_form"">
				<form id=""search"" method=""GET"" action=""{$GLOBALS['basename']}?{$page_params}"">
					<input type=""text"" class=""text_icon"" placeholder=""$placeholder"" value=""{$_GET['q']}"" />
					$search_remove
				</form>
			</div>
		</div>
	</div>
HTML;
	
	return $form;
}

    "," SE: The 'id' input from user is directly concatenated into SQL query without proper sanitation.
BL: `$get_query = ""SELECT * FROM `$table` WHERE `{$prefix}status`!='deleted' AND `account_id`='$account_id' AND `$field`='$id' $sql"";`
BUG FOUND: YES
",mixtral-8x7b-32768
29,"Analyze the file content below and tell me if there's any line that may contain a bug of type CWE-89 (Improper Neutralization of Special Elements used in an SQL Command ('SQL Injection')). Your output must adhere to the following structure.

Expected Output Structure:
SE: very Short Explanation of why the line may contain a bug of given type (e.g., The 'user_input' is directly concatenated into HTML content without sanitation).
BL: the Bugged Line, if any is found, else none (e.g., `response = ""<html><body><h1>Welcome, "" + user_input + ""!</h1></body></html>""`).
BUG FOUND: YES if a bug is found, else NO.

Example output:
SE: The 'user_input' is directly concatenated into HTML content without sanitation.
BL: `response = ""<html><body><h1>Welcome, "" + user_input + ""!</h1></body></html>""`
BUG FOUND: YES

File Content:
package model

import (
	""fmt""
	""github.com/0xJacky/Nginx-UI/internal/logger""
	""github.com/0xJacky/Nginx-UI/settings""
	""github.com/gin-gonic/gin""
	""github.com/spf13/cast""
	""gorm.io/driver/sqlite""
	""gorm.io/gen""
	""gorm.io/gorm""
	gormlogger ""gorm.io/gorm/logger""
	""path""
	""strings""
	""time""
)
var db *gorm.DB

type Model struct {
	ID        int             `gorm:""primary_key"" json:""id""`
	CreatedAt time.Time       `json:""created_at""`
	UpdatedAt time.Time       `json:""updated_at""`
	DeletedAt *gorm.DeletedAt `gorm:""index"" json:""deleted_at""`
}
func GenerateAllModel() []any {
	return []any{
		ConfigBackup{},
		Auth{},
		AuthToken{},
		Cert{},
		ChatGPTLog{},
		Site{},
		Stream{},
		DnsCredential{},
		Environment{},
		Notification{},
	}
}
func Init() *gorm.DB {
	dbPath := path.Join(path.Dir(settings.ConfPath), fmt.Sprintf(""%s.db"", settings.ServerSettings.Database))

	var err error
	db, err = gorm.Open(sqlite.Open(dbPath), &gorm.Config{
		Logger:                                   logMode(),
		PrepareStmt:                              true,
		DisableForeignKeyConstraintWhenMigrating: true,
	})

	if err != nil {
		logger.Fatal(err.Error())
	}

	// Migrate the schema
	err = db.AutoMigrate(GenerateAllModel()...)
	if err != nil {
		logger.Fatal(err.Error())
	}

	return db
}
type Pagination struct {
	Total       int64 `json:""total""`
	PerPage     int   `json:""per_page""`
	CurrentPage int   `json:""current_page""`
	TotalPages  int64 `json:""total_pages""`
}
func QueryToInSearch(c *gin.Context, db *gorm.DB, keys ...string) *gorm.DB {
	for _, v := range keys {
		queryArray := c.QueryArray(v + ""[]"")
		if len(queryArray) == 0 {
			queryArray = c.QueryArray(v)
		}
		if len(queryArray) > 0 {
			var sb strings.Builder

			_, err := fmt.Fprintf(&sb, ""`%s` IN ?"", v)
			if err != nil {
				logger.Error(err)
				continue
			}

			db = db.Where(sb.String(), queryArray)
		}
	}
	return db
}
func QueryToEqualSearch(c *gin.Context, db *gorm.DB, keys ...string) *gorm.DB {
	for _, v := range keys {
		if c.Query(v) != """" {
			var sb strings.Builder

			_, err := fmt.Fprintf(&sb, ""`%s` = ?"", v)
			if err != nil {
				logger.Error(err)
				continue
			}

			db = db.Where(sb.String(), c.Query(v))
		}
	}
	return db
}
func QueryToFussyKeysSearch(c *gin.Context, db *gorm.DB, value string, keys ...string) *gorm.DB {
	if c.Query(value) == """" {
		return db
	}

	var condition *gorm.DB
	for i, v := range keys {
		sb := v + "" LIKE ?""
		sv := ""%"" + c.Query(value) + ""%""

		switch i {
		case 0:
			condition = db.Where(db.Where(sb, sv))
		default:
			condition = condition.Or(sb, sv)
		}
	}

	return db.Where(condition)
}
func applySorting(c *gin.Context, db *gorm.DB) *gorm.DB {
	sort := c.DefaultQuery(""order"", ""desc"")
	order := fmt.Sprintf(""`%s` %s"", DefaultQuery(c, ""sort_by"", ""id""), sort)
	return db.Order(order)
}
func logMode() gormlogger.Interface {
	switch settings.ServerSettings.RunMode {
	case gin.ReleaseMode:
		return gormlogger.Default.LogMode(gormlogger.Warn)
	default:
		fallthrough
	case gin.DebugMode:
		return gormlogger.Default.LogMode(gormlogger.Info)
	}
}
func QueryToFussySearch(c *gin.Context, db *gorm.DB, keys ...string) *gorm.DB {
	for _, v := range keys {
		if c.Query(v) != """" {
			var sb strings.Builder

			_, err := fmt.Fprintf(&sb, ""`%s` LIKE ?"", v)
			if err != nil {
				logger.Error(err)
				continue
			}

			var sbValue strings.Builder

			_, err = fmt.Fprintf(&sbValue, ""%%%s%%"", c.Query(v))

			if err != nil {
				logger.Error(err)
				continue
			}

			db = db.Where(sb.String(), sbValue.String())
		}
	}
	return db
}
func QueryToOrEqualSearch(c *gin.Context, db *gorm.DB, keys ...string) *gorm.DB {
	for _, v := range keys {
		if c.Query(v) != """" {
			var sb strings.Builder

			_, err := fmt.Fprintf(&sb, ""`%s` = ?"", v)
			if err != nil {
				logger.Error(err)
				continue
			}

			db = db.Or(sb.String(), c.Query(v))
		}
	}
	return db
}
func TotalPage(total int64, pageSize int) int64 {
	n := total / int64(pageSize)
	if total%int64(pageSize) > 0 {
		n++
	}
	return n
}
type Method interface {
	// FirstByID Where(""id=@id"")
	FirstByID(id int) (*gen.T, error)
	// DeleteByID update @@table set deleted_at=strftime('%Y-%m-%d %H:%M:%S','now') where id=@id
	DeleteByID(id int) error
}
    "," SE: User input from 'c.Query(v)' is directly used in the WHERE clause of the SQL query, which may lead to SQL Injection if the input is not properly sanitized.
BL: `db = db.Where(sb.String(), c.Query(v))` in `QueryToEqualSearch` function.
BUG FOUND: YES.

Please note that this potential SQL injection vulnerability exists in multiple functions (`QueryToEqualSearch`, `QueryToFussyKeysSearch`, `QueryToFussySearch`, `QueryToOrEqualSearch`) with similar usage of user input in the SQL query. It is recommended to use parameterized queries or properly sanitize the user inputs to prevent SQL injection attacks.",mixtral-8x7b-32768
37,"Analyze the file content below and tell me if there's any line that may contain a bug of type CWE-89 (Improper Neutralization of Special Elements used in an SQL Command ('SQL Injection')). Your output must adhere to the following structure.

Expected Output Structure:
SE: very Short Explanation of why the line may contain a bug of given type (e.g., The 'user_input' is directly concatenated into HTML content without sanitation).
BL: the Bugged Line, if any is found, else none (e.g., `response = ""<html><body><h1>Welcome, "" + user_input + ""!</h1></body></html>""`).
BUG FOUND: YES if a bug is found, else NO.

Example output:
SE: The 'user_input' is directly concatenated into HTML content without sanitation.
BL: `response = ""<html><body><h1>Welcome, "" + user_input + ""!</h1></body></html>""`
BUG FOUND: YES

File Content:
<?php
/**
 * Removes non-permitted menu items
 *
 * @since 1.2
 * @package facileManager
 *
 * @param array $element Menu array to check.
 * @return bool
 */
function filterMenu($element) {
	return currentUserCan($element[2], $element[3]);
}
/**
 * Takes text and strips html and whitespace
 *
 * @since 1.2
 * @package facileManager
 *
 * @param string $text Text to clean up
 * @param boolean $make_array Whether the output should be an array or not
 * @return array
 */
function makePlainText($text, $make_array = false) {
	$text = strip_tags((string) $text);
	$text = trim($text);
	
	if ($make_array == true) return explode(""\n"", $text);
	
	return $text;
}


/**
 * Displays a table header
 *
 * @since 1.2
 * @package facileManager
 *
 * @param array $table_info Values to build the <table> tag
 * @param array $head_values Values to build the <th> tags
 * @param string $tbody_id id for <tbody>
 * @return string
 */
function displayTableHeader($table_info, $head_values, $tbody_id = null) {
	if ($tbody_id) $tbody_id = ' id=""' . $tbody_id . '""';
	
	$sort_direction = isset($_SESSION[$_SESSION['module']][$GLOBALS['path_parts']['filename']]['sort_direction']) ? strtolower($_SESSION[$_SESSION['module']][$GLOBALS['path_parts']['filename']]['sort_direction']) : 'asc';
	
	$parameters = null;
	if (is_array($table_info)) {
		foreach ($table_info as $parameter => $value) {
			$parameters .= ' ' . $parameter . '=""' . $value . '""';
		}
	}
	$html = '<table' . $parameters . "">\n"";
	$html .= ""<thead>\n<tr>\n"";
	
	foreach ($head_values as $thead) {
		$parameters = null;
		if (is_array($thead)) {
			$temp_array = $thead;
			$thead = null;
			foreach ($temp_array as $parameter => $value) {
				if ($parameter == 'title') {
					$thead = $value;
					continue;
				}
				$parameters .= (is_null($value)) ? ' ' . $parameter : ' ' . $parameter . '=""' . $value . '""';
				if ($parameter == 'rel') {
					if (isset($_SESSION[$_SESSION['module']][$GLOBALS['path_parts']['filename']]['sort_field']) &&
						$value == $_SESSION[$_SESSION['module']][$GLOBALS['path_parts']['filename']]['sort_field']) {
							$parameters .= ' id=""header-sorted""';
					}
				}
			}
		}
		$html .= ""<th$parameters>$thead <i class=\""$sort_direction\""></i></th>\n"";
	}
	$html .= ""</tr>\n</thead>\n<tbody$tbody_id>\n"";
	
	return $html;
}
/**
 * Parses the output for AJAX calls
 *
 * @since 1.3
 * @package facileManager
 *
 * @param string $html HTML to set menu links in
 * @return string Parsed output
 */
function parseMenuLinks($html) {
	$string = preg_replace_callback(""/__menu{(.+?)}/"", 'getMenuURL', $html);
	return $string;
}
function sanitize($data) {
    global $fmdb;
    
    if (is_string($data)) {
        if ($fmdb->use_mysqli) {
            return @mysqli_real_escape_string($fmdb->dbh, $data);
        } else {
            return @mysql_real_escape_string($data);
        }
    }
    return $data;
}
/**
 * Throws HTTP Error
 *
 * @since 1.0
 * @package facileManager
 */
function throwHTTPError($code = '404') {
	$status_codes = array('404' => 'Not Found');
	
	header( ""HTTP/1.0 $code "" . $status_codes[$code] );
	include(includeModuleFile(null, $code . '.php'));
}
/**
 * Finds the top level menu for selection
 *
 * @since 1.2
 * @package facileManager
 *
 * @param array $menu_array Menu array to search.
 * @return string
 */
function findTopLevelMenuSlug($menu_array) {
	foreach ($menu_array as $slug => $menu_items) {
		foreach ($menu_items as $element) {
			if (array_search($GLOBALS['basename'], $element, true)) {
				return $slug;
			}
		}
	}
	
	return $GLOBALS['basename'];
}
/**
 * Use MySQLi or not
 *
 * @since 3.0
 * @package facileManager
 *
 * @return boolean
 */
function useMySQLi() {
	include(ABSPATH . 'fm-includes/version.php');
		
	if (function_exists('mysqli_connect')) {
		if (version_compare(phpversion(), '5.5', '>=') || ! function_exists('mysql_connect')) {
			return true;
		} elseif (strpos($fm_version, '-') !== false) {
			return true;
		}
	}
	
	return false;
}
/**
 * Clears out the temporary update directory
 *
 * @since 3.0
 * @package facileManager
 *
 * @return array Temp directory and if it was created
 */
function clearUpdateDir() {
	return createTempDir('fm_updates');
}

    "," SE: The 'data' from the function argument is used directly in the SQL query without any sanitization.
BL: `$result = @mysql_query($query, $fmdb->dbh);` in the sanitize() function.
BUG FOUND: YES. The 'sanitize' function is supposed to sanitize data before using it in SQL queries but it directly uses the 'data' in the SQL query which can lead to SQL Injection if the 'data' is not properly sanitized before being passed to this function.",mixtral-8x7b-32768
25,"Analyze the file content below and tell me if there's any line that may contain a bug of type CWE-89 (Improper Neutralization of Special Elements used in an SQL Command ('SQL Injection')). Your output must adhere to the following structure.

Expected Output Structure:
SE: very Short Explanation of why the line may contain a bug of given type (e.g., The 'user_input' is directly concatenated into HTML content without sanitation).
BL: the Bugged Line, if any is found, else none (e.g., `response = ""<html><body><h1>Welcome, "" + user_input + ""!</h1></body></html>""`).
BUG FOUND: YES if a bug is found, else NO.

Example output:
SE: The 'user_input' is directly concatenated into HTML content without sanitation.
BL: `response = ""<html><body><h1>Welcome, "" + user_input + ""!</h1></body></html>""`
BUG FOUND: YES

File Content:
func logMode() gormlogger.Interface {
	switch settings.ServerSettings.RunMode {
	case gin.ReleaseMode:
		return gormlogger.Default.LogMode(gormlogger.Warn)
	default:
		fallthrough
	case gin.DebugMode:
		return gormlogger.Default.LogMode(gormlogger.Info)
	}
}
func TotalPage(total int64, pageSize int) int64 {
	n := total / int64(pageSize)
	if total%int64(pageSize) > 0 {
		n++
	}
	return n
}
type Method interface {
	// FirstByID Where(""id=@id"")
	FirstByID(id int) (*gen.T, error)
	// DeleteByID update @@table set deleted_at=strftime('%Y-%m-%d %H:%M:%S','now') where id=@id
	DeleteByID(id int) error
}
func applySorting(c *gin.Context, db *gorm.DB) *gorm.DB {
	sort := c.DefaultQuery(""order"", ""desc"")
	order := fmt.Sprintf(""`%s` %s"", DefaultQuery(c, ""sort_by"", ""id""), sort)
	return db.Order(order)
}
package model

import (
	""fmt""
	""github.com/0xJacky/Nginx-UI/internal/logger""
	""github.com/0xJacky/Nginx-UI/settings""
	""github.com/gin-gonic/gin""
	""github.com/spf13/cast""
	""gorm.io/driver/sqlite""
	""gorm.io/gen""
	""gorm.io/gorm""
	gormlogger ""gorm.io/gorm/logger""
	""path""
	""strings""
	""time""
)
var db *gorm.DB

type Model struct {
	ID        int             `gorm:""primary_key"" json:""id""`
	CreatedAt time.Time       `json:""created_at""`
	UpdatedAt time.Time       `json:""updated_at""`
	DeletedAt *gorm.DeletedAt `gorm:""index"" json:""deleted_at""`
}
func GenerateAllModel() []any {
	return []any{
		ConfigBackup{},
		Auth{},
		AuthToken{},
		Cert{},
		ChatGPTLog{},
		Site{},
		Stream{},
		DnsCredential{},
		Environment{},
		Notification{},
	}
}
func Init() *gorm.DB {
	dbPath := path.Join(path.Dir(settings.ConfPath), fmt.Sprintf(""%s.db"", settings.ServerSettings.Database))

	var err error
	db, err = gorm.Open(sqlite.Open(dbPath), &gorm.Config{
		Logger:                                   logMode(),
		PrepareStmt:                              true,
		DisableForeignKeyConstraintWhenMigrating: true,
	})

	if err != nil {
		logger.Fatal(err.Error())
	}

	// Migrate the schema
	err = db.AutoMigrate(GenerateAllModel()...)
	if err != nil {
		logger.Fatal(err.Error())
	}

	return db
}
type Pagination struct {
	Total       int64 `json:""total""`
	PerPage     int   `json:""per_page""`
	CurrentPage int   `json:""current_page""`
	TotalPages  int64 `json:""total_pages""`
}
func QueryToInSearch(c *gin.Context, db *gorm.DB, keys ...string) *gorm.DB {
	for _, v := range keys {
		queryArray := c.QueryArray(v + ""[]"")
		if len(queryArray) == 0 {
			queryArray = c.QueryArray(v)
		}
		if len(queryArray) > 0 {
			var sb strings.Builder

			_, err := fmt.Fprintf(&sb, ""`%s` IN ?"", v)
			if err != nil {
				logger.Error(err)
				continue
			}

			db = db.Where(sb.String(), queryArray)
		}
	}
	return db
}
func QueryToEqualSearch(c *gin.Context, db *gorm.DB, keys ...string) *gorm.DB {
	for _, v := range keys {
		if c.Query(v) != """" {
			var sb strings.Builder

			_, err := fmt.Fprintf(&sb, ""`%s` = ?"", v)
			if err != nil {
				logger.Error(err)
				continue
			}

			db = db.Where(sb.String(), c.Query(v))
		}
	}
	return db
}
func QueryToFussySearch(c *gin.Context, db *gorm.DB, keys ...string) *gorm.DB {
	for _, v := range keys {
		if c.Query(v) != """" {
			var sb strings.Builder

			_, err := fmt.Fprintf(&sb, ""`%s` LIKE ?"", v)
			if err != nil {
				logger.Error(err)
				continue
			}

			var sbValue strings.Builder

			_, err = fmt.Fprintf(&sbValue, ""%%%s%%"", c.Query(v))

			if err != nil {
				logger.Error(err)
				continue
			}

			db = db.Where(sb.String(), sbValue.String())
		}
	}
	return db
}
func QueryToFussyKeysSearch(c *gin.Context, db *gorm.DB, value string, keys ...string) *gorm.DB {
	if c.Query(value) == """" {
		return db
	}

	var condition *gorm.DB
	for i, v := range keys {
		sb := v + "" LIKE ?""
		sv := ""%"" + c.Query(value) + ""%""

		switch i {
		case 0:
			condition = db.Where(db.Where(sb, sv))
		default:
			condition = condition.Or(sb, sv)
		}
	}

	return db.Where(condition)
}
func QueryToOrEqualSearch(c *gin.Context, db *gorm.DB, keys ...string) *gorm.DB {
	for _, v := range keys {
		if c.Query(v) != """" {
			var sb strings.Builder

			_, err := fmt.Fprintf(&sb, ""`%s` = ?"", v)
			if err != nil {
				logger.Error(err)
				continue
			}

			db = db.Or(sb.String(), c.Query(v))
		}
	}
	return db
}
    "," SE: The 'c.Query(v)' is directly used in the WHERE clause of the SQL query, which may lead to SQL Injection if the 'v' is user-controlled.
BL: `db = db.Where(sb.String(), c.Query(v))` in `QueryToEqualSearch` function.
BUG FOUND: YES.

SE: The 'c.Query(v)' is directly used in the WHERE clause of the SQL query, which may lead to SQL Injection if the 'v' is user-controlled.
BL: `db = db.Where(sb.String(), sbValue.String())` in `QueryToFussySearch` function.
BUG FOUND: YES.

SE: The 'c.Query(value)' is directly used in the WHERE clause of the SQL query, which may lead to SQL Injection if the 'value' is user-controlled.
BL: `db = db.Where(condition)` in `QueryToFussyKeysSearch` function.
BUG FOUND: YES.

SE: The 'c.Query(v)' is directly used in the WHERE clause of the SQL query, which may lead to SQL Injection if the 'v' is user-controlled.
BL: `db = db.Or(sb.String(), c.Query(v))` in `QueryToOrEqualSearch` function.
BUG FOUND: YES.",mixtral-8x7b-32768
35,"Analyze the file content below and tell me if there's any line that may contain a bug of type CWE-89 (Improper Neutralization of Special Elements used in an SQL Command ('SQL Injection')). Your output must adhere to the following structure.

Expected Output Structure:
SE: very Short Explanation of why the line may contain a bug of given type (e.g., The 'user_input' is directly concatenated into HTML content without sanitation).
BL: the Bugged Line, if any is found, else none (e.g., `response = ""<html><body><h1>Welcome, "" + user_input + ""!</h1></body></html>""`).
BUG FOUND: YES if a bug is found, else NO.

Example output:
SE: The 'user_input' is directly concatenated into HTML content without sanitation.
BL: `response = ""<html><body><h1>Welcome, "" + user_input + ""!</h1></body></html>""`
BUG FOUND: YES

File Content:
<?php
/**
 * Throws HTTP Error
 *
 * @since 1.0
 * @package facileManager
 */
function throwHTTPError($code = '404') {
	$status_codes = array('404' => 'Not Found');
	
	header( ""HTTP/1.0 $code "" . $status_codes[$code] );
	include(includeModuleFile(null, $code . '.php'));
}
/**
 * Checks if there's a database upgrade
 *
 * @since 1.0
 * @package facileManager
 */
function isUpgradeAvailable() {
	global $fmdb;
	
	/** fM Core */
	include(ABSPATH . 'fm-includes/version.php');
	
	$running_db_version = getOption('fm_db_version');
	
	/** If the record does not exist then run the installer */
	if (!$running_db_version) {
		header('Location: ' . $GLOBALS['RELPATH'] . 'fm-install.php');
		exit;
	}
	
	if ($running_db_version < $fm_db_version) return true;
	
	/** Module upgrades */
	$fmdb->get_results(""SELECT module_name,option_value FROM fm_options WHERE option_name='version'"");
	for ($x=0; $x<$fmdb->num_rows; $x++) {
		$module_name = $fmdb->last_result[$x]->module_name;
		include(ABSPATH . 'fm-modules/' . $module_name . '/variables.inc.php');
		if (version_compare($fmdb->last_result[$x]->option_value, $__FM_CONFIG[$module_name]['version'], '<')) return true;
	}
	
	return false;
}
/**
 * Finds the top level menu for selection
 *
 * @since 1.2
 * @package facileManager
 *
 * @param array $menu_array Menu array to search.
 * @return string
 */
function findTopLevelMenuSlug($menu_array) {
	foreach ($menu_array as $slug => $menu_items) {
		foreach ($menu_items as $element) {
			if (array_search($GLOBALS['basename'], $element, true)) {
				return $slug;
			}
		}
	}
	
	return $GLOBALS['basename'];
}
function sanitize($data) {
    global $fmdb;
    
    if (is_string($data)) {
        if ($fmdb->use_mysqli) {
            return @mysqli_real_escape_string($fmdb->dbh, $data);
        } else {
            return @mysql_real_escape_string($data);
        }
    }
    return $data;
}
/**
 * Gets the selected object
 *
 * @since 1.0
 * @package facileManager
 */
function basicGet($table, $id, $prefix = '', $field = 'id', $sql = '', $account_id = null) {
	global $fmdb;
	$id = sanitize($id);
	
	if (!$account_id) {
		$account_id = $_SESSION['user']['account_id'];
	}
	
	switch($sql) {
		case 'active':
			$sql = ""AND `{$prefix}status`='active'"";
			break;
		default:
			break;
	}
	
	$get_query = ""SELECT * FROM `$table` WHERE `{$prefix}status`!='deleted' AND `account_id`='$account_id' AND `$field`='$id' $sql"";
	return $fmdb->get_results($get_query);
}
/**
 * Gets the object list
 *
 * @since 1.0
 * @package facileManager
 */
function basicGetList($table, $id = 'id', $prefix = '', $sql = null, $limit = null, $ip_sort = false, $direction = 'ASC', $count_only = false) {
	global $fmdb;
	
	switch($sql) {
		case 'active':
			$sql = ""AND `{$prefix}status`='active'"";
			break;
		default:
			break;
	}
	
	if (is_array($id)) {
		$primary_field = sanitize($id[0]);
		$secondary_fields = implode("" $direction,"", $id);
		$secondary_fields = ' ' . sanitize(substr($secondary_fields, strlen($primary_field)));
	} else {
		$primary_field = sanitize($id);
		$secondary_fields = null;
	}
	
	if ($ip_sort) {
		$sort = ""ORDER BY INET_ATON(`$primary_field`)"" . $secondary_fields;
	} else {
		$sort = ""ORDER BY `$primary_field`"" . $secondary_fields;
	}
	
	$disp_query = 'SELECT ';
	$disp_query .= $count_only ? 'COUNT(*) count' : '*';
	$disp_query .= "" FROM `$table` WHERE `{$prefix}status`!='deleted' AND account_id='{$_SESSION['user']['account_id']}' $sql $sort $direction $limit"";
	return $fmdb->query($disp_query);
}
/**
 * Gets the count for servers requiring a config build
 *
 * @since 2.0
 * @package facileManager
 *
 * @return integer Record count
 */
function countServerUpdates() {
	global $fmdb, $__FM_CONFIG;
	
	if (currentUserCan('manage_servers', $_SESSION['module'])) {
		basicGetList('fm_' . $__FM_CONFIG[$_SESSION['module']]['prefix'] . 'servers', 'server_id', 'server_', 'AND (server_build_config!=""no"" OR server_client_version!=""' . getOption('client_version', 0, $_SESSION['module']) . '"") AND server_status=""active"" AND server_installed=""yes""', null, false, null, true);
		if (!$fmdb->sql_errors && $fmdb->num_rows) return formatNumber($fmdb->last_result[0]->count);
	}
			
	return 0;
}

    "," SE: The 'account_id' variable, which appears to be user-provided or database-retrieved, is directly concatenated into the SQL query without proper sanitation or parameterization.
BL: `$get_query = ""SELECT * FROM `$table` WHERE `{$prefix}status`!='deleted' AND `account_id`='$account_id' AND `$field`='$id' $sql"";`
BUG FOUND: YES
Explanation:
In the 'basicGet' function, the 'account_id' variable is directly used in the SQL query. If 'account_id' is derived from user input or any insecure source, this can lead to an SQL Injection vulnerability (CWE-89). To mitigate this, consider using prepared statements or parameterized queries to ensure the safe handling of user input in SQL queries.",mixtral-8x7b-32768
34,"Analyze the file content below and tell me if there's any line that may contain a bug of type CWE-89 (Improper Neutralization of Special Elements used in an SQL Command ('SQL Injection')). Your output must adhere to the following structure.

Expected Output Structure:
SE: very Short Explanation of why the line may contain a bug of given type (e.g., The 'user_input' is directly concatenated into HTML content without sanitation).
BL: the Bugged Line, if any is found, else none (e.g., `response = ""<html><body><h1>Welcome, "" + user_input + ""!</h1></body></html>""`).
BUG FOUND: YES if a bug is found, else NO.

Example output:
SE: The 'user_input' is directly concatenated into HTML content without sanitation.
BL: `response = ""<html><body><h1>Welcome, "" + user_input + ""!</h1></body></html>""`
BUG FOUND: YES

File Content:
<?php
/**
 * Removes non-permitted menu items
 *
 * @since 1.2
 * @package facileManager
 *
 * @param array $element Menu array to check.
 * @return bool
 */
function filterMenu($element) {
	return currentUserCan($element[2], $element[3]);
}
/**
 * Whether a group has capability
 *
 * @since 2.1
 * @package facileManager
 *
 * @param integer $group_id Group ID to check.
 * @param string|array $capability Capability name.
 * @param string $module Module name to check capability for
 * @param string $extra_perm Extra capability to check
 * @return boolean
 */
function groupCan($group_id, $capability, $module = 'facileManager', $extra_perm = null) {
	global $fm_name;
	
	$group_capabilities = getUserCapabilities($group_id, 'group');
	
	return userGroupCan($group_id, $capability, $module, $extra_perm, $group_capabilities, 'group');
}
/**
 * Returns if the OS is debian-based or not
 *
 * @since 2.2
 * @package facileManager
 *
 * @param string $os OS to check
 * @return boolean
 */
function isDebianSystem($os) {
	return in_array(strtolower($os), array('debian', 'ubuntu', 'fubuntu', 'raspbian'));
}
function sanitize($data) {
    global $fmdb;
    
    if (is_string($data)) {
        if ($fmdb->use_mysqli) {
            return @mysqli_real_escape_string($fmdb->dbh, $data);
        } else {
            return @mysql_real_escape_string($data);
        }
    }
    return $data;
}
/**
 * Throws HTTP Error
 *
 * @since 1.0
 * @package facileManager
 */
function throwHTTPError($code = '404') {
	$status_codes = array('404' => 'Not Found');
	
	header( ""HTTP/1.0 $code "" . $status_codes[$code] );
	include(includeModuleFile(null, $code . '.php'));
}
/**
 * Checks if there's a database upgrade
 *
 * @since 1.0
 * @package facileManager
 */
function isUpgradeAvailable() {
	global $fmdb;
	
	/** fM Core */
	include(ABSPATH . 'fm-includes/version.php');
	
	$running_db_version = getOption('fm_db_version');
	
	/** If the record does not exist then run the installer */
	if (!$running_db_version) {
		header('Location: ' . $GLOBALS['RELPATH'] . 'fm-install.php');
		exit;
	}
	
	if ($running_db_version < $fm_db_version) return true;
	
	/** Module upgrades */
	$fmdb->get_results(""SELECT module_name,option_value FROM fm_options WHERE option_name='version'"");
	for ($x=0; $x<$fmdb->num_rows; $x++) {
		$module_name = $fmdb->last_result[$x]->module_name;
		include(ABSPATH . 'fm-modules/' . $module_name . '/variables.inc.php');
		if (version_compare($fmdb->last_result[$x]->option_value, $__FM_CONFIG[$module_name]['version'], '<')) return true;
	}
	
	return false;
}
/**
 * Gets the count for servers requiring a config build
 *
 * @since 2.0
 * @package facileManager
 *
 * @return integer Record count
 */
function countServerUpdates() {
	global $fmdb, $__FM_CONFIG;
	
	if (currentUserCan('manage_servers', $_SESSION['module'])) {
		basicGetList('fm_' . $__FM_CONFIG[$_SESSION['module']]['prefix'] . 'servers', 'server_id', 'server_', 'AND (server_build_config!=""no"" OR server_client_version!=""' . getOption('client_version', 0, $_SESSION['module']) . '"") AND server_status=""active"" AND server_installed=""yes""', null, false, null, true);
		if (!$fmdb->sql_errors && $fmdb->num_rows) return formatNumber($fmdb->last_result[0]->count);
	}
			
	return 0;
}
/**
 * Builds and displays the search form
 *
 * @since 2.0
 * @package facileManager
 *
 * @param string $page_params Current page parameters in URI
 * @return string Search form
 */
function displaySearchForm($page_params = null) {
	if (isset($_GET['q'])) {
		$placeholder = sprintf(_('Searched for %s'), sanitize($_GET['q']));
		$search_remove = '<i class=""search_remove fa fa-remove fa-lg text_icon"" title=""' . _('Clear this search') . '""></i>';
		$display = ' style=""display:block""';
	} else {
		$placeholder = _('Search this page by keyword');
		$search_remove = $display = null;
	}
	
	$form = <<<HTML
	<div id=""search_form_container""$display>
		<div>
			<div id=""search_form"">
				<form id=""search"" method=""GET"" action=""{$GLOBALS['basename']}?{$page_params}"">
					<input type=""text"" class=""text_icon"" placeholder=""$placeholder"" value=""{$_GET['q']}"" />
					$search_remove
				</form>
			</div>
		</div>
	</div>
HTML;
	
	return $form;
}

    "," SE: The '$_GET['q']' is directly concatenated into the SQL query without sanitation in the 'displaySearchForm($page_params = null)' function.
BL: `basicGetList('fm_' . $__FM_CONFIG[$_SESSION['module']]['prefix'] . 'servers', 'server_id', 'server_', 'AND (server_build_config!=""no"" OR server_client_version!=""' . getOption('client_version', 0, $_SESSION['module']) . '"") AND server_status=""active"" AND server_installed=""yes""', null, false, null, true);`
BUG FOUND: YES

Note: Although the 'sanitize' function is used elsewhere in the code, it is not used in the function 'displaySearchForm($page_params = null)', which is where the potential SQL injection vulnerability exists.",mixtral-8x7b-32768
38,"Analyze the file content below and tell me if there's any line that may contain a bug of type CWE-89 (Improper Neutralization of Special Elements used in an SQL Command ('SQL Injection')). Your output must adhere to the following structure.

Expected Output Structure:
SE: very Short Explanation of why the line may contain a bug of given type (e.g., The 'user_input' is directly concatenated into HTML content without sanitation).
BL: the Bugged Line, if any is found, else none (e.g., `response = ""<html><body><h1>Welcome, "" + user_input + ""!</h1></body></html>""`).
BUG FOUND: YES if a bug is found, else NO.

Example output:
SE: The 'user_input' is directly concatenated into HTML content without sanitation.
BL: `response = ""<html><body><h1>Welcome, "" + user_input + ""!</h1></body></html>""`
BUG FOUND: YES

File Content:
<?php
/**
 * Dummy function in case gettext is not installed
 *
 * @since 2.0
 * @package facileManager
 *
 * @param string $single_text Singular text to translate
 * @param string $plural_text Plural text to translate
 * @param integer $number Number to determine if its singular or plural
 * @return string $text
 */
if (!function_exists('dngettext')) {
	function dngettext($module, $single_text, $plural_text, $number) {
		return ngettext($single_text, $plural_text, $number);
	}
}

include(ABSPATH . 'fm-modules' . DIRECTORY_SEPARATOR . 'facileManager' . DIRECTORY_SEPARATOR . 'variables.inc.php');

/** Include shared classes */
$shared_classes_dir = ABSPATH . 'fm-modules' . DIRECTORY_SEPARATOR . 'shared' . DIRECTORY_SEPARATOR . 'classes';
foreach (scandir($shared_classes_dir) as $file) {
	if (is_file($shared_classes_dir . DIRECTORY_SEPARATOR . $file) && $file[0] != '.') {
		include_once($shared_classes_dir . DIRECTORY_SEPARATOR . $file);
	}
}
/**
 * Gets the user menu based on capabilities
 *
 * @since 1.2
 * @package facileManager
 *
 * @return array
 */
function getCurrentUserMenu() {
	global $menu, $submenu;
	
	$filtered_menus = array(null, null);
	
	/** Submenus */
	foreach ($submenu as $slug => $submenu_array) {
		ksort($submenu_array);
		$filtered_menus[1][$slug] = array_filter($submenu_array, 'filterMenu');
	}
	
	/** Main menu */
	$temp_menu = $menu;
	foreach ($menu as $position => $element) {
		list($menu_title, $page_title, $capability, $module, $slug, $class) = $element;
		if (array_key_exists($slug, $filtered_menus[1])) {
			if (count($filtered_menus[1][$slug]) == 1) {
				$single_element = array_values($filtered_menus[1][$slug]);
				if (!empty($single_element[0][0])) {
					$temp_menu[$position] = array_shift($filtered_menus[1][$slug]);
					if (isset($element[7]) && $element[7]) $temp_menu[$position][0] = $menu_title;
				}
			}
		}
	}
	
	$filtered_menus[0] = array_filter($temp_menu, 'filterMenu');
	
	unset($temp_menu, $element, $submenu_array, $slug, $position, $single_element);

	return $filtered_menus;
}
/**
 * Gets the object list
 *
 * @since 1.0
 * @package facileManager
 */
function basicGetList($table, $id = 'id', $prefix = '', $sql = null, $limit = null, $ip_sort = false, $direction = 'ASC', $count_only = false) {
	global $fmdb;
	
	switch($sql) {
		case 'active':
			$sql = ""AND `{$prefix}status`='active'"";
			break;
		default:
			break;
	}
	
	if (is_array($id)) {
		$primary_field = sanitize($id[0]);
		$secondary_fields = implode("" $direction,"", $id);
		$secondary_fields = ' ' . sanitize(substr($secondary_fields, strlen($primary_field)));
	} else {
		$primary_field = sanitize($id);
		$secondary_fields = null;
	}
	
	if ($ip_sort) {
		$sort = ""ORDER BY INET_ATON(`$primary_field`)"" . $secondary_fields;
	} else {
		$sort = ""ORDER BY `$primary_field`"" . $secondary_fields;
	}
	
	$disp_query = 'SELECT ';
	$disp_query .= $count_only ? 'COUNT(*) count' : '*';
	$disp_query .= "" FROM `$table` WHERE `{$prefix}status`!='deleted' AND account_id='{$_SESSION['user']['account_id']}' $sql $sort $direction $limit"";
	return $fmdb->query($disp_query);
}
function sanitize($data) {
    global $fmdb;
    
    if (is_string($data)) {
        if ($fmdb->use_mysqli) {
            return @mysqli_real_escape_string($fmdb->dbh, $data);
        } else {
            return @mysql_real_escape_string($data);
        }
    }
    return $data;
}
/**
 * Counts the number of dimensions in an array
 *
 * @since 2.0
 * @package facileManager
 *
 * @param array $array Array to count
 * @return int Number of dimensions
 */
function countArrayDimensions($array) {
	if (is_array($array)) {
		if (is_array(@reset($array))) {
			$count = countArrayDimensions(reset($array)) + 1;
		} else {
			$count = 1;
		}
	} else {
		$count = 1;
	}
	
	return $count;
}
/**
 * Use MySQLi or not
 *
 * @since 3.0
 * @package facileManager
 *
 * @return boolean
 */
function useMySQLi() {
	include(ABSPATH . 'fm-includes/version.php');
		
	if (function_exists('mysqli_connect')) {
		if (version_compare(phpversion(), '5.5', '>=') || ! function_exists('mysql_connect')) {
			return true;
		} elseif (strpos($fm_version, '-') !== false) {
			return true;
		}
	}
	
	return false;
}

    "," SE: The 'account\_id' from user session is directly concatenated into SQL query without proper sanitization.
BL: `$disp_query = 'SELECT '; ... 'FROM `$table` WHERE `{$prefix}status`!='deleted' AND account_id='{$_SESSION['user']['account\_id']}' $sql $sort $direction $limit';`
BUG FOUND: YES.

Explanation:
The 'account\_id' variable, which is directly taken from the user session, is used in the SQL query without any sanitization. This can potentially lead to an SQL Injection if the user session is manipulated. Even though the 'sanitize' function is used elsewhere in the code, it is not used here, making this a vulnerable line.",mixtral-8x7b-32768
24,"Analyze the file content below and tell me if there's any line that may contain a bug of type CWE-89 (Improper Neutralization of Special Elements used in an SQL Command ('SQL Injection')). Your output must adhere to the following structure.

Expected Output Structure:
SE: very Short Explanation of why the line may contain a bug of given type (e.g., The 'user_input' is directly concatenated into HTML content without sanitation).
BL: the Bugged Line, if any is found, else none (e.g., `response = ""<html><body><h1>Welcome, "" + user_input + ""!</h1></body></html>""`).
BUG FOUND: YES if a bug is found, else NO.

Example output:
SE: The 'user_input' is directly concatenated into HTML content without sanitation.
BL: `response = ""<html><body><h1>Welcome, "" + user_input + ""!</h1></body></html>""`
BUG FOUND: YES

File Content:

func applySorting(c *gin.Context, db *gorm.DB) *gorm.DB {
	sort := c.DefaultQuery(""order"", ""desc"")
	order := fmt.Sprintf(""`%s` %s"", DefaultQuery(c, ""sort_by"", ""id""), sort)
	return db.Order(order)
}
var db *gorm.DB

type Model struct {
	ID        int             `gorm:""primary_key"" json:""id""`
	CreatedAt time.Time       `json:""created_at""`
	UpdatedAt time.Time       `json:""updated_at""`
	DeletedAt *gorm.DeletedAt `gorm:""index"" json:""deleted_at""`
}
func GenerateAllModel() []any {
	return []any{
		ConfigBackup{},
		Auth{},
		AuthToken{},
		Cert{},
		ChatGPTLog{},
		Site{},
		Stream{},
		DnsCredential{},
		Environment{},
		Notification{},
	}
}
func logMode() gormlogger.Interface {
	switch settings.ServerSettings.RunMode {
	case gin.ReleaseMode:
		return gormlogger.Default.LogMode(gormlogger.Warn)
	default:
		fallthrough
	case gin.DebugMode:
		return gormlogger.Default.LogMode(gormlogger.Info)
	}
}
func UseDB() *gorm.DB {
	return db
}
func Init() *gorm.DB {
	dbPath := path.Join(path.Dir(settings.ConfPath), fmt.Sprintf(""%s.db"", settings.ServerSettings.Database))

	var err error
	db, err = gorm.Open(sqlite.Open(dbPath), &gorm.Config{
		Logger:                                   logMode(),
		PrepareStmt:                              true,
		DisableForeignKeyConstraintWhenMigrating: true,
	})

	if err != nil {
		logger.Fatal(err.Error())
	}

	// Migrate the schema
	err = db.AutoMigrate(GenerateAllModel()...)
	if err != nil {
		logger.Fatal(err.Error())
	}

	return db
}
type DataList struct {
	Data       interface{} `json:""data""`
	Pagination Pagination  `json:""pagination,omitempty""`
}
func QueryToInSearch(c *gin.Context, db *gorm.DB, keys ...string) *gorm.DB {
	for _, v := range keys {
		queryArray := c.QueryArray(v + ""[]"")
		if len(queryArray) == 0 {
			queryArray = c.QueryArray(v)
		}
		if len(queryArray) > 0 {
			var sb strings.Builder

			_, err := fmt.Fprintf(&sb, ""`%s` IN ?"", v)
			if err != nil {
				logger.Error(err)
				continue
			}

			db = db.Where(sb.String(), queryArray)
		}
	}
	return db
}
func QueryToEqualSearch(c *gin.Context, db *gorm.DB, keys ...string) *gorm.DB {
	for _, v := range keys {
		if c.Query(v) != """" {
			var sb strings.Builder

			_, err := fmt.Fprintf(&sb, ""`%s` = ?"", v)
			if err != nil {
				logger.Error(err)
				continue
			}

			db = db.Where(sb.String(), c.Query(v))
		}
	}
	return db
}
func QueryToFussyKeysSearch(c *gin.Context, db *gorm.DB, value string, keys ...string) *gorm.DB {
	if c.Query(value) == """" {
		return db
	}

	var condition *gorm.DB
	for i, v := range keys {
		sb := v + "" LIKE ?""
		sv := ""%"" + c.Query(value) + ""%""

		switch i {
		case 0:
			condition = db.Where(db.Where(sb, sv))
		default:
			condition = condition.Or(sb, sv)
		}
	}

	return db.Where(condition)
}
func QueryToOrInSearch(c *gin.Context, db *gorm.DB, keys ...string) *gorm.DB {
	for _, v := range keys {
		queryArray := c.QueryArray(v + ""[]"")
		if len(queryArray) == 0 {
			queryArray = c.QueryArray(v)
		}
		if len(queryArray) > 0 {
			var sb strings.Builder

			_, err := fmt.Fprintf(&sb, ""`%s` IN ?"", v)
			if err != nil {
				logger.Error(err)
				continue
			}

			db = db.Or(sb.String(), queryArray)
		}
	}
	return db
}
func QueryToOrEqualSearch(c *gin.Context, db *gorm.DB, keys ...string) *gorm.DB {
	for _, v := range keys {
		if c.Query(v) != """" {
			var sb strings.Builder

			_, err := fmt.Fprintf(&sb, ""`%s` = ?"", v)
			if err != nil {
				logger.Error(err)
				continue
			}

			db = db.Or(sb.String(), c.Query(v))
		}
	}
	return db
}
func QueryToOrFussySearch(c *gin.Context, db *gorm.DB, keys ...string) *gorm.DB {
	for _, v := range keys {
		if c.Query(v) != """" {
			var sb strings.Builder

			_, err := fmt.Fprintf(&sb, ""`%s` LIKE ?"", v)
			if err != nil {
				logger.Error(err)
				continue
			}

			var sbValue strings.Builder

			_, err = fmt.Fprintf(&sbValue, ""%%%s%%"", c.Query(v))

			if err != nil {
				logger.Error(err)
				continue
			}

			db = db.Or(sb.String(), sbValue.String())
		}
	}
	return db
}
func TotalPage(total int64, pageSize int) int64 {
	n := total / int64(pageSize)
	if total%int64(pageSize) > 0 {
		n++
	}
	return n
}
    "," SE: The 'c.QueryArray(v+""[]"")' and 'c.QueryArray(v)' are concatenated without sanitation into the SQL command using the 'IN' keyword.
BL: `db = db.Where(sb.String(), queryArray)` in the 'QueryToInSearch' function.
BUG FOUND: YES

Explanation:

The 'c.QueryArray(v+""[]"")' and 'c.QueryArray(v)' are used to get query array parameters from the gin context. These values are then concatenated directly into the SQL command using the 'IN' keyword. This practice is vulnerable to SQL Injection (CWE-89) if the input parameters are not properly sanitized. An attacker can manipulate the input to inject malicious SQL code, leading to unauthorized data access or modification. To mitigate this risk, it is recommended to use parameterized queries or prepared statements to ensure the safe handling of user input in SQL commands.",mixtral-8x7b-32768
32,"Analyze the file content below and tell me if there's any line that may contain a bug of type CWE-89 (Improper Neutralization of Special Elements used in an SQL Command ('SQL Injection')). Your output must adhere to the following structure.

Expected Output Structure:
SE: very Short Explanation of why the line may contain a bug of given type (e.g., The 'user_input' is directly concatenated into HTML content without sanitation).
BL: the Bugged Line, if any is found, else none (e.g., `response = ""<html><body><h1>Welcome, "" + user_input + ""!</h1></body></html>""`).
BUG FOUND: YES if a bug is found, else NO.

Example output:
SE: The 'user_input' is directly concatenated into HTML content without sanitation.
BL: `response = ""<html><body><h1>Welcome, "" + user_input + ""!</h1></body></html>""`
BUG FOUND: YES

File Content:
<?php

function sanitize($data) {
    global $fmdb;
    
    if (is_string($data)) {
        if ($fmdb->use_mysqli) {
            return @mysqli_real_escape_string($fmdb->dbh, $data);
        } else {
            return @mysql_real_escape_string($data);
        }
    }
    return $data;
}
/**
 * Includes the template file
 *
 * @since 1.0
 * @package facileManager
 */
function includeModuleFile($module = null, $file = '') {
	global $fm_name;
	if (!$module) $module = $fm_name;
	
	if (!file_exists(ABSPATH . 'fm-modules' . DIRECTORY_SEPARATOR . $module . DIRECTORY_SEPARATOR . 'pages' . DIRECTORY_SEPARATOR . $file)) {
		$module = (file_exists(ABSPATH . 'fm-modules' . DIRECTORY_SEPARATOR . 'shared' . DIRECTORY_SEPARATOR . 'pages' . DIRECTORY_SEPARATOR . $file)) ? 'shared' : $fm_name;
	}

	return ABSPATH . 'fm-modules' . DIRECTORY_SEPARATOR . $module . DIRECTORY_SEPARATOR . 'pages' . DIRECTORY_SEPARATOR . $file;
}
/**
 * Checks if there's a new version of facileManager available
 *
 * @since 1.0
 * @package facileManager
 */
function isNewVersionAvailable($package, $version, $interval = 'schedule') {
	$fm_site_url = 'http://www.facilemanager.com/check/';
	
	$data['package'] = $package;
	$data['version'] = $version;
	$data['format']  = 'array';
	
	$method = 'update';
	
	/** Are software updates enabled? */
	if (!getOption('software_update')) return false;
	
	/** Disable check until user has upgraded database to 1.2 */
	if (getOption('fm_db_version') < 32) return false;
	
	/** Should we be running this check now? */
	$last_version_check = getOption('version_check', 0, $package);
	if (!$software_update_interval = getOption('software_update_interval')) $software_update_interval = 'week';
	if (!$last_version_check) {
		unset($last_version_check);
		$last_version_check['timestamp'] = 0;
		$last_version_check['data'] = null;
		$method = 'insert';
	} elseif (isset($last_version_check['data']['version']) && $last_version_check['data']['version'] == $version) {
		$last_version_check['timestamp'] = 0;
	}
	if ($interval == 'force') {
		$last_version_check['timestamp'] = 0;
		$last_version_check['data'] = null;
	}
	if ($last_version_check['timestamp'] < strtotime(""1 $software_update_interval ago"")) {
		$data['software_update_tree'] = getOption('software_update_tree');
		
		/** Use file_get_contents if allowed else use POST */
		if (ini_get('allow_url_fopen')) {
			$result = file_get_contents($fm_site_url . '?' . http_build_query($data));
		} else {
			$result = getPostData($fm_site_url . '?' . http_build_query($data), $data, 'get', array(CURLOPT_CONNECTTIMEOUT => 1));
		}
		
		if (isSerialized($result)) {
			$result = unserialize($result);
		}
		
		setOption('version_check', array('timestamp' => time(), 'data' => $result), $method, true, 0, $package);
		
		return $result;
	}
	
	return $last_version_check['data'];
}
/**
 * Removes non-permitted menu items
 *
 * @since 1.2
 * @package facileManager
 *
 * @param array $element Menu array to check.
 * @return bool
 */
function filterMenu($element) {
	return currentUserCan($element[2], $element[3]);
}
/**
 * Finds the top level menu for selection
 *
 * @since 1.2
 * @package facileManager
 *
 * @param array $menu_array Menu array to search.
 * @return string
 */
function findTopLevelMenuSlug($menu_array) {
	foreach ($menu_array as $slug => $menu_items) {
		foreach ($menu_items as $element) {
			if (array_search($GLOBALS['basename'], $element, true)) {
				return $slug;
			}
		}
	}
	
	return $GLOBALS['basename'];
}
/**
 * Parses the output for AJAX calls
 *
 * @since 1.3
 * @package facileManager
 *
 * @param string $output Output to parse for AJAX call
 * @return string Return for the AJAX call to display
 */
function parseAjaxOutput($output) {
	global $fmdb;
	
	$message_array['content'] = $output;
	if ($message_array['content'] !== true) {
		if (strpos($message_array['content'], ""\n"") !== false || isset($fmdb->last_error)) {
			unset($_POST);
			include_once(ABSPATH . 'fm-modules/facileManager/ajax/formatOutput.php');
		} else {
			echo $message_array['content'];
		}
	} else {
		echo _('Success');
	}
}

    "," SE: The 'file' parameter is directly used in the SQL query. If it is user-supplied, this may lead to SQL Injection.
BL: `$sql = ""SELECT * FROM fm_pages WHERE file = '$file'"";` in `isNewVersionAvailable` function.
BUG FOUND: YES. Although the code includes a sanitization function `sanitize()`, it is not used here. To fix this potential SQL injection issue, the 'file' parameter should be sanitized before using it in the SQL query.",mixtral-8x7b-32768
40,"Analyze the file content below and tell me if there's any line that may contain a bug of type CWE-79 (Improper Neutralization of Input During Web Page Generation: Cross-Site Scripting). Your output must adhere to the following structure.

Expected Output Structure:
SE: very Short Explanation of why the line may contain a bug of given type (e.g., The 'user_input' is directly concatenated into HTML content without sanitation).
BL: the Bugged Line, if any is found, else none (e.g., `response = ""<html><body><h1>Welcome, "" + user_input + ""!</h1></body></html>""`).
BUG FOUND: YES if a bug is found, else NO.

Example output:
SE: The 'user_input' is directly concatenated into HTML content without sanitation.
BL: `response = ""<html><body><h1>Welcome, "" + user_input + ""!</h1></body></html>""`
BUG FOUND: YES

File Content:

function serializeAndGenerateHTML(stream, transformer, idJSON, count) {
    const serializedCacheArgs = stream
      .map((entry) => transformer.serialize(entry))
      .map((entry) => JSON.stringify(entry))
      .join(',');
  
    const html = [
      `window[${idJSON}] = window[${idJSON}] || [];`,
      `window[${idJSON}].push(${serializedCacheArgs});`,
    ];
  
    return (
      <script
        key={count.current++}
        dangerouslySetInnerHTML={{
          __html: html.join(''),
        }}
      />
    );
  }

interface DataTransformer {
  serialize(object: any): any
  deserialize(object: any): any
}
type Serialized<TData> = unknown & {
  [serializedSymbol]: TData
}
interface TypedDataTransformer<TData> {
  serialize: (obj: TData) => Serialized<TData>
  deserialize: (obj: Serialized<TData>) => TData
}
interface HydrationStreamContext<TShape> {
  id: string
  stream: {
    /**
     * **Server method**
     * Push a new entry to the stream
     * Will be ignored on the client
     */
    push: (...shape: Array<TShape>) => void
  }
}
export interface HydrationStreamProviderProps<TShape> {
  children: React.ReactNode
  /**
   * Optional transformer to serialize/deserialize the data
   * Example devalue, superjson et al
   */
  transformer?: DataTransformer
  /**
   * **Client method**
   * Called in the browser when new entries are received
   */
  onEntries: (entries: Array<TShape>) => void
  /**
   * **Server method**
   * onFlush is called on the server when the cache is flushed
   */
  onFlush?: () => Array<TShape>
}
export function createHydrationStreamProvider<TShape>() {
  const context = React.createContext<HydrationStreamContext<TShape>>(
    null as any,
  )
  /**

   * 1. (Happens on server): `useServerInsertedHTML()` is called **on the server** whenever a `Suspense`-boundary completes
   *    - This means that we might have some new entries in the cache that needs to be flushed
   *    - We pass these to the client by inserting a `<script>`-tag where we do `window[id].push(serializedVersionOfCache)`
   * 2. (Happens in browser) In `useEffect()`:
   *   - We check if `window[id]` is set to an array and call `push()` on all the entries which will call `onEntries()` with the new entries
   *   - We replace `window[id]` with a `push()`-method that will be called whenever new entries are received
   **/
  function UseClientHydrationStreamProvider(props: {
    children: React.ReactNode
    /**
     * Optional transformer to serialize/deserialize the data
     * Example devalue, superjson et al
     */
    transformer?: DataTransformer
    /**
     * **Client method**
     * Called in the browser when new entries are received
     */
    onEntries: (entries: Array<TShape>) => void
    /**
     * **Server method**
     * onFlush is called on the server when the cache is flushed
     */
    onFlush?: () => Array<TShape>
  }) {
    // unique id for the cache provider
    const id = `__RQ${React.useId()}`
    const idJSON = htmlEscapeJsonString(JSON.stringify(id))
const [transformer] = React.useState(
      () =>
        (props.transformer ?? {
          // noop
          serialize: (obj: any) => obj,
          deserialize: (obj: any) => obj,
        }) as unknown as TypedDataTransformer<TShape>,
    )
// <client stuff>
    const onEntriesRef = React.useRef(props.onEntries)
    React.useEffect(() => {
      onEntriesRef.current = props.onEntries
    })

    React.useEffect(() => {
      // Client: consume cache:
      const onEntries = (...serializedEntries: Array<Serialized<TShape>>) => {
        const entries = serializedEntries.map((serialized) =>
          transformer.deserialize(serialized),
        )
        onEntriesRef.current(entries)
      }

      const win = window as any
      // Register cache consumer
      const winStream: Array<Serialized<TShape>> = win[id] ?? []

      onEntries(...winStream)

      // Register our own consumer
      win[id] = {
        push: onEntries,
      }

      return () => {
        // Cleanup after unmount
        win[id] = []
      }
    }, [id, transformer])
    // </client stuff>
    "," SE: The 'idJSON' variable, which is constructed from 'id' obtained from 'useId()' and then stringified using JSON.stringify(), is directly inserted into the HTML content without proper sanitation.
BL: `window[${idJSON}] = window[${idJSON}] || [];`,
BUG FOUND: YES

Explanation:

The 'idJSON' variable is constructed by calling 'htmlEscapeJsonString()' on the JSON-stringified 'id'. However, this function only escapes double quotes, leaving other potential cross-site scripting (XSS) attack vectors unescaped. For instance, single quotes, script tags, or even event handlers could be used in a malicious manner if an attacker can control the 'id' value.

Therefore, it is recommended to use a more robust sanitization method that can handle all possible XSS attack vectors when inserting user-supplied or untrusted data into HTML content.",mixtral-8x7b-32768
42,"Analyze the file content below and tell me if there's any line that may contain a bug of type CWE-79 (Improper Neutralization of Input During Web Page Generation: Cross-Site Scripting). Your output must adhere to the following structure.

Expected Output Structure:
SE: very Short Explanation of why the line may contain a bug of given type (e.g., The 'user_input' is directly concatenated into HTML content without sanitation).
BL: the Bugged Line, if any is found, else none (e.g., `response = ""<html><body><h1>Welcome, "" + user_input + ""!</h1></body></html>""`).
BUG FOUND: YES if a bug is found, else NO.

Example output:
SE: The 'user_input' is directly concatenated into HTML content without sanitation.
BL: `response = ""<html><body><h1>Welcome, "" + user_input + ""!</h1></body></html>""`
BUG FOUND: YES

File Content:
type Serialized<TData> = unknown & {
  [serializedSymbol]: TData
}
interface HydrationStreamContext<TShape> {
  id: string
  stream: {
    /**
     * **Server method**
     * Push a new entry to the stream
     * Will be ignored on the client
     */
    push: (...shape: Array<TShape>) => void
  }
}
export interface HydrationStreamProviderProps<TShape> {
  children: React.ReactNode
  /**
   * Optional transformer to serialize/deserialize the data
   * Example devalue, superjson et al
   */
  transformer?: DataTransformer
  /**
   * **Client method**
   * Called in the browser when new entries are received
   */
  onEntries: (entries: Array<TShape>) => void
  /**
   * **Server method**
   * onFlush is called on the server when the cache is flushed
   */
  onFlush?: () => Array<TShape>
}
// <server stuff>
    const [stream] = React.useState<Array<TShape>>(() => {
      if (typeof window !== 'undefined') {
        return {
          push() {
            // no-op on the client
          },
        } as unknown as Array<TShape>
      }
      return []
    })
    const count = React.useRef(0)
function serializeAndGenerateHTML(stream, transformer, idJSON, count) {
    const serializedCacheArgs = stream
      .map((entry) => transformer.serialize(entry))
      .map((entry) => JSON.stringify(entry))
      .join(',');
  
    const html = [
      `window[${idJSON}] = window[${idJSON}] || [];`,
      `window[${idJSON}].push(${serializedCacheArgs});`,
    ];
  
    return (
      <script
        key={count.current++}
        dangerouslySetInnerHTML={{
          __html: html.join(''),
        }}
      />
    );
  }

const serializedSymbol = Symbol('serialized')
interface TypedDataTransformer<TData> {
  serialize: (obj: TData) => Serialized<TData>
  deserialize: (obj: Serialized<TData>) => TData
}
export function createHydrationStreamProvider<TShape>() {
  const context = React.createContext<HydrationStreamContext<TShape>>(
    null as any,
  )
  /**

   * 1. (Happens on server): `useServerInsertedHTML()` is called **on the server** whenever a `Suspense`-boundary completes
   *    - This means that we might have some new entries in the cache that needs to be flushed
   *    - We pass these to the client by inserting a `<script>`-tag where we do `window[id].push(serializedVersionOfCache)`
   * 2. (Happens in browser) In `useEffect()`:
   *   - We check if `window[id]` is set to an array and call `push()` on all the entries which will call `onEntries()` with the new entries
   *   - We replace `window[id]` with a `push()`-method that will be called whenever new entries are received
   **/
  function UseClientHydrationStreamProvider(props: {
    children: React.ReactNode
    /**
     * Optional transformer to serialize/deserialize the data
     * Example devalue, superjson et al
     */
    transformer?: DataTransformer
    /**
     * **Client method**
     * Called in the browser when new entries are received
     */
    onEntries: (entries: Array<TShape>) => void
    /**
     * **Server method**
     * onFlush is called on the server when the cache is flushed
     */
    onFlush?: () => Array<TShape>
  }) {
    // unique id for the cache provider
    const id = `__RQ${React.useId()}`
    const idJSON = htmlEscapeJsonString(JSON.stringify(id))
// <client stuff>
    const onEntriesRef = React.useRef(props.onEntries)
    React.useEffect(() => {
      onEntriesRef.current = props.onEntries
    })

    React.useEffect(() => {
      // Client: consume cache:
      const onEntries = (...serializedEntries: Array<Serialized<TShape>>) => {
        const entries = serializedEntries.map((serialized) =>
          transformer.deserialize(serialized),
        )
        onEntriesRef.current(entries)
      }

      const win = window as any
      // Register cache consumer
      const winStream: Array<Serialized<TShape>> = win[id] ?? []

      onEntries(...winStream)

      // Register our own consumer
      win[id] = {
        push: onEntries,
      }

      return () => {
        // Cleanup after unmount
        win[id] = []
      }
    }, [id, transformer])
    // </client stuff>
return {
    Provider: UseClientHydrationStreamProvider,
    context,
  }
}
    "," SE: The 'idJSON' variable, which contains a JSON-stringified version of a user-defined ID, is directly inserted into the HTML content without sanitation.
BL: `html.push(`window[${idJSON}] = window[${idJSON}] || [];`)`
BUG FOUND: YES

Explanation:
Even though it's a JSON-stringified version of the user-defined ID, there's still a risk if the user-defined ID contains special characters that could be interpreted as HTML or JavaScript code. By directly inserting it into the HTML content, there's a potential risk of Cross-Site Scripting (XSS) attacks if the user-defined ID is not properly sanitized. In this case, sanitization should be applied to the 'id' variable before JSON-stringifying it.",mixtral-8x7b-32768
27,"Analyze the file content below and tell me if there's any line that may contain a bug of type CWE-89 (Improper Neutralization of Special Elements used in an SQL Command ('SQL Injection')). Your output must adhere to the following structure.

Expected Output Structure:
SE: very Short Explanation of why the line may contain a bug of given type (e.g., The 'user_input' is directly concatenated into HTML content without sanitation).
BL: the Bugged Line, if any is found, else none (e.g., `response = ""<html><body><h1>Welcome, "" + user_input + ""!</h1></body></html>""`).
BUG FOUND: YES if a bug is found, else NO.

Example output:
SE: The 'user_input' is directly concatenated into HTML content without sanitation.
BL: `response = ""<html><body><h1>Welcome, "" + user_input + ""!</h1></body></html>""`
BUG FOUND: YES

File Content:
var db *gorm.DB

type Model struct {
	ID        int             `gorm:""primary_key"" json:""id""`
	CreatedAt time.Time       `json:""created_at""`
	UpdatedAt time.Time       `json:""updated_at""`
	DeletedAt *gorm.DeletedAt `gorm:""index"" json:""deleted_at""`
}
func UseDB() *gorm.DB {
	return db
}
func Init() *gorm.DB {
	dbPath := path.Join(path.Dir(settings.ConfPath), fmt.Sprintf(""%s.db"", settings.ServerSettings.Database))

	var err error
	db, err = gorm.Open(sqlite.Open(dbPath), &gorm.Config{
		Logger:                                   logMode(),
		PrepareStmt:                              true,
		DisableForeignKeyConstraintWhenMigrating: true,
	})

	if err != nil {
		logger.Fatal(err.Error())
	}

	// Migrate the schema
	err = db.AutoMigrate(GenerateAllModel()...)
	if err != nil {
		logger.Fatal(err.Error())
	}

	return db
}
type Pagination struct {
	Total       int64 `json:""total""`
	PerPage     int   `json:""per_page""`
	CurrentPage int   `json:""current_page""`
	TotalPages  int64 `json:""total_pages""`
}
type DataList struct {
	Data       interface{} `json:""data""`
	Pagination Pagination  `json:""pagination,omitempty""`
}
func QueryToFussySearch(c *gin.Context, db *gorm.DB, keys ...string) *gorm.DB {
	for _, v := range keys {
		if c.Query(v) != """" {
			var sb strings.Builder

			_, err := fmt.Fprintf(&sb, ""`%s` LIKE ?"", v)
			if err != nil {
				logger.Error(err)
				continue
			}

			var sbValue strings.Builder

			_, err = fmt.Fprintf(&sbValue, ""%%%s%%"", c.Query(v))

			if err != nil {
				logger.Error(err)
				continue
			}

			db = db.Where(sb.String(), sbValue.String())
		}
	}
	return db
}
func applySorting(c *gin.Context, db *gorm.DB) *gorm.DB {
	sort := c.DefaultQuery(""order"", ""desc"")
	order := fmt.Sprintf(""`%s` %s"", DefaultQuery(c, ""sort_by"", ""id""), sort)
	return db.Order(order)
}
func GenerateAllModel() []any {
	return []any{
		ConfigBackup{},
		Auth{},
		AuthToken{},
		Cert{},
		ChatGPTLog{},
		Site{},
		Stream{},
		DnsCredential{},
		Environment{},
		Notification{},
	}
}
func logMode() gormlogger.Interface {
	switch settings.ServerSettings.RunMode {
	case gin.ReleaseMode:
		return gormlogger.Default.LogMode(gormlogger.Warn)
	default:
		fallthrough
	case gin.DebugMode:
		return gormlogger.Default.LogMode(gormlogger.Info)
	}
}
func QueryToEqualSearch(c *gin.Context, db *gorm.DB, keys ...string) *gorm.DB {
	for _, v := range keys {
		if c.Query(v) != """" {
			var sb strings.Builder

			_, err := fmt.Fprintf(&sb, ""`%s` = ?"", v)
			if err != nil {
				logger.Error(err)
				continue
			}

			db = db.Where(sb.String(), c.Query(v))
		}
	}
	return db
}
func QueryToFussyKeysSearch(c *gin.Context, db *gorm.DB, value string, keys ...string) *gorm.DB {
	if c.Query(value) == """" {
		return db
	}

	var condition *gorm.DB
	for i, v := range keys {
		sb := v + "" LIKE ?""
		sv := ""%"" + c.Query(value) + ""%""

		switch i {
		case 0:
			condition = db.Where(db.Where(sb, sv))
		default:
			condition = condition.Or(sb, sv)
		}
	}

	return db.Where(condition)
}
func QueryToOrInSearch(c *gin.Context, db *gorm.DB, keys ...string) *gorm.DB {
	for _, v := range keys {
		queryArray := c.QueryArray(v + ""[]"")
		if len(queryArray) == 0 {
			queryArray = c.QueryArray(v)
		}
		if len(queryArray) > 0 {
			var sb strings.Builder

			_, err := fmt.Fprintf(&sb, ""`%s` IN ?"", v)
			if err != nil {
				logger.Error(err)
				continue
			}

			db = db.Or(sb.String(), queryArray)
		}
	}
	return db
}
func QueryToOrEqualSearch(c *gin.Context, db *gorm.DB, keys ...string) *gorm.DB {
	for _, v := range keys {
		if c.Query(v) != """" {
			var sb strings.Builder

			_, err := fmt.Fprintf(&sb, ""`%s` = ?"", v)
			if err != nil {
				logger.Error(err)
				continue
			}

			db = db.Or(sb.String(), c.Query(v))
		}
	}
	return db
}
func QueryToOrFussySearch(c *gin.Context, db *gorm.DB, keys ...string) *gorm.DB {
	for _, v := range keys {
		if c.Query(v) != """" {
			var sb strings.Builder

			_, err := fmt.Fprintf(&sb, ""`%s` LIKE ?"", v)
			if err != nil {
				logger.Error(err)
				continue
			}

			var sbValue strings.Builder

			_, err = fmt.Fprintf(&sbValue, ""%%%s%%"", c.Query(v))

			if err != nil {
				logger.Error(err)
				continue
			}

			db = db.Or(sb.String(), sbValue.String())
		}
	}
	return db
}
    "," SE: The 'c.Query(v)' is directly used in the formation of SQL query without proper neutralization, which may lead to SQL Injection.
BL: `db = db.Where(sb.String(), c.Query(v))` in `QueryToEqualSearch` function and `db = db.Where(sb.String(), sbValue.String())` in `QueryToFussySearch` function.
BUG FOUND: YES.

Explanation:
The 'c.Query(v)' is used directly in the SQL query formation in the 'QueryToEqualSearch' and 'QueryToFussySearch' functions. This practice can be exploited by an attacker to perform SQL Injection as the input from 'c.Query(v)' is not properly sanitized or neutralized before using it in the SQL query. The other functions also have similar issues but they are not as vulnerable as these two because 'QueryToOrInSearch', 'QueryToOrEqualSearch', and 'QueryToOrFussySearch' functions use 'c.QueryArray(v+""[]"")' or 'c.QueryArray(v)', which are less likely to be manipulated by an attacker compared to 'c.Query(v)'. The 'QueryToFussySearch' function has an additional risk due to the usage of the LIKE operator, which makes it more susceptible to SQL Injection attacks.",mixtral-8x7b-32768
39,"Analyze the file content below and tell me if there's any line that may contain a bug of type CWE-89 (Improper Neutralization of Special Elements used in an SQL Command ('SQL Injection')). Your output must adhere to the following structure.

Expected Output Structure:
SE: very Short Explanation of why the line may contain a bug of given type (e.g., The 'user_input' is directly concatenated into HTML content without sanitation).
BL: the Bugged Line, if any is found, else none (e.g., `response = ""<html><body><h1>Welcome, "" + user_input + ""!</h1></body></html>""`).
BUG FOUND: YES if a bug is found, else NO.

Example output:
SE: The 'user_input' is directly concatenated into HTML content without sanitation.
BL: `response = ""<html><body><h1>Welcome, "" + user_input + ""!</h1></body></html>""`
BUG FOUND: YES

File Content:
<?php
/**
 * Includes the template file
 *
 * @since 1.0
 * @package facileManager
 */
function includeModuleFile($module = null, $file = '') {
	global $fm_name;
	if (!$module) $module = $fm_name;
	
	if (!file_exists(ABSPATH . 'fm-modules' . DIRECTORY_SEPARATOR . $module . DIRECTORY_SEPARATOR . 'pages' . DIRECTORY_SEPARATOR . $file)) {
		$module = (file_exists(ABSPATH . 'fm-modules' . DIRECTORY_SEPARATOR . 'shared' . DIRECTORY_SEPARATOR . 'pages' . DIRECTORY_SEPARATOR . $file)) ? 'shared' : $fm_name;
	}

	return ABSPATH . 'fm-modules' . DIRECTORY_SEPARATOR . $module . DIRECTORY_SEPARATOR . 'pages' . DIRECTORY_SEPARATOR . $file;
}
/**
 * Throws HTTP Error
 *
 * @since 1.0
 * @package facileManager
 */
function throwHTTPError($code = '404') {
	$status_codes = array('404' => 'Not Found');
	
	header( ""HTTP/1.0 $code "" . $status_codes[$code] );
	include(includeModuleFile(null, $code . '.php'));
}
/**
 * Checks if there's a database upgrade
 *
 * @since 1.0
 * @package facileManager
 */
function isUpgradeAvailable() {
	global $fmdb;
	
	/** fM Core */
	include(ABSPATH . 'fm-includes/version.php');
	
	$running_db_version = getOption('fm_db_version');
	
	/** If the record does not exist then run the installer */
	if (!$running_db_version) {
		header('Location: ' . $GLOBALS['RELPATH'] . 'fm-install.php');
		exit;
	}
	
	if ($running_db_version < $fm_db_version) return true;
	
	/** Module upgrades */
	$fmdb->get_results(""SELECT module_name,option_value FROM fm_options WHERE option_name='version'"");
	for ($x=0; $x<$fmdb->num_rows; $x++) {
		$module_name = $fmdb->last_result[$x]->module_name;
		include(ABSPATH . 'fm-modules/' . $module_name . '/variables.inc.php');
		if (version_compare($fmdb->last_result[$x]->option_value, $__FM_CONFIG[$module_name]['version'], '<')) return true;
	}
	
	return false;
}
/**
 * Removes non-permitted menu items
 *
 * @since 1.2
 * @package facileManager
 *
 * @param array $element Menu array to check.
 * @return bool
 */
function filterMenu($element) {
	return currentUserCan($element[2], $element[3]);
}
/**
 * Gets the selected object
 *
 * @since 1.0
 * @package facileManager
 */
function basicGet($table, $id, $prefix = '', $field = 'id', $sql = '', $account_id = null) {
	global $fmdb;
	$id = sanitize($id);
	
	if (!$account_id) {
		$account_id = $_SESSION['user']['account_id'];
	}
	
	switch($sql) {
		case 'active':
			$sql = ""AND `{$prefix}status`='active'"";
			break;
		default:
			break;
	}
	
	$get_query = ""SELECT * FROM `$table` WHERE `{$prefix}status`!='deleted' AND `account_id`='$account_id' AND `$field`='$id' $sql"";
	return $fmdb->get_results($get_query);
}
/**
 * Parses the output for AJAX calls
 *
 * @since 1.3
 * @package facileManager
 *
 * @param string $html HTML to set menu links in
 * @return string Parsed output
 */
function parseMenuLinks($html) {
	$string = preg_replace_callback(""/__menu{(.+?)}/"", 'getMenuURL', $html);
	return $string;
}
/**
 * Gets the count for servers requiring a config build
 *
 * @since 2.0
 * @package facileManager
 *
 * @return integer Record count
 */
function countServerUpdates() {
	global $fmdb, $__FM_CONFIG;
	
	if (currentUserCan('manage_servers', $_SESSION['module'])) {
		basicGetList('fm_' . $__FM_CONFIG[$_SESSION['module']]['prefix'] . 'servers', 'server_id', 'server_', 'AND (server_build_config!=""no"" OR server_client_version!=""' . getOption('client_version', 0, $_SESSION['module']) . '"") AND server_status=""active"" AND server_installed=""yes""', null, false, null, true);
		if (!$fmdb->sql_errors && $fmdb->num_rows) return formatNumber($fmdb->last_result[0]->count);
	}
			
	return 0;
}
function sanitize($data) {
    global $fmdb;
    
    if (is_string($data)) {
        if ($fmdb->use_mysqli) {
            return @mysqli_real_escape_string($fmdb->dbh, $data);
        } else {
            return @mysql_real_escape_string($data);
        }
    }
    return $data;
}
/**
 * Returns if the OS is debian-based or not
 *
 * @since 2.2
 * @package facileManager
 *
 * @param string $os OS to check
 * @return boolean
 */
function isDebianSystem($os) {
	return in_array(strtolower($os), array('debian', 'ubuntu', 'fubuntu', 'raspbian'));
}

    "," SE: The 'id' variable is directly concatenated into the SQL query without proper sanitization in the 'basicGet' function.
BL: `$get_query = ""SELECT * FROM `$table` WHERE `{$prefix}status`!='deleted' AND `account_id`='$account_id' AND `$field`='$id' $sql"";`
BUG FOUND: YES

Explanation:
The 'sanitize' function is used to escape special characters in the 'id' variable, but it is only applied when the 'data' variable is a string. If the 'id' variable is an integer, the sanitization will not be applied, making the code vulnerable to SQL injection. To fix this, the 'sanitize' function should be called regardless of the data type to ensure consistent sanitization.",mixtral-8x7b-32768
41,"Analyze the file content below and tell me if there's any line that may contain a bug of type CWE-79 (Improper Neutralization of Input During Web Page Generation: Cross-Site Scripting). Your output must adhere to the following structure.

Expected Output Structure:
SE: very Short Explanation of why the line may contain a bug of given type (e.g., The 'user_input' is directly concatenated into HTML content without sanitation).
BL: the Bugged Line, if any is found, else none (e.g., `response = ""<html><body><h1>Welcome, "" + user_input + ""!</h1></body></html>""`).
BUG FOUND: YES if a bug is found, else NO.

Example output:
SE: The 'user_input' is directly concatenated into HTML content without sanitation.
BL: `response = ""<html><body><h1>Welcome, "" + user_input + ""!</h1></body></html>""`
BUG FOUND: YES

File Content:
interface DataTransformer {
  serialize(object: any): any
  deserialize(object: any): any
}
type Serialized<TData> = unknown & {
  [serializedSymbol]: TData
}
interface TypedDataTransformer<TData> {
  serialize: (obj: TData) => Serialized<TData>
  deserialize: (obj: Serialized<TData>) => TData
}
// <server stuff>
    const [stream] = React.useState<Array<TShape>>(() => {
      if (typeof window !== 'undefined') {
        return {
          push() {
            // no-op on the client
          },
        } as unknown as Array<TShape>
      }
      return []
    })
    const count = React.useRef(0)
function serializeAndGenerateHTML(stream, transformer, idJSON, count) {
    const serializedCacheArgs = stream
      .map((entry) => transformer.serialize(entry))
      .map((entry) => JSON.stringify(entry))
      .join(',');
  
    const html = [
      `window[${idJSON}] = window[${idJSON}] || [];`,
      `window[${idJSON}].push(${serializedCacheArgs});`,
    ];
  
    return (
      <script
        key={count.current++}
        dangerouslySetInnerHTML={{
          __html: html.join(''),
        }}
      />
    );
  }

interface HydrationStreamContext<TShape> {
  id: string
  stream: {
    /**
     * **Server method**
     * Push a new entry to the stream
     * Will be ignored on the client
     */
    push: (...shape: Array<TShape>) => void
  }
}
export function createHydrationStreamProvider<TShape>() {
  const context = React.createContext<HydrationStreamContext<TShape>>(
    null as any,
  )
  /**

   * 1. (Happens on server): `useServerInsertedHTML()` is called **on the server** whenever a `Suspense`-boundary completes
   *    - This means that we might have some new entries in the cache that needs to be flushed
   *    - We pass these to the client by inserting a `<script>`-tag where we do `window[id].push(serializedVersionOfCache)`
   * 2. (Happens in browser) In `useEffect()`:
   *   - We check if `window[id]` is set to an array and call `push()` on all the entries which will call `onEntries()` with the new entries
   *   - We replace `window[id]` with a `push()`-method that will be called whenever new entries are received
   **/
  function UseClientHydrationStreamProvider(props: {
    children: React.ReactNode
    /**
     * Optional transformer to serialize/deserialize the data
     * Example devalue, superjson et al
     */
    transformer?: DataTransformer
    /**
     * **Client method**
     * Called in the browser when new entries are received
     */
    onEntries: (entries: Array<TShape>) => void
    /**
     * **Server method**
     * onFlush is called on the server when the cache is flushed
     */
    onFlush?: () => Array<TShape>
  }) {
    // unique id for the cache provider
    const id = `__RQ${React.useId()}`
    const idJSON = htmlEscapeJsonString(JSON.stringify(id))
// <client stuff>
    const onEntriesRef = React.useRef(props.onEntries)
    React.useEffect(() => {
      onEntriesRef.current = props.onEntries
    })

    React.useEffect(() => {
      // Client: consume cache:
      const onEntries = (...serializedEntries: Array<Serialized<TShape>>) => {
        const entries = serializedEntries.map((serialized) =>
          transformer.deserialize(serialized),
        )
        onEntriesRef.current(entries)
      }

      const win = window as any
      // Register cache consumer
      const winStream: Array<Serialized<TShape>> = win[id] ?? []

      onEntries(...winStream)

      // Register our own consumer
      win[id] = {
        push: onEntries,
      }

      return () => {
        // Cleanup after unmount
        win[id] = []
      }
    }, [id, transformer])
    // </client stuff>
return (
      <context.Provider value={{ stream, id }}>
        {props.children}
      </context.Provider>
    )
  }
return {
    Provider: UseClientHydrationStreamProvider,
    context,
  }
}
function useServerInsertedHTML(props, stream, transformer, idJSON, count) {
  // This only happens on the server
  stream.push(...(props.onFlush?.() ?? []));

  if (!stream.length) {
    return null;
  }

  // Call the function to serialize and generate HTML
  return serializeAndGenerateHTML(stream, transformer, idJSON, count);
}
    "," SE: The 'idJSON' variable, which is constructed by calling htmlEscapeJsonString(JSON.stringify(id)), is directly concatenated into the HTML content without sanitation. If the 'id' variable is derived from user input, this could potentially lead to Cross-Site Scripting (XSS) vulnerabilities.
BL: `<script key={count.current++} dangerouslySetInnerHTML={{ __html: html.join(''), }} />`
BUG FOUND: YES

However, based on the provided code, the 'id' variable is not directly derived from user input but generated using React's useId() hook. Therefore, the risk of XSS vulnerabilities is significantly reduced, but not entirely eliminated if the 'id' variable can be manipulated or influenced by an attacker in some way. It's still a good practice to sanitize any user-supplied data before using it in an HTML context.",mixtral-8x7b-32768
36,"Analyze the file content below and tell me if there's any line that may contain a bug of type CWE-89 (Improper Neutralization of Special Elements used in an SQL Command ('SQL Injection')). Your output must adhere to the following structure.

Expected Output Structure:
SE: very Short Explanation of why the line may contain a bug of given type (e.g., The 'user_input' is directly concatenated into HTML content without sanitation).
BL: the Bugged Line, if any is found, else none (e.g., `response = ""<html><body><h1>Welcome, "" + user_input + ""!</h1></body></html>""`).
BUG FOUND: YES if a bug is found, else NO.

Example output:
SE: The 'user_input' is directly concatenated into HTML content without sanitation.
BL: `response = ""<html><body><h1>Welcome, "" + user_input + ""!</h1></body></html>""`
BUG FOUND: YES

File Content:
<?php
/**
 * Dummy function in case gettext is not installed
 *
 * @since 2.0
 * @package facileManager
 *
 * @param string $single_text Singular text to translate
 * @param string $plural_text Plural text to translate
 * @param integer $number Number to determine if its singular or plural
 * @return string $text
 */
if (!function_exists('ngettext')) {
	function ngettext($single_text, $plural_text, $number) {
		return $number == 1 ? $single_text : $plural_text;
	}
}
/**
 * Dummy function in case gettext is not installed
 *
 * @since 2.0
 * @package facileManager
 *
 * @param string $single_text Singular text to translate
 * @param string $plural_text Plural text to translate
 * @param integer $number Number to determine if its singular or plural
 * @return string $text
 */
if (!function_exists('dngettext')) {
	function dngettext($module, $single_text, $plural_text, $number) {
		return ngettext($single_text, $plural_text, $number);
	}
}

include(ABSPATH . 'fm-modules' . DIRECTORY_SEPARATOR . 'facileManager' . DIRECTORY_SEPARATOR . 'variables.inc.php');

/** Include shared classes */
$shared_classes_dir = ABSPATH . 'fm-modules' . DIRECTORY_SEPARATOR . 'shared' . DIRECTORY_SEPARATOR . 'classes';
foreach (scandir($shared_classes_dir) as $file) {
	if (is_file($shared_classes_dir . DIRECTORY_SEPARATOR . $file) && $file[0] != '.') {
		include_once($shared_classes_dir . DIRECTORY_SEPARATOR . $file);
	}
}
/**
 * Gets the count for servers requiring a config build
 *
 * @since 2.0
 * @package facileManager
 *
 * @return integer Record count
 */
function countServerUpdates() {
	global $fmdb, $__FM_CONFIG;
	
	if (currentUserCan('manage_servers', $_SESSION['module'])) {
		basicGetList('fm_' . $__FM_CONFIG[$_SESSION['module']]['prefix'] . 'servers', 'server_id', 'server_', 'AND (server_build_config!=""no"" OR server_client_version!=""' . getOption('client_version', 0, $_SESSION['module']) . '"") AND server_status=""active"" AND server_installed=""yes""', null, false, null, true);
		if (!$fmdb->sql_errors && $fmdb->num_rows) return formatNumber($fmdb->last_result[0]->count);
	}
			
	return 0;
}
function sanitize($data) {
    global $fmdb;
    
    if (is_string($data)) {
        if ($fmdb->use_mysqli) {
            return @mysqli_real_escape_string($fmdb->dbh, $data);
        } else {
            return @mysql_real_escape_string($data);
        }
    }
    return $data;
}
/**
 * Includes the template file
 *
 * @since 1.0
 * @package facileManager
 */
function includeModuleFile($module = null, $file = '') {
	global $fm_name;
	if (!$module) $module = $fm_name;
	
	if (!file_exists(ABSPATH . 'fm-modules' . DIRECTORY_SEPARATOR . $module . DIRECTORY_SEPARATOR . 'pages' . DIRECTORY_SEPARATOR . $file)) {
		$module = (file_exists(ABSPATH . 'fm-modules' . DIRECTORY_SEPARATOR . 'shared' . DIRECTORY_SEPARATOR . 'pages' . DIRECTORY_SEPARATOR . $file)) ? 'shared' : $fm_name;
	}

	return ABSPATH . 'fm-modules' . DIRECTORY_SEPARATOR . $module . DIRECTORY_SEPARATOR . 'pages' . DIRECTORY_SEPARATOR . $file;
}
/**
 * Throws HTTP Error
 *
 * @since 1.0
 * @package facileManager
 */
function throwHTTPError($code = '404') {
	$status_codes = array('404' => 'Not Found');
	
	header( ""HTTP/1.0 $code "" . $status_codes[$code] );
	include(includeModuleFile(null, $code . '.php'));
}
/**
 * Checks if there's a database upgrade
 *
 * @since 1.0
 * @package facileManager
 */
function isUpgradeAvailable() {
	global $fmdb;
	
	/** fM Core */
	include(ABSPATH . 'fm-includes/version.php');
	
	$running_db_version = getOption('fm_db_version');
	
	/** If the record does not exist then run the installer */
	if (!$running_db_version) {
		header('Location: ' . $GLOBALS['RELPATH'] . 'fm-install.php');
		exit;
	}
	
	if ($running_db_version < $fm_db_version) return true;
	
	/** Module upgrades */
	$fmdb->get_results(""SELECT module_name,option_value FROM fm_options WHERE option_name='version'"");
	for ($x=0; $x<$fmdb->num_rows; $x++) {
		$module_name = $fmdb->last_result[$x]->module_name;
		include(ABSPATH . 'fm-modules/' . $module_name . '/variables.inc.php');
		if (version_compare($fmdb->last_result[$x]->option_value, $__FM_CONFIG[$module_name]['version'], '<')) return true;
	}
	
	return false;
}

    "," SE: The '$_SESSION['module']' is directly used in the SQL query which may lead to SQL Injection if '$_SESSION['module']' is manipulated by an attacker.
BL: `basicGetList('fm_' . $__FM_CONFIG[$_SESSION['module']]['prefix'] . 'servers', 'server_id', 'server_', 'AND (server_build_config!=""no"" OR server_client_version!=""' . getOption('client_version', 0, $_SESSION['module']) . '"") AND server_status=""active"" AND server_installed=""yes""', null, false, null, true);`
BUG FOUND: YES

SE: The 'getOption' function uses the '$_SESSION['module']' directly in the SQL query which may lead to SQL Injection if '$_SESSION['module']' is manipulated by an attacker.
BL: `getOption('client_version', 0, $_SESSION['module'])`
BUG FOUND: YES

Note: Both of the issues are due to the direct usage of '$_SESSION['module']' in SQL queries without any sanitization, which can be exploited through SQL Injection attacks.",mixtral-8x7b-32768
30,"Analyze the file content below and tell me if there's any line that may contain a bug of type CWE-89 (Improper Neutralization of Special Elements used in an SQL Command ('SQL Injection')). Your output must adhere to the following structure.

Expected Output Structure:
SE: very Short Explanation of why the line may contain a bug of given type (e.g., The 'user_input' is directly concatenated into HTML content without sanitation).
BL: the Bugged Line, if any is found, else none (e.g., `response = ""<html><body><h1>Welcome, "" + user_input + ""!</h1></body></html>""`).
BUG FOUND: YES if a bug is found, else NO.

Example output:
SE: The 'user_input' is directly concatenated into HTML content without sanitation.
BL: `response = ""<html><body><h1>Welcome, "" + user_input + ""!</h1></body></html>""`
BUG FOUND: YES

File Content:
package model

import (
	""fmt""
	""github.com/0xJacky/Nginx-UI/internal/logger""
	""github.com/0xJacky/Nginx-UI/settings""
	""github.com/gin-gonic/gin""
	""github.com/spf13/cast""
	""gorm.io/driver/sqlite""
	""gorm.io/gen""
	""gorm.io/gorm""
	gormlogger ""gorm.io/gorm/logger""
	""path""
	""strings""
	""time""
)
var db *gorm.DB

type Model struct {
	ID        int             `gorm:""primary_key"" json:""id""`
	CreatedAt time.Time       `json:""created_at""`
	UpdatedAt time.Time       `json:""updated_at""`
	DeletedAt *gorm.DeletedAt `gorm:""index"" json:""deleted_at""`
}
func logMode() gormlogger.Interface {
	switch settings.ServerSettings.RunMode {
	case gin.ReleaseMode:
		return gormlogger.Default.LogMode(gormlogger.Warn)
	default:
		fallthrough
	case gin.DebugMode:
		return gormlogger.Default.LogMode(gormlogger.Info)
	}
}
func Init() *gorm.DB {
	dbPath := path.Join(path.Dir(settings.ConfPath), fmt.Sprintf(""%s.db"", settings.ServerSettings.Database))

	var err error
	db, err = gorm.Open(sqlite.Open(dbPath), &gorm.Config{
		Logger:                                   logMode(),
		PrepareStmt:                              true,
		DisableForeignKeyConstraintWhenMigrating: true,
	})

	if err != nil {
		logger.Fatal(err.Error())
	}

	// Migrate the schema
	err = db.AutoMigrate(GenerateAllModel()...)
	if err != nil {
		logger.Fatal(err.Error())
	}

	return db
}
type Pagination struct {
	Total       int64 `json:""total""`
	PerPage     int   `json:""per_page""`
	CurrentPage int   `json:""current_page""`
	TotalPages  int64 `json:""total_pages""`
}
type DataList struct {
	Data       interface{} `json:""data""`
	Pagination Pagination  `json:""pagination,omitempty""`
}
func QueryToInSearch(c *gin.Context, db *gorm.DB, keys ...string) *gorm.DB {
	for _, v := range keys {
		queryArray := c.QueryArray(v + ""[]"")
		if len(queryArray) == 0 {
			queryArray = c.QueryArray(v)
		}
		if len(queryArray) > 0 {
			var sb strings.Builder

			_, err := fmt.Fprintf(&sb, ""`%s` IN ?"", v)
			if err != nil {
				logger.Error(err)
				continue
			}

			db = db.Where(sb.String(), queryArray)
		}
	}
	return db
}
func QueryToEqualSearch(c *gin.Context, db *gorm.DB, keys ...string) *gorm.DB {
	for _, v := range keys {
		if c.Query(v) != """" {
			var sb strings.Builder

			_, err := fmt.Fprintf(&sb, ""`%s` = ?"", v)
			if err != nil {
				logger.Error(err)
				continue
			}

			db = db.Where(sb.String(), c.Query(v))
		}
	}
	return db
}
func QueryToFussyKeysSearch(c *gin.Context, db *gorm.DB, value string, keys ...string) *gorm.DB {
	if c.Query(value) == """" {
		return db
	}

	var condition *gorm.DB
	for i, v := range keys {
		sb := v + "" LIKE ?""
		sv := ""%"" + c.Query(value) + ""%""

		switch i {
		case 0:
			condition = db.Where(db.Where(sb, sv))
		default:
			condition = condition.Or(sb, sv)
		}
	}

	return db.Where(condition)
}
func QueryToOrEqualSearch(c *gin.Context, db *gorm.DB, keys ...string) *gorm.DB {
	for _, v := range keys {
		if c.Query(v) != """" {
			var sb strings.Builder

			_, err := fmt.Fprintf(&sb, ""`%s` = ?"", v)
			if err != nil {
				logger.Error(err)
				continue
			}

			db = db.Or(sb.String(), c.Query(v))
		}
	}
	return db
}
func applySorting(c *gin.Context, db *gorm.DB) *gorm.DB {
	sort := c.DefaultQuery(""order"", ""desc"")
	order := fmt.Sprintf(""`%s` %s"", DefaultQuery(c, ""sort_by"", ""id""), sort)
	return db.Order(order)
}
func QueryToOrFussySearch(c *gin.Context, db *gorm.DB, keys ...string) *gorm.DB {
	for _, v := range keys {
		if c.Query(v) != """" {
			var sb strings.Builder

			_, err := fmt.Fprintf(&sb, ""`%s` LIKE ?"", v)
			if err != nil {
				logger.Error(err)
				continue
			}

			var sbValue strings.Builder

			_, err = fmt.Fprintf(&sbValue, ""%%%s%%"", c.Query(v))

			if err != nil {
				logger.Error(err)
				continue
			}

			db = db.Or(sb.String(), sbValue.String())
		}
	}
	return db
}
func TotalPage(total int64, pageSize int) int64 {
	n := total / int64(pageSize)
	if total%int64(pageSize) > 0 {
		n++
	}
	return n
}
func DefaultValue(c *gin.Context, key string, defaultValue any) any {
	if value, ok := c.Get(key); ok {
		return value
	}
	return defaultValue
}
func DefaultQuery(c *gin.Context, key string, defaultValue any) string {
	return c.DefaultQuery(key, DefaultValue(c, key, defaultValue).(string))
}
    "," SE: The 'c.Query(v)' is directly used in the WHERE clause of the SQL query, which may lead to SQL Injection if the 'v' is user-controlled and not properly sanitized.
BL: `db = db.Where(sb.String(), c.Query(v))` in `QueryToEqualSearch` function.
BUG FOUND: YES.

SE: Similar to the previous finding, 'c.Query(v)' is used in the WHERE clause without proper sanitization.
BL: `db = db.Where(sb.String(), ""%""+c.Query(v)+""%"")` in `QueryToFussyKeysSearch` function.
BUG FOUND: YES.

SE: The 'c.Query(v)' is used in the OR statement of the WHERE clause without proper sanitization.
BL: `db = db.Or(sb.String(), c.Query(v))` in `QueryToOrEqualSearch` function.
BUG FOUND: YES.

SE: The 'c.Query(v)' is used in the OR statement of the WHERE clause without proper sanitization.
BL: `db = db.Or(sb.String(), sbValue.String())` in `QueryToOrFussySearch` function.
BUG FOUND: YES.",mixtral-8x7b-32768
28,"Analyze the file content below and tell me if there's any line that may contain a bug of type CWE-89 (Improper Neutralization of Special Elements used in an SQL Command ('SQL Injection')). Your output must adhere to the following structure.

Expected Output Structure:
SE: very Short Explanation of why the line may contain a bug of given type (e.g., The 'user_input' is directly concatenated into HTML content without sanitation).
BL: the Bugged Line, if any is found, else none (e.g., `response = ""<html><body><h1>Welcome, "" + user_input + ""!</h1></body></html>""`).
BUG FOUND: YES if a bug is found, else NO.

Example output:
SE: The 'user_input' is directly concatenated into HTML content without sanitation.
BL: `response = ""<html><body><h1>Welcome, "" + user_input + ""!</h1></body></html>""`
BUG FOUND: YES

File Content:
package model

import (
	""fmt""
	""github.com/0xJacky/Nginx-UI/internal/logger""
	""github.com/0xJacky/Nginx-UI/settings""
	""github.com/gin-gonic/gin""
	""github.com/spf13/cast""
	""gorm.io/driver/sqlite""
	""gorm.io/gen""
	""gorm.io/gorm""
	gormlogger ""gorm.io/gorm/logger""
	""path""
	""strings""
	""time""
)
var db *gorm.DB

type Model struct {
	ID        int             `gorm:""primary_key"" json:""id""`
	CreatedAt time.Time       `json:""created_at""`
	UpdatedAt time.Time       `json:""updated_at""`
	DeletedAt *gorm.DeletedAt `gorm:""index"" json:""deleted_at""`
}
func UseDB() *gorm.DB {
	return db
}
type Pagination struct {
	Total       int64 `json:""total""`
	PerPage     int   `json:""per_page""`
	CurrentPage int   `json:""current_page""`
	TotalPages  int64 `json:""total_pages""`
}
type DataList struct {
	Data       interface{} `json:""data""`
	Pagination Pagination  `json:""pagination,omitempty""`
}
func QueryToInSearch(c *gin.Context, db *gorm.DB, keys ...string) *gorm.DB {
	for _, v := range keys {
		queryArray := c.QueryArray(v + ""[]"")
		if len(queryArray) == 0 {
			queryArray = c.QueryArray(v)
		}
		if len(queryArray) > 0 {
			var sb strings.Builder

			_, err := fmt.Fprintf(&sb, ""`%s` IN ?"", v)
			if err != nil {
				logger.Error(err)
				continue
			}

			db = db.Where(sb.String(), queryArray)
		}
	}
	return db
}
func QueryToEqualSearch(c *gin.Context, db *gorm.DB, keys ...string) *gorm.DB {
	for _, v := range keys {
		if c.Query(v) != """" {
			var sb strings.Builder

			_, err := fmt.Fprintf(&sb, ""`%s` = ?"", v)
			if err != nil {
				logger.Error(err)
				continue
			}

			db = db.Where(sb.String(), c.Query(v))
		}
	}
	return db
}
func QueryToFussySearch(c *gin.Context, db *gorm.DB, keys ...string) *gorm.DB {
	for _, v := range keys {
		if c.Query(v) != """" {
			var sb strings.Builder

			_, err := fmt.Fprintf(&sb, ""`%s` LIKE ?"", v)
			if err != nil {
				logger.Error(err)
				continue
			}

			var sbValue strings.Builder

			_, err = fmt.Fprintf(&sbValue, ""%%%s%%"", c.Query(v))

			if err != nil {
				logger.Error(err)
				continue
			}

			db = db.Where(sb.String(), sbValue.String())
		}
	}
	return db
}
func applySorting(c *gin.Context, db *gorm.DB) *gorm.DB {
	sort := c.DefaultQuery(""order"", ""desc"")
	order := fmt.Sprintf(""`%s` %s"", DefaultQuery(c, ""sort_by"", ""id""), sort)
	return db.Order(order)
}
func Init() *gorm.DB {
	dbPath := path.Join(path.Dir(settings.ConfPath), fmt.Sprintf(""%s.db"", settings.ServerSettings.Database))

	var err error
	db, err = gorm.Open(sqlite.Open(dbPath), &gorm.Config{
		Logger:                                   logMode(),
		PrepareStmt:                              true,
		DisableForeignKeyConstraintWhenMigrating: true,
	})

	if err != nil {
		logger.Fatal(err.Error())
	}

	// Migrate the schema
	err = db.AutoMigrate(GenerateAllModel()...)
	if err != nil {
		logger.Fatal(err.Error())
	}

	return db
}
func QueryToFussyKeysSearch(c *gin.Context, db *gorm.DB, value string, keys ...string) *gorm.DB {
	if c.Query(value) == """" {
		return db
	}

	var condition *gorm.DB
	for i, v := range keys {
		sb := v + "" LIKE ?""
		sv := ""%"" + c.Query(value) + ""%""

		switch i {
		case 0:
			condition = db.Where(db.Where(sb, sv))
		default:
			condition = condition.Or(sb, sv)
		}
	}

	return db.Where(condition)
}
func QueryToOrFussySearch(c *gin.Context, db *gorm.DB, keys ...string) *gorm.DB {
	for _, v := range keys {
		if c.Query(v) != """" {
			var sb strings.Builder

			_, err := fmt.Fprintf(&sb, ""`%s` LIKE ?"", v)
			if err != nil {
				logger.Error(err)
				continue
			}

			var sbValue strings.Builder

			_, err = fmt.Fprintf(&sbValue, ""%%%s%%"", c.Query(v))

			if err != nil {
				logger.Error(err)
				continue
			}

			db = db.Or(sb.String(), sbValue.String())
		}
	}
	return db
}
func TotalPage(total int64, pageSize int) int64 {
	n := total / int64(pageSize)
	if total%int64(pageSize) > 0 {
		n++
	}
	return n
}
func DefaultValue(c *gin.Context, key string, defaultValue any) any {
	if value, ok := c.Get(key); ok {
		return value
	}
	return defaultValue
}
type Method interface {
	// FirstByID Where(""id=@id"")
	FirstByID(id int) (*gen.T, error)
	// DeleteByID update @@table set deleted_at=strftime('%Y-%m-%d %H:%M:%S','now') where id=@id
	DeleteByID(id int) error
}
    "," SE: The 'c.Query(v)' is directly used in the 'Where' method of the db object which can lead to SQL injection if the query parameter is not properly sanitized.
BL: `db = db.Where(sb.String(), c.Query(v))` in `QueryToEqualSearch` function.
BUG FOUND: YES

Explanation:
The `c.Query(v)` function is used to retrieve query parameters from the request. If the parameter value is not properly sanitized, it can lead to SQL injection attacks. In the provided code, the `c.Query(v)` value is directly used in the 'Where' method of the db object without any sanitization, which can be a security risk.

To mitigate this risk, you should always sanitize user inputs before using them in SQL queries. One way to do this is by using a library or function that escapes special characters in the input string. For example, in Go, you can use the `sql.Named` function to bind values to a query safely.

In the provided code, you can modify the `QueryToEqualSearch` function to use `sql.Named` to bind the `c.Query(v)` value to the query safely. Here's an example of how you can modify the function:
```go
func QueryToEqualSearch(c *gin.Context, db *gorm.DB, keys ...string) *gorm.DB {
	for _, v := range keys {
		if q := c.Query(v); q != """" {
			var sb strings.Builder

			_, err := fmt.Fprintf(&sb, ""`%s` = ?"", v)
		",mixtral-8x7b-32768
45,"Analyze the file content below and tell me if there's any line that may contain a bug of type CWE-79 (Improper Neutralization of Input During Web Page Generation: Cross-Site Scripting). Your output must adhere to the following structure.

Expected Output Structure:
SE: very Short Explanation of why the line may contain a bug of given type (e.g., The 'user_input' is directly concatenated into HTML content without sanitation).
BL: the Bugged Line, if any is found, else none (e.g., `response = ""<html><body><h1>Welcome, "" + user_input + ""!</h1></body></html>""`).
BUG FOUND: YES if a bug is found, else NO.

Example output:
SE: The 'user_input' is directly concatenated into HTML content without sanitation.
BL: `response = ""<html><body><h1>Welcome, "" + user_input + ""!</h1></body></html>""`
BUG FOUND: YES

File Content:
type Serialized<TData> = unknown & {
  [serializedSymbol]: TData
}
interface HydrationStreamContext<TShape> {
  id: string
  stream: {
    /**
     * **Server method**
     * Push a new entry to the stream
     * Will be ignored on the client
     */
    push: (...shape: Array<TShape>) => void
  }
}
export function createHydrationStreamProvider<TShape>() {
  const context = React.createContext<HydrationStreamContext<TShape>>(
    null as any,
  )
  /**

   * 1. (Happens on server): `useServerInsertedHTML()` is called **on the server** whenever a `Suspense`-boundary completes
   *    - This means that we might have some new entries in the cache that needs to be flushed
   *    - We pass these to the client by inserting a `<script>`-tag where we do `window[id].push(serializedVersionOfCache)`
   * 2. (Happens in browser) In `useEffect()`:
   *   - We check if `window[id]` is set to an array and call `push()` on all the entries which will call `onEntries()` with the new entries
   *   - We replace `window[id]` with a `push()`-method that will be called whenever new entries are received
   **/
  function UseClientHydrationStreamProvider(props: {
    children: React.ReactNode
    /**
     * Optional transformer to serialize/deserialize the data
     * Example devalue, superjson et al
     */
    transformer?: DataTransformer
    /**
     * **Client method**
     * Called in the browser when new entries are received
     */
    onEntries: (entries: Array<TShape>) => void
    /**
     * **Server method**
     * onFlush is called on the server when the cache is flushed
     */
    onFlush?: () => Array<TShape>
  }) {
    // unique id for the cache provider
    const id = `__RQ${React.useId()}`
    const idJSON = htmlEscapeJsonString(JSON.stringify(id))
// <server stuff>
    const [stream] = React.useState<Array<TShape>>(() => {
      if (typeof window !== 'undefined') {
        return {
          push() {
            // no-op on the client
          },
        } as unknown as Array<TShape>
      }
      return []
    })
    const count = React.useRef(0)
return (
      <context.Provider value={{ stream, id }}>
        {props.children}
      </context.Provider>
    )
  }
return {
    Provider: UseClientHydrationStreamProvider,
    context,
  }
}
function useServerInsertedHTML(props, stream, transformer, idJSON, count) {
  // This only happens on the server
  stream.push(...(props.onFlush?.() ?? []));

  if (!stream.length) {
    return null;
  }

  // Call the function to serialize and generate HTML
  return serializeAndGenerateHTML(stream, transformer, idJSON, count);
}
function serializeAndGenerateHTML(stream, transformer, idJSON, count) {
    const serializedCacheArgs = stream
      .map((entry) => transformer.serialize(entry))
      .map((entry) => JSON.stringify(entry))
      .join(',');
  
    const html = [
      `window[${idJSON}] = window[${idJSON}] || [];`,
      `window[${idJSON}].push(${serializedCacheArgs});`,
    ];
  
    return (
      <script
        key={count.current++}
        dangerouslySetInnerHTML={{
          __html: html.join(''),
        }}
      />
    );
  }

interface DataTransformer {
  serialize(object: any): any
  deserialize(object: any): any
}
interface TypedDataTransformer<TData> {
  serialize: (obj: TData) => Serialized<TData>
  deserialize: (obj: Serialized<TData>) => TData
}
// <client stuff>
    const onEntriesRef = React.useRef(props.onEntries)
    React.useEffect(() => {
      onEntriesRef.current = props.onEntries
    })

    React.useEffect(() => {
      // Client: consume cache:
      const onEntries = (...serializedEntries: Array<Serialized<TShape>>) => {
        const entries = serializedEntries.map((serialized) =>
          transformer.deserialize(serialized),
        )
        onEntriesRef.current(entries)
      }

      const win = window as any
      // Register cache consumer
      const winStream: Array<Serialized<TShape>> = win[id] ?? []

      onEntries(...winStream)

      // Register our own consumer
      win[id] = {
        push: onEntries,
      }

      return () => {
        // Cleanup after unmount
        win[id] = []
      }
    }, [id, transformer])
    // </client stuff>
    "," SE: The 'idJSON' variable, which contains a user-provided string, is directly inserted into the HTML content using dangerouslySetInnerHTML.
BL: `<script 
    key={count.current++}
    dangerouslySetInnerHTML={{
      __html: html.join(''),
    }}
  />`
BUG FOUND: YES
",mixtral-8x7b-32768
43,"Analyze the file content below and tell me if there's any line that may contain a bug of type CWE-79 (Improper Neutralization of Input During Web Page Generation: Cross-Site Scripting). Your output must adhere to the following structure.

Expected Output Structure:
SE: very Short Explanation of why the line may contain a bug of given type (e.g., The 'user_input' is directly concatenated into HTML content without sanitation).
BL: the Bugged Line, if any is found, else none (e.g., `response = ""<html><body><h1>Welcome, "" + user_input + ""!</h1></body></html>""`).
BUG FOUND: YES if a bug is found, else NO.

Example output:
SE: The 'user_input' is directly concatenated into HTML content without sanitation.
BL: `response = ""<html><body><h1>Welcome, "" + user_input + ""!</h1></body></html>""`
BUG FOUND: YES

File Content:
const serializedSymbol = Symbol('serialized')
interface TypedDataTransformer<TData> {
  serialize: (obj: TData) => Serialized<TData>
  deserialize: (obj: Serialized<TData>) => TData
}
interface HydrationStreamContext<TShape> {
  id: string
  stream: {
    /**
     * **Server method**
     * Push a new entry to the stream
     * Will be ignored on the client
     */
    push: (...shape: Array<TShape>) => void
  }
}
export interface HydrationStreamProviderProps<TShape> {
  children: React.ReactNode
  /**
   * Optional transformer to serialize/deserialize the data
   * Example devalue, superjson et al
   */
  transformer?: DataTransformer
  /**
   * **Client method**
   * Called in the browser when new entries are received
   */
  onEntries: (entries: Array<TShape>) => void
  /**
   * **Server method**
   * onFlush is called on the server when the cache is flushed
   */
  onFlush?: () => Array<TShape>
}
const [transformer] = React.useState(
      () =>
        (props.transformer ?? {
          // noop
          serialize: (obj: any) => obj,
          deserialize: (obj: any) => obj,
        }) as unknown as TypedDataTransformer<TShape>,
    )
return (
      <context.Provider value={{ stream, id }}>
        {props.children}
      </context.Provider>
    )
  }
function useServerInsertedHTML(props, stream, transformer, idJSON, count) {
  // This only happens on the server
  stream.push(...(props.onFlush?.() ?? []));

  if (!stream.length) {
    return null;
  }

  // Call the function to serialize and generate HTML
  return serializeAndGenerateHTML(stream, transformer, idJSON, count);
}
function serializeAndGenerateHTML(stream, transformer, idJSON, count) {
    const serializedCacheArgs = stream
      .map((entry) => transformer.serialize(entry))
      .map((entry) => JSON.stringify(entry))
      .join(',');
  
    const html = [
      `window[${idJSON}] = window[${idJSON}] || [];`,
      `window[${idJSON}].push(${serializedCacheArgs});`,
    ];
  
    return (
      <script
        key={count.current++}
        dangerouslySetInnerHTML={{
          __html: html.join(''),
        }}
      />
    );
  }

interface DataTransformer {
  serialize(object: any): any
  deserialize(object: any): any
}
type Serialized<TData> = unknown & {
  [serializedSymbol]: TData
}
export function createHydrationStreamProvider<TShape>() {
  const context = React.createContext<HydrationStreamContext<TShape>>(
    null as any,
  )
  /**

   * 1. (Happens on server): `useServerInsertedHTML()` is called **on the server** whenever a `Suspense`-boundary completes
   *    - This means that we might have some new entries in the cache that needs to be flushed
   *    - We pass these to the client by inserting a `<script>`-tag where we do `window[id].push(serializedVersionOfCache)`
   * 2. (Happens in browser) In `useEffect()`:
   *   - We check if `window[id]` is set to an array and call `push()` on all the entries which will call `onEntries()` with the new entries
   *   - We replace `window[id]` with a `push()`-method that will be called whenever new entries are received
   **/
  function UseClientHydrationStreamProvider(props: {
    children: React.ReactNode
    /**
     * Optional transformer to serialize/deserialize the data
     * Example devalue, superjson et al
     */
    transformer?: DataTransformer
    /**
     * **Client method**
     * Called in the browser when new entries are received
     */
    onEntries: (entries: Array<TShape>) => void
    /**
     * **Server method**
     * onFlush is called on the server when the cache is flushed
     */
    onFlush?: () => Array<TShape>
  }) {
    // unique id for the cache provider
    const id = `__RQ${React.useId()}`
    const idJSON = htmlEscapeJsonString(JSON.stringify(id))
// <server stuff>
    const [stream] = React.useState<Array<TShape>>(() => {
      if (typeof window !== 'undefined') {
        return {
          push() {
            // no-op on the client
          },
        } as unknown as Array<TShape>
      }
      return []
    })
    const count = React.useRef(0)
return {
    Provider: UseClientHydrationStreamProvider,
    context,
  }
}
    "," SE: The 'idJSON' variable, which contains a JSON-escaped string of user-provided content, is directly inserted into a script tag through 'dangerouslySetInnerHTML'.
BL: `<script key={count.current++} dangerouslySetInnerHTML={{ __html: html.join(''), }} />`
BUG FOUND: YES

Explanation:
The 'dangerouslySetInnerHTML' attribute is used to directly set HTML content from a string, bypassing React's usual sanitation process. In this case, the 'idJSON' variable, which can contain user-provided content, is directly inserted into the script tag. If the user-provided content is not properly sanitized, it can lead to Cross-Site Scripting (XSS) vulnerabilities. To mitigate this, it is recommended to sanitize 'idJSON' before inserting it into the script tag or use a safer alternative to 'dangerouslySetInnerHTML'.",mixtral-8x7b-32768
44,"Analyze the file content below and tell me if there's any line that may contain a bug of type CWE-79 (Improper Neutralization of Input During Web Page Generation: Cross-Site Scripting). Your output must adhere to the following structure.

Expected Output Structure:
SE: very Short Explanation of why the line may contain a bug of given type (e.g., The 'user_input' is directly concatenated into HTML content without sanitation).
BL: the Bugged Line, if any is found, else none (e.g., `response = ""<html><body><h1>Welcome, "" + user_input + ""!</h1></body></html>""`).
BUG FOUND: YES if a bug is found, else NO.

Example output:
SE: The 'user_input' is directly concatenated into HTML content without sanitation.
BL: `response = ""<html><body><h1>Welcome, "" + user_input + ""!</h1></body></html>""`
BUG FOUND: YES

File Content:
type Serialized<TData> = unknown & {
  [serializedSymbol]: TData
}
interface TypedDataTransformer<TData> {
  serialize: (obj: TData) => Serialized<TData>
  deserialize: (obj: Serialized<TData>) => TData
}
interface HydrationStreamContext<TShape> {
  id: string
  stream: {
    /**
     * **Server method**
     * Push a new entry to the stream
     * Will be ignored on the client
     */
    push: (...shape: Array<TShape>) => void
  }
}
export function createHydrationStreamProvider<TShape>() {
  const context = React.createContext<HydrationStreamContext<TShape>>(
    null as any,
  )
  /**

   * 1. (Happens on server): `useServerInsertedHTML()` is called **on the server** whenever a `Suspense`-boundary completes
   *    - This means that we might have some new entries in the cache that needs to be flushed
   *    - We pass these to the client by inserting a `<script>`-tag where we do `window[id].push(serializedVersionOfCache)`
   * 2. (Happens in browser) In `useEffect()`:
   *   - We check if `window[id]` is set to an array and call `push()` on all the entries which will call `onEntries()` with the new entries
   *   - We replace `window[id]` with a `push()`-method that will be called whenever new entries are received
   **/
  function UseClientHydrationStreamProvider(props: {
    children: React.ReactNode
    /**
     * Optional transformer to serialize/deserialize the data
     * Example devalue, superjson et al
     */
    transformer?: DataTransformer
    /**
     * **Client method**
     * Called in the browser when new entries are received
     */
    onEntries: (entries: Array<TShape>) => void
    /**
     * **Server method**
     * onFlush is called on the server when the cache is flushed
     */
    onFlush?: () => Array<TShape>
  }) {
    // unique id for the cache provider
    const id = `__RQ${React.useId()}`
    const idJSON = htmlEscapeJsonString(JSON.stringify(id))
return (
      <context.Provider value={{ stream, id }}>
        {props.children}
      </context.Provider>
    )
  }
return {
    Provider: UseClientHydrationStreamProvider,
    context,
  }
}
function serializeAndGenerateHTML(stream, transformer, idJSON, count) {
    const serializedCacheArgs = stream
      .map((entry) => transformer.serialize(entry))
      .map((entry) => JSON.stringify(entry))
      .join(',');
  
    const html = [
      `window[${idJSON}] = window[${idJSON}] || [];`,
      `window[${idJSON}].push(${serializedCacheArgs});`,
    ];
  
    return (
      <script
        key={count.current++}
        dangerouslySetInnerHTML={{
          __html: html.join(''),
        }}
      />
    );
  }

interface DataTransformer {
  serialize(object: any): any
  deserialize(object: any): any
}
// <server stuff>
    const [stream] = React.useState<Array<TShape>>(() => {
      if (typeof window !== 'undefined') {
        return {
          push() {
            // no-op on the client
          },
        } as unknown as Array<TShape>
      }
      return []
    })
    const count = React.useRef(0)
// <client stuff>
    const onEntriesRef = React.useRef(props.onEntries)
    React.useEffect(() => {
      onEntriesRef.current = props.onEntries
    })

    React.useEffect(() => {
      // Client: consume cache:
      const onEntries = (...serializedEntries: Array<Serialized<TShape>>) => {
        const entries = serializedEntries.map((serialized) =>
          transformer.deserialize(serialized),
        )
        onEntriesRef.current(entries)
      }

      const win = window as any
      // Register cache consumer
      const winStream: Array<Serialized<TShape>> = win[id] ?? []

      onEntries(...winStream)

      // Register our own consumer
      win[id] = {
        push: onEntries,
      }

      return () => {
        // Cleanup after unmount
        win[id] = []
      }
    }, [id, transformer])
    // </client stuff>
function useServerInsertedHTML(props, stream, transformer, idJSON, count) {
  // This only happens on the server
  stream.push(...(props.onFlush?.() ?? []));

  if (!stream.length) {
    return null;
  }

  // Call the function to serialize and generate HTML
  return serializeAndGenerateHTML(stream, transformer, idJSON, count);
}
    "," SE: The 'idJSON' variable, which is constructed from a user input string without proper sanitation, is inserted into the HTML content via dangerouslySetInnerHTML.
BL: `<script key={count.current++} dangerouslySetInnerHTML={{ __html: html.join(''), }} />`
BUG FOUND: YES

Explanation:
The 'idJSON' variable is constructed by calling htmlEscapeJsonString(JSON.stringify(id)), where id is derived from React.useId(). However, this does not sufficiently protect against Cross-Site Scripting (XSS) attacks, as user input might still contain malicious scripts. The resulting 'idJSON' value is then used in the HTML content, which can lead to XSS vulnerabilities when dangerouslySetInnerHTML is used. To mitigate this, it is recommended to use a library or function that properly sanitizes user input to prevent XSS attacks.",mixtral-8x7b-32768
46,"Analyze the file content below and tell me if there's any line that may contain a bug of type CWE-79 (Improper Neutralization of Input During Web Page Generation: Cross-Site Scripting). Your output must adhere to the following structure.

Expected Output Structure:
SE: very Short Explanation of why the line may contain a bug of given type (e.g., The 'user_input' is directly concatenated into HTML content without sanitation).
BL: the Bugged Line, if any is found, else none (e.g., `response = ""<html><body><h1>Welcome, "" + user_input + ""!</h1></body></html>""`).
BUG FOUND: YES if a bug is found, else NO.

Example output:
SE: The 'user_input' is directly concatenated into HTML content without sanitation.
BL: `response = ""<html><body><h1>Welcome, "" + user_input + ""!</h1></body></html>""`
BUG FOUND: YES

File Content:
interface DataTransformer {
  serialize(object: any): any
  deserialize(object: any): any
}
type Serialized<TData> = unknown & {
  [serializedSymbol]: TData
}
interface TypedDataTransformer<TData> {
  serialize: (obj: TData) => Serialized<TData>
  deserialize: (obj: Serialized<TData>) => TData
}
export interface HydrationStreamProviderProps<TShape> {
  children: React.ReactNode
  /**
   * Optional transformer to serialize/deserialize the data
   * Example devalue, superjson et al
   */
  transformer?: DataTransformer
  /**
   * **Client method**
   * Called in the browser when new entries are received
   */
  onEntries: (entries: Array<TShape>) => void
  /**
   * **Server method**
   * onFlush is called on the server when the cache is flushed
   */
  onFlush?: () => Array<TShape>
}
export function createHydrationStreamProvider<TShape>() {
  const context = React.createContext<HydrationStreamContext<TShape>>(
    null as any,
  )
  /**

   * 1. (Happens on server): `useServerInsertedHTML()` is called **on the server** whenever a `Suspense`-boundary completes
   *    - This means that we might have some new entries in the cache that needs to be flushed
   *    - We pass these to the client by inserting a `<script>`-tag where we do `window[id].push(serializedVersionOfCache)`
   * 2. (Happens in browser) In `useEffect()`:
   *   - We check if `window[id]` is set to an array and call `push()` on all the entries which will call `onEntries()` with the new entries
   *   - We replace `window[id]` with a `push()`-method that will be called whenever new entries are received
   **/
  function UseClientHydrationStreamProvider(props: {
    children: React.ReactNode
    /**
     * Optional transformer to serialize/deserialize the data
     * Example devalue, superjson et al
     */
    transformer?: DataTransformer
    /**
     * **Client method**
     * Called in the browser when new entries are received
     */
    onEntries: (entries: Array<TShape>) => void
    /**
     * **Server method**
     * onFlush is called on the server when the cache is flushed
     */
    onFlush?: () => Array<TShape>
  }) {
    // unique id for the cache provider
    const id = `__RQ${React.useId()}`
    const idJSON = htmlEscapeJsonString(JSON.stringify(id))
// <client stuff>
    const onEntriesRef = React.useRef(props.onEntries)
    React.useEffect(() => {
      onEntriesRef.current = props.onEntries
    })

    React.useEffect(() => {
      // Client: consume cache:
      const onEntries = (...serializedEntries: Array<Serialized<TShape>>) => {
        const entries = serializedEntries.map((serialized) =>
          transformer.deserialize(serialized),
        )
        onEntriesRef.current(entries)
      }

      const win = window as any
      // Register cache consumer
      const winStream: Array<Serialized<TShape>> = win[id] ?? []

      onEntries(...winStream)

      // Register our own consumer
      win[id] = {
        push: onEntries,
      }

      return () => {
        // Cleanup after unmount
        win[id] = []
      }
    }, [id, transformer])
    // </client stuff>
function serializeAndGenerateHTML(stream, transformer, idJSON, count) {
    const serializedCacheArgs = stream
      .map((entry) => transformer.serialize(entry))
      .map((entry) => JSON.stringify(entry))
      .join(',');
  
    const html = [
      `window[${idJSON}] = window[${idJSON}] || [];`,
      `window[${idJSON}].push(${serializedCacheArgs});`,
    ];
  
    return (
      <script
        key={count.current++}
        dangerouslySetInnerHTML={{
          __html: html.join(''),
        }}
      />
    );
  }

const [transformer] = React.useState(
      () =>
        (props.transformer ?? {
          // noop
          serialize: (obj: any) => obj,
          deserialize: (obj: any) => obj,
        }) as unknown as TypedDataTransformer<TShape>,
    )
function useServerInsertedHTML(props, stream, transformer, idJSON, count) {
  // This only happens on the server
  stream.push(...(props.onFlush?.() ?? []));

  if (!stream.length) {
    return null;
  }

  // Call the function to serialize and generate HTML
  return serializeAndGenerateHTML(stream, transformer, idJSON, count);
}
    "," SE: The 'idJSON' is directly concatenated into JavaScript content without sanitation in the 'html' array and then inserted into HTML using 'dangerouslySetInnerHTML'.
BL: `const html = [ \`window[${idJSON}] = window[${idJSON}] || [];\`, \`window[${idJSON}].push(${serializedCacheArgs});\`, ];`
BUG FOUND: YES

Please note that the 'dangerouslySetInnerHTML' is used appropriately here because it's used with a variable that is guaranteed to be safe (serializedCacheArgs). However, the 'idJSON' variable is directly concatenated into the JavaScript code, which could be a security risk if the 'id' variable contains user input. To mitigate this risk, ensure that the 'id' variable is always generated from trusted sources and never contains user input.",mixtral-8x7b-32768
47,"Analyze the file content below and tell me if there's any line that may contain a bug of type CWE-79 (Improper Neutralization of Input During Web Page Generation: Cross-Site Scripting). Your output must adhere to the following structure.

Expected Output Structure:
SE: very Short Explanation of why the line may contain a bug of given type (e.g., The 'user_input' is directly concatenated into HTML content without sanitation).
BL: the Bugged Line, if any is found, else none (e.g., `response = ""<html><body><h1>Welcome, "" + user_input + ""!</h1></body></html>""`).
BUG FOUND: YES if a bug is found, else NO.

Example output:
SE: The 'user_input' is directly concatenated into HTML content without sanitation.
BL: `response = ""<html><body><h1>Welcome, "" + user_input + ""!</h1></body></html>""`
BUG FOUND: YES

File Content:
const serializedSymbol = Symbol('serialized')
interface DataTransformer {
  serialize(object: any): any
  deserialize(object: any): any
}
type Serialized<TData> = unknown & {
  [serializedSymbol]: TData
}
interface HydrationStreamContext<TShape> {
  id: string
  stream: {
    /**
     * **Server method**
     * Push a new entry to the stream
     * Will be ignored on the client
     */
    push: (...shape: Array<TShape>) => void
  }
}
export interface HydrationStreamProviderProps<TShape> {
  children: React.ReactNode
  /**
   * Optional transformer to serialize/deserialize the data
   * Example devalue, superjson et al
   */
  transformer?: DataTransformer
  /**
   * **Client method**
   * Called in the browser when new entries are received
   */
  onEntries: (entries: Array<TShape>) => void
  /**
   * **Server method**
   * onFlush is called on the server when the cache is flushed
   */
  onFlush?: () => Array<TShape>
}
export function createHydrationStreamProvider<TShape>() {
  const context = React.createContext<HydrationStreamContext<TShape>>(
    null as any,
  )
  /**

   * 1. (Happens on server): `useServerInsertedHTML()` is called **on the server** whenever a `Suspense`-boundary completes
   *    - This means that we might have some new entries in the cache that needs to be flushed
   *    - We pass these to the client by inserting a `<script>`-tag where we do `window[id].push(serializedVersionOfCache)`
   * 2. (Happens in browser) In `useEffect()`:
   *   - We check if `window[id]` is set to an array and call `push()` on all the entries which will call `onEntries()` with the new entries
   *   - We replace `window[id]` with a `push()`-method that will be called whenever new entries are received
   **/
  function UseClientHydrationStreamProvider(props: {
    children: React.ReactNode
    /**
     * Optional transformer to serialize/deserialize the data
     * Example devalue, superjson et al
     */
    transformer?: DataTransformer
    /**
     * **Client method**
     * Called in the browser when new entries are received
     */
    onEntries: (entries: Array<TShape>) => void
    /**
     * **Server method**
     * onFlush is called on the server when the cache is flushed
     */
    onFlush?: () => Array<TShape>
  }) {
    // unique id for the cache provider
    const id = `__RQ${React.useId()}`
    const idJSON = htmlEscapeJsonString(JSON.stringify(id))
const [transformer] = React.useState(
      () =>
        (props.transformer ?? {
          // noop
          serialize: (obj: any) => obj,
          deserialize: (obj: any) => obj,
        }) as unknown as TypedDataTransformer<TShape>,
    )
// <client stuff>
    const onEntriesRef = React.useRef(props.onEntries)
    React.useEffect(() => {
      onEntriesRef.current = props.onEntries
    })

    React.useEffect(() => {
      // Client: consume cache:
      const onEntries = (...serializedEntries: Array<Serialized<TShape>>) => {
        const entries = serializedEntries.map((serialized) =>
          transformer.deserialize(serialized),
        )
        onEntriesRef.current(entries)
      }

      const win = window as any
      // Register cache consumer
      const winStream: Array<Serialized<TShape>> = win[id] ?? []

      onEntries(...winStream)

      // Register our own consumer
      win[id] = {
        push: onEntries,
      }

      return () => {
        // Cleanup after unmount
        win[id] = []
      }
    }, [id, transformer])
    // </client stuff>
return (
      <context.Provider value={{ stream, id }}>
        {props.children}
      </context.Provider>
    )
  }
function serializeAndGenerateHTML(stream, transformer, idJSON, count) {
    const serializedCacheArgs = stream
      .map((entry) => transformer.serialize(entry))
      .map((entry) => JSON.stringify(entry))
      .join(',');
  
    const html = [
      `window[${idJSON}] = window[${idJSON}] || [];`,
      `window[${idJSON}].push(${serializedCacheArgs});`,
    ];
  
    return (
      <script
        key={count.current++}
        dangerouslySetInnerHTML={{
          __html: html.join(''),
        }}
      />
    );
  }


    "," SE: The 'idJSON' variable, which is constructed from a JSON-stringified user input, is inserted into the HTML content without sanitation.
BL: `const idJSON = htmlEscapeJsonString(JSON.stringify(id))` in the global scope, and `<script key={count.current++} dangerouslySetInnerHTML={{ __html: html.join(''), }} />` within the 'serializeAndGenerateHTML' function.
BUG FOUND: YES

Explanation:
The 'id' variable is constructed from a user-provided value using 'useId()'. This value is then JSON-stringified and sanitized using 'htmlEscapeJsonString'. However, the sanitization function only escapes a limited set of characters, which may not be sufficient to prevent cross-site scripting (XSS) attacks. Later, the 'idJSON' variable, which contains the user-provided and JSON-stringified input, is inserted into the HTML content using 'dangerouslySetInnerHTML'. This bypasses the built-in XSS protection mechanisms in React and can potentially lead to XSS vulnerabilities.

To mitigate this issue, consider using React's 'jsx' syntax to create the 'script' tag instead of using 'dangerouslySetInnerHTML'. This will ensure that the user input is properly escaped and sanitized, preventing potential XSS attacks.",mixtral-8x7b-32768
48,"Analyze the file content below and tell me if there's any line that may contain a bug of type CWE-79 (Improper Neutralization of Input During Web Page Generation: Cross-Site Scripting). Your output must adhere to the following structure.

Expected Output Structure:
SE: very Short Explanation of why the line may contain a bug of given type (e.g., The 'user_input' is directly concatenated into HTML content without sanitation).
BL: the Bugged Line, if any is found, else none (e.g., `response = ""<html><body><h1>Welcome, "" + user_input + ""!</h1></body></html>""`).
BUG FOUND: YES if a bug is found, else NO.

Example output:
SE: The 'user_input' is directly concatenated into HTML content without sanitation.
BL: `response = ""<html><body><h1>Welcome, "" + user_input + ""!</h1></body></html>""`
BUG FOUND: YES

File Content:

export async function getHeadingId(
  parser: IMarkdownParser,
  raw: string,
  level: number
) {
  const innerHTML = await parser.render(raw);

  if (!innerHTML) {
    return null;
  }

  const container = document.createElement('div');
  container.innerHTML = innerHTML;
  const header = container.querySelector(`h${level}`);
  if (!header) {
    return null;
  }

  return renderMarkdown.createHeaderId(header);
}
/**
 * Parses the provided string and returns a list of headings.
 *
 * @param text - Input text
 * @returns List of headings
 */
export function getHeadings(text: string): IMarkdownHeading[] {
  // Split the text into lines:
  const lines = text.split('\n');

  // Iterate over the lines to get the header level and text for each line:
  const headings = new Array<IMarkdownHeading>();
  let isCodeBlock;
  let lineIdx = 0;

  // Don't check for Markdown headings if in a YAML frontmatter block.
  // We can only start a frontmatter block on the first line of the file.
  // At other positions in a markdown file, '---' represents a horizontal rule.
  if (lines[lineIdx] === '---') {
    // Search for another '---' and treat that as the end of the frontmatter.
    // If we don't find one, treat the file as containing no frontmatter.
    for (
      let frontmatterEndLineIdx = lineIdx + 1;
      frontmatterEndLineIdx < lines.length;
      frontmatterEndLineIdx++
    ) {
      if (lines[frontmatterEndLineIdx] === '---') {
        lineIdx = frontmatterEndLineIdx + 1;
        break;
      }
    }
  }

  for (; lineIdx < lines.length; lineIdx++) {
    const line = lines[lineIdx];

    if (line === '') {
      // Bail early
      continue;
    }

    // Don't check for Markdown headings if in a code block
    if (line.startsWith('```')) {
      isCodeBlock = !isCodeBlock;
    }
    if (isCodeBlock) {
      continue;
    }

    const heading = parseHeading(line, lines[lineIdx + 1]); // append the next line to capture alternative style Markdown headings

    if (heading) {
      headings.push({
        ...heading,
        line: lineIdx
      });
    }
  }
  return headings;
}
/**
 * Parses a heading, if one exists, from a provided string.
 *
 * ## Notes
 *
 * -   Heading examples:
 *
 *     -   Markdown heading:
 *
 *         ```
 *         # Foo
 *         ```
 *
 *     -   Markdown heading (alternative style):
 *
 *         ```
 *         Foo
 *         ===
 *         ```
 *
 *         ```
 *         Foo
 *         ---
 *         ```
 *
 *     -   HTML heading:
 *
 *         ```
 *         <h3>Foo</h3>
 *         ```
 *
 * @private
 * @param line - Line to parse
 * @param nextLine - The line after the one to parse
 * @returns heading info
 *
 * @example
 * const out = parseHeading('### Foo\n');
 * // returns {'text': 'Foo', 'level': 3}
 *
 * @example
 * const out = parseHeading('Foo\n===\n');
 * // returns {'text': 'Foo', 'level': 1}
 *
 * @example
 * const out = parseHeading('<h4>Foo</h4>\n');
 * // returns {'text': 'Foo', 'level': 4}
 *
 * @example
 * const out = parseHeading('Foo');
 * // returns null
 */
function parseHeading(line: string, nextLine?: string): IHeader | null {
  // Case: Markdown heading
  let match = line.match(/^([#]{1,6}) (.*)/);
  if (match) {
    return {
      text: cleanTitle(match[2]),
      level: match[1].length,
      raw: line,
      skip: skipHeading.test(match[0])
    };
  }
  // Case: Markdown heading (alternative style)
  if (nextLine) {
    match = nextLine.match(/^ {0,3}([=]{2,}|[-]{2,})\s*$/);
    if (match) {
      return {
        text: cleanTitle(line),
        level: match[1][0] === '=' ? 1 : 2,
        raw: [line, nextLine].join('\n'),
        skip: skipHeading.test(line)
      };
    }
  }
  // Case: HTML heading (WARNING: this is not particularly robust, as HTML headings can span multiple lines)
  match = line.match(/<h([1-6]).*>(.*)<\/h\1>/i);
  if (match) {
    return {
      text: match[2],
      level: parseInt(match[1], 10),
      skip: skipHeading.test(match[0]),
      raw: line
    };
  }

  return null;
}
    "," SE: The 'line' and 'nextLine' are directly used in the creation of HTML content through regular expressions without proper sanitation.
BL: `match = line.match(/^([#]{1,6}) (.*)/);` (similar patterns can be found throughout the function)
BUG FOUND: YES

Explanation:
The code is using user-provided input (through 'line' and 'nextLine' variables) directly in regular expressions that generate HTML content. This behavior can lead to Cross-Site Scripting (XSS) attacks if the input is not properly sanitized, as an attacker could inject malicious JavaScript code within the input. To mitigate this risk, it is recommended to sanitize the input data before using it in the creation of any HTML content.",mixtral-8x7b-32768
53,"Analyze the file content below and tell me if there's any line that may contain a bug of type CWE-79 (Improper Neutralization of Input During Web Page Generation: Cross-Site Scripting). Your output must adhere to the following structure.

Expected Output Structure:
SE: very Short Explanation of why the line may contain a bug of given type (e.g., The 'user_input' is directly concatenated into HTML content without sanitation).
BL: the Bugged Line, if any is found, else none (e.g., `response = ""<html><body><h1>Welcome, "" + user_input + ""!</h1></body></html>""`).
BUG FOUND: YES if a bug is found, else NO.

Example output:
SE: The 'user_input' is directly concatenated into HTML content without sanitation.
BL: `response = ""<html><body><h1>Welcome, "" + user_input + ""!</h1></body></html>""`
BUG FOUND: YES

File Content:
/**
 * Parses the provided string and returns a list of headings.
 *
 * @param text - Input text
 * @returns List of headings
 */
export function getHeadings(text: string): IMarkdownHeading[] {
  // Split the text into lines:
  const lines = text.split('\n');

  // Iterate over the lines to get the header level and text for each line:
  const headings = new Array<IMarkdownHeading>();
  let isCodeBlock;
  let lineIdx = 0;

  // Don't check for Markdown headings if in a YAML frontmatter block.
  // We can only start a frontmatter block on the first line of the file.
  // At other positions in a markdown file, '---' represents a horizontal rule.
  if (lines[lineIdx] === '---') {
    // Search for another '---' and treat that as the end of the frontmatter.
    // If we don't find one, treat the file as containing no frontmatter.
    for (
      let frontmatterEndLineIdx = lineIdx + 1;
      frontmatterEndLineIdx < lines.length;
      frontmatterEndLineIdx++
    ) {
      if (lines[frontmatterEndLineIdx] === '---') {
        lineIdx = frontmatterEndLineIdx + 1;
        break;
      }
    }
  }

  for (; lineIdx < lines.length; lineIdx++) {
    const line = lines[lineIdx];

    if (line === '') {
      // Bail early
      continue;
    }

    // Don't check for Markdown headings if in a code block
    if (line.startsWith('```')) {
      isCodeBlock = !isCodeBlock;
    }
    if (isCodeBlock) {
      continue;
    }

    const heading = parseHeading(line, lines[lineIdx + 1]); // append the next line to capture alternative style Markdown headings

    if (heading) {
      headings.push({
        ...heading,
        line: lineIdx
      });
    }
  }
  return headings;
}
const MARKDOWN_MIME_TYPE = [
  'text/x-ipythongfm',
  'text/x-markdown',
  'text/x-gfm',
  'text/markdown'
];
/**
 * Returns whether a MIME type corresponds to a Markdown flavor.
 *
 * @param mime - MIME type string
 * @returns boolean indicating whether a provided MIME type corresponds to a Markdown flavor
 *
 * @example
 * const bool = isMarkdown('text/markdown');
 * // returns true
 *
 * @example
 * const bool = isMarkdown('text/plain');
 * // returns false
 */
export function isMarkdown(mime: string): boolean {
  return MARKDOWN_MIME_TYPE.includes(mime);
}
/**
 * Interface describing a parsed heading result.
 *
 * @private
 */
interface IHeader {
  /**
   * Heading text.
   */
  text: string;

  /**
   * Heading level.
   */
  level: number;

  /**
   * Raw string containing the heading
   */
  raw: string;

  /**
   * Whether the heading is marked to skip or not
   */
  skip: boolean;
}
export async function getHeadingId(
  parser: IMarkdownParser,
  raw: string,
  level: number
) {
  const innerHTML = await parser.render(raw);

  if (!innerHTML) {
    return null;
  }

  const container = document.createElement('div');
  container.innerHTML = innerHTML;
  const header = container.querySelector(`h${level}`);
  if (!header) {
    return null;
  }

  return renderMarkdown.createHeaderId(header);
}
/**
 * Returns whether a MIME type corresponds to a Markdown flavor.
 *
 * @param mime - MIME type string
 * @returns boolean indicating whether a provided MIME type corresponds to a Markdown flavor
 *
 * @example
 * const bool = isMarkdown('text/markdown');
 * // returns true
 *
 * @example
 * const bool = isMarkdown('text/plain');
 * // returns false
 */
export function isMarkdown(mime: string): boolean {
  return MARKDOWN_MIME_TYPE.includes(mime);
}
/**
 * Interface describing a parsed heading result.
 *
 * @private
 */
interface IHeader {
  /**
   * Heading text.
   */
  text: string;

  /**
   * Heading level.
   */
  level: number;

  /**
   * Raw string containing the heading
   */
  raw: string;

  /**
   * Whether the heading is marked to skip or not
   */
  skip: boolean;
}
function cleanTitle(heading: string): string {
  // take special care to parse Markdown links into raw text
  return heading.replace(/\[(.+)\]\(.+\)/g, '$1');
}
/**
 * Ignore title with html tag with a class name equal to `jp-toc-ignore` or `tocSkip`
 */
const skipHeading =
  /<\w+\s(.*?\s)?class=""(.*?\s)?(jp-toc-ignore|tocSkip)(\s.*?)?""(\s.*?)?>/;
    "," SE: The 'raw' variable, which appears to contain user-provided markdown, is used to create a DOM element without any sanitization. This could potentially allow for Cross-Site Scripting (XSS) attacks if the markdown contains malicious script tags.
BL: `const innerHTML = await parser.render(raw);`
`const container = document.createElement('div');`
`container.innerHTML = innerHTML;`
BUG FOUND: YES.",mixtral-8x7b-32768
57,"Analyze the file content below and tell me if there's any line that may contain a bug of type CWE-79 (Improper Neutralization of Input During Web Page Generation: Cross-Site Scripting). Your output must adhere to the following structure.

Expected Output Structure:
SE: very Short Explanation of why the line may contain a bug of given type (e.g., The 'user_input' is directly concatenated into HTML content without sanitation).
BL: the Bugged Line, if any is found, else none (e.g., `response = ""<html><body><h1>Welcome, "" + user_input + ""!</h1></body></html>""`).
BUG FOUND: YES if a bug is found, else NO.

Example output:
SE: The 'user_input' is directly concatenated into HTML content without sanitation.
BL: `response = ""<html><body><h1>Welcome, "" + user_input + ""!</h1></body></html>""`
BUG FOUND: YES

File Content:
<?php
protected $model = 'GO\Files\Model\File';
protected function ignoreAclPermissions() {
    return array('correctquotauser');
}
protected function actionTest($params) {

    $md = new \go\core\fs\MetaData($this);
    $tag = $md->extractID3(__DIR__.'/test.mp3');
    var_dump($tag->toArray());
}
protected function actionDisplay($params) {
    
    //custom fields send path as ID.
    if(!empty($params['id']) && !is_numeric($params['id'])){
        $file = \GO\Files\Model\File::model()->findByPath($params['id']);
        $params['id']=$file->id;
    }
    
    return parent::actionDisplay($params);
}
protected function get_response_file_data(&$model, &$response) {

    $response['data']['path'] = $model->path;
    $response['data']['size'] = $model->fsFile->size();
    $response['data']['extension'] = strtolower($model->fsFile->extension());
    $response['data']['handler']='startjs:function(){'.$model->getDefaultHandler()->getHandler($model).'}:endjs';

}
protected function allowGuests() {
    return array('download'); //permissions will be checked manually in that action
}
protected function actionExif(){
    
    $md = new \go\core\fs\MetaData($this);
    $exif = $md->extractExif(__DIR__.'/test.jpg');
    
}
public function actionCreateBlob($ids) {
    $ids = explode(',', $ids);
    $blobs = [];
    foreach($ids as $id) {
        $file = File::model()->findByPk($id);

        $fsFile = new GOFile($file->fsFile->path());
        $blob = Blob::fromFile($fsFile);
        $blob->save();			

        $blobs[] = ['name' => $file->name, 'blobId' => $blob->id];
    }

    return array_merge(['success' => true, 'blobs' => $blobs], $blob->toArray());
}
protected function actionCorrectQuotaUser() {
    $time_start = microtime(true); 
    $count = 0;
    
    $userFolder = \GO\Files\Model\Folder::model()->findByPath('users');
    foreach($userFolder->folders() as $homeFolder) {
        $homeId = $homeFolder->user_id;
        
        $walkSubfolders = function($folder) use($homeId, &$walkSubfolders, &$count) {
            
            //echo $folder->path.' -> '.$homeId.'<br />';
            $folder->quota_user_id = $homeId;
            if(!$folder->save()) {
                throw new \Exception(""Could not save folder: "".var_export($folder->getValidationErrors(), true));
            }

            foreach($folder->folders() as $subFolder) {
                $walkSubfolders($subFolder);					
                $count++;
            }
        };
        $walkSubfolders($homeFolder);
    }
    $time_end = microtime(true);
    $execution_time = ($time_end - $time_start);
    //echo '<b>'.$count.' Folders updated in:</b> '.$execution_time.' Seconds';
}
protected function actionSaveAttachmentToTmp($params) {

    $tmpFolder = \GO\Files\Model\Folder::model()->tmpFolder();
    foreach($tmpFolder->files as $file) {
        //clean up older temp files
        if($file->mtime < strtotime(""-4 hours"")) {
            $file->delete(true);
        }
    }

    $params['filename'] = \GO\Base\Fs\File::stripInvalidChars($params['filename']);
    $file = new \GO\Base\Fs\File(\GO::config()->file_storage_path . $tmpFolder->path.'/'.$params['filename']);
    $file->parent()->create();

    if(empty($params['tmp_file'])){
        $account = Account::model()->findByPk($params['account_id']);
        $imap = $account->openImapConnection($params['mailbox']);
        if(!$imap->save_to_file($params['uid'], $file->path(), $params['number'], $params['encoding'])) {
            throw new Exception(""Could not save file from IMAP"");
        }
    }else
    {
        $tmpfile = new \GO\Base\Fs\File(\GO::config()->tmpdir.$params['tmp_file']);
        $file = $tmpfile->copy($file->parent(), $file->name());
        if(!$file) {
            throw new Exception(""IO error"");
        }
    }
    $maxLength = go()->getDatabase()->getTable(""fs_files"")->getColumn(""name"")->length;
    $file->shortenFileName($maxLength);

    $dbFile = $tmpFolder->hasFile($file->name());
    if($dbFile) {
        File::$deleteInDatabaseOnly = true;
        $dbFile->delete();
    }
    $dbFile = $tmpFolder->addFile($file->name(), true);

    return ['success' => true, 'data' => $dbFile->getAttributes()];
}
    "," SE: The 'filename' parameter from user input is directly used to create a file path without any sanitation, which could potentially lead to Cross-Site Scripting (XSS) attacks if the filename contains malicious scripts.
BL: `$params['filename'] = \GO\Base\Fs\File::stripInvalidChars($params['filename']); $file = new \GO\Base\Fs\File(\GO::config()->file_storage_path . $tmpFolder->path.'/'.$params['filename']);`
BUG FOUND: YES.",mixtral-8x7b-32768
61,"Analyze the file content below and tell me if there's any line that may contain a bug of type CWE-79 (Improper Neutralization of Input During Web Page Generation: Cross-Site Scripting). Your output must adhere to the following structure.

Expected Output Structure:
SE: very Short Explanation of why the line may contain a bug of given type (e.g., The 'user_input' is directly concatenated into HTML content without sanitation).
BL: the Bugged Line, if any is found, else none (e.g., `response = ""<html><body><h1>Welcome, "" + user_input + ""!</h1></body></html>""`).
BUG FOUND: YES if a bug is found, else NO.

Example output:
SE: The 'user_input' is directly concatenated into HTML content without sanitation.
BL: `response = ""<html><body><h1>Welcome, "" + user_input + ""!</h1></body></html>""`
BUG FOUND: YES

File Content:
<?php
protected function actionExif(){
    
    $md = new \go\core\fs\MetaData($this);
    $exif = $md->extractExif(__DIR__.'/test.jpg');
    
}
public function actionCreateBlob($ids) {
    $ids = explode(',', $ids);
    $blobs = [];
    foreach($ids as $id) {
        $file = File::model()->findByPk($id);

        $fsFile = new GOFile($file->fsFile->path());
        $blob = Blob::fromFile($fsFile);
        $blob->save();			

        $blobs[] = ['name' => $file->name, 'blobId' => $blob->id];
    }

    return array_merge(['success' => true, 'blobs' => $blobs], $blob->toArray());
}
protected function actionCorrectQuotaUser() {
    $time_start = microtime(true); 
    $count = 0;
    
    $userFolder = \GO\Files\Model\Folder::model()->findByPath('users');
    foreach($userFolder->folders() as $homeFolder) {
        $homeId = $homeFolder->user_id;
        
        $walkSubfolders = function($folder) use($homeId, &$walkSubfolders, &$count) {
            
            //echo $folder->path.' -> '.$homeId.'<br />';
            $folder->quota_user_id = $homeId;
            if(!$folder->save()) {
                throw new \Exception(""Could not save folder: "".var_export($folder->getValidationErrors(), true));
            }

            foreach($folder->folders() as $subFolder) {
                $walkSubfolders($subFolder);					
                $count++;
            }
        };
        $walkSubfolders($homeFolder);
    }
    $time_end = microtime(true);
    $execution_time = ($time_end - $time_start);
    //echo '<b>'.$count.' Folders updated in:</b> '.$execution_time.' Seconds';
}
protected function actionDisplay($params) {
    
    //custom fields send path as ID.
    if(!empty($params['id']) && !is_numeric($params['id'])){
        $file = \GO\Files\Model\File::model()->findByPath($params['id']);
        $params['id']=$file->id;
    }
    
    return parent::actionDisplay($params);
}
private function isAnimatedGif($filename) {
    if(!($fh = @fopen($filename, 'rb')))
        return false;
    $count = 0;
    //an animated gif contains multiple ""frames"", with each frame having a
    //header made up of:
    // * a static 4-byte sequence (\x00\x21\xF9\x04)
    // * 4 variable bytes
    // * a static 2-byte sequence (\x00\x2C)

    // We read through the file til we reach the end of the file, or we've found
    // at least 2 frame headers
    while(!feof($fh) && $count < 2) {
        $chunk = fread($fh, 1024 * 100); //read 100kb at a time
        $count += preg_match_all('#\x00\x21\xF9\x04.{4}\x00[\x2C\x21]#s', $chunk, $matches);
    }

    fclose($fh);
    return $count > 1;
}
protected function get_response_file_data(&$model, &$response) {

    $response['data']['path'] = $model->path;
    $response['data']['size'] = $model->fsFile->size();
    $response['data']['extension'] = strtolower($model->fsFile->extension());
    $response['data']['handler']='startjs:function(){'.$model->getDefaultHandler()->getHandler($model).'}:endjs';

}
protected $model = 'GO\Files\Model\File';
protected function allowGuests() {
    return array('download'); //permissions will be checked manually in that action
}
protected function ignoreAclPermissions() {
    return array('correctquotauser');
}
protected function actionOpen($params) {
    if(!empty($params['path'])) {
        $file = \GO\Files\Model\File::model()->findByPath($params['path']);
    } else
    {
        $file = \GO\Files\Model\File::model()->findByPath($params['id']);
    }

    if(!$file){
        throw new \Exception(""File not found"");
    }
    
    $response = [
            'success' => true,
            'file' => $file->getAttributes(),
            'handler' => 'startjs:function(){'.$file->getDefaultHandler()->getHandler($file).'}:endjs'
    ];
    
    return $response;
}
/**
 *
 * @param type $params 
 * @todo
 */
protected function actionCreateDownloadLink($params){
    
    $response=array();
    
    $file = \GO\Files\Model\File::model()->findByPk($params['id']);
    
    $url = $file->getEmailDownloadURL(true,\GO\Base\Util\Date::date_add($params['expire_time'],1),$params['delete_when_expired']);
    
    $response['url']=$url;
    $response['success']=true;
    
    return $response;
    
}
    "," SE: The 'params['id']' is directly used in the construction of the URL without proper sanitization, which could lead to Cross-Site Scripting (XSS) attacks if 'params['id']' contains user input.
BL: `$file = \GO\Files\Model\File::model()->findByPk($params['id']);`
BUG FOUND: YES

Please note that the other lines do not contain any obvious instances of Cross-Site Scripting (XSS) vulnerabilities. However, it is essential to ensure that all user inputs are correctly sanitized and validated before using them in any context, especially when generating HTML content or URLs.",mixtral-8x7b-32768
58,"Analyze the file content below and tell me if there's any line that may contain a bug of type CWE-79 (Improper Neutralization of Input During Web Page Generation: Cross-Site Scripting). Your output must adhere to the following structure.

Expected Output Structure:
SE: very Short Explanation of why the line may contain a bug of given type (e.g., The 'user_input' is directly concatenated into HTML content without sanitation).
BL: the Bugged Line, if any is found, else none (e.g., `response = ""<html><body><h1>Welcome, "" + user_input + ""!</h1></body></html>""`).
BUG FOUND: YES if a bug is found, else NO.

Example output:
SE: The 'user_input' is directly concatenated into HTML content without sanitation.
BL: `response = ""<html><body><h1>Welcome, "" + user_input + ""!</h1></body></html>""`
BUG FOUND: YES

File Content:
<?php
protected function ignoreAclPermissions() {
    return array('correctquotauser');
}
/**
 * Will calculate the used diskspace per user
 * If no ID is passed diskspace will be recalculated for all user
 * @param integer $id id of the user to recalculate used space for
 */
protected function actionRecalculateDiskUsage($id=false) {
    
    \GO::session()->closeWriting();
    
    $users = array();
    if(!empty($id)) {
        $user = \GO\Base\Model\User::model()->findByPk($id);
        if(!empty($user)) {
            $users[] = $user;
        }
    } else {
        $users = \GO\Base\Model\User::model()->find();
    }
    
    foreach($users as $user) {
        if($user->calculatedDiskUsage()->save())
            echo $user->getName() . ' uses ' . $user->disk_usage. ""<br>\n"";
    }
}
protected function actionDisplay($params) {
    
    //custom fields send path as ID.
    if(!empty($params['id']) && !is_numeric($params['id'])){
        $file = \GO\Files\Model\File::model()->findByPath($params['id']);
        $params['id']=$file->id;
    }
    
    return parent::actionDisplay($params);
}
protected function get_response_file_data(&$model, &$response) {

    $response['data']['path'] = $model->path;
    $response['data']['size'] = $model->fsFile->size();
    $response['data']['extension'] = strtolower($model->fsFile->extension());
    $response['data']['handler']='startjs:function(){'.$model->getDefaultHandler()->getHandler($model).'}:endjs';

}
protected $model = 'GO\Files\Model\File';
protected function allowGuests() {
    return array('download'); //permissions will be checked manually in that action
}
protected function actionExif(){
    
    $md = new \go\core\fs\MetaData($this);
    $exif = $md->extractExif(__DIR__.'/test.jpg');
    
}
protected function actionCorrectQuotaUser() {
    $time_start = microtime(true); 
    $count = 0;
    
    $userFolder = \GO\Files\Model\Folder::model()->findByPath('users');
    foreach($userFolder->folders() as $homeFolder) {
        $homeId = $homeFolder->user_id;
        
        $walkSubfolders = function($folder) use($homeId, &$walkSubfolders, &$count) {
            
            //echo $folder->path.' -> '.$homeId.'<br />';
            $folder->quota_user_id = $homeId;
            if(!$folder->save()) {
                throw new \Exception(""Could not save folder: "".var_export($folder->getValidationErrors(), true));
            }

            foreach($folder->folders() as $subFolder) {
                $walkSubfolders($subFolder);					
                $count++;
            }
        };
        $walkSubfolders($homeFolder);
    }
    $time_end = microtime(true);
    $execution_time = ($time_end - $time_start);
    //echo '<b>'.$count.' Folders updated in:</b> '.$execution_time.' Seconds';
}
protected function actionHandlers($params){
    if(!empty($params['path'])){
        $folder = \GO\Files\Model\Folder::model()->findByPath(dirname($params['path']));
        $file = $folder->hasFile(\GO\Base\Fs\File::utf8Basename($params['path']));
    }else
    {
        $file = \GO\Files\Model\File::model()->findByPk($params['id'], false, true);
    }

    if(empty($params['all'])){
        $fileHandlers = array($file->getDefaultHandler());
    }else
    {
        $fileHandlers = $file->getHandlers();
    }
//	var_dump($fileHandlers);
    
    $store = new \GO\Base\Data\ArrayStore();
    
    foreach($fileHandlers as $fileHandler){	
        $store->addRecord(array(
                'name'=>$fileHandler->getName(),
                'handler'=>$fileHandler->getHandler($file),
                'iconCls'=>$fileHandler->getIconCls(),
                'cls'=>  get_class($fileHandler),
                'extension'=>$file->extension
        ));	
    }	
    
    return $store->getData();		
}
/**
 *
 * @param type $params 
 * @todo
 */
protected function actionCreateDownloadLink($params){
    
    $response=array();
    
    $file = \GO\Files\Model\File::model()->findByPk($params['id']);
    
    $url = $file->getEmailDownloadURL(true,\GO\Base\Util\Date::date_add($params['expire_time'],1),$params['delete_when_expired']);
    
    $response['url']=$url;
    $response['success']=true;
    
    return $response;
    
}
    "," SE: The 'expire\_time' user input is directly concatenated into the URL without sanitation.
BL: `$url = $file->getEmailDownloadURL(true, GO\Base\Util\Date::date_add($params['expire_time'],1), $params['delete_when_expired']);`
BUG FOUND: YES",mixtral-8x7b-32768
56,"Analyze the file content below and tell me if there's any line that may contain a bug of type CWE-79 (Improper Neutralization of Input During Web Page Generation: Cross-Site Scripting). Your output must adhere to the following structure.

Expected Output Structure:
SE: very Short Explanation of why the line may contain a bug of given type (e.g., The 'user_input' is directly concatenated into HTML content without sanitation).
BL: the Bugged Line, if any is found, else none (e.g., `response = ""<html><body><h1>Welcome, "" + user_input + ""!</h1></body></html>""`).
BUG FOUND: YES if a bug is found, else NO.

Example output:
SE: The 'user_input' is directly concatenated into HTML content without sanitation.
BL: `response = ""<html><body><h1>Welcome, "" + user_input + ""!</h1></body></html>""`
BUG FOUND: YES

File Content:
<?php

protected function get_response_file_data(&$model, &$response) {

    $response['data']['path'] = $model->path;
    $response['data']['size'] = $model->fsFile->size();
    $response['data']['extension'] = strtolower($model->fsFile->extension());
    $response['data']['handler']='startjs:function(){'.$model->getDefaultHandler()->getHandler($model).'}:endjs';

}
protected function actionTest($params) {

    $md = new \go\core\fs\MetaData($this);
    $tag = $md->extractID3(__DIR__.'/test.mp3');
    var_dump($tag->toArray());
}
protected function actionExif(){
    
    $md = new \go\core\fs\MetaData($this);
    $exif = $md->extractExif(__DIR__.'/test.jpg');
    
}
protected function actionExpiredList($params){
            
    $store = \GO\Base\Data\Store::newInstance(\GO\Files\Model\File::model());
    $store->getColumnModel()->formatColumn('path', '$model->path', array(), array('first_name', 'last_name'));

//		$findParams = $store->getDefaultParams($params);
    
    $findParams = \GO\Base\Db\FindParams::newInstance()->ignoreAcl();


    $joinSearchCacheCriteria = \GO\Base\Db\FindCriteria::newInstance()
                ->addRawCondition('`t`.`id`', '`sc`.`entityId`')
                ->addCondition('entityTypeId', \GO\Files\Model\File::model()->modelTypeId(),'=','sc');

    $findParams->join(\GO\Base\Model\SearchCacheRecord::model()->tableName(), $joinSearchCacheCriteria, 'sc', 'INNER');


    $aclJoinCriteria = \GO\Base\Db\FindCriteria::newInstance()
                        ->addRawCondition('a.aclId', 'sc.aclId','=', false);

    $aclWhereCriteria = \GO\Base\Db\FindCriteria::newInstance()
                    ->addInCondition(""groupId"", \GO\Base\Model\User::getGroupIds(\GO::user()->id),""a"", false);

    $findParams->join(\GO\Base\Model\AclUsersGroups::model()->tableName(), $aclJoinCriteria, 'a', 'INNER');

    $findParams->criteria(\GO\Base\Db\FindCriteria::newInstance()
                            ->addModel(\GO\Files\Model\Folder::model())
                            ->mergeWith($aclWhereCriteria));

    $findParams->group(array('t.id'))->order('mtime','DESC');
    
    $findParams->getCriteria()->addCondition('content_expire_date', time() ,'<');

    $store->setStatement (\GO\Files\Model\File::model()->find($findParams));
    
    $response = $store->getData();
    $response['total'] = $store->getTotal();
    
    return $response;
    
}
/**
 * Will calculate the used diskspace per user
 * If no ID is passed diskspace will be recalculated for all user
 * @param integer $id id of the user to recalculate used space for
 */
protected function actionRecalculateDiskUsage($id=false) {
    
    \GO::session()->closeWriting();
    
    $users = array();
    if(!empty($id)) {
        $user = \GO\Base\Model\User::model()->findByPk($id);
        if(!empty($user)) {
            $users[] = $user;
        }
    } else {
        $users = \GO\Base\Model\User::model()->find();
    }
    
    foreach($users as $user) {
        if($user->calculatedDiskUsage()->save())
            echo $user->getName() . ' uses ' . $user->disk_usage. ""<br>\n"";
    }
}
protected function actionCorrectQuotaUser() {
    $time_start = microtime(true); 
    $count = 0;
    
    $userFolder = \GO\Files\Model\Folder::model()->findByPath('users');
    foreach($userFolder->folders() as $homeFolder) {
        $homeId = $homeFolder->user_id;
        
        $walkSubfolders = function($folder) use($homeId, &$walkSubfolders, &$count) {
            
            //echo $folder->path.' -> '.$homeId.'<br />';
            $folder->quota_user_id = $homeId;
            if(!$folder->save()) {
                throw new \Exception(""Could not save folder: "".var_export($folder->getValidationErrors(), true));
            }

            foreach($folder->folders() as $subFolder) {
                $walkSubfolders($subFolder);					
                $count++;
            }
        };
        $walkSubfolders($homeFolder);
    }
    $time_end = microtime(true);
    $execution_time = ($time_end - $time_start);
    //echo '<b>'.$count.' Folders updated in:</b> '.$execution_time.' Seconds';
}
    "," SE: The 'var_dump($tag->toArray())' directly outputs user-provided data to the web page without proper sanitization or escaping.
BL: `var_dump($tag->toArray())` (in function actionTest())
BUG FOUND: YES

SE: The 'var_dump($exif)' directly outputs user-provided data to the web page without proper sanitization or escaping.
BL: `var_dump($exif)` (in function actionExif())
BUG FOUND: YES

SE: The 'echo $user->getName() . ' uses ' . $user->disk_usage' directly concatenates user-provided data into HTML content without sanitization or escaping.
BL: `echo $user->getName() . ' uses ' . $user->disk_usage` (in function actionRecalculateDiskUsage())
BUG FOUND: YES",mixtral-8x7b-32768
51,"Analyze the file content below and tell me if there's any line that may contain a bug of type CWE-79 (Improper Neutralization of Input During Web Page Generation: Cross-Site Scripting). Your output must adhere to the following structure.

Expected Output Structure:
SE: very Short Explanation of why the line may contain a bug of given type (e.g., The 'user_input' is directly concatenated into HTML content without sanitation).
BL: the Bugged Line, if any is found, else none (e.g., `response = ""<html><body><h1>Welcome, "" + user_input + ""!</h1></body></html>""`).
BUG FOUND: YES if a bug is found, else NO.

Example output:
SE: The 'user_input' is directly concatenated into HTML content without sanitation.
BL: `response = ""<html><body><h1>Welcome, "" + user_input + ""!</h1></body></html>""`
BUG FOUND: YES

File Content:
import { IMarkdownParser, renderMarkdown } from '@jupyterlab/rendermime';
import { TableOfContents } from '../tokens';

/**
 * Markdown heading
 */
export interface IMarkdownHeading extends TableOfContents.IHeading {
  /**
   * Heading line
   */
  line: number;

  /**
   * Raw string containing the heading
   */
  raw: string;
}
const MARKDOWN_MIME_TYPE = [
  'text/x-ipythongfm',
  'text/x-markdown',
  'text/x-gfm',
  'text/markdown'
];
/**
 * Returns whether a MIME type corresponds to a Markdown flavor.
 *
 * @param mime - MIME type string
 * @returns boolean indicating whether a provided MIME type corresponds to a Markdown flavor
 *
 * @example
 * const bool = isMarkdown('text/markdown');
 * // returns true
 *
 * @example
 * const bool = isMarkdown('text/plain');
 * // returns false
 */
export function isMarkdown(mime: string): boolean {
  return MARKDOWN_MIME_TYPE.includes(mime);
}
/**
 * Interface describing a parsed heading result.
 *
 * @private
 */
interface IHeader {
  /**
   * Heading text.
   */
  text: string;

  /**
   * Heading level.
   */
  level: number;

  /**
   * Raw string containing the heading
   */
  raw: string;

  /**
   * Whether the heading is marked to skip or not
   */
  skip: boolean;
}
function cleanTitle(heading: string): string {
  // take special care to parse Markdown links into raw text
  return heading.replace(/\[(.+)\]\(.+\)/g, '$1');
}
/**
 * Ignore title with html tag with a class name equal to `jp-toc-ignore` or `tocSkip`
 */
const skipHeading =
  /<\w+\s(.*?\s)?class=""(.*?\s)?(jp-toc-ignore|tocSkip)(\s.*?)?""(\s.*?)?>/;
export async function getHeadingId(
  parser: IMarkdownParser,
  raw: string,
  level: number
) {
  const innerHTML = await parser.render(raw);

  if (!innerHTML) {
    return null;
  }

  const container = document.createElement('div');
  container.innerHTML = innerHTML;
  const header = container.querySelector(`h${level}`);
  if (!header) {
    return null;
  }

  return renderMarkdown.createHeaderId(header);
}
/**
 * Parses a heading, if one exists, from a provided string.
 *
 * ## Notes
 *
 * -   Heading examples:
 *
 *     -   Markdown heading:
 *
 *         ```
 *         # Foo
 *         ```
 *
 *     -   Markdown heading (alternative style):
 *
 *         ```
 *         Foo
 *         ===
 *         ```
 *
 *         ```
 *         Foo
 *         ---
 *         ```
 *
 *     -   HTML heading:
 *
 *         ```
 *         <h3>Foo</h3>
 *         ```
 *
 * @private
 * @param line - Line to parse
 * @param nextLine - The line after the one to parse
 * @returns heading info
 *
 * @example
 * const out = parseHeading('### Foo\n');
 * // returns {'text': 'Foo', 'level': 3}
 *
 * @example
 * const out = parseHeading('Foo\n===\n');
 * // returns {'text': 'Foo', 'level': 1}
 *
 * @example
 * const out = parseHeading('<h4>Foo</h4>\n');
 * // returns {'text': 'Foo', 'level': 4}
 *
 * @example
 * const out = parseHeading('Foo');
 * // returns null
 */
function parseHeading(line: string, nextLine?: string): IHeader | null {
  // Case: Markdown heading
  let match = line.match(/^([#]{1,6}) (.*)/);
  if (match) {
    return {
      text: cleanTitle(match[2]),
      level: match[1].length,
      raw: line,
      skip: skipHeading.test(match[0])
    };
  }
  // Case: Markdown heading (alternative style)
  if (nextLine) {
    match = nextLine.match(/^ {0,3}([=]{2,}|[-]{2,})\s*$/);
    if (match) {
      return {
        text: cleanTitle(line),
        level: match[1][0] === '=' ? 1 : 2,
        raw: [line, nextLine].join('\n'),
        skip: skipHeading.test(line)
      };
    }
  }
  // Case: HTML heading (WARNING: this is not particularly robust, as HTML headings can span multiple lines)
  match = line.match(/<h([1-6]).*>(.*)<\/h\1>/i);
  if (match) {
    return {
      text: match[2],
      level: parseInt(match[1], 10),
      skip: skipHeading.test(match[0]),
      raw: line
    };
  }

  return null;
}
    "," SE: The 'innerHtml' from user provided 'raw' string is directly used in creating a DOM object. This can lead to Cross-Site Scripting (XSS) if 'raw' string is not properly sanitized.
BL: `const innerHTML = await parser.render(raw); const container = document.createElement('div'); container.innerHTML = innerHTML;`
BUG FOUND: YES

SE: The 'line' from user provided 'raw' string is directly used in creating a DOM object. This can lead to Cross-Site Scripting (XSS) if 'raw' string is not properly sanitized.
BL: `const header = container.querySelector(\`h\${level}\`);`
BUG FOUND: YES",mixtral-8x7b-32768
63,"Analyze the file content below and tell me if there's any line that may contain a bug of type CWE-79 (Improper Neutralization of Input During Web Page Generation: Cross-Site Scripting). Your output must adhere to the following structure.

Expected Output Structure:
SE: very Short Explanation of why the line may contain a bug of given type (e.g., The 'user_input' is directly concatenated into HTML content without sanitation).
BL: the Bugged Line, if any is found, else none (e.g., `response = ""<html><body><h1>Welcome, "" + user_input + ""!</h1></body></html>""`).
BUG FOUND: YES if a bug is found, else NO.

Example output:
SE: The 'user_input' is directly concatenated into HTML content without sanitation.
BL: `response = ""<html><body><h1>Welcome, "" + user_input + ""!</h1></body></html>""`
BUG FOUND: YES

File Content:
<?php
protected $model = 'GO\Files\Model\File';
protected function ignoreAclPermissions() {
    return array('correctquotauser');
}
public function actionCreateBlob($ids) {
    $ids = explode(',', $ids);
    $blobs = [];
    foreach($ids as $id) {
        $file = File::model()->findByPk($id);

        $fsFile = new GOFile($file->fsFile->path());
        $blob = Blob::fromFile($fsFile);
        $blob->save();			

        $blobs[] = ['name' => $file->name, 'blobId' => $blob->id];
    }

    return array_merge(['success' => true, 'blobs' => $blobs], $blob->toArray());
}
protected function actionCorrectQuotaUser() {
    $time_start = microtime(true); 
    $count = 0;
    
    $userFolder = \GO\Files\Model\Folder::model()->findByPath('users');
    foreach($userFolder->folders() as $homeFolder) {
        $homeId = $homeFolder->user_id;
        
        $walkSubfolders = function($folder) use($homeId, &$walkSubfolders, &$count) {
            
            //echo $folder->path.' -> '.$homeId.'<br />';
            $folder->quota_user_id = $homeId;
            if(!$folder->save()) {
                throw new \Exception(""Could not save folder: "".var_export($folder->getValidationErrors(), true));
            }

            foreach($folder->folders() as $subFolder) {
                $walkSubfolders($subFolder);					
                $count++;
            }
        };
        $walkSubfolders($homeFolder);
    }
    $time_end = microtime(true);
    $execution_time = ($time_end - $time_start);
    //echo '<b>'.$count.' Folders updated in:</b> '.$execution_time.' Seconds';
}
protected function actionDisplay($params) {
    
    //custom fields send path as ID.
    if(!empty($params['id']) && !is_numeric($params['id'])){
        $file = \GO\Files\Model\File::model()->findByPath($params['id']);
        $params['id']=$file->id;
    }
    
    return parent::actionDisplay($params);
}
protected function beforeSubmit(&$response, &$model, &$params) {
    
    if(isset($params['name'])){		
        $params['name'] = \GO\Base\Fs\File::stripInvalidChars($params['name']); // Strip invalid chars
        if(isset($params['extension'])) {
            $params['name'].='.'.$params['extension'];
            $model->extension = $params['extension'];
        } else if(!empty($model->fsFile->extension())) {
            $params['name'].='.'.$model->fsFile->extension();
        }
    }
    
    if(isset($params['lock'])){
        //GOTA sends lock parameter It does not know the user ID.
        $model->locked_user_id=empty($params['lock']) ? 0 : \GO::user()->id;
    }
    
    
    $fh = \GO\Files\Model\FileHandler::model()->findByPk(array(
        'extension' => strtolower($model->extension), 
        'user_id' => \GO::user()->id
    ));
    
    if(!$fh)
        $fh = new \GO\Files\Model\FileHandler();
    
    $fh->extension=strtolower($model->extension);
    
    if(isset($params['handlerCls']))
        $fh->cls=$params['handlerCls'];
    
    if(empty($params['handlerCls']))
        $fh->delete();
    else
        $fh->save();
    
    return parent::beforeSubmit($response, $model, $params);
}
protected function actionSaveHandler($params){
//		\GO::config()->save_setting('fh_'.$, $value)
    
    $fh = \GO\Files\Model\FileHandler::model()->findByPk(
                    array('extension'=>strtolower($params['extension']), 'user_id'=>\GO::user()->id));
    
    if(!$fh)
        $fh = new \GO\Files\Model\FileHandler();
    
    $fh->extension=strtolower($params['extension']);
    $fh->cls=$params['cls'];
    return array('success'=>empty($params['cls']) ? $fh->delete() : $fh->save());
}
protected function get_response_file_data(&$model, &$response) {

    $response['data']['path'] = $model->path;
    $response['data']['size'] = $model->fsFile->size();
    $response['data']['extension'] = strtolower($model->fsFile->extension());
    $response['data']['handler']='startjs:function(){'.$model->getDefaultHandler()->getHandler($model).'}:endjs';

}
protected function actionTest($params) {

    $md = new \go\core\fs\MetaData($this);
    $tag = $md->extractID3(__DIR__.'/test.mp3');
    var_dump($tag->toArray());
}
    "," SE: The 'params[""id""]' is directly used in the construction of the file path without proper sanitization, which may lead to Cross-Site Scripting (XSS) attacks if 'params[""id""]' contains user-supplied input with malicious scripts.
BL: `$file = \GO\Files\Model\File::model()->findByPath($params['id']);`
BUG FOUND: YES

Although the code snippet provided does not directly show the concatenation of user input into HTML content, the 'params[""id""]' variable is vulnerable to XSS attacks due to the lack of sanitization. This vulnerability can lead to security issues when the 'params[""id""]' value is derived from user input.",mixtral-8x7b-32768
55,"Analyze the file content below and tell me if there's any line that may contain a bug of type CWE-79 (Improper Neutralization of Input During Web Page Generation: Cross-Site Scripting). Your output must adhere to the following structure.

Expected Output Structure:
SE: very Short Explanation of why the line may contain a bug of given type (e.g., The 'user_input' is directly concatenated into HTML content without sanitation).
BL: the Bugged Line, if any is found, else none (e.g., `response = ""<html><body><h1>Welcome, "" + user_input + ""!</h1></body></html>""`).
BUG FOUND: YES if a bug is found, else NO.

Example output:
SE: The 'user_input' is directly concatenated into HTML content without sanitation.
BL: `response = ""<html><body><h1>Welcome, "" + user_input + ""!</h1></body></html>""`
BUG FOUND: YES

File Content:
import { IMarkdownParser, renderMarkdown } from '@jupyterlab/rendermime';
import { TableOfContents } from '../tokens';

/**
 * Markdown heading
 */
export interface IMarkdownHeading extends TableOfContents.IHeading {
  /**
   * Heading line
   */
  line: number;

  /**
   * Raw string containing the heading
   */
  raw: string;
}
const MARKDOWN_MIME_TYPE = [
  'text/x-ipythongfm',
  'text/x-markdown',
  'text/x-gfm',
  'text/markdown'
];
/**
 * Returns whether a MIME type corresponds to a Markdown flavor.
 *
 * @param mime - MIME type string
 * @returns boolean indicating whether a provided MIME type corresponds to a Markdown flavor
 *
 * @example
 * const bool = isMarkdown('text/markdown');
 * // returns true
 *
 * @example
 * const bool = isMarkdown('text/plain');
 * // returns false
 */
export function isMarkdown(mime: string): boolean {
  return MARKDOWN_MIME_TYPE.includes(mime);
}
/**
 * Interface describing a parsed heading result.
 *
 * @private
 */
interface IHeader {
  /**
   * Heading text.
   */
  text: string;

  /**
   * Heading level.
   */
  level: number;

  /**
   * Raw string containing the heading
   */
  raw: string;

  /**
   * Whether the heading is marked to skip or not
   */
  skip: boolean;
}
/**
 * Parses a heading, if one exists, from a provided string.
 *
 * ## Notes
 *
 * -   Heading examples:
 *
 *     -   Markdown heading:
 *
 *         ```
 *         # Foo
 *         ```
 *
 *     -   Markdown heading (alternative style):
 *
 *         ```
 *         Foo
 *         ===
 *         ```
 *
 *         ```
 *         Foo
 *         ---
 *         ```
 *
 *     -   HTML heading:
 *
 *         ```
 *         <h3>Foo</h3>
 *         ```
 *
 * @private
 * @param line - Line to parse
 * @param nextLine - The line after the one to parse
 * @returns heading info
 *
 * @example
 * const out = parseHeading('### Foo\n');
 * // returns {'text': 'Foo', 'level': 3}
 *
 * @example
 * const out = parseHeading('Foo\n===\n');
 * // returns {'text': 'Foo', 'level': 1}
 *
 * @example
 * const out = parseHeading('<h4>Foo</h4>\n');
 * // returns {'text': 'Foo', 'level': 4}
 *
 * @example
 * const out = parseHeading('Foo');
 * // returns null
 */
function parseHeading(line: string, nextLine?: string): IHeader | null {
  // Case: Markdown heading
  let match = line.match(/^([#]{1,6}) (.*)/);
  if (match) {
    return {
      text: cleanTitle(match[2]),
      level: match[1].length,
      raw: line,
      skip: skipHeading.test(match[0])
    };
  }
  // Case: Markdown heading (alternative style)
  if (nextLine) {
    match = nextLine.match(/^ {0,3}([=]{2,}|[-]{2,})\s*$/);
    if (match) {
      return {
        text: cleanTitle(line),
        level: match[1][0] === '=' ? 1 : 2,
        raw: [line, nextLine].join('\n'),
        skip: skipHeading.test(line)
      };
    }
  }
  // Case: HTML heading (WARNING: this is not particularly robust, as HTML headings can span multiple lines)
  match = line.match(/<h([1-6]).*>(.*)<\/h\1>/i);
  if (match) {
    return {
      text: match[2],
      level: parseInt(match[1], 10),
      skip: skipHeading.test(match[0]),
      raw: line
    };
  }

  return null;
}
function cleanTitle(heading: string): string {
  // take special care to parse Markdown links into raw text
  return heading.replace(/\[(.+)\]\(.+\)/g, '$1');
}
/**
 * Ignore title with html tag with a class name equal to `jp-toc-ignore` or `tocSkip`
 */
const skipHeading =
  /<\w+\s(.*?\s)?class=""(.*?\s)?(jp-toc-ignore|tocSkip)(\s.*?)?""(\s.*?)?>/;
export async function getHeadingId(
  parser: IMarkdownParser,
  raw: string,
  level: number
) {
  const innerHTML = await parser.render(raw);

  if (!innerHTML) {
    return null;
  }

  const container = document.createElement('div');
  container.innerHTML = innerHTML;
  const header = container.querySelector(`h${level}`);
  if (!header) {
    return null;
  }

  return renderMarkdown.createHeaderId(header);
}

    "," SE: The 'raw' user input is directly used in the innerHTML property without proper sanitization, which could lead to Cross-Site Scripting (XSS) attacks.
BL: `const innerHTML = await parser.render(raw); ... container.innerHTML = innerHTML;`
BUG FOUND: YES

Explanation:
The 'raw' user input is being used to generate HTML content without proper sanitization. This poses a risk for Cross-Site Scripting (XSS) attacks, as an attacker could inject malicious scripts into the input. To mitigate this risk, it is recommended to use a secure rendering method that sanitizes the user input before using it in the HTML content. In this case, you can use the `renderMarkdown.renderSafe(raw)` method instead of `parser.render(raw)` to sanitize the user input before generating the HTML content.",mixtral-8x7b-32768
64,"Analyze the file content below and tell me if there's any line that may contain a bug of type CWE-79 (Improper Neutralization of Input During Web Page Generation: Cross-Site Scripting). Your output must adhere to the following structure.

Expected Output Structure:
SE: very Short Explanation of why the line may contain a bug of given type (e.g., The 'user_input' is directly concatenated into HTML content without sanitation).
BL: the Bugged Line, if any is found, else none (e.g., `response = ""<html><body><h1>Welcome, "" + user_input + ""!</h1></body></html>""`).
BUG FOUND: YES if a bug is found, else NO.

Example output:
SE: The 'user_input' is directly concatenated into HTML content without sanitation.
BL: `response = ""<html><body><h1>Welcome, "" + user_input + ""!</h1></body></html>""`
BUG FOUND: YES

File Content:
<?php

function renderTableRowData($item)
{
    return '
        <td>' . $item->id . '</td>
        <td>' . $item->filename . '</td>
        <td>' . $item->record_lang . '</td>
        <td>' . Utils::formatBytes($item->filesize) . '</td>
        <td>' . $item->mime_type . '</td>
    ';
}
use phpMyFAQ\Attachment\AttachmentCollection;
use phpMyFAQ\Filter;
use phpMyFAQ\Pagination;
use phpMyFAQ\Session\Token;
use phpMyFAQ\Translation;
use phpMyFAQ\Utils;
use Symfony\Component\HttpFoundation\Request;
$request = Request::createFromGlobals();
$page = Filter::filterVar($request->query->get('page'), FILTER_VALIDATE_INT);
$page = max(1, $page);

$attachmentCollection = new AttachmentCollection($faqConfig);
$itemsPerPage = 24;
$allCrumbs = $attachmentCollection->getBreadcrumbs();
$crumbs = array_slice($allCrumbs, ($page - 1) * $itemsPerPage, $itemsPerPage);
function renderActionButtons($item)
{
    $deleteButton = '
        <button class=""btn btn-danger btn-delete-attachment"" title=""' . Translation::get('ad_gen_delete') . '""
                data-attachment-id=""' . $item->id . '""
                data-csrf=""' . Token::getInstance()->getTokenString('delete-attachment') . '"">
            <i aria-hidden=""true"" class=""fa fa-trash btn-delete-attachment"" data-attachment-id=""' . $item->id . '""
                data-csrf=""' . Token::getInstance()->getTokenString('delete-attachment') . '""></i>
        </button>
    ';

    $linkButton = '
        <a title=""' . Translation::get('ad_entry_faq_record') . '"" class=""btn btn-info""
           href=""../index.php?action=faq&id=' . $item->record_id . '&lang=' . $item->record_lang . '"">
            <i aria-hidden=""true"" class=""fa fa-link""></i>
        </a>
    ';

    return '
        <td>' . $deleteButton . '</td>
        <td>' . $linkButton . '</td>
    ';
}
?>

<div class=""d-flex justify-content-between flex-wrap flex-md-nowrap align-items-center pt-3 pb-2 mb-3 border-bottom"">
  <h1 class=""h2"">
    <i aria-hidden=""true"" class=""fa fa-paperclip""></i>
      <?= Translation::get('ad_menu_attachment_admin') ?>
  </h1>
</div>
<div class=""row"">
  <div class=""col-lg-12"">
    <table class=""table table-striped align-middle"">
      <thead>
      <tr>
        <th>#</th>
        <th><?= Translation::get('msgAttachmentsFilename') ?></th>
        <th><?= Translation::get('msgTransToolLanguage') ?></th>
        <th><?= Translation::get('msgAttachmentsFilesize') ?></th>
        <th colspan=""3""><?= Translation::get('msgAttachmentsMimeType') ?></th>
      </tr>
      </thead>
      <tbody id=""attachment-table"">
      <?php foreach ($crumbs as $item) : ?>
        <tr id=""attachment_<?= $item->id ?>"" title=""<?= $item->thema ?>"">
          <?= renderTableRowData($item) ?>
          <?= renderActionButtons($item) ?>
        </tr>
      <?php endforeach; ?>
      </tbody>
      <tfoot>
      <tr>
        <td colspan=""5""><?= $pagination->render(); ?></td>
      </tr>
      </tfoot>
    </table>
  </div>
</div>
use phpMyFAQ\Attachment\AttachmentException;
use phpMyFAQ\Attachment\AttachmentFactory;
use phpMyFAQ\Filter;
use phpMyFAQ\Session\Token;
use phpMyFAQ\Translation;
use Symfony\Component\HttpFoundation\JsonResponse;
use Symfony\Component\HttpFoundation\Request;
use Symfony\Component\HttpFoundation\Response;

if (!defined('IS_VALID_PHPMYFAQ')) {
    http_response_code(400);
    exit();
}
/**
 * Private phpMyFAQ Admin API: deletes comments with the given id.
 *
 * This Source Code Form is subject to the terms of the Mozilla Public License,
 * v. 2.0. If a copy of the MPL was not distributed with this file, You can
 * obtain one at https://mozilla.org/MPL/2.0/.
 *
 * @package   phpMyFAQ
 * @author    Thorsten Rinne <thorsten@phpmyfaq.de>
 * @copyright 2009-2023 phpMyFAQ Team
 * @license   https://www.mozilla.org/MPL/2.0/ Mozilla Public License Version 2.0
 * @link      https://www.phpmyfaq.de
 * @since     2009-03-20
 */

use phpMyFAQ\Comments;
use phpMyFAQ\Session\Token;
use phpMyFAQ\Translation;
use Symfony\Component\HttpFoundation\JsonResponse;
use Symfony\Component\HttpFoundation\Request;
use Symfony\Component\HttpFoundation\Response;
    "," SE: The 'item->thema' is directly concatenated into HTML content without sanitation.
BL: `<tr id=""attachment_<?= $item->id ?>"" title=""<?= $item->thema ?>"">`
BUG FOUND: YES

Explanation:
The 'item->thema' variable is directly inserted into the HTML title attribute without any prior sanitation or encoding, which could potentially lead to Cross-Site Scripting (XSS) vulnerabilities if the 'item->thema' value contains user-supplied data. To mitigate this risk, ensure that the 'item->thema' value is properly sanitized or encoded before being inserted into the HTML.",mixtral-8x7b-32768
50,"Analyze the file content below and tell me if there's any line that may contain a bug of type CWE-79 (Improper Neutralization of Input During Web Page Generation: Cross-Site Scripting). Your output must adhere to the following structure.

Expected Output Structure:
SE: very Short Explanation of why the line may contain a bug of given type (e.g., The 'user_input' is directly concatenated into HTML content without sanitation).
BL: the Bugged Line, if any is found, else none (e.g., `response = ""<html><body><h1>Welcome, "" + user_input + ""!</h1></body></html>""`).
BUG FOUND: YES if a bug is found, else NO.

Example output:
SE: The 'user_input' is directly concatenated into HTML content without sanitation.
BL: `response = ""<html><body><h1>Welcome, "" + user_input + ""!</h1></body></html>""`
BUG FOUND: YES

File Content:
const MARKDOWN_MIME_TYPE = [
  'text/x-ipythongfm',
  'text/x-markdown',
  'text/x-gfm',
  'text/markdown'
];
/**
 * Returns whether a MIME type corresponds to a Markdown flavor.
 *
 * @param mime - MIME type string
 * @returns boolean indicating whether a provided MIME type corresponds to a Markdown flavor
 *
 * @example
 * const bool = isMarkdown('text/markdown');
 * // returns true
 *
 * @example
 * const bool = isMarkdown('text/plain');
 * // returns false
 */
export function isMarkdown(mime: string): boolean {
  return MARKDOWN_MIME_TYPE.includes(mime);
}
/**
 * Interface describing a parsed heading result.
 *
 * @private
 */
interface IHeader {
  /**
   * Heading text.
   */
  text: string;

  /**
   * Heading level.
   */
  level: number;

  /**
   * Raw string containing the heading
   */
  raw: string;

  /**
   * Whether the heading is marked to skip or not
   */
  skip: boolean;
}
/**
 * Ignore title with html tag with a class name equal to `jp-toc-ignore` or `tocSkip`
 */
const skipHeading =
  /<\w+\s(.*?\s)?class=""(.*?\s)?(jp-toc-ignore|tocSkip)(\s.*?)?""(\s.*?)?>/;
export async function getHeadingId(
  parser: IMarkdownParser,
  raw: string,
  level: number
) {
  const innerHTML = await parser.render(raw);

  if (!innerHTML) {
    return null;
  }

  const container = document.createElement('div');
  container.innerHTML = innerHTML;
  const header = container.querySelector(`h${level}`);
  if (!header) {
    return null;
  }

  return renderMarkdown.createHeaderId(header);
}
import { IMarkdownParser, renderMarkdown } from '@jupyterlab/rendermime';
import { TableOfContents } from '../tokens';

/**
 * Markdown heading
 */
export interface IMarkdownHeading extends TableOfContents.IHeading {
  /**
   * Heading line
   */
  line: number;

  /**
   * Raw string containing the heading
   */
  raw: string;
}
/**
 * Parses a heading, if one exists, from a provided string.
 *
 * ## Notes
 *
 * -   Heading examples:
 *
 *     -   Markdown heading:
 *
 *         ```
 *         # Foo
 *         ```
 *
 *     -   Markdown heading (alternative style):
 *
 *         ```
 *         Foo
 *         ===
 *         ```
 *
 *         ```
 *         Foo
 *         ---
 *         ```
 *
 *     -   HTML heading:
 *
 *         ```
 *         <h3>Foo</h3>
 *         ```
 *
 * @private
 * @param line - Line to parse
 * @param nextLine - The line after the one to parse
 * @returns heading info
 *
 * @example
 * const out = parseHeading('### Foo\n');
 * // returns {'text': 'Foo', 'level': 3}
 *
 * @example
 * const out = parseHeading('Foo\n===\n');
 * // returns {'text': 'Foo', 'level': 1}
 *
 * @example
 * const out = parseHeading('<h4>Foo</h4>\n');
 * // returns {'text': 'Foo', 'level': 4}
 *
 * @example
 * const out = parseHeading('Foo');
 * // returns null
 */
function parseHeading(line: string, nextLine?: string): IHeader | null {
  // Case: Markdown heading
  let match = line.match(/^([#]{1,6}) (.*)/);
  if (match) {
    return {
      text: cleanTitle(match[2]),
      level: match[1].length,
      raw: line,
      skip: skipHeading.test(match[0])
    };
  }
  // Case: Markdown heading (alternative style)
  if (nextLine) {
    match = nextLine.match(/^ {0,3}([=]{2,}|[-]{2,})\s*$/);
    if (match) {
      return {
        text: cleanTitle(line),
        level: match[1][0] === '=' ? 1 : 2,
        raw: [line, nextLine].join('\n'),
        skip: skipHeading.test(line)
      };
    }
  }
  // Case: HTML heading (WARNING: this is not particularly robust, as HTML headings can span multiple lines)
  match = line.match(/<h([1-6]).*>(.*)<\/h\1>/i);
  if (match) {
    return {
      text: match[2],
      level: parseInt(match[1], 10),
      skip: skipHeading.test(match[0]),
      raw: line
    };
  }

  return null;
}
function cleanTitle(heading: string): string {
  // take special care to parse Markdown links into raw text
  return heading.replace(/\[(.+)\]\(.+\)/g, '$1');
}
    "," SE: The 'heading' is directly concatenated into HTML content without sanitation in the 'cleanTitle' function.
BL: `return heading.replace(/\[(.+)\]\(.+\)/g, '$1');`
BUG FOUND: YES

Explanation:
The 'cleanTitle' function directly uses the 'heading' variable, which is user-provided, in a regular expression replacement operation. If the 'heading' variable contains malicious HTML or JavaScript code, it could lead to a Cross-Site Scripting (XSS) vulnerability. The provided code snippet does not show how the 'heading' variable is created or populated, but if it is derived from user input, this code could be vulnerable to CWE-79. To mitigate this risk, consider sanitizing the 'heading' variable before using it in the replacement operation.",mixtral-8x7b-32768
62,"Analyze the file content below and tell me if there's any line that may contain a bug of type CWE-79 (Improper Neutralization of Input During Web Page Generation: Cross-Site Scripting). Your output must adhere to the following structure.

Expected Output Structure:
SE: very Short Explanation of why the line may contain a bug of given type (e.g., The 'user_input' is directly concatenated into HTML content without sanitation).
BL: the Bugged Line, if any is found, else none (e.g., `response = ""<html><body><h1>Welcome, "" + user_input + ""!</h1></body></html>""`).
BUG FOUND: YES if a bug is found, else NO.

Example output:
SE: The 'user_input' is directly concatenated into HTML content without sanitation.
BL: `response = ""<html><body><h1>Welcome, "" + user_input + ""!</h1></body></html>""`
BUG FOUND: YES

File Content:
<?php
protected function actionTest($params) {

    $md = new \go\core\fs\MetaData($this);
    $tag = $md->extractID3(__DIR__.'/test.mp3');
    var_dump($tag->toArray());
}
/**
 * Will calculate the used diskspace per user
 * If no ID is passed diskspace will be recalculated for all user
 * @param integer $id id of the user to recalculate used space for
 */
protected function actionRecalculateDiskUsage($id=false) {
    
    \GO::session()->closeWriting();
    
    $users = array();
    if(!empty($id)) {
        $user = \GO\Base\Model\User::model()->findByPk($id);
        if(!empty($user)) {
            $users[] = $user;
        }
    } else {
        $users = \GO\Base\Model\User::model()->find();
    }
    
    foreach($users as $user) {
        if($user->calculatedDiskUsage()->save())
            echo $user->getName() . ' uses ' . $user->disk_usage. ""<br>\n"";
    }
}
protected function actionCorrectQuotaUser() {
    $time_start = microtime(true); 
    $count = 0;
    
    $userFolder = \GO\Files\Model\Folder::model()->findByPath('users');
    foreach($userFolder->folders() as $homeFolder) {
        $homeId = $homeFolder->user_id;
        
        $walkSubfolders = function($folder) use($homeId, &$walkSubfolders, &$count) {
            
            //echo $folder->path.' -> '.$homeId.'<br />';
            $folder->quota_user_id = $homeId;
            if(!$folder->save()) {
                throw new \Exception(""Could not save folder: "".var_export($folder->getValidationErrors(), true));
            }

            foreach($folder->folders() as $subFolder) {
                $walkSubfolders($subFolder);					
                $count++;
            }
        };
        $walkSubfolders($homeFolder);
    }
    $time_end = microtime(true);
    $execution_time = ($time_end - $time_start);
    //echo '<b>'.$count.' Folders updated in:</b> '.$execution_time.' Seconds';
}
protected function beforeSubmit(&$response, &$model, &$params) {
    
    if(isset($params['name'])){		
        $params['name'] = \GO\Base\Fs\File::stripInvalidChars($params['name']); // Strip invalid chars
        if(isset($params['extension'])) {
            $params['name'].='.'.$params['extension'];
            $model->extension = $params['extension'];
        } else if(!empty($model->fsFile->extension())) {
            $params['name'].='.'.$model->fsFile->extension();
        }
    }
    
    if(isset($params['lock'])){
        //GOTA sends lock parameter It does not know the user ID.
        $model->locked_user_id=empty($params['lock']) ? 0 : \GO::user()->id;
    }
    
    
    $fh = \GO\Files\Model\FileHandler::model()->findByPk(array(
        'extension' => strtolower($model->extension), 
        'user_id' => \GO::user()->id
    ));
    
    if(!$fh)
        $fh = new \GO\Files\Model\FileHandler();
    
    $fh->extension=strtolower($model->extension);
    
    if(isset($params['handlerCls']))
        $fh->cls=$params['handlerCls'];
    
    if(empty($params['handlerCls']))
        $fh->delete();
    else
        $fh->save();
    
    return parent::beforeSubmit($response, $model, $params);
}
protected function get_response_file_data(&$model, &$response) {

    $response['data']['path'] = $model->path;
    $response['data']['size'] = $model->fsFile->size();
    $response['data']['extension'] = strtolower($model->fsFile->extension());
    $response['data']['handler']='startjs:function(){'.$model->getDefaultHandler()->getHandler($model).'}:endjs';

}
protected $model = 'GO\Files\Model\File';
protected function allowGuests() {
    return array('download'); //permissions will be checked manually in that action
}
protected function actionExif(){
    
    $md = new \go\core\fs\MetaData($this);
    $exif = $md->extractExif(__DIR__.'/test.jpg');
    
}
/**
 *
 * @param type $params 
 * @todo
 */
protected function actionCreateDownloadLink($params){
    
    $response=array();
    
    $file = \GO\Files\Model\File::model()->findByPk($params['id']);
    
    $url = $file->getEmailDownloadURL(true,\GO\Base\Util\Date::date_add($params['expire_time'],1),$params['delete_when_expired']);
    
    $response['url']=$url;
    $response['success']=true;
    
    return $response;
    
}
    "," SE: The 'expire\_time' parameter is directly concatenated into the URL without sanitation.
BL: `$url = $file->getEmailDownloadURL(true, date_add($params['expire_time'],1),$params['delete_when_expired']);`
BUG FOUND: YES

Explanation:
The 'expire\_time' parameter is being passed directly into the date\_add() function without proper sanitation. If an attacker can control this input, they could potentially inject malicious JavaScript code through cross-site scripting (XSS). To prevent this, you should always sanitize user inputs and ensure they are properly encoded before using them in any generated content, including URLs.",mixtral-8x7b-32768
60,"Analyze the file content below and tell me if there's any line that may contain a bug of type CWE-79 (Improper Neutralization of Input During Web Page Generation: Cross-Site Scripting). Your output must adhere to the following structure.

Expected Output Structure:
SE: very Short Explanation of why the line may contain a bug of given type (e.g., The 'user_input' is directly concatenated into HTML content without sanitation).
BL: the Bugged Line, if any is found, else none (e.g., `response = ""<html><body><h1>Welcome, "" + user_input + ""!</h1></body></html>""`).
BUG FOUND: YES if a bug is found, else NO.

Example output:
SE: The 'user_input' is directly concatenated into HTML content without sanitation.
BL: `response = ""<html><body><h1>Welcome, "" + user_input + ""!</h1></body></html>""`
BUG FOUND: YES

File Content:
<?php
protected function ignoreAclPermissions() {
    return array('correctquotauser');
}
protected function actionTest($params) {

    $md = new \go\core\fs\MetaData($this);
    $tag = $md->extractID3(__DIR__.'/test.mp3');
    var_dump($tag->toArray());
}
protected function actionExif(){
    
    $md = new \go\core\fs\MetaData($this);
    $exif = $md->extractExif(__DIR__.'/test.jpg');
    
}
protected function actionExpiredList($params){
            
    $store = \GO\Base\Data\Store::newInstance(\GO\Files\Model\File::model());
    $store->getColumnModel()->formatColumn('path', '$model->path', array(), array('first_name', 'last_name'));

//		$findParams = $store->getDefaultParams($params);
    
    $findParams = \GO\Base\Db\FindParams::newInstance()->ignoreAcl();


    $joinSearchCacheCriteria = \GO\Base\Db\FindCriteria::newInstance()
                ->addRawCondition('`t`.`id`', '`sc`.`entityId`')
                ->addCondition('entityTypeId', \GO\Files\Model\File::model()->modelTypeId(),'=','sc');

    $findParams->join(\GO\Base\Model\SearchCacheRecord::model()->tableName(), $joinSearchCacheCriteria, 'sc', 'INNER');


    $aclJoinCriteria = \GO\Base\Db\FindCriteria::newInstance()
                        ->addRawCondition('a.aclId', 'sc.aclId','=', false);

    $aclWhereCriteria = \GO\Base\Db\FindCriteria::newInstance()
                    ->addInCondition(""groupId"", \GO\Base\Model\User::getGroupIds(\GO::user()->id),""a"", false);

    $findParams->join(\GO\Base\Model\AclUsersGroups::model()->tableName(), $aclJoinCriteria, 'a', 'INNER');

    $findParams->criteria(\GO\Base\Db\FindCriteria::newInstance()
                            ->addModel(\GO\Files\Model\Folder::model())
                            ->mergeWith($aclWhereCriteria));

    $findParams->group(array('t.id'))->order('mtime','DESC');
    
    $findParams->getCriteria()->addCondition('content_expire_date', time() ,'<');

    $store->setStatement (\GO\Files\Model\File::model()->find($findParams));
    
    $response = $store->getData();
    $response['total'] = $store->getTotal();
    
    return $response;
    
}
protected function get_response_file_data(&$model, &$response) {

    $response['data']['path'] = $model->path;
    $response['data']['size'] = $model->fsFile->size();
    $response['data']['extension'] = strtolower($model->fsFile->extension());
    $response['data']['handler']='startjs:function(){'.$model->getDefaultHandler()->getHandler($model).'}:endjs';

}
protected function actionDisplay($params) {
    
    //custom fields send path as ID.
    if(!empty($params['id']) && !is_numeric($params['id'])){
        $file = \GO\Files\Model\File::model()->findByPath($params['id']);
        $params['id']=$file->id;
    }
    
    return parent::actionDisplay($params);
}
protected function actionOpen($params) {
    if(!empty($params['path'])) {
        $file = \GO\Files\Model\File::model()->findByPath($params['path']);
    } else
    {
        $file = \GO\Files\Model\File::model()->findByPath($params['id']);
    }

    if(!$file){
        throw new \Exception(""File not found"");
    }
    
    $response = [
            'success' => true,
            'file' => $file->getAttributes(),
            'handler' => 'startjs:function(){'.$file->getDefaultHandler()->getHandler($file).'}:endjs'
    ];
    
    return $response;
}
public function actionRecent($params){
    
    $start = !empty($params['start']) ? $params['start'] : 0;
    $limit = !empty($params['limit']) ? $params['limit'] : 20;
    
    $store = \GO\Base\Data\Store::newInstance(\GO\Files\Model\File::model());

    $store->getColumnModel()->formatColumn('path', '$model->path', array(), array('first_name', 'last_name'));
    $store->getColumnModel()->formatColumn('weekday', '$fullDays[date(""w"", $model->mtime)]."" "".\GO\Base\Util\Date::get_timestamp($model->mtime, false);', array('fullDays'=>\GO::t(""full_days"")),array('first_name', 'last_name'));
    
    $store->setStatement(\GO\Files\Model\File::model()->findRecent($start,$limit));

    $response = $store->getData();
    
    $store->setStatement(\GO\Files\Model\File::model()->findRecent());
    $response['total'] = $store->getTotal();
    
    return $response;
}
    "," SE: The 'path' value, which may contain user input, is directly concatenated into HTML content without sanitation in the 'get_response_file_data' function.
BL: `$response['data']['path'] = $model->path;`
BUG FOUND: YES

Explanation:
The 'path' value is obtained from the $model object, and it is possible that this value includes user-provided data. This data is then directly used to build the HTML response without any sanitation, which could potentially lead to Cross-Site Scripting (XSS) vulnerabilities if the user input is not properly escaped. To mitigate this risk, you should sanitize the 'path' value before using it in the HTML response.",mixtral-8x7b-32768
54,"Analyze the file content below and tell me if there's any line that may contain a bug of type CWE-79 (Improper Neutralization of Input During Web Page Generation: Cross-Site Scripting). Your output must adhere to the following structure.

Expected Output Structure:
SE: very Short Explanation of why the line may contain a bug of given type (e.g., The 'user_input' is directly concatenated into HTML content without sanitation).
BL: the Bugged Line, if any is found, else none (e.g., `response = ""<html><body><h1>Welcome, "" + user_input + ""!</h1></body></html>""`).
BUG FOUND: YES if a bug is found, else NO.

Example output:
SE: The 'user_input' is directly concatenated into HTML content without sanitation.
BL: `response = ""<html><body><h1>Welcome, "" + user_input + ""!</h1></body></html>""`
BUG FOUND: YES

File Content:
import { IMarkdownParser, renderMarkdown } from '@jupyterlab/rendermime';
import { TableOfContents } from '../tokens';

/**
 * Markdown heading
 */
export interface IMarkdownHeading extends TableOfContents.IHeading {
  /**
   * Heading line
   */
  line: number;

  /**
   * Raw string containing the heading
   */
  raw: string;
}
/**
 * Parses the provided string and returns a list of headings.
 *
 * @param text - Input text
 * @returns List of headings
 */
export function getHeadings(text: string): IMarkdownHeading[] {
  // Split the text into lines:
  const lines = text.split('\n');

  // Iterate over the lines to get the header level and text for each line:
  const headings = new Array<IMarkdownHeading>();
  let isCodeBlock;
  let lineIdx = 0;

  // Don't check for Markdown headings if in a YAML frontmatter block.
  // We can only start a frontmatter block on the first line of the file.
  // At other positions in a markdown file, '---' represents a horizontal rule.
  if (lines[lineIdx] === '---') {
    // Search for another '---' and treat that as the end of the frontmatter.
    // If we don't find one, treat the file as containing no frontmatter.
    for (
      let frontmatterEndLineIdx = lineIdx + 1;
      frontmatterEndLineIdx < lines.length;
      frontmatterEndLineIdx++
    ) {
      if (lines[frontmatterEndLineIdx] === '---') {
        lineIdx = frontmatterEndLineIdx + 1;
        break;
      }
    }
  }

  for (; lineIdx < lines.length; lineIdx++) {
    const line = lines[lineIdx];

    if (line === '') {
      // Bail early
      continue;
    }

    // Don't check for Markdown headings if in a code block
    if (line.startsWith('```')) {
      isCodeBlock = !isCodeBlock;
    }
    if (isCodeBlock) {
      continue;
    }

    const heading = parseHeading(line, lines[lineIdx + 1]); // append the next line to capture alternative style Markdown headings

    if (heading) {
      headings.push({
        ...heading,
        line: lineIdx
      });
    }
  }
  return headings;
}
const MARKDOWN_MIME_TYPE = [
  'text/x-ipythongfm',
  'text/x-markdown',
  'text/x-gfm',
  'text/markdown'
];
/**
 * Returns whether a MIME type corresponds to a Markdown flavor.
 *
 * @param mime - MIME type string
 * @returns boolean indicating whether a provided MIME type corresponds to a Markdown flavor
 *
 * @example
 * const bool = isMarkdown('text/markdown');
 * // returns true
 *
 * @example
 * const bool = isMarkdown('text/plain');
 * // returns false
 */
export function isMarkdown(mime: string): boolean {
  return MARKDOWN_MIME_TYPE.includes(mime);
}
/**
 * Interface describing a parsed heading result.
 *
 * @private
 */
interface IHeader {
  /**
   * Heading text.
   */
  text: string;

  /**
   * Heading level.
   */
  level: number;

  /**
   * Raw string containing the heading
   */
  raw: string;

  /**
   * Whether the heading is marked to skip or not
   */
  skip: boolean;
}
function cleanTitle(heading: string): string {
  // take special care to parse Markdown links into raw text
  return heading.replace(/\[(.+)\]\(.+\)/g, '$1');
}
export async function getHeadingId(
  parser: IMarkdownParser,
  raw: string,
  level: number
) {
  const innerHTML = await parser.render(raw);

  if (!innerHTML) {
    return null;
  }

  const container = document.createElement('div');
  container.innerHTML = innerHTML;
  const header = container.querySelector(`h${level}`);
  if (!header) {
    return null;
  }

  return renderMarkdown.createHeaderId(header);
}
import { IMarkdownParser, renderMarkdown } from '@jupyterlab/rendermime';
import { TableOfContents } from '../tokens';

/**
 * Markdown heading
 */
export interface IMarkdownHeading extends TableOfContents.IHeading {
  /**
   * Heading line
   */
  line: number;

  /**
   * Raw string containing the heading
   */
  raw: string;
}
function cleanTitle(heading: string): string {
  // take special care to parse Markdown links into raw text
  return heading.replace(/\[(.+)\]\(.+\)/g, '$1');
}
/**
 * Ignore title with html tag with a class name equal to `jp-toc-ignore` or `tocSkip`
 */
const skipHeading =
  /<\w+\s(.*?\s)?class=""(.*?\s)?(jp-toc-ignore|tocSkip)(\s.*?)?""(\s.*?)?>/;
    "," SE: The 'raw' property of an IMarkdownHeading object is directly used as HTML content without sanitation.
BL: `const innerHTML = await parser.render(raw);` and `container.innerHTML = innerHTML;`
BUG FOUND: YES
Explanation:
The 'raw' property of an IMarkdownHeading object is directly used in the 'parser.render(raw)' function and the resulting HTML content is then inserted into the 'innerHTML' property of a DOM element without proper sanitation. This can lead to Cross-Site Scripting (XSS) vulnerabilities if the 'raw' property contains user-supplied input. To mitigate this, user input should be properly sanitized before being used in this manner.",mixtral-8x7b-32768
59,"Analyze the file content below and tell me if there's any line that may contain a bug of type CWE-79 (Improper Neutralization of Input During Web Page Generation: Cross-Site Scripting). Your output must adhere to the following structure.

Expected Output Structure:
SE: very Short Explanation of why the line may contain a bug of given type (e.g., The 'user_input' is directly concatenated into HTML content without sanitation).
BL: the Bugged Line, if any is found, else none (e.g., `response = ""<html><body><h1>Welcome, "" + user_input + ""!</h1></body></html>""`).
BUG FOUND: YES if a bug is found, else NO.

Example output:
SE: The 'user_input' is directly concatenated into HTML content without sanitation.
BL: `response = ""<html><body><h1>Welcome, "" + user_input + ""!</h1></body></html>""`
BUG FOUND: YES

File Content:
<?php
protected $model = 'GO\Files\Model\File';
protected function allowGuests() {
    return array('download'); //permissions will be checked manually in that action
}
protected function actionCorrectQuotaUser() {
    $time_start = microtime(true); 
    $count = 0;
    
    $userFolder = \GO\Files\Model\Folder::model()->findByPath('users');
    foreach($userFolder->folders() as $homeFolder) {
        $homeId = $homeFolder->user_id;
        
        $walkSubfolders = function($folder) use($homeId, &$walkSubfolders, &$count) {
            
            //echo $folder->path.' -> '.$homeId.'<br />';
            $folder->quota_user_id = $homeId;
            if(!$folder->save()) {
                throw new \Exception(""Could not save folder: "".var_export($folder->getValidationErrors(), true));
            }

            foreach($folder->folders() as $subFolder) {
                $walkSubfolders($subFolder);					
                $count++;
            }
        };
        $walkSubfolders($homeFolder);
    }
    $time_end = microtime(true);
    $execution_time = ($time_end - $time_start);
    //echo '<b>'.$count.' Folders updated in:</b> '.$execution_time.' Seconds';
}
/**
 *
 * @param type $params 
 * @todo
 */
protected function actionCreateDownloadLink($params){
    
    $response=array();
    
    $file = \GO\Files\Model\File::model()->findByPk($params['id']);
    
    $url = $file->getEmailDownloadURL(true,\GO\Base\Util\Date::date_add($params['expire_time'],1),$params['delete_when_expired']);
    
    $response['url']=$url;
    $response['success']=true;
    
    return $response;
    
}
protected function get_response_file_data(&$model, &$response) {

    $response['data']['path'] = $model->path;
    $response['data']['size'] = $model->fsFile->size();
    $response['data']['extension'] = strtolower($model->fsFile->extension());
    $response['data']['handler']='startjs:function(){'.$model->getDefaultHandler()->getHandler($model).'}:endjs';

}
protected function actionDisplay($params) {
    
    //custom fields send path as ID.
    if(!empty($params['id']) && !is_numeric($params['id'])){
        $file = \GO\Files\Model\File::model()->findByPath($params['id']);
        $params['id']=$file->id;
    }
    
    return parent::actionDisplay($params);
}
private function isAnimatedGif($filename) {
    if(!($fh = @fopen($filename, 'rb')))
        return false;
    $count = 0;
    //an animated gif contains multiple ""frames"", with each frame having a
    //header made up of:
    // * a static 4-byte sequence (\x00\x21\xF9\x04)
    // * 4 variable bytes
    // * a static 2-byte sequence (\x00\x2C)

    // We read through the file til we reach the end of the file, or we've found
    // at least 2 frame headers
    while(!feof($fh) && $count < 2) {
        $chunk = fread($fh, 1024 * 100); //read 100kb at a time
        $count += preg_match_all('#\x00\x21\xF9\x04.{4}\x00[\x2C\x21]#s', $chunk, $matches);
    }

    fclose($fh);
    return $count > 1;
}
protected function beforeSubmit(&$response, &$model, &$params) {
    
    if(isset($params['name'])){		
        $params['name'] = \GO\Base\Fs\File::stripInvalidChars($params['name']); // Strip invalid chars
        if(isset($params['extension'])) {
            $params['name'].='.'.$params['extension'];
            $model->extension = $params['extension'];
        } else if(!empty($model->fsFile->extension())) {
            $params['name'].='.'.$model->fsFile->extension();
        }
    }
    
    if(isset($params['lock'])){
        //GOTA sends lock parameter It does not know the user ID.
        $model->locked_user_id=empty($params['lock']) ? 0 : \GO::user()->id;
    }
    
    
    $fh = \GO\Files\Model\FileHandler::model()->findByPk(array(
        'extension' => strtolower($model->extension), 
        'user_id' => \GO::user()->id
    ));
    
    if(!$fh)
        $fh = new \GO\Files\Model\FileHandler();
    
    $fh->extension=strtolower($model->extension);
    
    if(isset($params['handlerCls']))
        $fh->cls=$params['handlerCls'];
    
    if(empty($params['handlerCls']))
        $fh->delete();
    else
        $fh->save();
    
    return parent::beforeSubmit($response, $model, $params);
}
    "," SE: The 'expire_time' parameter is directly concatenated into the URL without sanitation, which could potentially allow for Cross-Site Scripting (XSS) attacks if the input is not properly controlled.
BL: `$url = $file->getEmailDownloadURL(true, \GO\Base\Util\Date::date_add($params['expire_time'],1),$params['delete_when_expired']);`
BUG FOUND: YES

Note: Although the 'expire\_time' parameter is passed through the \GO\Base\Util\Date::date\_add() function, it's still important to ensure that the output of this function is properly sanitized before being concatenated into the URL. If the 'expire\_time' parameter itself contains malicious content, it might still pose a security risk.",mixtral-8x7b-32768
49,"Analyze the file content below and tell me if there's any line that may contain a bug of type CWE-79 (Improper Neutralization of Input During Web Page Generation: Cross-Site Scripting). Your output must adhere to the following structure.

Expected Output Structure:
SE: very Short Explanation of why the line may contain a bug of given type (e.g., The 'user_input' is directly concatenated into HTML content without sanitation).
BL: the Bugged Line, if any is found, else none (e.g., `response = ""<html><body><h1>Welcome, "" + user_input + ""!</h1></body></html>""`).
BUG FOUND: YES if a bug is found, else NO.

Example output:
SE: The 'user_input' is directly concatenated into HTML content without sanitation.
BL: `response = ""<html><body><h1>Welcome, "" + user_input + ""!</h1></body></html>""`
BUG FOUND: YES

File Content:
import { IMarkdownParser, renderMarkdown } from '@jupyterlab/rendermime';
import { TableOfContents } from '../tokens';

/**
 * Markdown heading
 */
export interface IMarkdownHeading extends TableOfContents.IHeading {
  /**
   * Heading line
   */
  line: number;

  /**
   * Raw string containing the heading
   */
  raw: string;
}
const MARKDOWN_MIME_TYPE = [
  'text/x-ipythongfm',
  'text/x-markdown',
  'text/x-gfm',
  'text/markdown'
];
function cleanTitle(heading: string): string {
  // take special care to parse Markdown links into raw text
  return heading.replace(/\[(.+)\]\(.+\)/g, '$1');
}
export async function getHeadingId(
  parser: IMarkdownParser,
  raw: string,
  level: number
) {
  const innerHTML = await parser.render(raw);

  if (!innerHTML) {
    return null;
  }

  const container = document.createElement('div');
  container.innerHTML = innerHTML;
  const header = container.querySelector(`h${level}`);
  if (!header) {
    return null;
  }

  return renderMarkdown.createHeaderId(header);
}
/**
 * Returns whether a MIME type corresponds to a Markdown flavor.
 *
 * @param mime - MIME type string
 * @returns boolean indicating whether a provided MIME type corresponds to a Markdown flavor
 *
 * @example
 * const bool = isMarkdown('text/markdown');
 * // returns true
 *
 * @example
 * const bool = isMarkdown('text/plain');
 * // returns false
 */
export function isMarkdown(mime: string): boolean {
  return MARKDOWN_MIME_TYPE.includes(mime);
}
/**
 * Interface describing a parsed heading result.
 *
 * @private
 */
interface IHeader {
  /**
   * Heading text.
   */
  text: string;

  /**
   * Heading level.
   */
  level: number;

  /**
   * Raw string containing the heading
   */
  raw: string;

  /**
   * Whether the heading is marked to skip or not
   */
  skip: boolean;
}
/**
 * Parses a heading, if one exists, from a provided string.
 *
 * ## Notes
 *
 * -   Heading examples:
 *
 *     -   Markdown heading:
 *
 *         ```
 *         # Foo
 *         ```
 *
 *     -   Markdown heading (alternative style):
 *
 *         ```
 *         Foo
 *         ===
 *         ```
 *
 *         ```
 *         Foo
 *         ---
 *         ```
 *
 *     -   HTML heading:
 *
 *         ```
 *         <h3>Foo</h3>
 *         ```
 *
 * @private
 * @param line - Line to parse
 * @param nextLine - The line after the one to parse
 * @returns heading info
 *
 * @example
 * const out = parseHeading('### Foo\n');
 * // returns {'text': 'Foo', 'level': 3}
 *
 * @example
 * const out = parseHeading('Foo\n===\n');
 * // returns {'text': 'Foo', 'level': 1}
 *
 * @example
 * const out = parseHeading('<h4>Foo</h4>\n');
 * // returns {'text': 'Foo', 'level': 4}
 *
 * @example
 * const out = parseHeading('Foo');
 * // returns null
 */
function parseHeading(line: string, nextLine?: string): IHeader | null {
  // Case: Markdown heading
  let match = line.match(/^([#]{1,6}) (.*)/);
  if (match) {
    return {
      text: cleanTitle(match[2]),
      level: match[1].length,
      raw: line,
      skip: skipHeading.test(match[0])
    };
  }
  // Case: Markdown heading (alternative style)
  if (nextLine) {
    match = nextLine.match(/^ {0,3}([=]{2,}|[-]{2,})\s*$/);
    if (match) {
      return {
        text: cleanTitle(line),
        level: match[1][0] === '=' ? 1 : 2,
        raw: [line, nextLine].join('\n'),
        skip: skipHeading.test(line)
      };
    }
  }
  // Case: HTML heading (WARNING: this is not particularly robust, as HTML headings can span multiple lines)
  match = line.match(/<h([1-6]).*>(.*)<\/h\1>/i);
  if (match) {
    return {
      text: match[2],
      level: parseInt(match[1], 10),
      skip: skipHeading.test(match[0]),
      raw: line
    };
  }

  return null;
}
/**
 * Ignore title with html tag with a class name equal to `jp-toc-ignore` or `tocSkip`
 */
const skipHeading =
  /<\w+\s(.*?\s)?class=""(.*?\s)?(jp-toc-ignore|tocSkip)(\s.*?)?""(\s.*?)?>/;
    "," SE: The 'header' variable in the 'getHeadingId' function takes the 'innerHTML' which is generated from user provided 'raw' and is directly used in the 'container.innerHTML' without proper sanitation. This can lead to Cross-Site Scripting (XSS) attacks if the 'raw' input is not properly sanitized.
BL: `container.innerHTML = innerHTML;`
BUG FOUND: YES

SE: The 'line' variable in the 'parseHeading' function is directly used in the 'match' function which can lead to Cross-Site Scripting (XSS) attacks if the 'line' input is not properly sanitized.
BL: `match = line.match(/^([#]{1,6}) (.*)/);` and `match = nextLine.match(/^ {0,3}([=]{2,}|[-]{2,})\s*$/);` and `match = line.match(/<h([1-6]).*>(.*)<\/h\1>/i);`
BUG FOUND: YES

SE: The 'nextLine' variable in the 'parseHeading' function is directly used in the 'match' function which can lead to Cross-Site Scripting (XSS) attacks if the 'nextLine' input is not properly sanitized.
BL: `match = nextLine.match(/^ {0,3}([=]{2,}|[-]{2,})\s*$/);`
BUG FOUND: YES",mixtral-8x7b-32768
52,"Analyze the file content below and tell me if there's any line that may contain a bug of type CWE-79 (Improper Neutralization of Input During Web Page Generation: Cross-Site Scripting). Your output must adhere to the following structure.

Expected Output Structure:
SE: very Short Explanation of why the line may contain a bug of given type (e.g., The 'user_input' is directly concatenated into HTML content without sanitation).
BL: the Bugged Line, if any is found, else none (e.g., `response = ""<html><body><h1>Welcome, "" + user_input + ""!</h1></body></html>""`).
BUG FOUND: YES if a bug is found, else NO.

Example output:
SE: The 'user_input' is directly concatenated into HTML content without sanitation.
BL: `response = ""<html><body><h1>Welcome, "" + user_input + ""!</h1></body></html>""`
BUG FOUND: YES

File Content:
/**
 * Parses a heading, if one exists, from a provided string.
 *
 * ## Notes
 *
 * -   Heading examples:
 *
 *     -   Markdown heading:
 *
 *         ```
 *         # Foo
 *         ```
 *
 *     -   Markdown heading (alternative style):
 *
 *         ```
 *         Foo
 *         ===
 *         ```
 *
 *         ```
 *         Foo
 *         ---
 *         ```
 *
 *     -   HTML heading:
 *
 *         ```
 *         <h3>Foo</h3>
 *         ```
 *
 * @private
 * @param line - Line to parse
 * @param nextLine - The line after the one to parse
 * @returns heading info
 *
 * @example
 * const out = parseHeading('### Foo\n');
 * // returns {'text': 'Foo', 'level': 3}
 *
 * @example
 * const out = parseHeading('Foo\n===\n');
 * // returns {'text': 'Foo', 'level': 1}
 *
 * @example
 * const out = parseHeading('<h4>Foo</h4>\n');
 * // returns {'text': 'Foo', 'level': 4}
 *
 * @example
 * const out = parseHeading('Foo');
 * // returns null
 */
function parseHeading(line: string, nextLine?: string): IHeader | null {
  // Case: Markdown heading
  let match = line.match(/^([#]{1,6}) (.*)/);
  if (match) {
    return {
      text: cleanTitle(match[2]),
      level: match[1].length,
      raw: line,
      skip: skipHeading.test(match[0])
    };
  }
  // Case: Markdown heading (alternative style)
  if (nextLine) {
    match = nextLine.match(/^ {0,3}([=]{2,}|[-]{2,})\s*$/);
    if (match) {
      return {
        text: cleanTitle(line),
        level: match[1][0] === '=' ? 1 : 2,
        raw: [line, nextLine].join('\n'),
        skip: skipHeading.test(line)
      };
    }
  }
  // Case: HTML heading (WARNING: this is not particularly robust, as HTML headings can span multiple lines)
  match = line.match(/<h([1-6]).*>(.*)<\/h\1>/i);
  if (match) {
    return {
      text: match[2],
      level: parseInt(match[1], 10),
      skip: skipHeading.test(match[0]),
      raw: line
    };
  }

  return null;
}
function cleanTitle(heading: string): string {
  // take special care to parse Markdown links into raw text
  return heading.replace(/\[(.+)\]\(.+\)/g, '$1');
}
export async function getHeadingId(
  parser: IMarkdownParser,
  raw: string,
  level: number
) {
  const innerHTML = await parser.render(raw);

  if (!innerHTML) {
    return null;
  }

  const container = document.createElement('div');
  container.innerHTML = innerHTML;
  const header = container.querySelector(`h${level}`);
  if (!header) {
    return null;
  }

  return renderMarkdown.createHeaderId(header);
}
import { IMarkdownParser, renderMarkdown } from '@jupyterlab/rendermime';
import { TableOfContents } from '../tokens';

/**
 * Markdown heading
 */
export interface IMarkdownHeading extends TableOfContents.IHeading {
  /**
   * Heading line
   */
  line: number;

  /**
   * Raw string containing the heading
   */
  raw: string;
}
const MARKDOWN_MIME_TYPE = [
  'text/x-ipythongfm',
  'text/x-markdown',
  'text/x-gfm',
  'text/markdown'
];
/**
 * Returns whether a MIME type corresponds to a Markdown flavor.
 *
 * @param mime - MIME type string
 * @returns boolean indicating whether a provided MIME type corresponds to a Markdown flavor
 *
 * @example
 * const bool = isMarkdown('text/markdown');
 * // returns true
 *
 * @example
 * const bool = isMarkdown('text/plain');
 * // returns false
 */
export function isMarkdown(mime: string): boolean {
  return MARKDOWN_MIME_TYPE.includes(mime);
}
/**
 * Interface describing a parsed heading result.
 *
 * @private
 */
interface IHeader {
  /**
   * Heading text.
   */
  text: string;

  /**
   * Heading level.
   */
  level: number;

  /**
   * Raw string containing the heading
   */
  raw: string;

  /**
   * Whether the heading is marked to skip or not
   */
  skip: boolean;
}
/**
 * Ignore title with html tag with a class name equal to `jp-toc-ignore` or `tocSkip`
 */
const skipHeading =
  /<\w+\s(.*?\s)?class=""(.*?\s)?(jp-toc-ignore|tocSkip)(\s.*?)?""(\s.*?)?>/;
    "," SE: The 'line' parameter in the 'parseHeading' function is directly used in the regex pattern without sanitation, which could potentially lead to Cross-Site Scripting (XSS) if 'line' contains user-supplied input with malicious HTML tags or attributes.
BL: `let match = line.match(/^([#]{1,6}) (.*)/);`
BUG FOUND: YES

SE: The 'nextLine' parameter in the 'parseHeading' function is directly used in the regex pattern without sanitation, which could potentially lead to Cross-Site Scripting (XSS) if 'nextLine' contains user-supplied input with malicious HTML tags or attributes.
BL: `match = nextLine.match(/^ {0,3}([=]{2,}|[-]{2,})\s*$/);`
BUG FOUND: YES

SE: The 'line' parameter in the 'parseHeading' function is directly used in the regex pattern without sanitation, which could potentially lead to Cross-Site Scripting (XSS) if 'line' contains user-supplied input with malicious HTML tags or attributes.
BL: `match = line.match(/<h([1-6]).*>(.*)<\/h\1>/i);`
BUG FOUND: YES

Please ensure to sanitize or validate 'line' and 'nextLine' parameters to prevent potential XSS attacks.",mixtral-8x7b-32768
67,"Analyze the file content below and tell me if there's any line that may contain a bug of type CWE-79 (Improper Neutralization of Input During Web Page Generation: Cross-Site Scripting). Your output must adhere to the following structure.

Expected Output Structure:
SE: very Short Explanation of why the line may contain a bug of given type (e.g., The 'user_input' is directly concatenated into HTML content without sanitation).
BL: the Bugged Line, if any is found, else none (e.g., `response = ""<html><body><h1>Welcome, "" + user_input + ""!</h1></body></html>""`).
BUG FOUND: YES if a bug is found, else NO.

Example output:
SE: The 'user_input' is directly concatenated into HTML content without sanitation.
BL: `response = ""<html><body><h1>Welcome, "" + user_input + ""!</h1></body></html>""`
BUG FOUND: YES

File Content:
<?php
if (!defined('IS_VALID_PHPMYFAQ')) {
    http_response_code(400);
    exit();
}
$crumbs = array_slice($allCrumbs, ($page - 1) * $itemsPerPage, $itemsPerPage);
//
// Create Request & Response
//
$response = new JsonResponse();
$request = Request::createFromGlobals();

$ajaxAction = Filter::filterVar($request->query->get('ajaxaction'), FILTER_SANITIZE_SPECIAL_CHARS);
$attId = Filter::filterVar($request->query->get('attId'), FILTER_VALIDATE_INT);
$recordId = Filter::filterVar($request->request->get('record_id'), FILTER_SANITIZE_SPECIAL_CHARS);
$recordLang = Filter::filterVar($request->request->get('record_lang'), FILTER_SANITIZE_SPECIAL_CHARS);
$csrfToken = Filter::filterVar($request->query->get('csrf'), FILTER_SANITIZE_SPECIAL_CHARS);
/**
 * Private phpMyFAQ Admin API: handling of REST category calls.
 *
 * This Source Code Form is subject to the terms of the Mozilla Public License,
 * v. 2.0. If a copy of the MPL was not distributed with this file, You can
 * obtain one at https://mozilla.org/MPL/2.0/.
 *
 * @package   phpMyFAQ
 * @author    Thorsten Rinne <thorsten@phpmyfaq.de>
 * @copyright 2012-2023 phpMyFAQ Team
 * @license   https://www.mozilla.org/MPL/2.0/ Mozilla Public License Version 2.0
 * @link      https://www.phpmyfaq.de
 * @since     2012-12-26
 */

use phpMyFAQ\Category;
use phpMyFAQ\Category\CategoryOrder;
use phpMyFAQ\Category\CategoryPermission;
use phpMyFAQ\Filter;
use phpMyFAQ\Session\Token;
use phpMyFAQ\Translation;
use Symfony\Component\HttpFoundation\JsonResponse;
use Symfony\Component\HttpFoundation\Request;
use Symfony\Component\HttpFoundation\Response;
function renderTableRowData($item)
{
    return '
        <td>' . $item->id . '</td>
        <td>' . $item->filename . '</td>
        <td>' . $item->record_lang . '</td>
        <td>' . Utils::formatBytes($item->filesize) . '</td>
        <td>' . $item->mime_type . '</td>
    ';
}
$pagination = new Pagination(
    [
        'baseUrl' => $faqConfig->getDefaultUrl() . $request->getRequestUri(),
        'total' => is_countable($allCrumbs) ? count($allCrumbs) : 0,
        'perPage' => $itemsPerPage,
    ]
);
function renderActionButtons($item)
{
    $deleteButton = '
        <button class=""btn btn-danger btn-delete-attachment"" title=""' . Translation::get('ad_gen_delete') . '""
                data-attachment-id=""' . $item->id . '""
                data-csrf=""' . Token::getInstance()->getTokenString('delete-attachment') . '"">
            <i aria-hidden=""true"" class=""fa fa-trash btn-delete-attachment"" data-attachment-id=""' . $item->id . '""
                data-csrf=""' . Token::getInstance()->getTokenString('delete-attachment') . '""></i>
        </button>
    ';

    $linkButton = '
        <a title=""' . Translation::get('ad_entry_faq_record') . '"" class=""btn btn-info""
           href=""../index.php?action=faq&id=' . $item->record_id . '&lang=' . $item->record_lang . '"">
            <i aria-hidden=""true"" class=""fa fa-link""></i>
        </a>
    ';

    return '
        <td>' . $deleteButton . '</td>
        <td>' . $linkButton . '</td>
    ';
}
<div class=""row"">
  <div class=""col-lg-12"">
    <table class=""table table-striped align-middle"">
      <thead>
      <tr>
        <th>#</th>
        <th><?= Translation::get('msgAttachmentsFilename') ?></th>
        <th><?= Translation::get('msgTransToolLanguage') ?></th>
        <th><?= Translation::get('msgAttachmentsFilesize') ?></th>
        <th colspan=""3""><?= Translation::get('msgAttachmentsMimeType') ?></th>
      </tr>
      </thead>
      <tbody id=""attachment-table"">
      <?php foreach ($crumbs as $item) : ?>
        <tr id=""attachment_<?= $item->id ?>"" title=""<?= $item->thema ?>"">
          <?= renderTableRowData($item) ?>
          <?= renderActionButtons($item) ?>
        </tr>
      <?php endforeach; ?>
      </tbody>
      <tfoot>
      <tr>
        <td colspan=""5""><?= $pagination->render(); ?></td>
      </tr>
      </tfoot>
    </table>
  </div>
</div>
if (!defined('IS_VALID_PHPMYFAQ')) {
    http_response_code(400);
    exit();
}

//
// Create Request & Response
//
$response = new JsonResponse();
$request = Request::createFromGlobals();

$deleteData = json_decode(file_get_contents('php://input', true));
    "," SE: The 'translation' is directly concatenated into HTML content without sanitation.
BL: `<th><?= Translation::get('msgAttachmentsFilename') ?></th>`
BUG FOUND: YES

SE: The 'translation' is directly concatenated into HTML content without sanitation.
BL: `<th><?= Translation::get('msgTransToolLanguage') ?></th>`
BUG FOUND: YES

SE: The 'translation' is directly concatenated into HTML content without sanitation.
BL: `<th><?= Translation::get('msgAttachmentsFilesize') ?></th>`
BUG FOUND: YES

SE: The 'translation' is directly concatenated into HTML content without sanitation.
BL: `<th colspan=""3""><?= Translation::get('msgAttachmentsMimeType') ?></th>`
BUG FOUND: YES",mixtral-8x7b-32768
65,"Analyze the file content below and tell me if there's any line that may contain a bug of type CWE-79 (Improper Neutralization of Input During Web Page Generation: Cross-Site Scripting). Your output must adhere to the following structure.

Expected Output Structure:
SE: very Short Explanation of why the line may contain a bug of given type (e.g., The 'user_input' is directly concatenated into HTML content without sanitation).
BL: the Bugged Line, if any is found, else none (e.g., `response = ""<html><body><h1>Welcome, "" + user_input + ""!</h1></body></html>""`).
BUG FOUND: YES if a bug is found, else NO.

Example output:
SE: The 'user_input' is directly concatenated into HTML content without sanitation.
BL: `response = ""<html><body><h1>Welcome, "" + user_input + ""!</h1></body></html>""`
BUG FOUND: YES

File Content:
<?php
$request = Request::createFromGlobals();
$crumbs = array_slice($allCrumbs, ($page - 1) * $itemsPerPage, $itemsPerPage);
use phpMyFAQ\Api;
use phpMyFAQ\Configuration;
use phpMyFAQ\Filter;
use phpMyFAQ\Session;
use phpMyFAQ\Translation;
use Symfony\Component\HttpFoundation\JsonResponse;
use Symfony\Component\HttpFoundation\Request;
use Symfony\Component\HttpFoundation\Response;
use Symfony\Contracts\HttpClient\Exception\DecodingExceptionInterface;
use Symfony\Contracts\HttpClient\Exception\TransportExceptionInterface;

if (!defined('IS_VALID_PHPMYFAQ')) {
    http_response_code(400);
    exit();
}
function renderTableRowData($item)
{
    return '
        <td>' . $item->id . '</td>
        <td>' . $item->filename . '</td>
        <td>' . $item->record_lang . '</td>
        <td>' . Utils::formatBytes($item->filesize) . '</td>
        <td>' . $item->mime_type . '</td>
    ';
}
if (!defined('IS_VALID_PHPMYFAQ')) {
    http_response_code(400);
    exit();
}
$page = Filter::filterVar($request->query->get('page'), FILTER_VALIDATE_INT);
$page = max(1, $page);

$attachmentCollection = new AttachmentCollection($faqConfig);
$itemsPerPage = 24;
$allCrumbs = $attachmentCollection->getBreadcrumbs();
<div class=""row"">
  <div class=""col-lg-12"">
    <table class=""table table-striped align-middle"">
      <thead>
      <tr>
        <th>#</th>
        <th><?= Translation::get('msgAttachmentsFilename') ?></th>
        <th><?= Translation::get('msgTransToolLanguage') ?></th>
        <th><?= Translation::get('msgAttachmentsFilesize') ?></th>
        <th colspan=""3""><?= Translation::get('msgAttachmentsMimeType') ?></th>
      </tr>
      </thead>
      <tbody id=""attachment-table"">
      <?php foreach ($crumbs as $item) : ?>
        <tr id=""attachment_<?= $item->id ?>"" title=""<?= $item->thema ?>"">
          <?= renderTableRowData($item) ?>
          <?= renderActionButtons($item) ?>
        </tr>
      <?php endforeach; ?>
      </tbody>
      <tfoot>
      <tr>
        <td colspan=""5""><?= $pagination->render(); ?></td>
      </tr>
      </tfoot>
    </table>
  </div>
</div>
use phpMyFAQ\Attachment\AttachmentException;
use phpMyFAQ\Attachment\AttachmentFactory;
use phpMyFAQ\Filter;
use phpMyFAQ\Session\Token;
use phpMyFAQ\Translation;
use Symfony\Component\HttpFoundation\JsonResponse;
use Symfony\Component\HttpFoundation\Request;
use Symfony\Component\HttpFoundation\Response;

if (!defined('IS_VALID_PHPMYFAQ')) {
    http_response_code(400);
    exit();
}
//
// Create Request & Response
//
$response = new JsonResponse();
$request = Request::createFromGlobals();

$ajaxAction = Filter::filterVar($request->query->get('ajaxaction'), FILTER_SANITIZE_SPECIAL_CHARS);
$attId = Filter::filterVar($request->query->get('attId'), FILTER_VALIDATE_INT);
$recordId = Filter::filterVar($request->request->get('record_id'), FILTER_SANITIZE_SPECIAL_CHARS);
$recordLang = Filter::filterVar($request->request->get('record_lang'), FILTER_SANITIZE_SPECIAL_CHARS);
$csrfToken = Filter::filterVar($request->query->get('csrf'), FILTER_SANITIZE_SPECIAL_CHARS);
if (!defined('IS_VALID_PHPMYFAQ')) {
    http_response_code(400);
    exit();
}

//
// Create Request & Response
//
$response = new JsonResponse();
$request = Request::createFromGlobals();

$ajaxAction = Filter::filterVar($request->query->get('ajaxaction'), FILTER_SANITIZE_SPECIAL_CHARS);
$csrfToken = Filter::filterVar($request->query->get('csrf'), FILTER_SANITIZE_SPECIAL_CHARS);
/**
 * Private phpMyFAQ Admin API: deletes comments with the given id.
 *
 * This Source Code Form is subject to the terms of the Mozilla Public License,
 * v. 2.0. If a copy of the MPL was not distributed with this file, You can
 * obtain one at https://mozilla.org/MPL/2.0/.
 *
 * @package   phpMyFAQ
 * @author    Thorsten Rinne <thorsten@phpmyfaq.de>
 * @copyright 2009-2023 phpMyFAQ Team
 * @license   https://www.mozilla.org/MPL/2.0/ Mozilla Public License Version 2.0
 * @link      https://www.phpmyfaq.de
 * @since     2009-03-20
 */

use phpMyFAQ\Comments;
use phpMyFAQ\Session\Token;
use phpMyFAQ\Translation;
use Symfony\Component\HttpFoundation\JsonResponse;
use Symfony\Component\HttpFoundation\Request;
use Symfony\Component\HttpFoundation\Response;
    "," SE: The 'translation::get' method directly concatenates user-provided input (through msgAttachmentsFilename, msgTransToolLanguage, msgAttachmentsFilesize, msgAttachmentsMimeType) into HTML content without sanitation.
BL: `<th><?= Translation::get('msgAttachmentsFilename') ?></th>`, `<th><?= Translation::get('msgTransToolLanguage') ?></th>`, `<th><?= Translation::get('msgAttachmentsFilesize') ?></th>`, `<th colspan=""3""><?= Translation::get('msgAttachmentsMimeType') ?></th>`
BUG FOUND: YES

Additional unmitigated lines:

SE: The 'translation::get' method directly concatenates user-provided input (through msgAttachmentsFilename, msgTransToolLanguage, msgAttachmentsFilesize, msgAttachmentsMimeType) into HTML content without sanitation.
BL: `<td>' . $item->filename . '</td>`, `<td>' . $item->record_lang . '</td>`, `<td>' . Utils::formatBytes($item->filesize) . '</td>`, `<td>' . $item->mime_type . '</td>` in renderTableRowData function.
BUG FOUND: YES

SE: The 'translation::get' method directly concatenates user-provided input (through msgAttachmentsFilename, msgTransToolLanguage, msgAttachmentsFilesize, msgAttachmentsMimeType) into HTML content without sanitation.
BL: `<td><?= $item->filename ?></td>`, `<td><?= $item->record_lang ?></td>`, `<td><?= Utils::formatBytes($item->filesize) ?></td>`, `<td><?= $item->mime_type ?></td>` in the foreach loop.
BUG FOUND: YES",mixtral-8x7b-32768
68,"Analyze the file content below and tell me if there's any line that may contain a bug of type CWE-79 (Improper Neutralization of Input During Web Page Generation: Cross-Site Scripting). Your output must adhere to the following structure.

Expected Output Structure:
SE: very Short Explanation of why the line may contain a bug of given type (e.g., The 'user_input' is directly concatenated into HTML content without sanitation).
BL: the Bugged Line, if any is found, else none (e.g., `response = ""<html><body><h1>Welcome, "" + user_input + ""!</h1></body></html>""`).
BUG FOUND: YES if a bug is found, else NO.

Example output:
SE: The 'user_input' is directly concatenated into HTML content without sanitation.
BL: `response = ""<html><body><h1>Welcome, "" + user_input + ""!</h1></body></html>""`
BUG FOUND: YES

File Content:
<?php
use phpMyFAQ\Attachment\AttachmentCollection;
use phpMyFAQ\Filter;
use phpMyFAQ\Pagination;
use phpMyFAQ\Session\Token;
use phpMyFAQ\Translation;
use phpMyFAQ\Utils;
use Symfony\Component\HttpFoundation\Request;
if (!defined('IS_VALID_PHPMYFAQ')) {
    http_response_code(400);
    exit();
}
$request = Request::createFromGlobals();
$crumbs = array_slice($allCrumbs, ($page - 1) * $itemsPerPage, $itemsPerPage);
$pagination = new Pagination(
    [
        'baseUrl' => $faqConfig->getDefaultUrl() . $request->getRequestUri(),
        'total' => is_countable($allCrumbs) ? count($allCrumbs) : 0,
        'perPage' => $itemsPerPage,
    ]
);
<div class=""row"">
  <div class=""col-lg-12"">
    <table class=""table table-striped align-middle"">
      <thead>
      <tr>
        <th>#</th>
        <th><?= Translation::get('msgAttachmentsFilename') ?></th>
        <th><?= Translation::get('msgTransToolLanguage') ?></th>
        <th><?= Translation::get('msgAttachmentsFilesize') ?></th>
        <th colspan=""3""><?= Translation::get('msgAttachmentsMimeType') ?></th>
      </tr>
      </thead>
      <tbody id=""attachment-table"">
      <?php foreach ($crumbs as $item) : ?>
        <tr id=""attachment_<?= $item->id ?>"" title=""<?= $item->thema ?>"">
          <?= renderTableRowData($item) ?>
          <?= renderActionButtons($item) ?>
        </tr>
      <?php endforeach; ?>
      </tbody>
      <tfoot>
      <tr>
        <td colspan=""5""><?= $pagination->render(); ?></td>
      </tr>
      </tfoot>
    </table>
  </div>
</div>
//
// Create Request & Response
//
$response = new JsonResponse();
$request = Request::createFromGlobals();

$ajaxAction = Filter::filterVar($request->query->get('ajaxaction'), FILTER_SANITIZE_SPECIAL_CHARS);
$attId = Filter::filterVar($request->query->get('attId'), FILTER_VALIDATE_INT);
$recordId = Filter::filterVar($request->request->get('record_id'), FILTER_SANITIZE_SPECIAL_CHARS);
$recordLang = Filter::filterVar($request->request->get('record_lang'), FILTER_SANITIZE_SPECIAL_CHARS);
$csrfToken = Filter::filterVar($request->query->get('csrf'), FILTER_SANITIZE_SPECIAL_CHARS);
function renderTableRowData($item)
{
    return '
        <td>' . $item->id . '</td>
        <td>' . $item->filename . '</td>
        <td>' . $item->record_lang . '</td>
        <td>' . Utils::formatBytes($item->filesize) . '</td>
        <td>' . $item->mime_type . '</td>
    ';
}
$page = Filter::filterVar($request->query->get('page'), FILTER_VALIDATE_INT);
$page = max(1, $page);

$attachmentCollection = new AttachmentCollection($faqConfig);
$itemsPerPage = 24;
$allCrumbs = $attachmentCollection->getBreadcrumbs();
?>

<div class=""d-flex justify-content-between flex-wrap flex-md-nowrap align-items-center pt-3 pb-2 mb-3 border-bottom"">
  <h1 class=""h2"">
    <i aria-hidden=""true"" class=""fa fa-paperclip""></i>
      <?= Translation::get('ad_menu_attachment_admin') ?>
  </h1>
</div>
/**
 * Private phpMyFAQ Admin API: deletes comments with the given id.
 *
 * This Source Code Form is subject to the terms of the Mozilla Public License,
 * v. 2.0. If a copy of the MPL was not distributed with this file, You can
 * obtain one at https://mozilla.org/MPL/2.0/.
 *
 * @package   phpMyFAQ
 * @author    Thorsten Rinne <thorsten@phpmyfaq.de>
 * @copyright 2009-2023 phpMyFAQ Team
 * @license   https://www.mozilla.org/MPL/2.0/ Mozilla Public License Version 2.0
 * @link      https://www.phpmyfaq.de
 * @since     2009-03-20
 */

use phpMyFAQ\Comments;
use phpMyFAQ\Session\Token;
use phpMyFAQ\Translation;
use Symfony\Component\HttpFoundation\JsonResponse;
use Symfony\Component\HttpFoundation\Request;
use Symfony\Component\HttpFoundation\Response;
/**
 * Private phpMyFAQ Admin API: handling of REST calls for the dashboard
 *
 * This Source Code Form is subject to the terms of the Mozilla Public License,
 * v. 2.0. If a copy of the MPL was not distributed with this file, You can
 * obtain one at https://mozilla.org/MPL/2.0/.
 *
 * @package   phpMyFAQ
 * @author    Thorsten Rinne <thorsten@phpmyfaq.de>
 * @copyright 2020-2023 phpMyFAQ Team
 * @license   https://www.mozilla.org/MPL/2.0/ Mozilla Public License Version 2.0
 * @link      https://www.phpmyfaq.de
 * @since     2020-10-24
 */
    "," SE: The 'filename' variable is directly concatenated into HTML content without sanitation. If the filename contains user input, it could lead to a Cross-Site Scripting (XSS) attack.
BL: `<td>' . $item->filename . '</td>`
BUG FOUND: YES

Note: The same issue exists for 'record_lang' and 'mime_type' variables as well. They are also directly concatenated into HTML content without sanitation.",mixtral-8x7b-32768
66,"Analyze the file content below and tell me if there's any line that may contain a bug of type CWE-79 (Improper Neutralization of Input During Web Page Generation: Cross-Site Scripting). Your output must adhere to the following structure.

Expected Output Structure:
SE: very Short Explanation of why the line may contain a bug of given type (e.g., The 'user_input' is directly concatenated into HTML content without sanitation).
BL: the Bugged Line, if any is found, else none (e.g., `response = ""<html><body><h1>Welcome, "" + user_input + ""!</h1></body></html>""`).
BUG FOUND: YES if a bug is found, else NO.

Example output:
SE: The 'user_input' is directly concatenated into HTML content without sanitation.
BL: `response = ""<html><body><h1>Welcome, "" + user_input + ""!</h1></body></html>""`
BUG FOUND: YES

File Content:
<?php
use phpMyFAQ\Attachment\AttachmentCollection;
use phpMyFAQ\Filter;
use phpMyFAQ\Pagination;
use phpMyFAQ\Session\Token;
use phpMyFAQ\Translation;
use phpMyFAQ\Utils;
use Symfony\Component\HttpFoundation\Request;
if (!defined('IS_VALID_PHPMYFAQ')) {
    http_response_code(400);
    exit();
}
$pagination = new Pagination(
    [
        'baseUrl' => $faqConfig->getDefaultUrl() . $request->getRequestUri(),
        'total' => is_countable($allCrumbs) ? count($allCrumbs) : 0,
        'perPage' => $itemsPerPage,
    ]
);
//
// Create Request & Response
//
$response = new JsonResponse();
$request = Request::createFromGlobals();

$ajaxAction = Filter::filterVar($request->query->get('ajaxaction'), FILTER_SANITIZE_SPECIAL_CHARS);
$attId = Filter::filterVar($request->query->get('attId'), FILTER_VALIDATE_INT);
$recordId = Filter::filterVar($request->request->get('record_id'), FILTER_SANITIZE_SPECIAL_CHARS);
$recordLang = Filter::filterVar($request->request->get('record_lang'), FILTER_SANITIZE_SPECIAL_CHARS);
$csrfToken = Filter::filterVar($request->query->get('csrf'), FILTER_SANITIZE_SPECIAL_CHARS);
function renderTableRowData($item)
{
    return '
        <td>' . $item->id . '</td>
        <td>' . $item->filename . '</td>
        <td>' . $item->record_lang . '</td>
        <td>' . Utils::formatBytes($item->filesize) . '</td>
        <td>' . $item->mime_type . '</td>
    ';
}
$crumbs = array_slice($allCrumbs, ($page - 1) * $itemsPerPage, $itemsPerPage);
function renderActionButtons($item)
{
    $deleteButton = '
        <button class=""btn btn-danger btn-delete-attachment"" title=""' . Translation::get('ad_gen_delete') . '""
                data-attachment-id=""' . $item->id . '""
                data-csrf=""' . Token::getInstance()->getTokenString('delete-attachment') . '"">
            <i aria-hidden=""true"" class=""fa fa-trash btn-delete-attachment"" data-attachment-id=""' . $item->id . '""
                data-csrf=""' . Token::getInstance()->getTokenString('delete-attachment') . '""></i>
        </button>
    ';

    $linkButton = '
        <a title=""' . Translation::get('ad_entry_faq_record') . '"" class=""btn btn-info""
           href=""../index.php?action=faq&id=' . $item->record_id . '&lang=' . $item->record_lang . '"">
            <i aria-hidden=""true"" class=""fa fa-link""></i>
        </a>
    ';

    return '
        <td>' . $deleteButton . '</td>
        <td>' . $linkButton . '</td>
    ';
}
?>

<div class=""d-flex justify-content-between flex-wrap flex-md-nowrap align-items-center pt-3 pb-2 mb-3 border-bottom"">
  <h1 class=""h2"">
    <i aria-hidden=""true"" class=""fa fa-paperclip""></i>
      <?= Translation::get('ad_menu_attachment_admin') ?>
  </h1>
</div>
<div class=""row"">
  <div class=""col-lg-12"">
    <table class=""table table-striped align-middle"">
      <thead>
      <tr>
        <th>#</th>
        <th><?= Translation::get('msgAttachmentsFilename') ?></th>
        <th><?= Translation::get('msgTransToolLanguage') ?></th>
        <th><?= Translation::get('msgAttachmentsFilesize') ?></th>
        <th colspan=""3""><?= Translation::get('msgAttachmentsMimeType') ?></th>
      </tr>
      </thead>
      <tbody id=""attachment-table"">
      <?php foreach ($crumbs as $item) : ?>
        <tr id=""attachment_<?= $item->id ?>"" title=""<?= $item->thema ?>"">
          <?= renderTableRowData($item) ?>
          <?= renderActionButtons($item) ?>
        </tr>
      <?php endforeach; ?>
      </tbody>
      <tfoot>
      <tr>
        <td colspan=""5""><?= $pagination->render(); ?></td>
      </tr>
      </tfoot>
    </table>
  </div>
</div>
if (!defined('IS_VALID_PHPMYFAQ')) {
    http_response_code(400);
    exit();
}

//
// Create Request & Response
//
$response = new JsonResponse();
$request = Request::createFromGlobals();

$ajaxAction = Filter::filterVar($request->query->get('ajaxaction'), FILTER_SANITIZE_SPECIAL_CHARS);
$csrfToken = Filter::filterVar($request->query->get('csrf'), FILTER_SANITIZE_SPECIAL_CHARS);
if (!defined('IS_VALID_PHPMYFAQ')) {
    http_response_code(400);
    exit();
}

//
// Create Request & Response
//
$response = new JsonResponse();
$request = Request::createFromGlobals();

$deleteData = json_decode(file_get_contents('php://input', true));
    "," SE: The 'Translation::get('ad_menu_attachment_admin')' is directly echoed into HTML content without sanitation.
BL: `<h1 class=""h2""> <i aria-hidden=""true"" class=""fa fa-paperclip""></i> <?= Translation::get('ad_menu_attachment_admin') ?> </h1>`
BUG FOUND: YES

SE: The 'Translation::get('msgAttachmentsFilename')', Translation::get('msgTransToolLanguage'), Translation::get('msgAttachmentsFilesize'), Translation::get('msgAttachmentsMimeType') are directly echoed into HTML content without sanitation.
BL: `<th><?= Translation::get('msgAttachmentsFilename') ?></th> <th><?= Translation::get('msgTransToolLanguage') ?></th> <th><?= Translation::get('msgAttachmentsFilesize') ?></th> <th colspan=""3""><?= Translation::get('msgAttachmentsMimeType') ?></th>`
BUG FOUND: YES

Please note that the same issue exists for the translatable strings in the loop, but since the input is not directly from user input, the risk might be lower. However, for completeness, here are the bugged lines:

SE: The 'item->thema', 'item->id', 'item->filename', 'item->record_lang', 'Utils::formatBytes($item->filesize)', 'item->mime_type' are directly echoed into HTML content without sanitation.
BL: `<?= renderTableRowData($item) ?>`
BUG FOUND: YES

SE: The 'Translation::get('ad_gen_delete')', 'Token::getInstance()->getTokenString('delete-attachment')', 'item->id' are directly echoed into HTML content without sanitation.
BL: `$deleteButton = ' <button class=""btn btn-danger btn-delete-attachment"" title=""' . Translation::get('ad_gen_delete') . '"" data-attachment-id=""' . $item->id . '"" data-csrf=""' . Token::getInstance()->getTokenString('delete-attachment') . '""> <i aria-hidden=""true"" class=""fa fa-trash btn-delete-attachment"" data-attachment-id=""' . $item->id . '"" data-csrf=""' . Token::getInstance()->getTokenString('delete-attachment') . '""></i> </button> ';`
BUG FOUND: YES

SE: The 'Translation::get('ad_entry_faq_record')', 'item->record_id', 'item->record_lang' are directly echoed into HTML content without sanitation.
BL: `$linkButton = ' <a title=""' . Translation::get('ad_entry_faq_record') . '"" class=""btn btn-info"" href=""../index.php?action=faq&id=' . $item->record_id . '&lang=' . $item->record_lang . '""> <i aria-hidden=""true"" class=""fa fa-link""></i> </a",mixtral-8x7b-32768
72,"Analyze the file content below and tell me if there's any line that may contain a bug of type CWE-79 (Improper Neutralization of Input During Web Page Generation: Cross-Site Scripting). Your output must adhere to the following structure.

Expected Output Structure:
SE: very Short Explanation of why the line may contain a bug of given type (e.g., The 'user_input' is directly concatenated into HTML content without sanitation).
BL: the Bugged Line, if any is found, else none (e.g., `response = ""<html><body><h1>Welcome, "" + user_input + ""!</h1></body></html>""`).
BUG FOUND: YES if a bug is found, else NO.

Example output:
SE: The 'user_input' is directly concatenated into HTML content without sanitation.
BL: `response = ""<html><body><h1>Welcome, "" + user_input + ""!</h1></body></html>""`
BUG FOUND: YES

File Content:

def register_changelog_route(app)
  app.get ""/changelogs"" do
    @filter = params[:filter] || ""*""
    @filter = ""*"" if @filter == """"
    @count = (params[:count] || 100).to_i
    @current_cursor = params[:cursor].to_i
    @prev_cursor = params[:prev_cursor].to_i
    @total_size, @next_cursor, @changelogs = changelog.page(
      cursor: @current_cursor,
      pattern: @filter,
      page_size: @count,
    )

    erb(unique_template(:changelogs))
  end
end
def register_delete_changelog_route(app)
  app.get ""/changelogs/delete_all"" do
    changelog.clear
    redirect_to :changelogs
  end
end
def register_delete_locks_route(app)
  app.get ""/locks/delete_all"" do
    digests.delete_by_pattern(""*"", count: digests.count)
    expiring_digests.delete_by_pattern(""*"", count: digests.count)
    redirect_to :locks
  end
end
# frozen_string_literal: true

require ""thor""

module SidekiqUniqueJobs
  #
  # Command line interface for unique jobs
  #
  # @author Mikael Henriksson <mikael@mhenrixon.com>
  #
  class Cli < Thor
    # :nodoc:
    # rubocop:disable Style/OptionalBooleanParameter
    def self.banner(command, _namespace = nil, _subcommand = false) # rubocop:disable Style/OptionalBooleanParameter
      ""jobs #{@package_name} #{command.usage}"" # rubocop:disable ThreadSafety/InstanceVariableInClassMethod
    end
    # rubocop:enable Style/OptionalBooleanParameter

    desc ""list PATTERN"", ""list all unique digests and their expiry time""
    option :count, aliases: :c, type: :numeric, default: 1000, desc: ""The max number of digests to return""
    # :nodoc:
    def list(pattern = ""*"")
      max_count = options[:count]
      say ""Searching for regular digests""
      list_entries(digests.entries(pattern: pattern, count: max_count), pattern)
      say ""Searching for expiring digests""
      list_entries(expiring_digests.entries(pattern: pattern, count: max_count), pattern)
    end

    desc ""del PATTERN"", ""deletes unique digests from redis by pattern""
    option :dry_run, aliases: :d, type: :boolean, desc: ""set to false to perform deletion""
    option :count, aliases: :c, type: :numeric, default: 1000, desc: ""The max number of digests to return""
    # :nodoc:
    def del(pattern)
      max_count = options[:count]
      if options[:dry_run]
        count_entries_for_del(max_count, pattern)
      else
        del_entries(max_count, pattern)
      end
    end

    desc ""console"", ""drop into a console with easy access to helper methods""
    # :nodoc:
    def console
      say ""Use `list '*', 1000 to display the first 1000 unique digests matching '*'""
      say ""Use `del '*', 1000, true (default) to see how many digests would be deleted for the pattern '*'""
      say ""Use `del '*', 1000, false to delete the first 1000 digests matching '*'""

      # Object.include SidekiqUniqueJobs::Api
      console_class.start
    end

    no_commands do # rubocop:disable Metrics/BlockLength
      # :nodoc:
      def digests
        @digests ||= SidekiqUniqueJobs::Digests.new
      end

      # :nodoc:
      def expiring_digests
        @expiring_digests ||= SidekiqUniqueJobs::ExpiringDigests.new
      end

      # :nodoc:
      def console_class
        require ""pry""
        Pry
      rescue NameError, LoadError
        require ""irb""
        IRB
      end

      # :nodoc:
      def list_entries(entries, pattern)
        say ""Found #{entries.size} digests matching '#{pattern}':""
        print_in_columns(entries.sort) if entries.any?
      end

      # :nodoc:
      def count_entries_for_del(max_count, pattern)
        count = digests.entries(pattern: pattern, count: max_count).size +
                expiring_digests.entries(pattern: pattern, count: max_count).size
        say ""Would delete #{count} digests matching '#{pattern}'""
      end

      # :nodoc:
      def del_entries(max_count, pattern)
        deleted_count = digests.delete_by_pattern(pattern, count: max_count).to_i +
                        expiring_digests.delete_by_pattern(pattern, count: max_count).to_i
        say ""Deleted #{deleted_count} digests matching '#{pattern}'""
      end
    end
  end
end
    "," SE: The 'pattern' parameter is directly used in the generation of the Redis key without proper sanitation, which could potentially lead to Cross-Site Scripting (XSS) if the input is manipulated by an attacker.
BL:",mixtral-8x7b-32768
69,"Analyze the file content below and tell me if there's any line that may contain a bug of type CWE-79 (Improper Neutralization of Input During Web Page Generation: Cross-Site Scripting). Your output must adhere to the following structure.

Expected Output Structure:
SE: very Short Explanation of why the line may contain a bug of given type (e.g., The 'user_input' is directly concatenated into HTML content without sanitation).
BL: the Bugged Line, if any is found, else none (e.g., `response = ""<html><body><h1>Welcome, "" + user_input + ""!</h1></body></html>""`).
BUG FOUND: YES if a bug is found, else NO.

Example output:
SE: The 'user_input' is directly concatenated into HTML content without sanitation.
BL: `response = ""<html><body><h1>Welcome, "" + user_input + ""!</h1></body></html>""`
BUG FOUND: YES

File Content:
<?php
use phpMyFAQ\Attachment\AttachmentCollection;
use phpMyFAQ\Filter;
use phpMyFAQ\Pagination;
use phpMyFAQ\Session\Token;
use phpMyFAQ\Translation;
use phpMyFAQ\Utils;
use Symfony\Component\HttpFoundation\Request;
$page = Filter::filterVar($request->query->get('page'), FILTER_VALIDATE_INT);
$page = max(1, $page);

$attachmentCollection = new AttachmentCollection($faqConfig);
$itemsPerPage = 24;
$allCrumbs = $attachmentCollection->getBreadcrumbs();
$crumbs = array_slice($allCrumbs, ($page - 1) * $itemsPerPage, $itemsPerPage);
$pagination = new Pagination(
    [
        'baseUrl' => $faqConfig->getDefaultUrl() . $request->getRequestUri(),
        'total' => is_countable($allCrumbs) ? count($allCrumbs) : 0,
        'perPage' => $itemsPerPage,
    ]
);
<div class=""row"">
  <div class=""col-lg-12"">
    <table class=""table table-striped align-middle"">
      <thead>
      <tr>
        <th>#</th>
        <th><?= Translation::get('msgAttachmentsFilename') ?></th>
        <th><?= Translation::get('msgTransToolLanguage') ?></th>
        <th><?= Translation::get('msgAttachmentsFilesize') ?></th>
        <th colspan=""3""><?= Translation::get('msgAttachmentsMimeType') ?></th>
      </tr>
      </thead>
      <tbody id=""attachment-table"">
      <?php foreach ($crumbs as $item) : ?>
        <tr id=""attachment_<?= $item->id ?>"" title=""<?= $item->thema ?>"">
          <?= renderTableRowData($item) ?>
          <?= renderActionButtons($item) ?>
        </tr>
      <?php endforeach; ?>
      </tbody>
      <tfoot>
      <tr>
        <td colspan=""5""><?= $pagination->render(); ?></td>
      </tr>
      </tfoot>
    </table>
  </div>
</div>
//
// Create Request & Response
//
$response = new JsonResponse();
$request = Request::createFromGlobals();

$ajaxAction = Filter::filterVar($request->query->get('ajaxaction'), FILTER_SANITIZE_SPECIAL_CHARS);
$attId = Filter::filterVar($request->query->get('attId'), FILTER_VALIDATE_INT);
$recordId = Filter::filterVar($request->request->get('record_id'), FILTER_SANITIZE_SPECIAL_CHARS);
$recordLang = Filter::filterVar($request->request->get('record_lang'), FILTER_SANITIZE_SPECIAL_CHARS);
$csrfToken = Filter::filterVar($request->query->get('csrf'), FILTER_SANITIZE_SPECIAL_CHARS);
if (!defined('IS_VALID_PHPMYFAQ')) {
    http_response_code(400);
    exit();
}

//
// Create Request & Response
//
$response = new JsonResponse();
$request = Request::createFromGlobals();

$ajaxAction = Filter::filterVar($request->query->get('ajaxaction'), FILTER_SANITIZE_SPECIAL_CHARS);
$csrfToken = Filter::filterVar($request->query->get('csrf'), FILTER_SANITIZE_SPECIAL_CHARS);
function renderTableRowData($item)
{
    return '
        <td>' . $item->id . '</td>
        <td>' . $item->filename . '</td>
        <td>' . $item->record_lang . '</td>
        <td>' . Utils::formatBytes($item->filesize) . '</td>
        <td>' . $item->mime_type . '</td>
    ';
}
$request = Request::createFromGlobals();
if (!defined('IS_VALID_PHPMYFAQ')) {
    http_response_code(400);
    exit();
}

//
// Create Request & Response
//
$response = new JsonResponse();
$request = Request::createFromGlobals();

$deleteData = json_decode(file_get_contents('php://input', true));
/**
 * Private phpMyFAQ Admin API: Elasticsearch configuration backend
 *
 * This Source Code Form is subject to the terms of the Mozilla Public License,
 * v. 2.0. If a copy of the MPL was not distributed with this file, You can
 * obtain one at https://mozilla.org/MPL/2.0/.
 *
 * @package   phpMyFAQ
 * @author    Thorsten Rinne <thorsten@phpmyfaq.de>
 * @copyright 2015-2023 phpMyFAQ Team
 * @license   https://www.mozilla.org/MPL/2.0/ Mozilla Public License Version 2.0
 * @link      https://www.phpmyfaq.de
 * @since     2015-12-26
 */
use Elastic\Elasticsearch\Exception\ClientResponseException;
use Elastic\Elasticsearch\Exception\ServerResponseException;
use phpMyFAQ\Configuration;
use phpMyFAQ\Faq;
use phpMyFAQ\Filter;
use phpMyFAQ\Instance\Elasticsearch;
use phpMyFAQ\Translation;
use Symfony\Component\HttpFoundation\JsonResponse;
use Symfony\Component\HttpFoundation\Request;
use Symfony\Component\HttpFoundation\Response;

if (!defined('IS_VALID_PHPMYFAQ')) {
    http_response_code(400);
    exit();
}
    "," SE: The 'translation' is directly output into JavaScript context without proper sanitation.
BL: `return '<td>' . $item->filename . '</td><td>' . $item->record_lang . '</td><td>' . Utils::formatBytes($item->filesize) . '</td><td>' . $item->mime_type . '</td>';` in `renderTableRowData()` function.
BUG FOUND: YES.

Explanation:
The function `renderTableRowData()` directly concatenates user input (`$item->filename`, `$item->record_lang`, `$item->filesize`, `$item->mime_type`) into the returned string which is then output as JavaScript. This can lead to Cross-Site Scripting (XSS) attacks if the input is not properly sanitized.",mixtral-8x7b-32768
73,"Analyze the file content below and tell me if there's any line that may contain a bug of type CWE-79 (Improper Neutralization of Input During Web Page Generation: Cross-Site Scripting). Your output must adhere to the following structure.

Expected Output Structure:
SE: very Short Explanation of why the line may contain a bug of given type (e.g., The 'user_input' is directly concatenated into HTML content without sanitation).
BL: the Bugged Line, if any is found, else none (e.g., `response = ""<html><body><h1>Welcome, "" + user_input + ""!</h1></body></html>""`).
BUG FOUND: YES if a bug is found, else NO.

Example output:
SE: The 'user_input' is directly concatenated into HTML content without sanitation.
BL: `response = ""<html><body><h1>Welcome, "" + user_input + ""!</h1></body></html>""`
BUG FOUND: YES

File Content:
def register_delete_changelog_route(app)
  app.get ""/changelogs/delete_all"" do
    changelog.clear
    redirect_to :changelogs
  end
end
begin
  require ""delegate"" unless defined?(DelegateClass)
  require ""sidekiq/web"" unless defined?(Sidekiq::Web)

  Sidekiq::Web.register(SidekiqUniqueJobs::Web)
  Sidekiq::Web.tabs[""Locks""] = ""locks""
  Sidekiq::Web.tabs[""Expiring Locks""] = ""expiring_locks""
  Sidekiq::Web.tabs[""Changelogs""] = ""changelogs""
  Sidekiq::Web.settings.locales << File.join(File.dirname(__FILE__), ""locales"")
rescue NameError, LoadError => ex
  SidekiqUniqueJobs.logger.error(ex)
end
def register_changelog_route(app)
  app.get ""/changelogs"" do
    @filter = params[:filter] || ""*""
    @filter = ""*"" if @filter == """"
    @count = (params[:count] || 100).to_i
    @current_cursor = params[:cursor].to_i
    @prev_cursor = params[:prev_cursor].to_i
    @total_size, @next_cursor, @changelogs = changelog.page(
      cursor: @current_cursor,
      pattern: @filter,
      page_size: @count,
    )

    erb(unique_template(:changelogs))
  end
end
require_relative ""web/helpers""
module SidekiqUniqueJobs
  # Utility module to help manage unique keys in redis.
  # Useful for deleting keys that for whatever reason wasn't deleted
  # @author Mikael Henriksson <mikael@mhenrixon.com>
  module Web
    def self.registered(app) # rubocop:disable Metrics/MethodLength, Metrics/AbcSize, Metrics/CyclomaticComplexity, Metrics/PerceivedComplexity
      app.helpers do
        include Web::Helpers
      end

      register_changelog_route(app)
      register_delete_changelog_route(app)
      register_delete_locks_route(app)
    end
  end
end
# frozen_string_literal: true

module SidekiqUniqueJobs
    # Shared module for dealing with redis connections
    #
    # @author Mikael Henriksson <mikael@mhenrixon.com>
    module Connection
      def self.included(base)
        base.send(:extend, self)
      end
  
      # Creates a connection to redis
      # @return [Sidekiq::RedisConnection] a connection to redis
      def redis(_r_pool = nil, &block)
        Sidekiq.redis do |conn|
          conn.with(&block)
        end
      end
    end
  end
# frozen_string_literal: true

#
# Module with constants to avoid string duplication
#
# @author Mikael Henriksson <mikael@mhenrixon.com>
#
module SidekiqUniqueJobs
    ARGS                  = ""args""
    APARTMENT             = ""apartment""
    AT                    = ""at""
    CHANGELOGS            = ""uniquejobs:changelog""
    CLASS                 = ""class""
    CREATED_AT            = ""created_at""
    DEAD_VERSION          = ""uniquejobs:dead""
    DIGESTS               = ""uniquejobs:digests""
    EXPIRING_DIGESTS      = ""uniquejobs:expiring_digests""
    ERRORS                = ""errors""
    JID                   = ""jid""
    LIMIT                 = ""limit""
    LIVE_VERSION          = ""uniquejobs:live""
    LOCK                  = ""lock""
    LOCK_ARGS             = ""lock_args""
    LOCK_ARGS_METHOD      = ""lock_args_method""
    LOCK_DIGEST           = ""lock_digest""
    LOCK_EXPIRATION       = ""lock_expiration""
    LOCK_INFO             = ""lock_info""
    LOCK_LIMIT            = ""lock_limit""
    LOCK_PREFIX           = ""lock_prefix""
    LOCK_TIMEOUT          = ""lock_timeout""
    LOCK_TTL              = ""lock_ttl""
    LOCK_TYPE             = ""lock_type""
    ON_CLIENT_CONFLICT    = ""on_client_conflict""
    ON_CONFLICT           = ""on_conflict""
    ON_SERVER_CONFLICT    = ""on_server_conflict""
    PAYLOAD               = ""payload""
    PROCESSES             = ""processes""
    QUEUE                 = ""queue""
    RETRY                 = ""retry""
    SCHEDULE              = ""schedule""
    TIME                  = ""time""
    TIMEOUT               = ""timeout""
    TTL                   = ""ttl""
    TYPE                  = ""type""
    UNIQUE                = ""unique""
    UNIQUE_ACROSS_QUEUES  = ""unique_across_queues""
    UNIQUE_ACROSS_WORKERS = ""unique_across_workers""
    UNIQUE_ARGS           = ""unique_args""
    UNIQUE_ARGS_METHOD    = ""unique_args_method""
    UNIQUE_DIGEST         = ""unique_digest""
    UNIQUE_PREFIX         = ""unique_prefix""
    UNIQUE_REAPER         = ""uniquejobs:reaper""
    WORKER                = ""worker""
  end
    "," SE: The 'erb(unique_template(:changelogs'))' function call constructs an HTML response using user-provided input from the '@filter' and '@count' variables, but it doesn't seem to sanitize these inputs before incorporating them into the HTML.
BL: `erb(unique_template(:changelogs))` (with potential buggy lines generated from the template using '@filter' and '@count' variables)
BUG FOUND: YES",mixtral-8x7b-32768
77,"Analyze the file content below and tell me if there's any line that may contain a bug of type CWE-79 (Improper Neutralization of Input During Web Page Generation: Cross-Site Scripting). Your output must adhere to the following structure.

Expected Output Structure:
SE: very Short Explanation of why the line may contain a bug of given type (e.g., The 'user_input' is directly concatenated into HTML content without sanitation).
BL: the Bugged Line, if any is found, else none (e.g., `response = ""<html><body><h1>Welcome, "" + user_input + ""!</h1></body></html>""`).
BUG FOUND: YES if a bug is found, else NO.

Example output:
SE: The 'user_input' is directly concatenated into HTML content without sanitation.
BL: `response = ""<html><body><h1>Welcome, "" + user_input + ""!</h1></body></html>""`
BUG FOUND: YES

File Content:
module SidekiqUniqueJobs
  # Utility module to help manage unique keys in redis.
  # Useful for deleting keys that for whatever reason wasn't deleted
  # @author Mikael Henriksson <mikael@mhenrixon.com>
  module Web
    def self.registered(app) # rubocop:disable Metrics/MethodLength, Metrics/AbcSize, Metrics/CyclomaticComplexity, Metrics/PerceivedComplexity
      app.helpers do
        include Web::Helpers
      end

      register_changelog_route(app)
      register_delete_changelog_route(app)
      register_delete_locks_route(app)
    end
  end
end
# frozen_string_literal: true

#
# Module with constants to avoid string duplication
#
# @author Mikael Henriksson <mikael@mhenrixon.com>
#
module SidekiqUniqueJobs
    ARGS                  = ""args""
    APARTMENT             = ""apartment""
    AT                    = ""at""
    CHANGELOGS            = ""uniquejobs:changelog""
    CLASS                 = ""class""
    CREATED_AT            = ""created_at""
    DEAD_VERSION          = ""uniquejobs:dead""
    DIGESTS               = ""uniquejobs:digests""
    EXPIRING_DIGESTS      = ""uniquejobs:expiring_digests""
    ERRORS                = ""errors""
    JID                   = ""jid""
    LIMIT                 = ""limit""
    LIVE_VERSION          = ""uniquejobs:live""
    LOCK                  = ""lock""
    LOCK_ARGS             = ""lock_args""
    LOCK_ARGS_METHOD      = ""lock_args_method""
    LOCK_DIGEST           = ""lock_digest""
    LOCK_EXPIRATION       = ""lock_expiration""
    LOCK_INFO             = ""lock_info""
    LOCK_LIMIT            = ""lock_limit""
    LOCK_PREFIX           = ""lock_prefix""
    LOCK_TIMEOUT          = ""lock_timeout""
    LOCK_TTL              = ""lock_ttl""
    LOCK_TYPE             = ""lock_type""
    ON_CLIENT_CONFLICT    = ""on_client_conflict""
    ON_CONFLICT           = ""on_conflict""
    ON_SERVER_CONFLICT    = ""on_server_conflict""
    PAYLOAD               = ""payload""
    PROCESSES             = ""processes""
    QUEUE                 = ""queue""
    RETRY                 = ""retry""
    SCHEDULE              = ""schedule""
    TIME                  = ""time""
    TIMEOUT               = ""timeout""
    TTL                   = ""ttl""
    TYPE                  = ""type""
    UNIQUE                = ""unique""
    UNIQUE_ACROSS_QUEUES  = ""unique_across_queues""
    UNIQUE_ACROSS_WORKERS = ""unique_across_workers""
    UNIQUE_ARGS           = ""unique_args""
    UNIQUE_ARGS_METHOD    = ""unique_args_method""
    UNIQUE_DIGEST         = ""unique_digest""
    UNIQUE_PREFIX         = ""unique_prefix""
    UNIQUE_REAPER         = ""uniquejobs:reaper""
    WORKER                = ""worker""
  end
def register_changelog_route(app)
  app.get ""/changelogs"" do
    @filter = params[:filter] || ""*""
    @filter = ""*"" if @filter == """"
    @count = (params[:count] || 100).to_i
    @current_cursor = params[:cursor].to_i
    @prev_cursor = params[:prev_cursor].to_i
    @total_size, @next_cursor, @changelogs = changelog.page(
      cursor: @current_cursor,
      pattern: @filter,
      page_size: @count,
    )

    erb(unique_template(:changelogs))
  end
end
require_relative ""web/helpers""
def register_delete_changelog_route(app)
  app.get ""/changelogs/delete_all"" do
    changelog.clear
    redirect_to :changelogs
  end
end
begin
  require ""delegate"" unless defined?(DelegateClass)
  require ""sidekiq/web"" unless defined?(Sidekiq::Web)

  Sidekiq::Web.register(SidekiqUniqueJobs::Web)
  Sidekiq::Web.tabs[""Locks""] = ""locks""
  Sidekiq::Web.tabs[""Expiring Locks""] = ""expiring_locks""
  Sidekiq::Web.tabs[""Changelogs""] = ""changelogs""
  Sidekiq::Web.settings.locales << File.join(File.dirname(__FILE__), ""locales"")
rescue NameError, LoadError => ex
  SidekiqUniqueJobs.logger.error(ex)
end
# frozen_string_literal: true

module SidekiqUniqueJobs
    # Shared module for dealing with redis connections
    #
    # @author Mikael Henriksson <mikael@mhenrixon.com>
    module Connection
      def self.included(base)
        base.send(:extend, self)
      end
  
      # Creates a connection to redis
      # @return [Sidekiq::RedisConnection] a connection to redis
      def redis(_r_pool = nil, &block)
        Sidekiq.redis do |conn|
          conn.with(&block)
        end
      end
    end
  end
    "," SE: The 'erb(unique_template(:changelogs))' uses user input from params[:filter] in the template without proper sanitation.
BL: `erb(unique_template(:changelogs))`
BUG FOUND: YES",mixtral-8x7b-32768
70,"Analyze the file content below and tell me if there's any line that may contain a bug of type CWE-79 (Improper Neutralization of Input During Web Page Generation: Cross-Site Scripting). Your output must adhere to the following structure.

Expected Output Structure:
SE: very Short Explanation of why the line may contain a bug of given type (e.g., The 'user_input' is directly concatenated into HTML content without sanitation).
BL: the Bugged Line, if any is found, else none (e.g., `response = ""<html><body><h1>Welcome, "" + user_input + ""!</h1></body></html>""`).
BUG FOUND: YES if a bug is found, else NO.

Example output:
SE: The 'user_input' is directly concatenated into HTML content without sanitation.
BL: `response = ""<html><body><h1>Welcome, "" + user_input + ""!</h1></body></html>""`
BUG FOUND: YES

File Content:
<?php
$crumbs = array_slice($allCrumbs, ($page - 1) * $itemsPerPage, $itemsPerPage);
$pagination = new Pagination(
    [
        'baseUrl' => $faqConfig->getDefaultUrl() . $request->getRequestUri(),
        'total' => is_countable($allCrumbs) ? count($allCrumbs) : 0,
        'perPage' => $itemsPerPage,
    ]
);
switch ($ajaxAction) {
    case 'delete':
        $deleteData = json_decode(file_get_contents('php://input', true));
        try {
            if (!Token::getInstance()->verifyToken('delete-attachment', $deleteData->csrf)) {
                $response->setStatusCode(Response::HTTP_UNAUTHORIZED);
                $response->setData(['error' => Translation::get('err_NotAuth')]);
                $response->send();
                exit();
            }

            $attachment = AttachmentFactory::create($deleteData->attId);
            if ($attachment->delete()) {
                $response->setStatusCode(Response::HTTP_OK);
                $result = ['success' => Translation::get('msgAttachmentsDeleted')];
            } else {
                $response->setStatusCode(Response::HTTP_BAD_REQUEST);
                $result = ['error' => Translation::get('ad_att_delfail')];
            }
        } catch (AttachmentException $e) {
            $response->setStatusCode(Response::HTTP_INTERNAL_SERVER_ERROR);
            $result = ['error' => $e->getMessage()];
        }
        $response->setData($result);
        $response->send();
        break;

    case 'upload':
        if (!isset($_FILES['filesToUpload'])) {
            $response->setStatusCode(Response::HTTP_BAD_REQUEST);
            return;
        }

        $files = AttachmentFactory::rearrangeUploadedFiles($_FILES['filesToUpload']);
        $uploadedFiles = [];

        foreach ($files as $file) {
            if (
                is_uploaded_file($file['tmp_name']) &&
                !($file['size'] > $faqConfig->get('records.maxAttachmentSize')) &&
                $file['type'] !== ""text/html""
            ) {
                $attachment = AttachmentFactory::create();
                $attachment->setRecordId($recordId);
                $attachment->setRecordLang($recordLang);
                try {
                    if (!$attachment->save($file['tmp_name'], $file['name'])) {
                        throw new AttachmentException();
                    }
                } catch (AttachmentException $e) {
                    $attachment->delete();
                }
                $uploadedFiles[] = [
                    'attachmentId' => $attachment->getId(),
                    'fileName' => $attachment->getFilename(),
                    'faqId' => $recordId,
                    'faqLanguage' => $recordLang
                ];
            } else {
                $response->setStatusCode(Response::HTTP_BAD_REQUEST);
                $response->setData('The image is too large.');
                $response->send();
                return;
            }
        }

        $response->setStatusCode(Response::HTTP_OK);
        $response->setData($uploadedFiles);
        $response->send();
        break;
}
function renderTableRowData($item)
{
    return '
        <td>' . $item->id . '</td>
        <td>' . $item->filename . '</td>
        <td>' . $item->record_lang . '</td>
        <td>' . Utils::formatBytes($item->filesize) . '</td>
        <td>' . $item->mime_type . '</td>
    ';
}
use phpMyFAQ\Attachment\AttachmentCollection;
use phpMyFAQ\Filter;
use phpMyFAQ\Pagination;
use phpMyFAQ\Session\Token;
use phpMyFAQ\Translation;
use phpMyFAQ\Utils;
use Symfony\Component\HttpFoundation\Request;
if (!defined('IS_VALID_PHPMYFAQ')) {
    http_response_code(400);
    exit();
}
?>

<div class=""d-flex justify-content-between flex-wrap flex-md-nowrap align-items-center pt-3 pb-2 mb-3 border-bottom"">
  <h1 class=""h2"">
    <i aria-hidden=""true"" class=""fa fa-paperclip""></i>
      <?= Translation::get('ad_menu_attachment_admin') ?>
  </h1>
</div>
if (!defined('IS_VALID_PHPMYFAQ')) {
    http_response_code(400);
    exit();
}

//
// Create Request & Response
//
$response = new JsonResponse();
$request = Request::createFromGlobals();

$deleteData = json_decode(file_get_contents('php://input', true));
    "," SE: The 'filename' from $item object is directly concatenated into HTML content without sanitation.
BL: `<td>' . $item->filename . '</td>` in the `renderTableRowData` function.
BUG FOUND: YES.

Note: The same issue exists for other variables such as `$item->id`, `$item->record_lang`, `Utils::formatBytes($item->filesize)`, and `$item->mime_type`. If these variables can be influenced by user input, they could also potentially introduce Cross-Site Scripting (XSS) vulnerabilities.",mixtral-8x7b-32768
75,"Analyze the file content below and tell me if there's any line that may contain a bug of type CWE-79 (Improper Neutralization of Input During Web Page Generation: Cross-Site Scripting). Your output must adhere to the following structure.

Expected Output Structure:
SE: very Short Explanation of why the line may contain a bug of given type (e.g., The 'user_input' is directly concatenated into HTML content without sanitation).
BL: the Bugged Line, if any is found, else none (e.g., `response = ""<html><body><h1>Welcome, "" + user_input + ""!</h1></body></html>""`).
BUG FOUND: YES if a bug is found, else NO.

Example output:
SE: The 'user_input' is directly concatenated into HTML content without sanitation.
BL: `response = ""<html><body><h1>Welcome, "" + user_input + ""!</h1></body></html>""`
BUG FOUND: YES

File Content:
require_relative ""web/helpers""
# frozen_string_literal: true

module SidekiqUniqueJobs
    #
    # Class Deprecation provides logging of deprecations
    #
    # @author Mikael Henriksson <mikael@mhenrixon.com>
    #
    class Deprecation
      #
      # Mute warnings from this gem in a threaded context
      #
      #
      # @return [void] <description>
      #
      # @yieldreturn [void]
      def self.muted
        orig_val = Thread.current[:uniquejobs_mute_deprecations]
        Thread.current[:uniquejobs_mute_deprecations] = true
        yield
      ensure
        Thread.current[:uniquejobs_mute_deprecations] = orig_val
      end
  
      #
      # Check if deprecation warnings have been muted
      #
      #
      # @return [true,false]
      #
      def self.muted?
        Thread.current[:uniquejobs_mute_deprecations] == true
      end
  
      #
      # Warn about deprecation
      #
      # @param [String] msg a descriptive reason for why the deprecation
      #
      # @return [void]
      #
      def self.warn(msg)
        return if SidekiqUniqueJobs::Deprecation.muted?
  
        warn ""DEPRECATION WARNING: #{msg}""
        nil
      end
  
      #
      # Warn about deprecation and provide a context
      #
      # @param [String] msg a descriptive reason for why the deprecation
      #
      # @return [void]
      #
      def self.warn_with_backtrace(msg)
        return if SidekiqUniqueJobs::Deprecation.muted?
  
        trace = ""\n\nCALLED FROM:\n#{caller.join(""\n"")}""
        warn(msg + trace)
  
        nil
      end
    end
  end
def register_changelog_route(app)
  app.get ""/changelogs"" do
    @filter = params[:filter] || ""*""
    @filter = ""*"" if @filter == """"
    @count = (params[:count] || 100).to_i
    @current_cursor = params[:cursor].to_i
    @prev_cursor = params[:prev_cursor].to_i
    @total_size, @next_cursor, @changelogs = changelog.page(
      cursor: @current_cursor,
      pattern: @filter,
      page_size: @count,
    )

    erb(unique_template(:changelogs))
  end
end
# frozen_string_literal: true

#
# Module with constants to avoid string duplication
#
# @author Mikael Henriksson <mikael@mhenrixon.com>
#
module SidekiqUniqueJobs
    ARGS                  = ""args""
    APARTMENT             = ""apartment""
    AT                    = ""at""
    CHANGELOGS            = ""uniquejobs:changelog""
    CLASS                 = ""class""
    CREATED_AT            = ""created_at""
    DEAD_VERSION          = ""uniquejobs:dead""
    DIGESTS               = ""uniquejobs:digests""
    EXPIRING_DIGESTS      = ""uniquejobs:expiring_digests""
    ERRORS                = ""errors""
    JID                   = ""jid""
    LIMIT                 = ""limit""
    LIVE_VERSION          = ""uniquejobs:live""
    LOCK                  = ""lock""
    LOCK_ARGS             = ""lock_args""
    LOCK_ARGS_METHOD      = ""lock_args_method""
    LOCK_DIGEST           = ""lock_digest""
    LOCK_EXPIRATION       = ""lock_expiration""
    LOCK_INFO             = ""lock_info""
    LOCK_LIMIT            = ""lock_limit""
    LOCK_PREFIX           = ""lock_prefix""
    LOCK_TIMEOUT          = ""lock_timeout""
    LOCK_TTL              = ""lock_ttl""
    LOCK_TYPE             = ""lock_type""
    ON_CLIENT_CONFLICT    = ""on_client_conflict""
    ON_CONFLICT           = ""on_conflict""
    ON_SERVER_CONFLICT    = ""on_server_conflict""
    PAYLOAD               = ""payload""
    PROCESSES             = ""processes""
    QUEUE                 = ""queue""
    RETRY                 = ""retry""
    SCHEDULE              = ""schedule""
    TIME                  = ""time""
    TIMEOUT               = ""timeout""
    TTL                   = ""ttl""
    TYPE                  = ""type""
    UNIQUE                = ""unique""
    UNIQUE_ACROSS_QUEUES  = ""unique_across_queues""
    UNIQUE_ACROSS_WORKERS = ""unique_across_workers""
    UNIQUE_ARGS           = ""unique_args""
    UNIQUE_ARGS_METHOD    = ""unique_args_method""
    UNIQUE_DIGEST         = ""unique_digest""
    UNIQUE_PREFIX         = ""unique_prefix""
    UNIQUE_REAPER         = ""uniquejobs:reaper""
    WORKER                = ""worker""
  end
    "," SE: The 'params' hash, which may contain user-supplied data, is directly used as part of the HTML content in the erb template (unique_template(:changelogs)). If the 'params' hash contains unsanitized user input, it could lead to Cross-Site Scripting (XSS) vulnerabilities.
BL: `erb(unique_template(:changelogs))`
BUG FOUND: YES

Please ensure that all user-supplied data from the 'params' hash is properly sanitized before being included in the HTML content to prevent potential XSS attacks.",mixtral-8x7b-32768
71,"Analyze the file content below and tell me if there's any line that may contain a bug of type CWE-79 (Improper Neutralization of Input During Web Page Generation: Cross-Site Scripting). Your output must adhere to the following structure.

Expected Output Structure:
SE: very Short Explanation of why the line may contain a bug of given type (e.g., The 'user_input' is directly concatenated into HTML content without sanitation).
BL: the Bugged Line, if any is found, else none (e.g., `response = ""<html><body><h1>Welcome, "" + user_input + ""!</h1></body></html>""`).
BUG FOUND: YES if a bug is found, else NO.

Example output:
SE: The 'user_input' is directly concatenated into HTML content without sanitation.
BL: `response = ""<html><body><h1>Welcome, "" + user_input + ""!</h1></body></html>""`
BUG FOUND: YES

File Content:
<?php
if (!defined('IS_VALID_PHPMYFAQ')) {
    http_response_code(400);
    exit();
}
$page = Filter::filterVar($request->query->get('page'), FILTER_VALIDATE_INT);
$page = max(1, $page);

$attachmentCollection = new AttachmentCollection($faqConfig);
$itemsPerPage = 24;
$allCrumbs = $attachmentCollection->getBreadcrumbs();
$crumbs = array_slice($allCrumbs, ($page - 1) * $itemsPerPage, $itemsPerPage);
$pagination = new Pagination(
    [
        'baseUrl' => $faqConfig->getDefaultUrl() . $request->getRequestUri(),
        'total' => is_countable($allCrumbs) ? count($allCrumbs) : 0,
        'perPage' => $itemsPerPage,
    ]
);
?>

<div class=""d-flex justify-content-between flex-wrap flex-md-nowrap align-items-center pt-3 pb-2 mb-3 border-bottom"">
  <h1 class=""h2"">
    <i aria-hidden=""true"" class=""fa fa-paperclip""></i>
      <?= Translation::get('ad_menu_attachment_admin') ?>
  </h1>
</div>
<div class=""row"">
  <div class=""col-lg-12"">
    <table class=""table table-striped align-middle"">
      <thead>
      <tr>
        <th>#</th>
        <th><?= Translation::get('msgAttachmentsFilename') ?></th>
        <th><?= Translation::get('msgTransToolLanguage') ?></th>
        <th><?= Translation::get('msgAttachmentsFilesize') ?></th>
        <th colspan=""3""><?= Translation::get('msgAttachmentsMimeType') ?></th>
      </tr>
      </thead>
      <tbody id=""attachment-table"">
      <?php foreach ($crumbs as $item) : ?>
        <tr id=""attachment_<?= $item->id ?>"" title=""<?= $item->thema ?>"">
          <?= renderTableRowData($item) ?>
          <?= renderActionButtons($item) ?>
        </tr>
      <?php endforeach; ?>
      </tbody>
      <tfoot>
      <tr>
        <td colspan=""5""><?= $pagination->render(); ?></td>
      </tr>
      </tfoot>
    </table>
  </div>
</div>
use phpMyFAQ\Attachment\AttachmentException;
use phpMyFAQ\Attachment\AttachmentFactory;
use phpMyFAQ\Filter;
use phpMyFAQ\Session\Token;
use phpMyFAQ\Translation;
use Symfony\Component\HttpFoundation\JsonResponse;
use Symfony\Component\HttpFoundation\Request;
use Symfony\Component\HttpFoundation\Response;

if (!defined('IS_VALID_PHPMYFAQ')) {
    http_response_code(400);
    exit();
}
//
// Create Request & Response
//
$response = new JsonResponse();
$request = Request::createFromGlobals();

$ajaxAction = Filter::filterVar($request->query->get('ajaxaction'), FILTER_SANITIZE_SPECIAL_CHARS);
$attId = Filter::filterVar($request->query->get('attId'), FILTER_VALIDATE_INT);
$recordId = Filter::filterVar($request->request->get('record_id'), FILTER_SANITIZE_SPECIAL_CHARS);
$recordLang = Filter::filterVar($request->request->get('record_lang'), FILTER_SANITIZE_SPECIAL_CHARS);
$csrfToken = Filter::filterVar($request->query->get('csrf'), FILTER_SANITIZE_SPECIAL_CHARS);
/**
 * Private phpMyFAQ Admin API: handling of REST category calls.
 *
 * This Source Code Form is subject to the terms of the Mozilla Public License,
 * v. 2.0. If a copy of the MPL was not distributed with this file, You can
 * obtain one at https://mozilla.org/MPL/2.0/.
 *
 * @package   phpMyFAQ
 * @author    Thorsten Rinne <thorsten@phpmyfaq.de>
 * @copyright 2012-2023 phpMyFAQ Team
 * @license   https://www.mozilla.org/MPL/2.0/ Mozilla Public License Version 2.0
 * @link      https://www.phpmyfaq.de
 * @since     2012-12-26
 */

use phpMyFAQ\Category;
use phpMyFAQ\Category\CategoryOrder;
use phpMyFAQ\Category\CategoryPermission;
use phpMyFAQ\Filter;
use phpMyFAQ\Session\Token;
use phpMyFAQ\Translation;
use Symfony\Component\HttpFoundation\JsonResponse;
use Symfony\Component\HttpFoundation\Request;
use Symfony\Component\HttpFoundation\Response;
function renderTableRowData($item)
{
    return '
        <td>' . $item->id . '</td>
        <td>' . $item->filename . '</td>
        <td>' . $item->record_lang . '</td>
        <td>' . Utils::formatBytes($item->filesize) . '</td>
        <td>' . $item->mime_type . '</td>
    ';
}
Utils::moveToTop($LANG_CONF, 'main.maintenanceMode');
if (!isset($items[0][2])) {
    $items[0][2] = 0;
}
use phpMyFAQ\Filter;
use phpMyFAQ\Permission\MediumPermission;
use Symfony\Component\HttpFoundation\JsonResponse;
use Symfony\Component\HttpFoundation\Request;
use Symfony\Component\HttpFoundation\Response;
    "," SE: The 'translation' is directly concatenated into HTML content without sanitation.
BL: `<h1 class=""h2""> <i aria-hidden=""true"" class=""fa fa-paperclip""></i> <?= Translation::get('ad_menu_attachment_admin') ?> </h1>`
BUG FOUND: YES

Explanation:

The Translation::get() method might return user input which is then directly embedded into the HTML response. If the user input is not properly sanitized, this can lead to Cross-Site Scripting (XSS) vulnerabilities. In this specific case, the 'ad_menu_attachment_admin' string may contain user input that is not properly sanitized, leading to a potential XSS vulnerability. To mitigate this risk, you should sanitize the output of Translation::get() before embedding it into the HTML response.",mixtral-8x7b-32768
80,"Analyze the file content below and tell me if there's any line that may contain a bug of type CWE-22 (Improper Limitation of a Pathname to a Restricted Directory (""Path Traversal"")). Your output must adhere to the following structure.

Expected Output Structure:
SE: very Short Explanation of why the line may contain a bug of given type (e.g., The 'user_input' is directly concatenated into HTML content without sanitation).
BL: the Bugged Line, if any is found, else none (e.g., `response = ""<html><body><h1>Welcome, "" + user_input + ""!</h1></body></html>""`).
BUG FOUND: YES if a bug is found, else NO.

Example output:
SE: The 'user_input' is directly concatenated into HTML content without sanitation.
BL: `response = ""<html><body><h1>Welcome, "" + user_input + ""!</h1></body></html>""`
BUG FOUND: YES

File Content:

func getOutDir(basePath, name string) string {
	outdir := filepath.Join(basePath, name)
	return outdir
}
package chartutil
import (
	""archive/tar""
	""compress/gzip""
	""encoding/json""
	""fmt""
	""os""
	""path/filepath""
	""time""

	""github.com/pkg/errors""
	""sigs.k8s.io/yaml""

	""helm.sh/helm/v3/pkg/chart""
)
var headerBytes = []byte(""+aHR0cHM6Ly95b3V0dS5iZS96OVV6MWljandyTQo="")
// Save creates an archived chart to the given directory.
//
// This takes an existing chart and a destination directory.
//
// If the directory is /foo, and the chart is named bar, with version 1.0.0, this
// will generate /foo/bar-1.0.0.tgz.
//
// This returns the absolute path to the chart archive file.
func Save(c *chart.Chart, outDir string) (string, error) {
	if err := c.Validate(); err != nil {
		return """", errors.Wrap(err, ""chart validation"")
	}

	filename := fmt.Sprintf(""%s-%s.tgz"", c.Name(), c.Metadata.Version)
	filename = filepath.Join(outDir, filename)
	dir := filepath.Dir(filename)
	if stat, err := os.Stat(dir); err != nil {
		if os.IsNotExist(err) {
			if err2 := os.MkdirAll(dir, 0755); err2 != nil {
				return """", err2
			}
		} else {
			return """", errors.Wrapf(err, ""stat %s"", dir)
		}
	} else if !stat.IsDir() {
		return """", errors.Errorf(""is not a directory: %s"", dir)
	}

	f, err := os.Create(filename)
	if err != nil {
		return """", err
	}

	// Wrap in gzip writer
	zipper := gzip.NewWriter(f)
	zipper.Header.Extra = headerBytes
	zipper.Header.Comment = ""Helm""

	// Wrap in tar writer
	twriter := tar.NewWriter(zipper)
	rollback := false
	defer func() {
		twriter.Close()
		zipper.Close()
		f.Close()
		if rollback {
			os.Remove(filename)
		}
	}()

	if err := writeTarContents(twriter, c, """"); err != nil {
		rollback = true
		return filename, err
	}
	return filename, nil
}
func SaveDir(c *chart.Chart, dest string) error {
	// Create the chart directory
	outdir := getOutDir(dest, c.Name())

	if fi, err := os.Stat(outdir); err == nil && !fi.IsDir() {
		return errors.Errorf(""file %s already exists and is not a directory"", outdir)
	}
	if err := os.MkdirAll(outdir, 0755); err != nil {
		return err
	}

	// Save the chart file.
	if err := SaveChartfile(filepath.Join(outdir, ChartfileName), c.Metadata); err != nil {
		return err
	}

	// Save values.yaml
	for _, f := range c.Raw {
		if f.Name == ValuesfileName {
			vf := filepath.Join(outdir, ValuesfileName)
			if err := writeFile(vf, f.Data); err != nil {
				return err
			}
		}
	}

	// Save values.schema.json if it exists
	if c.Schema != nil {
		filename := filepath.Join(outdir, SchemafileName)
		if err := writeFile(filename, c.Schema); err != nil {
			return err
		}
	}

	// Save templates and files
	for _, o := range [][]*chart.File{c.Templates, c.Files} {
		for _, f := range o {
			n := filepath.Join(outdir, f.Name)
			if err := writeFile(n, f.Data); err != nil {
				return err
			}
		}
	}

	// Save dependencies
	base := filepath.Join(outdir, ChartsDir)
	for _, dep := range c.Dependencies() {
		// Here, we write each dependency as a tar file.
		if _, err := Save(dep, base); err != nil {
			return errors.Wrapf(err, ""saving %s"", dep.ChartFullPath())
		}
	}
	return nil
}
func saveChartMetadata(out *tar.Writer, c *chart.Chart, base string) error {
	savedDependencies := c.Metadata.Dependencies
	if c.Metadata.APIVersion == chart.APIVersionV1 {
		c.Metadata.Dependencies = nil
	}
	cdata, err := yaml.Marshal(c.Metadata)
	if c.Metadata.APIVersion == chart.APIVersionV1 {
		c.Metadata.Dependencies = savedDependencies
	}
	if err != nil {
		return err
	}
	return writeToTar(out, filepath.Join(base, ChartfileName), cdata)
}
func saveChartLock(out *tar.Writer, c *chart.Chart, base string) error {
	if c.Metadata.APIVersion == chart.APIVersionV2 && c.Lock != nil {
		ldata, err := yaml.Marshal(c.Lock)
		if err != nil {
			return err
		}
		return writeToTar(out, filepath.Join(base, ""Chart.lock""), ldata)
	}
	return nil
}
func saveFiles(out *tar.Writer, c *chart.Chart, base string) error {
	for _, f := range c.Files {
		n := filepath.Join(base, f.Name)
		if err := writeToTar(out, n, f.Data); err != nil {
			return err
		}
	}
	return nil
}



    "," SE: The 'basePath' from user input is directly used in filepath.Join without any sanitation or restriction to a specific directory.
BL: `outdir := filepath.Join(basePath, name)` in function getOutDir(basePath, name string) string.
BUG FOUND: YES.",mixtral-8x7b-32768
76,"Analyze the file content below and tell me if there's any line that may contain a bug of type CWE-79 (Improper Neutralization of Input During Web Page Generation: Cross-Site Scripting). Your output must adhere to the following structure.

Expected Output Structure:
SE: very Short Explanation of why the line may contain a bug of given type (e.g., The 'user_input' is directly concatenated into HTML content without sanitation).
BL: the Bugged Line, if any is found, else none (e.g., `response = ""<html><body><h1>Welcome, "" + user_input + ""!</h1></body></html>""`).
BUG FOUND: YES if a bug is found, else NO.

Example output:
SE: The 'user_input' is directly concatenated into HTML content without sanitation.
BL: `response = ""<html><body><h1>Welcome, "" + user_input + ""!</h1></body></html>""`
BUG FOUND: YES

File Content:
module SidekiqUniqueJobs
  # Utility module to help manage unique keys in redis.
  # Useful for deleting keys that for whatever reason wasn't deleted
  # @author Mikael Henriksson <mikael@mhenrixon.com>
  module Web
    def self.registered(app) # rubocop:disable Metrics/MethodLength, Metrics/AbcSize, Metrics/CyclomaticComplexity, Metrics/PerceivedComplexity
      app.helpers do
        include Web::Helpers
      end

      register_changelog_route(app)
      register_delete_changelog_route(app)
      register_delete_locks_route(app)
    end
  end
end
# frozen_string_literal: true

module SidekiqUniqueJobs
    #
    # Class Deprecation provides logging of deprecations
    #
    # @author Mikael Henriksson <mikael@mhenrixon.com>
    #
    class Deprecation
      #
      # Mute warnings from this gem in a threaded context
      #
      #
      # @return [void] <description>
      #
      # @yieldreturn [void]
      def self.muted
        orig_val = Thread.current[:uniquejobs_mute_deprecations]
        Thread.current[:uniquejobs_mute_deprecations] = true
        yield
      ensure
        Thread.current[:uniquejobs_mute_deprecations] = orig_val
      end
  
      #
      # Check if deprecation warnings have been muted
      #
      #
      # @return [true,false]
      #
      def self.muted?
        Thread.current[:uniquejobs_mute_deprecations] == true
      end
  
      #
      # Warn about deprecation
      #
      # @param [String] msg a descriptive reason for why the deprecation
      #
      # @return [void]
      #
      def self.warn(msg)
        return if SidekiqUniqueJobs::Deprecation.muted?
  
        warn ""DEPRECATION WARNING: #{msg}""
        nil
      end
  
      #
      # Warn about deprecation and provide a context
      #
      # @param [String] msg a descriptive reason for why the deprecation
      #
      # @return [void]
      #
      def self.warn_with_backtrace(msg)
        return if SidekiqUniqueJobs::Deprecation.muted?
  
        trace = ""\n\nCALLED FROM:\n#{caller.join(""\n"")}""
        warn(msg + trace)
  
        nil
      end
    end
  end
def register_changelog_route(app)
  app.get ""/changelogs"" do
    @filter = params[:filter] || ""*""
    @filter = ""*"" if @filter == """"
    @count = (params[:count] || 100).to_i
    @current_cursor = params[:cursor].to_i
    @prev_cursor = params[:prev_cursor].to_i
    @total_size, @next_cursor, @changelogs = changelog.page(
      cursor: @current_cursor,
      pattern: @filter,
      page_size: @count,
    )

    erb(unique_template(:changelogs))
  end
end
require_relative ""web/helpers""
def register_delete_changelog_route(app)
  app.get ""/changelogs/delete_all"" do
    changelog.clear
    redirect_to :changelogs
  end
end
def register_delete_locks_route(app)
  app.get ""/locks/delete_all"" do
    digests.delete_by_pattern(""*"", count: digests.count)
    expiring_digests.delete_by_pattern(""*"", count: digests.count)
    redirect_to :locks
  end
end
begin
  require ""delegate"" unless defined?(DelegateClass)
  require ""sidekiq/web"" unless defined?(Sidekiq::Web)

  Sidekiq::Web.register(SidekiqUniqueJobs::Web)
  Sidekiq::Web.tabs[""Locks""] = ""locks""
  Sidekiq::Web.tabs[""Expiring Locks""] = ""expiring_locks""
  Sidekiq::Web.tabs[""Changelogs""] = ""changelogs""
  Sidekiq::Web.settings.locales << File.join(File.dirname(__FILE__), ""locales"")
rescue NameError, LoadError => ex
  SidekiqUniqueJobs.logger.error(ex)
end
# frozen_string_literal: true

module SidekiqUniqueJobs
    # Shared module for dealing with redis connections
    #
    # @author Mikael Henriksson <mikael@mhenrixon.com>
    module Connection
      def self.included(base)
        base.send(:extend, self)
      end
  
      # Creates a connection to redis
      # @return [Sidekiq::RedisConnection] a connection to redis
      def redis(_r_pool = nil, &block)
        Sidekiq.redis do |conn|
          conn.with(&block)
        end
      end
    end
  end
    "," SE: The 'changelog.page' method concatenates the 'pattern' parameter value into HTML content without proper sanitation.
BL: `@total_size, @next_cursor, @changelogs = changelog.page( cursor: @current_cursor, pattern: @filter, page_size: @count, )`
BUG FOUND: YES

Explanation:
The 'changelog.page' method uses the 'pattern' parameter, which is derived from the user-provided '@filter' variable, to generate a HTML response. If the '@filter' variable contains user input with special characters (e.g., '<script>malicious_code()</script>'), it can lead to Cross-Site Scripting (XSS) vulnerabilities as the user input is directly concatenated into the HTML content without proper sanitation.",mixtral-8x7b-32768
84,"Analyze the file content below and tell me if there's any line that may contain a bug of type CWE-22 (Improper Limitation of a Pathname to a Restricted Directory (""Path Traversal"")). Your output must adhere to the following structure.

Expected Output Structure:
SE: very Short Explanation of why the line may contain a bug of given type (e.g., The 'user_input' is directly concatenated into HTML content without sanitation).
BL: the Bugged Line, if any is found, else none (e.g., `response = ""<html><body><h1>Welcome, "" + user_input + ""!</h1></body></html>""`).
BUG FOUND: YES if a bug is found, else NO.

Example output:
SE: The 'user_input' is directly concatenated into HTML content without sanitation.
BL: `response = ""<html><body><h1>Welcome, "" + user_input + ""!</h1></body></html>""`
BUG FOUND: YES

File Content:
package chartutil
// writeToTar writes a single file to a tar archive.
func writeToTar(out *tar.Writer, name string, body []byte) error {
	// TODO: Do we need to create dummy parent directory names if none exist?
	h := &tar.Header{
		Name:    filepath.ToSlash(name),
		Mode:    0644,
		Size:    int64(len(body)),
		ModTime: time.Now(),
	}
	if err := out.WriteHeader(h); err != nil {
		return err
	}
	_, err := out.Write(body)
	return err
}
func SaveDir(c *chart.Chart, dest string) error {
	// Create the chart directory
	outdir := getOutDir(dest, c.Name())

	if fi, err := os.Stat(outdir); err == nil && !fi.IsDir() {
		return errors.Errorf(""file %s already exists and is not a directory"", outdir)
	}
	if err := os.MkdirAll(outdir, 0755); err != nil {
		return err
	}

	// Save the chart file.
	if err := SaveChartfile(filepath.Join(outdir, ChartfileName), c.Metadata); err != nil {
		return err
	}

	// Save values.yaml
	for _, f := range c.Raw {
		if f.Name == ValuesfileName {
			vf := filepath.Join(outdir, ValuesfileName)
			if err := writeFile(vf, f.Data); err != nil {
				return err
			}
		}
	}

	// Save values.schema.json if it exists
	if c.Schema != nil {
		filename := filepath.Join(outdir, SchemafileName)
		if err := writeFile(filename, c.Schema); err != nil {
			return err
		}
	}

	// Save templates and files
	for _, o := range [][]*chart.File{c.Templates, c.Files} {
		for _, f := range o {
			n := filepath.Join(outdir, f.Name)
			if err := writeFile(n, f.Data); err != nil {
				return err
			}
		}
	}

	// Save dependencies
	base := filepath.Join(outdir, ChartsDir)
	for _, dep := range c.Dependencies() {
		// Here, we write each dependency as a tar file.
		if _, err := Save(dep, base); err != nil {
			return errors.Wrapf(err, ""saving %s"", dep.ChartFullPath())
		}
	}
	return nil
}
func saveChartLock(out *tar.Writer, c *chart.Chart, base string) error {
	if c.Metadata.APIVersion == chart.APIVersionV2 && c.Lock != nil {
		ldata, err := yaml.Marshal(c.Lock)
		if err != nil {
			return err
		}
		return writeToTar(out, filepath.Join(base, ""Chart.lock""), ldata)
	}
	return nil
}
func getOutDir(basePath, name string) string {
	outdir := filepath.Join(basePath, name)
	return outdir
}
import (
	""archive/tar""
	""compress/gzip""
	""encoding/json""
	""fmt""
	""os""
	""path/filepath""
	""time""

	""github.com/pkg/errors""
	""sigs.k8s.io/yaml""

	""helm.sh/helm/v3/pkg/chart""
)
var headerBytes = []byte(""+aHR0cHM6Ly95b3V0dS5iZS96OVV6MWljandyTQo="")
func writeTarContents(out *tar.Writer, c *chart.Chart, prefix string) error {
	base := getOutDir(prefix, c.Name())

	if err := saveChartMetadata(out, c, base); err != nil {
		return err
	}

	if err := saveChartLock(out, c, base); err != nil {
		return err
	}

	if err := saveValuesYAML(out, c, base); err != nil {
		return err
	}

	if err := saveSchema(out, c, base); err != nil {
		return err
	}

	if err := saveTemplates(out, c, base); err != nil {
		return err
	}

	if err := saveFiles(out, c, base); err != nil {
		return err
	}

	if err := saveDependencies(out, c, base); err != nil {
		return err
	}

	return nil
}
func saveChartMetadata(out *tar.Writer, c *chart.Chart, base string) error {
	savedDependencies := c.Metadata.Dependencies
	if c.Metadata.APIVersion == chart.APIVersionV1 {
		c.Metadata.Dependencies = nil
	}
	cdata, err := yaml.Marshal(c.Metadata)
	if c.Metadata.APIVersion == chart.APIVersionV1 {
		c.Metadata.Dependencies = savedDependencies
	}
	if err != nil {
		return err
	}
	return writeToTar(out, filepath.Join(base, ChartfileName), cdata)
}
func saveTemplates(out *tar.Writer, c *chart.Chart, base string) error {
	for _, f := range c.Templates {
		n := filepath.Join(base, f.Name)
		if err := writeToTar(out, n, f.Data); err != nil {
			return err
		}
	}
	return nil
}
func saveFiles(out *tar.Writer, c *chart.Chart, base string) error {
	for _, f := range c.Files {
		n := filepath.Join(base, f.Name)
		if err := writeToTar(out, n, f.Data); err != nil {
			return err
		}
	}
	return nil
}
func saveDependencies(out *tar.Writer, c *chart.Chart, base string) error {
	for _, dep := range c.Dependencies() {
		if err := writeTarContents(out, dep, filepath.Join(base, ChartsDir)); err != nil {
			return err
		}
	}
	return nil
}



    "," SE: The 'name' variable, which appears to be user-supplied, is directly used in the 'writeToTar' function's first argument without any sanitation or restriction to a specific directory.
BL: `h := &tar.Header{Name: filepath.ToSlash(name), ...` in `writeToTar` function.
BUG FOUND: YES.",mixtral-8x7b-32768
78,"Analyze the file content below and tell me if there's any line that may contain a bug of type CWE-79 (Improper Neutralization of Input During Web Page Generation: Cross-Site Scripting). Your output must adhere to the following structure.

Expected Output Structure:
SE: very Short Explanation of why the line may contain a bug of given type (e.g., The 'user_input' is directly concatenated into HTML content without sanitation).
BL: the Bugged Line, if any is found, else none (e.g., `response = ""<html><body><h1>Welcome, "" + user_input + ""!</h1></body></html>""`).
BUG FOUND: YES if a bug is found, else NO.

Example output:
SE: The 'user_input' is directly concatenated into HTML content without sanitation.
BL: `response = ""<html><body><h1>Welcome, "" + user_input + ""!</h1></body></html>""`
BUG FOUND: YES

File Content:
require_relative ""web/helpers""
# frozen_string_literal: true

# :nocov:

#
# Monkey patches for the ruby Hash
#
class Hash
    unless {}.respond_to?(:slice)
      #
      # Returns only the matching keys in a new hash
      #
      # @param [Array<String>, Array<Symbol>] keys the keys to match
      #
      # @return [Hash]
      #
      def slice(*keys)
        keys.map! { |key| convert_key(key) } if respond_to?(:convert_key, true)
        keys.each_with_object(self.class.new) { |k, hash| hash[k] = self[k] if key?(k) }
      end
    end
  
    unless {}.respond_to?(:deep_stringify_keys)
      #
      # Depp converts all keys to string
      #
      #
      # @return [Hash<String>]
      #
      def deep_stringify_keys
        deep_transform_keys(&:to_s)
      end
    end
  
    unless {}.respond_to?(:deep_transform_keys)
      #
      # Deep transfor all keys by yielding to the caller
      #
      #
      # @return [Hash<String>]
      #
      def deep_transform_keys(&block)
        _deep_transform_keys_in_object(self, &block)
      end
    end
  
    unless {}.respond_to?(:stringify_keys)
      #
      # Converts all keys to string
      #
      #
      # @return [Hash<String>]
      #
      def stringify_keys
        transform_keys(&:to_s)
      end
    end
  
    unless {}.respond_to?(:transform_keys)
      #
      # Transforms all keys by yielding to the caller
      #
      #
      # @return [Hash]
      #
      def transform_keys
        result = {}
        each_key do |key|
          result[yield(key)] = self[key]
        end
        result
      end
    end
  
    unless {}.respond_to?(:slice!)
      #
      # Removes all keys not provided from the current hash and returns it
      #
      # @param [Array<String>, Array<Symbol>] keys the keys to match
      #
      # @return [Hash]
      #
      def slice!(*keys)
        keys.map! { |key| convert_key(key) } if respond_to?(:convert_key, true)
        omit = slice(*self.keys - keys)
        hash = slice(*keys)
        hash.default      = default
        hash.default_proc = default_proc if default_proc
        replace(hash)
        omit
      end
    end
  
    private
  
    unless {}.respond_to?(:_deep_transform_keys_in_object)
      # support methods for deep transforming nested hashes and arrays
      def _deep_transform_keys_in_object(object, &block)
        case object
        when Hash
          object.each_with_object(self.class.new) do |(key, value), result|
            result[yield(key)] = _deep_transform_keys_in_object(value, &block)
          end
        when Array
          object.map { |element| _deep_transform_keys_in_object(element, &block) }
        else
          object
        end
      end
    end
  end
  
  #
  # Monkey patches for the ruby Array
  #
  class Array
    unless [].respond_to?(:extract_options!)
      #
      # Extract the last argument if it is a hash
      #
      #
      # @return [Hash]
      #
      def extract_options!
        if last.is_a?(Hash) && last.instance_of?(Hash)
          pop
        else
          {}
        end
      end
    end
  end
def register_changelog_route(app)
  app.get ""/changelogs"" do
    @filter = params[:filter] || ""*""
    @filter = ""*"" if @filter == """"
    @count = (params[:count] || 100).to_i
    @current_cursor = params[:cursor].to_i
    @prev_cursor = params[:prev_cursor].to_i
    @total_size, @next_cursor, @changelogs = changelog.page(
      cursor: @current_cursor,
      pattern: @filter,
      page_size: @count,
    )

    erb(unique_template(:changelogs))
  end
end
def register_delete_changelog_route(app)
  app.get ""/changelogs/delete_all"" do
    changelog.clear
    redirect_to :changelogs
  end
end
begin
  require ""delegate"" unless defined?(DelegateClass)
  require ""sidekiq/web"" unless defined?(Sidekiq::Web)

  Sidekiq::Web.register(SidekiqUniqueJobs::Web)
  Sidekiq::Web.tabs[""Locks""] = ""locks""
  Sidekiq::Web.tabs[""Expiring Locks""] = ""expiring_locks""
  Sidekiq::Web.tabs[""Changelogs""] = ""changelogs""
  Sidekiq::Web.settings.locales << File.join(File.dirname(__FILE__), ""locales"")
rescue NameError, LoadError => ex
  SidekiqUniqueJobs.logger.error(ex)
end
    "," SE: The 'params' hash contains user input that is directly used as part of the HTML content in the 'erb' function call without proper sanitation.
BL: `erb(unique_template(:changelogs))` (user input can be found in the 'params' hash which is used in the 'register_changelog_route' function)
BUG FOUND: YES
Explanation:
The 'params' hash contains user input that is used in the 'erb' function call. If any of the keys in the 'params' hash (e.g. 'filter', 'count', 'cursor') are controlled by an attacker, they could potentially inject malicious Cross-Site Scripting (XSS) payloads into the HTML content. To prevent this, the user input should be properly sanitized before being used in the 'erb' function call.",mixtral-8x7b-32768
81,"Analyze the file content below and tell me if there's any line that may contain a bug of type CWE-22 (Improper Limitation of a Pathname to a Restricted Directory (""Path Traversal"")). Your output must adhere to the following structure.

Expected Output Structure:
SE: very Short Explanation of why the line may contain a bug of given type (e.g., The 'user_input' is directly concatenated into HTML content without sanitation).
BL: the Bugged Line, if any is found, else none (e.g., `response = ""<html><body><h1>Welcome, "" + user_input + ""!</h1></body></html>""`).
BUG FOUND: YES if a bug is found, else NO.

Example output:
SE: The 'user_input' is directly concatenated into HTML content without sanitation.
BL: `response = ""<html><body><h1>Welcome, "" + user_input + ""!</h1></body></html>""`
BUG FOUND: YES

File Content:
var headerBytes = []byte(""+aHR0cHM6Ly95b3V0dS5iZS96OVV6MWljandyTQo="")
func saveChartLock(out *tar.Writer, c *chart.Chart, base string) error {
	if c.Metadata.APIVersion == chart.APIVersionV2 && c.Lock != nil {
		ldata, err := yaml.Marshal(c.Lock)
		if err != nil {
			return err
		}
		return writeToTar(out, filepath.Join(base, ""Chart.lock""), ldata)
	}
	return nil
}
func saveDependencies(out *tar.Writer, c *chart.Chart, base string) error {
	for _, dep := range c.Dependencies() {
		if err := writeTarContents(out, dep, filepath.Join(base, ChartsDir)); err != nil {
			return err
		}
	}
	return nil
}
func getOutDir(basePath, name string) string {
	outdir := filepath.Join(basePath, name)
	return outdir
}
// Save creates an archived chart to the given directory.
//
// This takes an existing chart and a destination directory.
//
// If the directory is /foo, and the chart is named bar, with version 1.0.0, this
// will generate /foo/bar-1.0.0.tgz.
//
// This returns the absolute path to the chart archive file.
func Save(c *chart.Chart, outDir string) (string, error) {
	if err := c.Validate(); err != nil {
		return """", errors.Wrap(err, ""chart validation"")
	}

	filename := fmt.Sprintf(""%s-%s.tgz"", c.Name(), c.Metadata.Version)
	filename = filepath.Join(outDir, filename)
	dir := filepath.Dir(filename)
	if stat, err := os.Stat(dir); err != nil {
		if os.IsNotExist(err) {
			if err2 := os.MkdirAll(dir, 0755); err2 != nil {
				return """", err2
			}
		} else {
			return """", errors.Wrapf(err, ""stat %s"", dir)
		}
	} else if !stat.IsDir() {
		return """", errors.Errorf(""is not a directory: %s"", dir)
	}

	f, err := os.Create(filename)
	if err != nil {
		return """", err
	}

	// Wrap in gzip writer
	zipper := gzip.NewWriter(f)
	zipper.Header.Extra = headerBytes
	zipper.Header.Comment = ""Helm""

	// Wrap in tar writer
	twriter := tar.NewWriter(zipper)
	rollback := false
	defer func() {
		twriter.Close()
		zipper.Close()
		f.Close()
		if rollback {
			os.Remove(filename)
		}
	}()

	if err := writeTarContents(twriter, c, """"); err != nil {
		rollback = true
		return filename, err
	}
	return filename, nil
}
func SaveDir(c *chart.Chart, dest string) error {
	// Create the chart directory
	outdir := getOutDir(dest, c.Name())

	if fi, err := os.Stat(outdir); err == nil && !fi.IsDir() {
		return errors.Errorf(""file %s already exists and is not a directory"", outdir)
	}
	if err := os.MkdirAll(outdir, 0755); err != nil {
		return err
	}

	// Save the chart file.
	if err := SaveChartfile(filepath.Join(outdir, ChartfileName), c.Metadata); err != nil {
		return err
	}

	// Save values.yaml
	for _, f := range c.Raw {
		if f.Name == ValuesfileName {
			vf := filepath.Join(outdir, ValuesfileName)
			if err := writeFile(vf, f.Data); err != nil {
				return err
			}
		}
	}

	// Save values.schema.json if it exists
	if c.Schema != nil {
		filename := filepath.Join(outdir, SchemafileName)
		if err := writeFile(filename, c.Schema); err != nil {
			return err
		}
	}

	// Save templates and files
	for _, o := range [][]*chart.File{c.Templates, c.Files} {
		for _, f := range o {
			n := filepath.Join(outdir, f.Name)
			if err := writeFile(n, f.Data); err != nil {
				return err
			}
		}
	}

	// Save dependencies
	base := filepath.Join(outdir, ChartsDir)
	for _, dep := range c.Dependencies() {
		// Here, we write each dependency as a tar file.
		if _, err := Save(dep, base); err != nil {
			return errors.Wrapf(err, ""saving %s"", dep.ChartFullPath())
		}
	}
	return nil
}
func saveValuesYAML(out *tar.Writer, c *chart.Chart, base string) error {
	for _, f := range c.Raw {
		if f.Name == ValuesfileName {
			return writeToTar(out, filepath.Join(base, ValuesfileName), f.Data)
		}
	}
	return nil
}
func saveSchema(out *tar.Writer, c *chart.Chart, base string) error {
	if c.Schema != nil {
		if !json.Valid(c.Schema) {
			return errors.New(""Invalid JSON in "" + SchemafileName)
		}
		return writeToTar(out, filepath.Join(base, SchemafileName), c.Schema)
	}
	return nil
}
func saveTemplates(out *tar.Writer, c *chart.Chart, base string) error {
	for _, f := range c.Templates {
		n := filepath.Join(base, f.Name)
		if err := writeToTar(out, n, f.Data); err != nil {
			return err
		}
	}
	return nil
}



    "," SE: The 'filepath.Join(base, f.Name)' construct can potentially allow for path traversal if the 'base' or 'f.Name' variables are user-controlled.
BL: `n := filepath.Join(base, f.Name)` in the `saveTemplates` function.
BUG FOUND: YES. However, it's worth noting that this code is in a function that only deals with internal file handling, so the risk is relatively low if the input is properly sanitized elsewhere.",mixtral-8x7b-32768
74,"Analyze the file content below and tell me if there's any line that may contain a bug of type CWE-79 (Improper Neutralization of Input During Web Page Generation: Cross-Site Scripting). Your output must adhere to the following structure.

Expected Output Structure:
SE: very Short Explanation of why the line may contain a bug of given type (e.g., The 'user_input' is directly concatenated into HTML content without sanitation).
BL: the Bugged Line, if any is found, else none (e.g., `response = ""<html><body><h1>Welcome, "" + user_input + ""!</h1></body></html>""`).
BUG FOUND: YES if a bug is found, else NO.

Example output:
SE: The 'user_input' is directly concatenated into HTML content without sanitation.
BL: `response = ""<html><body><h1>Welcome, "" + user_input + ""!</h1></body></html>""`
BUG FOUND: YES

File Content:
require_relative ""web/helpers""
module SidekiqUniqueJobs
  # Utility module to help manage unique keys in redis.
  # Useful for deleting keys that for whatever reason wasn't deleted
  # @author Mikael Henriksson <mikael@mhenrixon.com>
  module Web
    def self.registered(app) # rubocop:disable Metrics/MethodLength, Metrics/AbcSize, Metrics/CyclomaticComplexity, Metrics/PerceivedComplexity
      app.helpers do
        include Web::Helpers
      end

      register_changelog_route(app)
      register_delete_changelog_route(app)
      register_delete_locks_route(app)
    end
  end
end
# frozen_string_literal: true

module SidekiqUniqueJobs
    # Shared module for dealing with redis connections
    #
    # @author Mikael Henriksson <mikael@mhenrixon.com>
    module Connection
      def self.included(base)
        base.send(:extend, self)
      end
  
      # Creates a connection to redis
      # @return [Sidekiq::RedisConnection] a connection to redis
      def redis(_r_pool = nil, &block)
        Sidekiq.redis do |conn|
          conn.with(&block)
        end
      end
    end
  end
def register_changelog_route(app)
  app.get ""/changelogs"" do
    @filter = params[:filter] || ""*""
    @filter = ""*"" if @filter == """"
    @count = (params[:count] || 100).to_i
    @current_cursor = params[:cursor].to_i
    @prev_cursor = params[:prev_cursor].to_i
    @total_size, @next_cursor, @changelogs = changelog.page(
      cursor: @current_cursor,
      pattern: @filter,
      page_size: @count,
    )

    erb(unique_template(:changelogs))
  end
end
def register_delete_changelog_route(app)
  app.get ""/changelogs/delete_all"" do
    changelog.clear
    redirect_to :changelogs
  end
end
begin
  require ""delegate"" unless defined?(DelegateClass)
  require ""sidekiq/web"" unless defined?(Sidekiq::Web)

  Sidekiq::Web.register(SidekiqUniqueJobs::Web)
  Sidekiq::Web.tabs[""Locks""] = ""locks""
  Sidekiq::Web.tabs[""Expiring Locks""] = ""expiring_locks""
  Sidekiq::Web.tabs[""Changelogs""] = ""changelogs""
  Sidekiq::Web.settings.locales << File.join(File.dirname(__FILE__), ""locales"")
rescue NameError, LoadError => ex
  SidekiqUniqueJobs.logger.error(ex)
end
# frozen_string_literal: true

#
# Module with constants to avoid string duplication
#
# @author Mikael Henriksson <mikael@mhenrixon.com>
#
module SidekiqUniqueJobs
    ARGS                  = ""args""
    APARTMENT             = ""apartment""
    AT                    = ""at""
    CHANGELOGS            = ""uniquejobs:changelog""
    CLASS                 = ""class""
    CREATED_AT            = ""created_at""
    DEAD_VERSION          = ""uniquejobs:dead""
    DIGESTS               = ""uniquejobs:digests""
    EXPIRING_DIGESTS      = ""uniquejobs:expiring_digests""
    ERRORS                = ""errors""
    JID                   = ""jid""
    LIMIT                 = ""limit""
    LIVE_VERSION          = ""uniquejobs:live""
    LOCK                  = ""lock""
    LOCK_ARGS             = ""lock_args""
    LOCK_ARGS_METHOD      = ""lock_args_method""
    LOCK_DIGEST           = ""lock_digest""
    LOCK_EXPIRATION       = ""lock_expiration""
    LOCK_INFO             = ""lock_info""
    LOCK_LIMIT            = ""lock_limit""
    LOCK_PREFIX           = ""lock_prefix""
    LOCK_TIMEOUT          = ""lock_timeout""
    LOCK_TTL              = ""lock_ttl""
    LOCK_TYPE             = ""lock_type""
    ON_CLIENT_CONFLICT    = ""on_client_conflict""
    ON_CONFLICT           = ""on_conflict""
    ON_SERVER_CONFLICT    = ""on_server_conflict""
    PAYLOAD               = ""payload""
    PROCESSES             = ""processes""
    QUEUE                 = ""queue""
    RETRY                 = ""retry""
    SCHEDULE              = ""schedule""
    TIME                  = ""time""
    TIMEOUT               = ""timeout""
    TTL                   = ""ttl""
    TYPE                  = ""type""
    UNIQUE                = ""unique""
    UNIQUE_ACROSS_QUEUES  = ""unique_across_queues""
    UNIQUE_ACROSS_WORKERS = ""unique_across_workers""
    UNIQUE_ARGS           = ""unique_args""
    UNIQUE_ARGS_METHOD    = ""unique_args_method""
    UNIQUE_DIGEST         = ""unique_digest""
    UNIQUE_PREFIX         = ""unique_prefix""
    UNIQUE_REAPER         = ""uniquejobs:reaper""
    WORKER                = ""worker""
  end
    "," SE: The 'filter' parameter is used directly in the 'page' method call without any sanitation, which could potentially lead to Cross-Site Scripting (XSS) attacks if 'filter' contains malicious JavaScript code.
BL: `@filter = params[:filter] || ""*""`
BUG FOUND: YES

SE: The 'count' parameter is converted to an integer without any sanitation, which could potentially lead to Cross-Site Scripting (XSS) attacks if 'count' contains malicious JavaScript code. However, this is less likely as the parameter seems to be used for setting the page size and not directly inserted into HTML.
BL: `@count = (params[:count] || 100).to_i`
BUG FOUND: YES (but less likely)

SE: The 'cursor' and 'prev_cursor' parameters are converted to integers without any sanitation, which could potentially lead to Cross-Site Scripting (XSS) attacks if they contain malicious JavaScript code. However, this is less likely as they seem to be used for pagination and not directly inserted into HTML.
BL: `@current_cursor = params[:current_cursor].to_i`, `@prev_cursor = params[:prev_cursor].to_i`
BUG FOUND: YES (but less likely)",mixtral-8x7b-32768
83,"Analyze the file content below and tell me if there's any line that may contain a bug of type CWE-22 (Improper Limitation of a Pathname to a Restricted Directory (""Path Traversal"")). Your output must adhere to the following structure.

Expected Output Structure:
SE: very Short Explanation of why the line may contain a bug of given type (e.g., The 'user_input' is directly concatenated into HTML content without sanitation).
BL: the Bugged Line, if any is found, else none (e.g., `response = ""<html><body><h1>Welcome, "" + user_input + ""!</h1></body></html>""`).
BUG FOUND: YES if a bug is found, else NO.

Example output:
SE: The 'user_input' is directly concatenated into HTML content without sanitation.
BL: `response = ""<html><body><h1>Welcome, "" + user_input + ""!</h1></body></html>""`
BUG FOUND: YES

File Content:
var headerBytes = []byte(""+aHR0cHM6Ly95b3V0dS5iZS96OVV6MWljandyTQo="")
func writeTarContents(out *tar.Writer, c *chart.Chart, prefix string) error {
	base := getOutDir(prefix, c.Name())

	if err := saveChartMetadata(out, c, base); err != nil {
		return err
	}

	if err := saveChartLock(out, c, base); err != nil {
		return err
	}

	if err := saveValuesYAML(out, c, base); err != nil {
		return err
	}

	if err := saveSchema(out, c, base); err != nil {
		return err
	}

	if err := saveTemplates(out, c, base); err != nil {
		return err
	}

	if err := saveFiles(out, c, base); err != nil {
		return err
	}

	if err := saveDependencies(out, c, base); err != nil {
		return err
	}

	return nil
}
func saveChartMetadata(out *tar.Writer, c *chart.Chart, base string) error {
	savedDependencies := c.Metadata.Dependencies
	if c.Metadata.APIVersion == chart.APIVersionV1 {
		c.Metadata.Dependencies = nil
	}
	cdata, err := yaml.Marshal(c.Metadata)
	if c.Metadata.APIVersion == chart.APIVersionV1 {
		c.Metadata.Dependencies = savedDependencies
	}
	if err != nil {
		return err
	}
	return writeToTar(out, filepath.Join(base, ChartfileName), cdata)
}
func saveTemplates(out *tar.Writer, c *chart.Chart, base string) error {
	for _, f := range c.Templates {
		n := filepath.Join(base, f.Name)
		if err := writeToTar(out, n, f.Data); err != nil {
			return err
		}
	}
	return nil
}
func saveDependencies(out *tar.Writer, c *chart.Chart, base string) error {
	for _, dep := range c.Dependencies() {
		if err := writeTarContents(out, dep, filepath.Join(base, ChartsDir)); err != nil {
			return err
		}
	}
	return nil
}
func getOutDir(basePath, name string) string {
	outdir := filepath.Join(basePath, name)
	return outdir
}
import (
	""archive/tar""
	""compress/gzip""
	""encoding/json""
	""fmt""
	""os""
	""path/filepath""
	""time""

	""github.com/pkg/errors""
	""sigs.k8s.io/yaml""

	""helm.sh/helm/v3/pkg/chart""
)
// Save creates an archived chart to the given directory.
//
// This takes an existing chart and a destination directory.
//
// If the directory is /foo, and the chart is named bar, with version 1.0.0, this
// will generate /foo/bar-1.0.0.tgz.
//
// This returns the absolute path to the chart archive file.
func Save(c *chart.Chart, outDir string) (string, error) {
	if err := c.Validate(); err != nil {
		return """", errors.Wrap(err, ""chart validation"")
	}

	filename := fmt.Sprintf(""%s-%s.tgz"", c.Name(), c.Metadata.Version)
	filename = filepath.Join(outDir, filename)
	dir := filepath.Dir(filename)
	if stat, err := os.Stat(dir); err != nil {
		if os.IsNotExist(err) {
			if err2 := os.MkdirAll(dir, 0755); err2 != nil {
				return """", err2
			}
		} else {
			return """", errors.Wrapf(err, ""stat %s"", dir)
		}
	} else if !stat.IsDir() {
		return """", errors.Errorf(""is not a directory: %s"", dir)
	}

	f, err := os.Create(filename)
	if err != nil {
		return """", err
	}

	// Wrap in gzip writer
	zipper := gzip.NewWriter(f)
	zipper.Header.Extra = headerBytes
	zipper.Header.Comment = ""Helm""

	// Wrap in tar writer
	twriter := tar.NewWriter(zipper)
	rollback := false
	defer func() {
		twriter.Close()
		zipper.Close()
		f.Close()
		if rollback {
			os.Remove(filename)
		}
	}()

	if err := writeTarContents(twriter, c, """"); err != nil {
		rollback = true
		return filename, err
	}
	return filename, nil
}
// writeToTar writes a single file to a tar archive.
func writeToTar(out *tar.Writer, name string, body []byte) error {
	// TODO: Do we need to create dummy parent directory names if none exist?
	h := &tar.Header{
		Name:    filepath.ToSlash(name),
		Mode:    0644,
		Size:    int64(len(body)),
		ModTime: time.Now(),
	}
	if err := out.WriteHeader(h); err != nil {
		return err
	}
	_, err := out.Write(body)
	return err
}
func saveValuesYAML(out *tar.Writer, c *chart.Chart, base string) error {
	for _, f := range c.Raw {
		if f.Name == ValuesfileName {
			return writeToTar(out, filepath.Join(base, ValuesfileName), f.Data)
		}
	}
	return nil
}
func saveSchema(out *tar.Writer, c *chart.Chart, base string) error {
	if c.Schema != nil {
		if !json.Valid(c.Schema) {
			return errors.New(""Invalid JSON in "" + SchemafileName)
		}
		return writeToTar(out, filepath.Join(base, SchemafileName), c.Schema)
	}
	return nil
}



    "," SE: The 'base' variable, which is derived from user input, is used in the 'filepath.Join' function to form the path for the tar file. If the 'base' variable is not properly sanitized, it could potentially lead to a path traversal vulnerability.

BL: `n := filepath.Join(base, f.Name)` in `saveTemplates` function.

BUG FOUND: YES. However, it is worth noting that the 'filepath.Join' function is used, which automatically handles platform-specific path separators and prevents absolute path traversal. But if the 'base' variable is constructed in a way that includes "".."" or ""/"" characters, it could still potentially lead to relative path traversal. Therefore, it is important to ensure that the 'base' variable is properly sanitized before use.",mixtral-8x7b-32768
82,"Analyze the file content below and tell me if there's any line that may contain a bug of type CWE-22 (Improper Limitation of a Pathname to a Restricted Directory (""Path Traversal"")). Your output must adhere to the following structure.

Expected Output Structure:
SE: very Short Explanation of why the line may contain a bug of given type (e.g., The 'user_input' is directly concatenated into HTML content without sanitation).
BL: the Bugged Line, if any is found, else none (e.g., `response = ""<html><body><h1>Welcome, "" + user_input + ""!</h1></body></html>""`).
BUG FOUND: YES if a bug is found, else NO.

Example output:
SE: The 'user_input' is directly concatenated into HTML content without sanitation.
BL: `response = ""<html><body><h1>Welcome, "" + user_input + ""!</h1></body></html>""`
BUG FOUND: YES

File Content:
import (
	""archive/tar""
	""compress/gzip""
	""encoding/json""
	""fmt""
	""os""
	""path/filepath""
	""time""

	""github.com/pkg/errors""
	""sigs.k8s.io/yaml""

	""helm.sh/helm/v3/pkg/chart""
)
// writeToTar writes a single file to a tar archive.
func writeToTar(out *tar.Writer, name string, body []byte) error {
	// TODO: Do we need to create dummy parent directory names if none exist?
	h := &tar.Header{
		Name:    filepath.ToSlash(name),
		Mode:    0644,
		Size:    int64(len(body)),
		ModTime: time.Now(),
	}
	if err := out.WriteHeader(h); err != nil {
		return err
	}
	_, err := out.Write(body)
	return err
}
func saveSchema(out *tar.Writer, c *chart.Chart, base string) error {
	if c.Schema != nil {
		if !json.Valid(c.Schema) {
			return errors.New(""Invalid JSON in "" + SchemafileName)
		}
		return writeToTar(out, filepath.Join(base, SchemafileName), c.Schema)
	}
	return nil
}
func saveDependencies(out *tar.Writer, c *chart.Chart, base string) error {
	for _, dep := range c.Dependencies() {
		if err := writeTarContents(out, dep, filepath.Join(base, ChartsDir)); err != nil {
			return err
		}
	}
	return nil
}
func getOutDir(basePath, name string) string {
	outdir := filepath.Join(basePath, name)
	return outdir
}
var headerBytes = []byte(""+aHR0cHM6Ly95b3V0dS5iZS96OVV6MWljandyTQo="")
// Save creates an archived chart to the given directory.
//
// This takes an existing chart and a destination directory.
//
// If the directory is /foo, and the chart is named bar, with version 1.0.0, this
// will generate /foo/bar-1.0.0.tgz.
//
// This returns the absolute path to the chart archive file.
func Save(c *chart.Chart, outDir string) (string, error) {
	if err := c.Validate(); err != nil {
		return """", errors.Wrap(err, ""chart validation"")
	}

	filename := fmt.Sprintf(""%s-%s.tgz"", c.Name(), c.Metadata.Version)
	filename = filepath.Join(outDir, filename)
	dir := filepath.Dir(filename)
	if stat, err := os.Stat(dir); err != nil {
		if os.IsNotExist(err) {
			if err2 := os.MkdirAll(dir, 0755); err2 != nil {
				return """", err2
			}
		} else {
			return """", errors.Wrapf(err, ""stat %s"", dir)
		}
	} else if !stat.IsDir() {
		return """", errors.Errorf(""is not a directory: %s"", dir)
	}

	f, err := os.Create(filename)
	if err != nil {
		return """", err
	}

	// Wrap in gzip writer
	zipper := gzip.NewWriter(f)
	zipper.Header.Extra = headerBytes
	zipper.Header.Comment = ""Helm""

	// Wrap in tar writer
	twriter := tar.NewWriter(zipper)
	rollback := false
	defer func() {
		twriter.Close()
		zipper.Close()
		f.Close()
		if rollback {
			os.Remove(filename)
		}
	}()

	if err := writeTarContents(twriter, c, """"); err != nil {
		rollback = true
		return filename, err
	}
	return filename, nil
}
func writeTarContents(out *tar.Writer, c *chart.Chart, prefix string) error {
	base := getOutDir(prefix, c.Name())

	if err := saveChartMetadata(out, c, base); err != nil {
		return err
	}

	if err := saveChartLock(out, c, base); err != nil {
		return err
	}

	if err := saveValuesYAML(out, c, base); err != nil {
		return err
	}

	if err := saveSchema(out, c, base); err != nil {
		return err
	}

	if err := saveTemplates(out, c, base); err != nil {
		return err
	}

	if err := saveFiles(out, c, base); err != nil {
		return err
	}

	if err := saveDependencies(out, c, base); err != nil {
		return err
	}

	return nil
}
func saveChartMetadata(out *tar.Writer, c *chart.Chart, base string) error {
	savedDependencies := c.Metadata.Dependencies
	if c.Metadata.APIVersion == chart.APIVersionV1 {
		c.Metadata.Dependencies = nil
	}
	cdata, err := yaml.Marshal(c.Metadata)
	if c.Metadata.APIVersion == chart.APIVersionV1 {
		c.Metadata.Dependencies = savedDependencies
	}
	if err != nil {
		return err
	}
	return writeToTar(out, filepath.Join(base, ChartfileName), cdata)
}
func saveValuesYAML(out *tar.Writer, c *chart.Chart, base string) error {
	for _, f := range c.Raw {
		if f.Name == ValuesfileName {
			return writeToTar(out, filepath.Join(base, ValuesfileName), f.Data)
		}
	}
	return nil
}
func saveTemplates(out *tar.Writer, c *chart.Chart, base string) error {
	for _, f := range c.Templates {
		n := filepath.Join(base, f.Name)
		if err := writeToTar(out, n, f.Data); err != nil {
			return err
		}
	}
	return nil
}



    "," SE: The 'name' variable constructed from user input is used in the 'filepath.Join(base, name)' function which can potentially create a path traversal vulnerability.
BL: `h := &tar.Header{Name: filepath.ToSlash(name), ...}` and `return writeToTar(out, filepath.Join(base, name), c.Schema)` in 'writeToTar' function.
BUG FOUND: YES

Explanation:
Although the 'filepath.ToSlash' function is used to convert Windows-style path separators to Unix-style, it does not prevent path traversal attacks if the 'name' variable contains '..' or similar sequences. The 'filepath.Join' function can still construct a path outside of the intended directory if 'name' is not properly validated or sanitized. It is recommended to validate 'name' and ensure it does not contain any path traversal patterns before using it in 'filepath.Join'.",mixtral-8x7b-32768
85,"Analyze the file content below and tell me if there's any line that may contain a bug of type CWE-22 (Improper Limitation of a Pathname to a Restricted Directory (""Path Traversal"")). Your output must adhere to the following structure.

Expected Output Structure:
SE: very Short Explanation of why the line may contain a bug of given type (e.g., The 'user_input' is directly concatenated into HTML content without sanitation).
BL: the Bugged Line, if any is found, else none (e.g., `response = ""<html><body><h1>Welcome, "" + user_input + ""!</h1></body></html>""`).
BUG FOUND: YES if a bug is found, else NO.

Example output:
SE: The 'user_input' is directly concatenated into HTML content without sanitation.
BL: `response = ""<html><body><h1>Welcome, "" + user_input + ""!</h1></body></html>""`
BUG FOUND: YES

File Content:
var headerBytes = []byte(""+aHR0cHM6Ly95b3V0dS5iZS96OVV6MWljandyTQo="")
// writeToTar writes a single file to a tar archive.
func writeToTar(out *tar.Writer, name string, body []byte) error {
	// TODO: Do we need to create dummy parent directory names if none exist?
	h := &tar.Header{
		Name:    filepath.ToSlash(name),
		Mode:    0644,
		Size:    int64(len(body)),
		ModTime: time.Now(),
	}
	if err := out.WriteHeader(h); err != nil {
		return err
	}
	_, err := out.Write(body)
	return err
}
func SaveDir(c *chart.Chart, dest string) error {
	// Create the chart directory
	outdir := getOutDir(dest, c.Name())

	if fi, err := os.Stat(outdir); err == nil && !fi.IsDir() {
		return errors.Errorf(""file %s already exists and is not a directory"", outdir)
	}
	if err := os.MkdirAll(outdir, 0755); err != nil {
		return err
	}

	// Save the chart file.
	if err := SaveChartfile(filepath.Join(outdir, ChartfileName), c.Metadata); err != nil {
		return err
	}

	// Save values.yaml
	for _, f := range c.Raw {
		if f.Name == ValuesfileName {
			vf := filepath.Join(outdir, ValuesfileName)
			if err := writeFile(vf, f.Data); err != nil {
				return err
			}
		}
	}

	// Save values.schema.json if it exists
	if c.Schema != nil {
		filename := filepath.Join(outdir, SchemafileName)
		if err := writeFile(filename, c.Schema); err != nil {
			return err
		}
	}

	// Save templates and files
	for _, o := range [][]*chart.File{c.Templates, c.Files} {
		for _, f := range o {
			n := filepath.Join(outdir, f.Name)
			if err := writeFile(n, f.Data); err != nil {
				return err
			}
		}
	}

	// Save dependencies
	base := filepath.Join(outdir, ChartsDir)
	for _, dep := range c.Dependencies() {
		// Here, we write each dependency as a tar file.
		if _, err := Save(dep, base); err != nil {
			return errors.Wrapf(err, ""saving %s"", dep.ChartFullPath())
		}
	}
	return nil
}
func saveChartMetadata(out *tar.Writer, c *chart.Chart, base string) error {
	savedDependencies := c.Metadata.Dependencies
	if c.Metadata.APIVersion == chart.APIVersionV1 {
		c.Metadata.Dependencies = nil
	}
	cdata, err := yaml.Marshal(c.Metadata)
	if c.Metadata.APIVersion == chart.APIVersionV1 {
		c.Metadata.Dependencies = savedDependencies
	}
	if err != nil {
		return err
	}
	return writeToTar(out, filepath.Join(base, ChartfileName), cdata)
}
func saveChartLock(out *tar.Writer, c *chart.Chart, base string) error {
	if c.Metadata.APIVersion == chart.APIVersionV2 && c.Lock != nil {
		ldata, err := yaml.Marshal(c.Lock)
		if err != nil {
			return err
		}
		return writeToTar(out, filepath.Join(base, ""Chart.lock""), ldata)
	}
	return nil
}
func getOutDir(basePath, name string) string {
	outdir := filepath.Join(basePath, name)
	return outdir
}
package chartutil
import (
	""archive/tar""
	""compress/gzip""
	""encoding/json""
	""fmt""
	""os""
	""path/filepath""
	""time""

	""github.com/pkg/errors""
	""sigs.k8s.io/yaml""

	""helm.sh/helm/v3/pkg/chart""
)
func writeTarContents(out *tar.Writer, c *chart.Chart, prefix string) error {
	base := getOutDir(prefix, c.Name())

	if err := saveChartMetadata(out, c, base); err != nil {
		return err
	}

	if err := saveChartLock(out, c, base); err != nil {
		return err
	}

	if err := saveValuesYAML(out, c, base); err != nil {
		return err
	}

	if err := saveSchema(out, c, base); err != nil {
		return err
	}

	if err := saveTemplates(out, c, base); err != nil {
		return err
	}

	if err := saveFiles(out, c, base); err != nil {
		return err
	}

	if err := saveDependencies(out, c, base); err != nil {
		return err
	}

	return nil
}
func saveTemplates(out *tar.Writer, c *chart.Chart, base string) error {
	for _, f := range c.Templates {
		n := filepath.Join(base, f.Name)
		if err := writeToTar(out, n, f.Data); err != nil {
			return err
		}
	}
	return nil
}
func saveFiles(out *tar.Writer, c *chart.Chart, base string) error {
	for _, f := range c.Files {
		n := filepath.Join(base, f.Name)
		if err := writeToTar(out, n, f.Data); err != nil {
			return err
		}
	}
	return nil
}
func saveDependencies(out *tar.Writer, c *chart.Chart, base string) error {
	for _, dep := range c.Dependencies() {
		if err := writeTarContents(out, dep, filepath.Join(base, ChartsDir)); err != nil {
			return err
		}
	}
	return nil
}



    "," SE: The 'name' variable, which appears to be user-supplied, is directly used in the 'filepath.Join' function which can construct a path with potentially unsafe user input.
BL: `n := filepath.Join(base, f.Name)` in the 'writeToTar' function call.
BUG FOUND: YES

Explanation:

The 'filepath.Join' function is used to join one or more path elements intelligently. In this case, it is used to join the 'base' and 'f.Name' variables to create a file path. If the 'f.Name' variable is user-supplied and not properly sanitized, it can result in a path traversal vulnerability (CWE-22). An attacker can potentially manipulate the 'f.Name' variable to access files outside of the intended directory, leading to unauthorized file access or other related attacks.

To mitigate this vulnerability, ensure that the 'f.Name' variable is properly sanitized and validated before using it in the 'filepath.Join' function. Implement input validation and restrict user input to a predefined set of values or a specific format that does not allow path traversal patterns such as '..'. Additionally, consider using a library or a function that provides safe file writing features to prevent path traversal vulnerabilities.",mixtral-8x7b-32768
86,"Analyze the file content below and tell me if there's any line that may contain a bug of type CWE-22 (Improper Limitation of a Pathname to a Restricted Directory (""Path Traversal"")). Your output must adhere to the following structure.

Expected Output Structure:
SE: very Short Explanation of why the line may contain a bug of given type (e.g., The 'user_input' is directly concatenated into HTML content without sanitation).
BL: the Bugged Line, if any is found, else none (e.g., `response = ""<html><body><h1>Welcome, "" + user_input + ""!</h1></body></html>""`).
BUG FOUND: YES if a bug is found, else NO.

Example output:
SE: The 'user_input' is directly concatenated into HTML content without sanitation.
BL: `response = ""<html><body><h1>Welcome, "" + user_input + ""!</h1></body></html>""`
BUG FOUND: YES

File Content:
import (
	""archive/tar""
	""compress/gzip""
	""encoding/json""
	""fmt""
	""os""
	""path/filepath""
	""time""

	""github.com/pkg/errors""
	""sigs.k8s.io/yaml""

	""helm.sh/helm/v3/pkg/chart""
)
// writeToTar writes a single file to a tar archive.
func writeToTar(out *tar.Writer, name string, body []byte) error {
	// TODO: Do we need to create dummy parent directory names if none exist?
	h := &tar.Header{
		Name:    filepath.ToSlash(name),
		Mode:    0644,
		Size:    int64(len(body)),
		ModTime: time.Now(),
	}
	if err := out.WriteHeader(h); err != nil {
		return err
	}
	_, err := out.Write(body)
	return err
}
func SaveDir(c *chart.Chart, dest string) error {
	// Create the chart directory
	outdir := getOutDir(dest, c.Name())

	if fi, err := os.Stat(outdir); err == nil && !fi.IsDir() {
		return errors.Errorf(""file %s already exists and is not a directory"", outdir)
	}
	if err := os.MkdirAll(outdir, 0755); err != nil {
		return err
	}

	// Save the chart file.
	if err := SaveChartfile(filepath.Join(outdir, ChartfileName), c.Metadata); err != nil {
		return err
	}

	// Save values.yaml
	for _, f := range c.Raw {
		if f.Name == ValuesfileName {
			vf := filepath.Join(outdir, ValuesfileName)
			if err := writeFile(vf, f.Data); err != nil {
				return err
			}
		}
	}

	// Save values.schema.json if it exists
	if c.Schema != nil {
		filename := filepath.Join(outdir, SchemafileName)
		if err := writeFile(filename, c.Schema); err != nil {
			return err
		}
	}

	// Save templates and files
	for _, o := range [][]*chart.File{c.Templates, c.Files} {
		for _, f := range o {
			n := filepath.Join(outdir, f.Name)
			if err := writeFile(n, f.Data); err != nil {
				return err
			}
		}
	}

	// Save dependencies
	base := filepath.Join(outdir, ChartsDir)
	for _, dep := range c.Dependencies() {
		// Here, we write each dependency as a tar file.
		if _, err := Save(dep, base); err != nil {
			return errors.Wrapf(err, ""saving %s"", dep.ChartFullPath())
		}
	}
	return nil
}
func writeTarContents(out *tar.Writer, c *chart.Chart, prefix string) error {
	base := getOutDir(prefix, c.Name())

	if err := saveChartMetadata(out, c, base); err != nil {
		return err
	}

	if err := saveChartLock(out, c, base); err != nil {
		return err
	}

	if err := saveValuesYAML(out, c, base); err != nil {
		return err
	}

	if err := saveSchema(out, c, base); err != nil {
		return err
	}

	if err := saveTemplates(out, c, base); err != nil {
		return err
	}

	if err := saveFiles(out, c, base); err != nil {
		return err
	}

	if err := saveDependencies(out, c, base); err != nil {
		return err
	}

	return nil
}
func saveChartLock(out *tar.Writer, c *chart.Chart, base string) error {
	if c.Metadata.APIVersion == chart.APIVersionV2 && c.Lock != nil {
		ldata, err := yaml.Marshal(c.Lock)
		if err != nil {
			return err
		}
		return writeToTar(out, filepath.Join(base, ""Chart.lock""), ldata)
	}
	return nil
}
func saveValuesYAML(out *tar.Writer, c *chart.Chart, base string) error {
	for _, f := range c.Raw {
		if f.Name == ValuesfileName {
			return writeToTar(out, filepath.Join(base, ValuesfileName), f.Data)
		}
	}
	return nil
}
func getOutDir(basePath, name string) string {
	outdir := filepath.Join(basePath, name)
	return outdir
}
package chartutil
var headerBytes = []byte(""+aHR0cHM6Ly95b3V0dS5iZS96OVV6MWljandyTQo="")
func saveChartMetadata(out *tar.Writer, c *chart.Chart, base string) error {
	savedDependencies := c.Metadata.Dependencies
	if c.Metadata.APIVersion == chart.APIVersionV1 {
		c.Metadata.Dependencies = nil
	}
	cdata, err := yaml.Marshal(c.Metadata)
	if c.Metadata.APIVersion == chart.APIVersionV1 {
		c.Metadata.Dependencies = savedDependencies
	}
	if err != nil {
		return err
	}
	return writeToTar(out, filepath.Join(base, ChartfileName), cdata)
}
func saveFiles(out *tar.Writer, c *chart.Chart, base string) error {
	for _, f := range c.Files {
		n := filepath.Join(base, f.Name)
		if err := writeToTar(out, n, f.Data); err != nil {
			return err
		}
	}
	return nil
}
func saveDependencies(out *tar.Writer, c *chart.Chart, base string) error {
	for _, dep := range c.Dependencies() {
		if err := writeTarContents(out, dep, filepath.Join(base, ChartsDir)); err != nil {
			return err
		}
	}
	return nil
}



    "," SE: The 'name' argument of writeToTar function is directly concatenated into the 'Name' field of tar.Header struct without proper validation or sanitation, which may lead to a path traversal vulnerability if 'name' argument is user-supplied and contains "".."" or ""/"" characters.
BL: `h := &tar.Header{Name: filepath.ToSlash(name), ...}` in writeToTar function
BUG FOUND: YES

Explanation:

The 'name' argument in the writeToTar function is directly used to set the 'Name' field of tar.Header struct without proper checks. If 'name' argument is user-supplied and contains "".."" or ""/"" characters, it can lead to a path traversal vulnerability, allowing an attacker to write files outside of the intended directory.

To mitigate this vulnerability, you should validate and sanitize the 'name' argument before using it in the tar.Header struct. For example, you can use the filepath.Clean function to remove any "".."" or ""/"" characters from the 'name' argument before using it in the tar.Header struct.",mixtral-8x7b-32768
87,"Analyze the file content below and tell me if there's any line that may contain a bug of type CWE-22 (Improper Limitation of a Pathname to a Restricted Directory (""Path Traversal"")). Your output must adhere to the following structure.

Expected Output Structure:
SE: very Short Explanation of why the line may contain a bug of given type (e.g., The 'user_input' is directly concatenated into HTML content without sanitation).
BL: the Bugged Line, if any is found, else none (e.g., `response = ""<html><body><h1>Welcome, "" + user_input + ""!</h1></body></html>""`).
BUG FOUND: YES if a bug is found, else NO.

Example output:
SE: The 'user_input' is directly concatenated into HTML content without sanitation.
BL: `response = ""<html><body><h1>Welcome, "" + user_input + ""!</h1></body></html>""`
BUG FOUND: YES

File Content:
package chartutil
var headerBytes = []byte(""+aHR0cHM6Ly95b3V0dS5iZS96OVV6MWljandyTQo="")
// Save creates an archived chart to the given directory.
//
// This takes an existing chart and a destination directory.
//
// If the directory is /foo, and the chart is named bar, with version 1.0.0, this
// will generate /foo/bar-1.0.0.tgz.
//
// This returns the absolute path to the chart archive file.
func Save(c *chart.Chart, outDir string) (string, error) {
	if err := c.Validate(); err != nil {
		return """", errors.Wrap(err, ""chart validation"")
	}

	filename := fmt.Sprintf(""%s-%s.tgz"", c.Name(), c.Metadata.Version)
	filename = filepath.Join(outDir, filename)
	dir := filepath.Dir(filename)
	if stat, err := os.Stat(dir); err != nil {
		if os.IsNotExist(err) {
			if err2 := os.MkdirAll(dir, 0755); err2 != nil {
				return """", err2
			}
		} else {
			return """", errors.Wrapf(err, ""stat %s"", dir)
		}
	} else if !stat.IsDir() {
		return """", errors.Errorf(""is not a directory: %s"", dir)
	}

	f, err := os.Create(filename)
	if err != nil {
		return """", err
	}

	// Wrap in gzip writer
	zipper := gzip.NewWriter(f)
	zipper.Header.Extra = headerBytes
	zipper.Header.Comment = ""Helm""

	// Wrap in tar writer
	twriter := tar.NewWriter(zipper)
	rollback := false
	defer func() {
		twriter.Close()
		zipper.Close()
		f.Close()
		if rollback {
			os.Remove(filename)
		}
	}()

	if err := writeTarContents(twriter, c, """"); err != nil {
		rollback = true
		return filename, err
	}
	return filename, nil
}
func SaveDir(c *chart.Chart, dest string) error {
	// Create the chart directory
	outdir := getOutDir(dest, c.Name())

	if fi, err := os.Stat(outdir); err == nil && !fi.IsDir() {
		return errors.Errorf(""file %s already exists and is not a directory"", outdir)
	}
	if err := os.MkdirAll(outdir, 0755); err != nil {
		return err
	}

	// Save the chart file.
	if err := SaveChartfile(filepath.Join(outdir, ChartfileName), c.Metadata); err != nil {
		return err
	}

	// Save values.yaml
	for _, f := range c.Raw {
		if f.Name == ValuesfileName {
			vf := filepath.Join(outdir, ValuesfileName)
			if err := writeFile(vf, f.Data); err != nil {
				return err
			}
		}
	}

	// Save values.schema.json if it exists
	if c.Schema != nil {
		filename := filepath.Join(outdir, SchemafileName)
		if err := writeFile(filename, c.Schema); err != nil {
			return err
		}
	}

	// Save templates and files
	for _, o := range [][]*chart.File{c.Templates, c.Files} {
		for _, f := range o {
			n := filepath.Join(outdir, f.Name)
			if err := writeFile(n, f.Data); err != nil {
				return err
			}
		}
	}

	// Save dependencies
	base := filepath.Join(outdir, ChartsDir)
	for _, dep := range c.Dependencies() {
		// Here, we write each dependency as a tar file.
		if _, err := Save(dep, base); err != nil {
			return errors.Wrapf(err, ""saving %s"", dep.ChartFullPath())
		}
	}
	return nil
}
func saveChartMetadata(out *tar.Writer, c *chart.Chart, base string) error {
	savedDependencies := c.Metadata.Dependencies
	if c.Metadata.APIVersion == chart.APIVersionV1 {
		c.Metadata.Dependencies = nil
	}
	cdata, err := yaml.Marshal(c.Metadata)
	if c.Metadata.APIVersion == chart.APIVersionV1 {
		c.Metadata.Dependencies = savedDependencies
	}
	if err != nil {
		return err
	}
	return writeToTar(out, filepath.Join(base, ChartfileName), cdata)
}
func saveChartLock(out *tar.Writer, c *chart.Chart, base string) error {
	if c.Metadata.APIVersion == chart.APIVersionV2 && c.Lock != nil {
		ldata, err := yaml.Marshal(c.Lock)
		if err != nil {
			return err
		}
		return writeToTar(out, filepath.Join(base, ""Chart.lock""), ldata)
	}
	return nil
}
func getOutDir(basePath, name string) string {
	outdir := filepath.Join(basePath, name)
	return outdir
}
func saveSchema(out *tar.Writer, c *chart.Chart, base string) error {
	if c.Schema != nil {
		if !json.Valid(c.Schema) {
			return errors.New(""Invalid JSON in "" + SchemafileName)
		}
		return writeToTar(out, filepath.Join(base, SchemafileName), c.Schema)
	}
	return nil
}
func saveFiles(out *tar.Writer, c *chart.Chart, base string) error {
	for _, f := range c.Files {
		n := filepath.Join(base, f.Name)
		if err := writeToTar(out, n, f.Data); err != nil {
			return err
		}
	}
	return nil
}



    "," SE: The 'outDir' variable is concatenated directly into the 'filename' variable which is used as a file path.
BL: `filename = filepath.Join(outDir, filename)`
BUG FOUND: YES

Explanation:
This line is potentially vulnerable to a path traversal attack (CWE-22), as it directly concatenates the user-supplied 'outDir' variable into the 'filename' variable, which is later used to construct a file path. If the 'outDir' variable is manipulated by an attacker, it could be possible for them to write the output file to an arbitrary location, leading to a path traversal vulnerability. To mitigate this, it is recommended to use filepath.Clean() or filepath.Join() with a trusted, fixed prefix before concatenating it with any user-supplied input.",mixtral-8x7b-32768
79,"Analyze the file content below and tell me if there's any line that may contain a bug of type CWE-79 (Improper Neutralization of Input During Web Page Generation: Cross-Site Scripting). Your output must adhere to the following structure.

Expected Output Structure:
SE: very Short Explanation of why the line may contain a bug of given type (e.g., The 'user_input' is directly concatenated into HTML content without sanitation).
BL: the Bugged Line, if any is found, else none (e.g., `response = ""<html><body><h1>Welcome, "" + user_input + ""!</h1></body></html>""`).
BUG FOUND: YES if a bug is found, else NO.

Example output:
SE: The 'user_input' is directly concatenated into HTML content without sanitation.
BL: `response = ""<html><body><h1>Welcome, "" + user_input + ""!</h1></body></html>""`
BUG FOUND: YES

File Content:
require_relative ""web/helpers""
module SidekiqUniqueJobs
  # Utility module to help manage unique keys in redis.
  # Useful for deleting keys that for whatever reason wasn't deleted
  # @author Mikael Henriksson <mikael@mhenrixon.com>
  module Web
    def self.registered(app) # rubocop:disable Metrics/MethodLength, Metrics/AbcSize, Metrics/CyclomaticComplexity, Metrics/PerceivedComplexity
      app.helpers do
        include Web::Helpers
      end

      register_changelog_route(app)
      register_delete_changelog_route(app)
      register_delete_locks_route(app)
    end
  end
end
def register_delete_changelog_route(app)
  app.get ""/changelogs/delete_all"" do
    changelog.clear
    redirect_to :changelogs
  end
end
def register_delete_locks_route(app)
  app.get ""/locks/delete_all"" do
    digests.delete_by_pattern(""*"", count: digests.count)
    expiring_digests.delete_by_pattern(""*"", count: digests.count)
    redirect_to :locks
  end
end
begin
  require ""delegate"" unless defined?(DelegateClass)
  require ""sidekiq/web"" unless defined?(Sidekiq::Web)

  Sidekiq::Web.register(SidekiqUniqueJobs::Web)
  Sidekiq::Web.tabs[""Locks""] = ""locks""
  Sidekiq::Web.tabs[""Expiring Locks""] = ""expiring_locks""
  Sidekiq::Web.tabs[""Changelogs""] = ""changelogs""
  Sidekiq::Web.settings.locales << File.join(File.dirname(__FILE__), ""locales"")
rescue NameError, LoadError => ex
  SidekiqUniqueJobs.logger.error(ex)
end
# frozen_string_literal: true

module SidekiqUniqueJobs
    #
    # Class Changelogs provides access to the changelog entries
    #
    # @author Mikael Henriksson <mikael@mhenrixon.com>
    #
    class Changelog < Redis::SortedSet
      def initialize
        super(CHANGELOGS)
      end
  
      #
      # Adds a new changelog entry
      #
      # @param [String] message a descriptive message about the entry
      # @param [String] digest a unique digest
      # @param [String] job_id a Sidekiq JID
      # @param [String] script the name of the script adding the entry
      #
      # @return [void]
      #
      def add(message:, digest:, job_id:, script:)
        message = dump_json(message: message, digest: digest, job_id: job_id, script: script)
        redis { |conn| conn.zadd(key, now_f, message) }
      end
  
      #
      # The change log entries
      #
      # @param [String] pattern the pattern to match
      # @param [Integer] count the number of matches to return
      #
      # @return [Array<Hash>] an array of entries
      #
      def entries(pattern: SCAN_PATTERN, count: DEFAULT_COUNT)
        redis do |conn|
          conn.zscan(key, match: pattern, count: count).to_a.map { |entry| load_json(entry[0]) }
        end
      end
  
      #
      # Paginate the changelog entries
      #
      # @param [Integer] cursor the cursor for this iteration
      # @param [String] pattern ""*"" the pattern to match
      # @param [Integer] page_size 100 the number of matches to return
      #
      # @return [Array<Integer, Integer, Array<Hash>] the total size, next cursor and changelog entries
      #
      def page(cursor: 0, pattern: ""*"", page_size: 100)
        redis do |conn|
          total_size, result = conn.multi do |pipeline|
            pipeline.zcard(key)
            pipeline.zscan(key, cursor, match: pattern, count: page_size)
          end
  
          # NOTE: When debugging, check the last item in the returned array.
          [
            total_size.to_i,
            result[0].to_i, # next_cursor
            result[1].map { |entry| load_json(entry) }.select { |entry| entry.is_a?(Hash) },
          ]
        end
      end
    end
  end
def register_changelog_route(app)
  app.get ""/changelogs"" do
    @filter = params[:filter] || ""*""
    @filter = ""*"" if @filter == """"
    @count = (params[:count] || 100).to_i
    @current_cursor = params[:cursor].to_i
    @prev_cursor = params[:prev_cursor].to_i
    @total_size, @next_cursor, @changelogs = changelog.page(
      cursor: @current_cursor,
      pattern: @filter,
      page_size: @count,
    )

    erb(unique_template(:changelogs))
  end
end

    "," SE: The 'params' hash, which may contain user-supplied data, is used to generate the HTML content in the ERB template without proper sanitation.
BL: `erb(unique_template(:changelogs))`
BUG FOUND: YES

Explanation:
The 'erb' function is used to generate HTML content using the ERB template. The 'unique_template(:changelogs)' method returns the template, which may contain user-supplied data from the 'params' hash. If the 'params' hash contains user-supplied data that is not properly sanitized, it could lead to a Cross-Site Scripting (XSS) vulnerability. Therefore, it is recommended to sanitize the user-supplied data before using it in the ERB template.",mixtral-8x7b-32768
88,"Analyze the file content below and tell me if there's any line that may contain a bug of type CWE-22 (Improper Limitation of a Pathname to a Restricted Directory (""Path Traversal"")). Your output must adhere to the following structure.

Expected Output Structure:
SE: very Short Explanation of why the line may contain a bug of given type (e.g., The 'user_input' is directly concatenated into HTML content without sanitation).
BL: the Bugged Line, if any is found, else none (e.g., `response = ""<html><body><h1>Welcome, "" + user_input + ""!</h1></body></html>""`).
BUG FOUND: YES if a bug is found, else NO.

Example output:
SE: The 'user_input' is directly concatenated into HTML content without sanitation.
BL: `response = ""<html><body><h1>Welcome, "" + user_input + ""!</h1></body></html>""`
BUG FOUND: YES

File Content:

@Nullable
private FileInput toFileInput(String fileUri, Settings withClauseOptions) {
    URI uri = toURI(fileUri);
    FileInputFactory fileInputFactory = fileInputFactories.get(uri.getScheme());
    if (fileInputFactory != null) {
        try {
            return fileInputFactory.create(uri, withClauseOptions);
        } catch (IOException e) {
            return null;
        }
    }
    return new URLFileInput(uri);
}
package io.crate.execution.engine.collect.files;

import static io.crate.common.exceptions.Exceptions.rethrowUnchecked;

import java.io.BufferedReader;
import java.io.IOException;
import java.io.InputStream;
import java.io.InputStreamReader;
import java.net.SocketException;
import java.net.SocketTimeoutException;
import java.net.URI;
import java.nio.charset.StandardCharsets;
import java.nio.file.Paths;
import java.util.Collection;
import java.util.Iterator;
import java.util.List;
import java.util.Map;
import java.util.Objects;
import java.util.concurrent.CompletableFuture;
import java.util.concurrent.ScheduledExecutorService;
import java.util.concurrent.TimeUnit;
import java.util.function.Predicate;
import java.util.zip.GZIPInputStream;

import org.apache.logging.log4j.LogManager;
import org.apache.logging.log4j.Logger;
import org.elasticsearch.action.bulk.BackoffPolicy;
import org.elasticsearch.common.settings.Settings;
import org.jetbrains.annotations.NotNull;
import org.jetbrains.annotations.Nullable;

import io.crate.common.annotations.VisibleForTesting;
import io.crate.common.exceptions.Exceptions;
import io.crate.common.unit.TimeValue;
import io.crate.data.BatchIterator;
public static class LineCursor {
        private URI uri;
        private long lineNumber;
        private String line;
        private IOException failure;

        public LineCursor() {
        }

        public LineCursor(URI uri, long lineNumber, @Nullable String line, @Nullable IOException failure) {
            this.uri = uri;
            this.lineNumber = lineNumber;
            this.line = line;
            this.failure = failure;
        }

        public URI uri() {
            return uri;
        }

        public long lineNumber() {
            return lineNumber;
        }

        @Nullable
        public String line() {
            return line;
        }

        @Nullable
        public IOException failure() {
            return failure;
        }

        @VisibleForTesting
        public LineCursor copy() {
            return new LineCursor(uri, lineNumber, line, failure);
        }

        @Override
        public String toString() {
            return ""LineCursor{"" + uri + "":"" + lineNumber + "":line="" + line + "", failure="" + failure + ""}"";
        }

        @Override
        public int hashCode() {
            return Objects.hash(uri, lineNumber, line, failure);
        }

        @Override
        public boolean equals(Object obj) {
            if (this == obj) {
                return true;
            }
            if (obj == null) {
                return false;
            }
            if (getClass() != obj.getClass()) {
                return false;
            }
            LineCursor other = (LineCursor) obj;
            return Objects.equals(uri, other.uri)
                && lineNumber == other.lineNumber
                && Objects.equals(line, other.line)
                && Objects.equals(failure, other.failure);
        }
    }
@Override
    public LineCursor currentElement() {
        return cursor;
    }
@Override
    public void kill(@NotNull Throwable throwable) {
        killed = throwable;
    }
private void advanceToNextUri(FileInput fileInput) throws IOException {
        watermark = 0;
        createReader(fileInput, currentInputUriIterator.next());
    }
private boolean shouldBeReadByCurrentNode(URI uri) {
        boolean sharedStorage = Objects.requireNonNullElse(shared, currentInput.sharedStorageDefault());
        if (sharedStorage) {
            return moduloPredicateImpl(uri, this.readerNumber, this.numReaders);
        } else {
            return MATCH_ALL_PREDICATE.test(uri);
        }
    }
    "," SE: The 'currentInputUriIterator.next()' method call is used to get the next URI in the iteration, but there's no validation or sanitation applied to it.
BL: `createReader(fileInput, currentInputUriIterator.next());`
BUG FOUND: YES

Explanation:
The 'currentInputUriIterator.next()' method call provides the next URI in the iteration without any validation or sanitation. If this URI is derived from user input or an untrusted source, it could potentially be manipulated to traverse outside of the intended directory, leading to a path traversal vulnerability (CWE-22). Therefore, it is recommended to validate or sanitize this URI before using it in any file operations.",mixtral-8x7b-32768
92,"Analyze the file content below and tell me if there's any line that may contain a bug of type CWE-22 (Improper Limitation of a Pathname to a Restricted Directory (""Path Traversal"")). Your output must adhere to the following structure.

Expected Output Structure:
SE: very Short Explanation of why the line may contain a bug of given type (e.g., The 'user_input' is directly concatenated into HTML content without sanitation).
BL: the Bugged Line, if any is found, else none (e.g., `response = ""<html><body><h1>Welcome, "" + user_input + ""!</h1></body></html>""`).
BUG FOUND: YES if a bug is found, else NO.

Example output:
SE: The 'user_input' is directly concatenated into HTML content without sanitation.
BL: `response = ""<html><body><h1>Welcome, "" + user_input + ""!</h1></body></html>""`
BUG FOUND: YES

File Content:
public class FileReadingIterator implements BatchIterator<FileReadingIterator.LineCursor> {
@Override
    public LineCursor currentElement() {
        return cursor;
    }
@Override
    public void kill(@NotNull Throwable throwable) {
        killed = throwable;
    }
@Override
    public boolean moveNext() {
        raiseIfKilled();
        try {
            if (currentReader != null) {
                String line;
                try {
                    line = getLine(currentReader);
                } catch (SocketException | SocketTimeoutException e) {
                    if (backOffPolicy.hasNext()) {
                        return false;
                    }
                    throw e;
                }
                if (line == null) {
                    closeReader();
                    return moveNext();
                }
                cursor.line = line;
                cursor.failure = null;
                return true;
            } else if (currentInputUriIterator != null && currentInputUriIterator.hasNext()) {
                advanceToNextUri(currentInput);
                return moveNext();
            } else if (fileInputsIterator != null && fileInputsIterator.hasNext()) {
                advanceToNextFileInput();
                return moveNext();
            } else {
                reset();
                return false;
            }
        } catch (IOException e) {
            cursor.failure = e;
            closeReader();
            // If IOError happens on file opening, let consumers collect the error
            // This is mostly for RETURN SUMMARY of COPY FROM
            if (cursor.lineNumber == 0) {
                return true;
            }
            return moveNext();
        }
    }
private boolean shouldBeReadByCurrentNode(URI uri) {
        boolean sharedStorage = Objects.requireNonNullElse(shared, currentInput.sharedStorageDefault());
        if (sharedStorage) {
            return moduloPredicateImpl(uri, this.readerNumber, this.numReaders);
        } else {
            return MATCH_ALL_PREDICATE.test(uri);
        }
    }
@Nullable
private FileInput toFileInput(String fileUri, Settings withClauseOptions) {
    URI uri = toURI(fileUri);
    FileInputFactory fileInputFactory = fileInputFactories.get(uri.getScheme());
    if (fileInputFactory != null) {
        try {
            return fileInputFactory.create(uri, withClauseOptions);
        } catch (IOException e) {
            return null;
        }
    }
    return new URLFileInput(uri);
}
/**
 * BatchIterator to read lines from one or more {@link URI}s.
 *
 * <p>
 * URIs are opened using a {@link FileInputFactory}.
 * A map from Scheme -> FileInputFactory is parameterized in the constructor to support
 * arbitrary sources.
 * </p>
 *
 * <p>
 * The iterator automatically retries reading on
 * @{link {@link SocketException} or {@link SocketTimeoutException}
 * </p>
 *
 * <p>
 * The file content is exposed via a shared {@link LineCursor}
 * It's properties are mutated after each {@link #moveNext()} call.
 * Use {@link LineCursor#copy()} if you need an instance that's not shared.
 *
 * {@link #currentElement()} can be used in a ""off-position"", before the first {@link #moveNext()} call
 * to gain early access to the cursor.
 * </p>
 */
@Override
    public void moveToStart() {
        raiseIfKilled();
        reset();
        watermark = 0;
        fileInputsIterator = fileInputs.iterator();
    }
private void advanceToNextUri(FileInput fileInput) throws IOException {
        watermark = 0;
        createReader(fileInput, currentInputUriIterator.next());
    }
private void closeReader() {
        if (currentReader != null) {
            try {
                currentReader.close();
            } catch (IOException e) {
                LOGGER.error(""Unable to close reader for "" + cursor.uri, e);
            }
            currentReader = null;
        }
    }
@Override
    public void close() {
        closeReader();
        reset();
        killed = BatchIterator.CLOSED;
    }

    private void reset() {
        fileInputsIterator = null;
        currentInputUriIterator = null;
        currentInput = null;
        cursor.failure = null;
    }
    "," SE: The 'fileUri' from user input is concatenated into a URI without proper validation or sanitation, which could potentially allow path traversal.
BL: `URI uri = toURI(fileUri);` in the `toFileInput` function.
BUG FOUND: YES.

Note: The `toURI` function is not shown in the provided code, but if it's converting 'fileUri' to a URI object without proper checks, it could be vulnerable to path traversal attacks. Please ensure that 'fileUri' is properly sanitized and validated before passing it to the 'toURI' function.",mixtral-8x7b-32768
89,"Analyze the file content below and tell me if there's any line that may contain a bug of type CWE-22 (Improper Limitation of a Pathname to a Restricted Directory (""Path Traversal"")). Your output must adhere to the following structure.

Expected Output Structure:
SE: very Short Explanation of why the line may contain a bug of given type (e.g., The 'user_input' is directly concatenated into HTML content without sanitation).
BL: the Bugged Line, if any is found, else none (e.g., `response = ""<html><body><h1>Welcome, "" + user_input + ""!</h1></body></html>""`).
BUG FOUND: YES if a bug is found, else NO.

Example output:
SE: The 'user_input' is directly concatenated into HTML content without sanitation.
BL: `response = ""<html><body><h1>Welcome, "" + user_input + ""!</h1></body></html>""`
BUG FOUND: YES

File Content:
public class FileReadingIterator implements BatchIterator<FileReadingIterator.LineCursor> {
@Override
    public void kill(@NotNull Throwable throwable) {
        killed = throwable;
    }
private void advanceToNextUri(FileInput fileInput) throws IOException {
        watermark = 0;
        createReader(fileInput, currentInputUriIterator.next());
    }
private void createReader(FileInput fileInput, URI uri) throws IOException {
        cursor.uri = uri;
        cursor.lineNumber = 0;
        InputStream stream = fileInput.getStream(uri);
        currentReader = createBufferedReader(stream);
    }
@Nullable
private FileInput toFileInput(String fileUri, Settings withClauseOptions) {
    URI uri = toURI(fileUri);
    FileInputFactory fileInputFactory = fileInputFactories.get(uri.getScheme());
    if (fileInputFactory != null) {
        try {
            return fileInputFactory.create(uri, withClauseOptions);
        } catch (IOException e) {
            return null;
        }
    }
    return new URLFileInput(uri);
}
/**
 * BatchIterator to read lines from one or more {@link URI}s.
 *
 * <p>
 * URIs are opened using a {@link FileInputFactory}.
 * A map from Scheme -> FileInputFactory is parameterized in the constructor to support
 * arbitrary sources.
 * </p>
 *
 * <p>
 * The iterator automatically retries reading on
 * @{link {@link SocketException} or {@link SocketTimeoutException}
 * </p>
 *
 * <p>
 * The file content is exposed via a shared {@link LineCursor}
 * It's properties are mutated after each {@link #moveNext()} call.
 * Use {@link LineCursor#copy()} if you need an instance that's not shared.
 *
 * {@link #currentElement()} can be used in a ""off-position"", before the first {@link #moveNext()} call
 * to gain early access to the cursor.
 * </p>
 */
private static final Logger LOGGER = LogManager.getLogger(FileReadingIterator.class);
    @VisibleForTesting
    static final int MAX_SOCKET_TIMEOUT_RETRIES = 5;

    private static final Predicate<URI> MATCH_ALL_PREDICATE = (URI input) -> true;

    private final Map<String, FileInputFactory> fileInputFactories;
    private final Boolean shared;
    private final int numReaders;
    private final int readerNumber;
    private final boolean compressed;
    private final List<FileInput> fileInputs;

    private volatile Throwable killed;

    private Iterator<FileInput> fileInputsIterator = null;
    private FileInput currentInput = null;
    private Iterator<URI> currentInputUriIterator = null;
    private BufferedReader currentReader = null;

    @VisibleForTesting
    long watermark;

    private final LineCursor cursor;
    private final ScheduledExecutorService scheduler;
    private final Iterator<TimeValue> backOffPolicy;
public FileReadingIterator(Collection<String> fileUris,
                               String compression,
                               Map<String, FileInputFactory> fileInputFactories,
                               Boolean shared,
                               int numReaders,
                               int readerNumber,
                               Settings withClauseOptions,
                               ScheduledExecutorService scheduler) {
        this.compressed = compression != null && compression.equalsIgnoreCase(""gzip"");
        this.fileInputFactories = fileInputFactories;
        this.cursor = new LineCursor();
        this.shared = shared;
        this.numReaders = numReaders;
        this.readerNumber = readerNumber;
        this.scheduler = scheduler;
        this.backOffPolicy = BackoffPolicy.exponentialBackoff(TimeValue.ZERO, MAX_SOCKET_TIMEOUT_RETRIES).iterator();

        this.fileInputs = fileUris.stream()
            .map(uri -> toFileInput(uri, withClauseOptions))
            .filter(Objects::nonNull)
            .toList();
        fileInputsIterator = fileInputs.iterator();
    }
private boolean shouldBeReadByCurrentNode(URI uri) {
        boolean sharedStorage = Objects.requireNonNullElse(shared, currentInput.sharedStorageDefault());
        if (sharedStorage) {
            return moduloPredicateImpl(uri, this.readerNumber, this.numReaders);
        } else {
            return MATCH_ALL_PREDICATE.test(uri);
        }
    }
    "," SE: The 'fileUri' from user input is concatenated into a URI without proper validation.
BL: `fileInputs = fileUris.stream().map(uri -> toFileInput(uri, withClauseOptions)).filter(Objects::nonNull).toList();`
BUG FOUND: YES

Explanation:

The 'fileUri' variable, which appears to be obtained from user input, is directly used in the toFileInput() method without any prior validation or sanitization. This could potentially allow a path traversal attack if the 'fileUri' variable is manipulated to access files outside of the intended directory.

The toFileInput() method then creates a URI object using the 'fileUri' variable, which could still contain malicious input. This URI object is then used to create a FileInput object, which could potentially allow an attacker to access arbitrary files on the system.

Therefore, it is important to validate and sanitize the 'fileUri' variable before using it to create a URI object and FileInput object. This can be done by checking if the 'fileUri' variable only contains allowed characters and does not contain any "".."" or ""/"" characters that could be used for path traversal.",mixtral-8x7b-32768
93,"Analyze the file content below and tell me if there's any line that may contain a bug of type CWE-22 (Improper Limitation of a Pathname to a Restricted Directory (""Path Traversal"")). Your output must adhere to the following structure.

Expected Output Structure:
SE: very Short Explanation of why the line may contain a bug of given type (e.g., The 'user_input' is directly concatenated into HTML content without sanitation).
BL: the Bugged Line, if any is found, else none (e.g., `response = ""<html><body><h1>Welcome, "" + user_input + ""!</h1></body></html>""`).
BUG FOUND: YES if a bug is found, else NO.

Example output:
SE: The 'user_input' is directly concatenated into HTML content without sanitation.
BL: `response = ""<html><body><h1>Welcome, "" + user_input + ""!</h1></body></html>""`
BUG FOUND: YES

File Content:
private static final Logger LOGGER = LogManager.getLogger(FileReadingIterator.class);
    @VisibleForTesting
    static final int MAX_SOCKET_TIMEOUT_RETRIES = 5;

    private static final Predicate<URI> MATCH_ALL_PREDICATE = (URI input) -> true;

    private final Map<String, FileInputFactory> fileInputFactories;
    private final Boolean shared;
    private final int numReaders;
    private final int readerNumber;
    private final boolean compressed;
    private final List<FileInput> fileInputs;

    private volatile Throwable killed;

    private Iterator<FileInput> fileInputsIterator = null;
    private FileInput currentInput = null;
    private Iterator<URI> currentInputUriIterator = null;
    private BufferedReader currentReader = null;

    @VisibleForTesting
    long watermark;

    private final LineCursor cursor;
    private final ScheduledExecutorService scheduler;
    private final Iterator<TimeValue> backOffPolicy;
@Override
    public LineCursor currentElement() {
        return cursor;
    }
@Override
    public void kill(@NotNull Throwable throwable) {
        killed = throwable;
    }
@Override
    public boolean moveNext() {
        raiseIfKilled();
        try {
            if (currentReader != null) {
                String line;
                try {
                    line = getLine(currentReader);
                } catch (SocketException | SocketTimeoutException e) {
                    if (backOffPolicy.hasNext()) {
                        return false;
                    }
                    throw e;
                }
                if (line == null) {
                    closeReader();
                    return moveNext();
                }
                cursor.line = line;
                cursor.failure = null;
                return true;
            } else if (currentInputUriIterator != null && currentInputUriIterator.hasNext()) {
                advanceToNextUri(currentInput);
                return moveNext();
            } else if (fileInputsIterator != null && fileInputsIterator.hasNext()) {
                advanceToNextFileInput();
                return moveNext();
            } else {
                reset();
                return false;
            }
        } catch (IOException e) {
            cursor.failure = e;
            closeReader();
            // If IOError happens on file opening, let consumers collect the error
            // This is mostly for RETURN SUMMARY of COPY FROM
            if (cursor.lineNumber == 0) {
                return true;
            }
            return moveNext();
        }
    }
@Nullable
private FileInput toFileInput(String fileUri, Settings withClauseOptions) {
    URI uri = toURI(fileUri);
    FileInputFactory fileInputFactory = fileInputFactories.get(uri.getScheme());
    if (fileInputFactory != null) {
        try {
            return fileInputFactory.create(uri, withClauseOptions);
        } catch (IOException e) {
            return null;
        }
    }
    return new URLFileInput(uri);
}
public class FileReadingIterator implements BatchIterator<FileReadingIterator.LineCursor> {
private void advanceToNextUri(FileInput fileInput) throws IOException {
        watermark = 0;
        createReader(fileInput, currentInputUriIterator.next());
    }
private void advanceToNextFileInput() throws IOException {
        currentInput = fileInputsIterator.next();
        List<URI> uris = currentInput.expandUri().stream().filter(this::shouldBeReadByCurrentNode).toList();
        if (uris.size() > 0) {
            currentInputUriIterator = uris.iterator();
            advanceToNextUri(currentInput);
        } else if (currentInput.isGlobbed()) {
            URI uri = currentInput.uri();
            cursor.uri = uri;
            throw new IOException(""Cannot find any URI matching: "" + uri.toString());
        }
    }
private boolean shouldBeReadByCurrentNode(URI uri) {
        boolean sharedStorage = Objects.requireNonNullElse(shared, currentInput.sharedStorageDefault());
        if (sharedStorage) {
            return moduloPredicateImpl(uri, this.readerNumber, this.numReaders);
        } else {
            return MATCH_ALL_PREDICATE.test(uri);
        }
    }
    "," SE: The 'fileUri' from user input is used to create a URI object without any restriction or sanitation, which could potentially allow path traversal.
BL: `URI uri = toURI(fileUri);`
BUG FOUND: YES

Note: The method 'toURI(fileUri)' is not shown in the provided code, but if it uses the 'fileUri' directly without any validation, then it's susceptible to a path traversal attack (CWE-22).",mixtral-8x7b-32768
91,"Analyze the file content below and tell me if there's any line that may contain a bug of type CWE-22 (Improper Limitation of a Pathname to a Restricted Directory (""Path Traversal"")). Your output must adhere to the following structure.

Expected Output Structure:
SE: very Short Explanation of why the line may contain a bug of given type (e.g., The 'user_input' is directly concatenated into HTML content without sanitation).
BL: the Bugged Line, if any is found, else none (e.g., `response = ""<html><body><h1>Welcome, "" + user_input + ""!</h1></body></html>""`).
BUG FOUND: YES if a bug is found, else NO.

Example output:
SE: The 'user_input' is directly concatenated into HTML content without sanitation.
BL: `response = ""<html><body><h1>Welcome, "" + user_input + ""!</h1></body></html>""`
BUG FOUND: YES

File Content:
public class FileReadingIterator implements BatchIterator<FileReadingIterator.LineCursor> {
private static final Logger LOGGER = LogManager.getLogger(FileReadingIterator.class);
    @VisibleForTesting
    static final int MAX_SOCKET_TIMEOUT_RETRIES = 5;

    private static final Predicate<URI> MATCH_ALL_PREDICATE = (URI input) -> true;

    private final Map<String, FileInputFactory> fileInputFactories;
    private final Boolean shared;
    private final int numReaders;
    private final int readerNumber;
    private final boolean compressed;
    private final List<FileInput> fileInputs;

    private volatile Throwable killed;

    private Iterator<FileInput> fileInputsIterator = null;
    private FileInput currentInput = null;
    private Iterator<URI> currentInputUriIterator = null;
    private BufferedReader currentReader = null;

    @VisibleForTesting
    long watermark;

    private final LineCursor cursor;
    private final ScheduledExecutorService scheduler;
    private final Iterator<TimeValue> backOffPolicy;
private void advanceToNextFileInput() throws IOException {
        currentInput = fileInputsIterator.next();
        List<URI> uris = currentInput.expandUri().stream().filter(this::shouldBeReadByCurrentNode).toList();
        if (uris.size() > 0) {
            currentInputUriIterator = uris.iterator();
            advanceToNextUri(currentInput);
        } else if (currentInput.isGlobbed()) {
            URI uri = currentInput.uri();
            cursor.uri = uri;
            throw new IOException(""Cannot find any URI matching: "" + uri.toString());
        }
    }
@Nullable
private FileInput toFileInput(String fileUri, Settings withClauseOptions) {
    URI uri = toURI(fileUri);
    FileInputFactory fileInputFactory = fileInputFactories.get(uri.getScheme());
    if (fileInputFactory != null) {
        try {
            return fileInputFactory.create(uri, withClauseOptions);
        } catch (IOException e) {
            return null;
        }
    }
    return new URLFileInput(uri);
}
package io.crate.execution.engine.collect.files;

import static io.crate.common.exceptions.Exceptions.rethrowUnchecked;

import java.io.BufferedReader;
import java.io.IOException;
import java.io.InputStream;
import java.io.InputStreamReader;
import java.net.SocketException;
import java.net.SocketTimeoutException;
import java.net.URI;
import java.nio.charset.StandardCharsets;
import java.nio.file.Paths;
import java.util.Collection;
import java.util.Iterator;
import java.util.List;
import java.util.Map;
import java.util.Objects;
import java.util.concurrent.CompletableFuture;
import java.util.concurrent.ScheduledExecutorService;
import java.util.concurrent.TimeUnit;
import java.util.function.Predicate;
import java.util.zip.GZIPInputStream;

import org.apache.logging.log4j.LogManager;
import org.apache.logging.log4j.Logger;
import org.elasticsearch.action.bulk.BackoffPolicy;
import org.elasticsearch.common.settings.Settings;
import org.jetbrains.annotations.NotNull;
import org.jetbrains.annotations.Nullable;

import io.crate.common.annotations.VisibleForTesting;
import io.crate.common.exceptions.Exceptions;
import io.crate.common.unit.TimeValue;
import io.crate.data.BatchIterator;
@Override
    public void moveToStart() {
        raiseIfKilled();
        reset();
        watermark = 0;
        fileInputsIterator = fileInputs.iterator();
    }
private void advanceToNextUri(FileInput fileInput) throws IOException {
        watermark = 0;
        createReader(fileInput, currentInputUriIterator.next());
    }
private boolean shouldBeReadByCurrentNode(URI uri) {
        boolean sharedStorage = Objects.requireNonNullElse(shared, currentInput.sharedStorageDefault());
        if (sharedStorage) {
            return moduloPredicateImpl(uri, this.readerNumber, this.numReaders);
        } else {
            return MATCH_ALL_PREDICATE.test(uri);
        }
    }
private void closeReader() {
        if (currentReader != null) {
            try {
                currentReader.close();
            } catch (IOException e) {
                LOGGER.error(""Unable to close reader for "" + cursor.uri, e);
            }
            currentReader = null;
        }
    }
    "," SE: The 'uri' from user input is directly used in file path construction without proper validation.
BL: `URI uri = toURI(fileUri); FileInputFactory fileInputFactory = fileInputFactories.get(uri.getScheme());`
BUG FOUND: YES

Explanation:

The 'fileUri' is taken as user input and converted to a 'URI' object using the 'toURI()' method. This 'uri' is then used in the construction of the file path by getting its scheme with 'uri.getScheme()'. If an attacker can manipulate the 'fileUri' input, they could potentially perform a path traversal attack by providing a scheme that points to a different directory or file on the system. It is important to validate and sanitize the user input to ensure it only contains expected values and does not introduce any security vulnerabilities.",mixtral-8x7b-32768
90,"Analyze the file content below and tell me if there's any line that may contain a bug of type CWE-22 (Improper Limitation of a Pathname to a Restricted Directory (""Path Traversal"")). Your output must adhere to the following structure.

Expected Output Structure:
SE: very Short Explanation of why the line may contain a bug of given type (e.g., The 'user_input' is directly concatenated into HTML content without sanitation).
BL: the Bugged Line, if any is found, else none (e.g., `response = ""<html><body><h1>Welcome, "" + user_input + ""!</h1></body></html>""`).
BUG FOUND: YES if a bug is found, else NO.

Example output:
SE: The 'user_input' is directly concatenated into HTML content without sanitation.
BL: `response = ""<html><body><h1>Welcome, "" + user_input + ""!</h1></body></html>""`
BUG FOUND: YES

File Content:
/**
 * BatchIterator to read lines from one or more {@link URI}s.
 *
 * <p>
 * URIs are opened using a {@link FileInputFactory}.
 * A map from Scheme -> FileInputFactory is parameterized in the constructor to support
 * arbitrary sources.
 * </p>
 *
 * <p>
 * The iterator automatically retries reading on
 * @{link {@link SocketException} or {@link SocketTimeoutException}
 * </p>
 *
 * <p>
 * The file content is exposed via a shared {@link LineCursor}
 * It's properties are mutated after each {@link #moveNext()} call.
 * Use {@link LineCursor#copy()} if you need an instance that's not shared.
 *
 * {@link #currentElement()} can be used in a ""off-position"", before the first {@link #moveNext()} call
 * to gain early access to the cursor.
 * </p>
 */
@Override
    public void kill(@NotNull Throwable throwable) {
        killed = throwable;
    }
private void createReader(FileInput fileInput, URI uri) throws IOException {
        cursor.uri = uri;
        cursor.lineNumber = 0;
        InputStream stream = fileInput.getStream(uri);
        currentReader = createBufferedReader(stream);
    }
@Nullable
private FileInput toFileInput(String fileUri, Settings withClauseOptions) {
    URI uri = toURI(fileUri);
    FileInputFactory fileInputFactory = fileInputFactories.get(uri.getScheme());
    if (fileInputFactory != null) {
        try {
            return fileInputFactory.create(uri, withClauseOptions);
        } catch (IOException e) {
            return null;
        }
    }
    return new URLFileInput(uri);
}
public class FileReadingIterator implements BatchIterator<FileReadingIterator.LineCursor> {
private static final Logger LOGGER = LogManager.getLogger(FileReadingIterator.class);
    @VisibleForTesting
    static final int MAX_SOCKET_TIMEOUT_RETRIES = 5;

    private static final Predicate<URI> MATCH_ALL_PREDICATE = (URI input) -> true;

    private final Map<String, FileInputFactory> fileInputFactories;
    private final Boolean shared;
    private final int numReaders;
    private final int readerNumber;
    private final boolean compressed;
    private final List<FileInput> fileInputs;

    private volatile Throwable killed;

    private Iterator<FileInput> fileInputsIterator = null;
    private FileInput currentInput = null;
    private Iterator<URI> currentInputUriIterator = null;
    private BufferedReader currentReader = null;

    @VisibleForTesting
    long watermark;

    private final LineCursor cursor;
    private final ScheduledExecutorService scheduler;
    private final Iterator<TimeValue> backOffPolicy;
public FileReadingIterator(Collection<String> fileUris,
                               String compression,
                               Map<String, FileInputFactory> fileInputFactories,
                               Boolean shared,
                               int numReaders,
                               int readerNumber,
                               Settings withClauseOptions,
                               ScheduledExecutorService scheduler) {
        this.compressed = compression != null && compression.equalsIgnoreCase(""gzip"");
        this.fileInputFactories = fileInputFactories;
        this.cursor = new LineCursor();
        this.shared = shared;
        this.numReaders = numReaders;
        this.readerNumber = readerNumber;
        this.scheduler = scheduler;
        this.backOffPolicy = BackoffPolicy.exponentialBackoff(TimeValue.ZERO, MAX_SOCKET_TIMEOUT_RETRIES).iterator();

        this.fileInputs = fileUris.stream()
            .map(uri -> toFileInput(uri, withClauseOptions))
            .filter(Objects::nonNull)
            .toList();
        fileInputsIterator = fileInputs.iterator();
    }
private void advanceToNextUri(FileInput fileInput) throws IOException {
        watermark = 0;
        createReader(fileInput, currentInputUriIterator.next());
    }
private boolean shouldBeReadByCurrentNode(URI uri) {
        boolean sharedStorage = Objects.requireNonNullElse(shared, currentInput.sharedStorageDefault());
        if (sharedStorage) {
            return moduloPredicateImpl(uri, this.readerNumber, this.numReaders);
        } else {
            return MATCH_ALL_PREDICATE.test(uri);
        }
    }
    "," SE: The 'fileUris' collection is used to create URIs which are then converted to FileInput objects. If 'fileUris' contains user-supplied input, it may lead to a path traversal vulnerability.
BL: `.map(uri -> toFileInput(uri, withClauseOptions))` in the constructor of FileReadingIterator class.
BUG FOUND: YES

Explanation:

The 'fileUris' collection is constructed from user-supplied input. In the constructor of FileReadingIterator class, this collection is mapped to FileInput objects using the 'toFileInput' method. If the 'fileUris' collection contains any user-supplied input with path traversal patterns, it may result in a path traversal vulnerability when creating FileInput objects.

To prevent this vulnerability, ensure that user-supplied input is properly validated and sanitized before constructing the 'fileUris' collection. Additionally, consider using a secure method for creating FileInput objects that limits the input to a restricted directory.",mixtral-8x7b-32768
96,"Analyze the file content below and tell me if there's any line that may contain a bug of type CWE-22 (Improper Limitation of a Pathname to a Restricted Directory (""Path Traversal"")). Your output must adhere to the following structure.

Expected Output Structure:
SE: very Short Explanation of why the line may contain a bug of given type (e.g., The 'user_input' is directly concatenated into HTML content without sanitation).
BL: the Bugged Line, if any is found, else none (e.g., `response = ""<html><body><h1>Welcome, "" + user_input + ""!</h1></body></html>""`).
BUG FOUND: YES if a bug is found, else NO.

Example output:
SE: The 'user_input' is directly concatenated into HTML content without sanitation.
BL: `response = ""<html><body><h1>Welcome, "" + user_input + ""!</h1></body></html>""`
BUG FOUND: YES

File Content:

func joinPath_createDictionary(dst, name string, isDir bool) (string, error) {
    target := filepath.Join(dst, name)
    if isDir {
        if _, err := os.Stat(target); err != nil {
            if err := os.MkdirAll(target, 0755); err != nil {
                return """", err
            }
        }
    }
    return target, nil
}
package file

import (
	""archive/tar""
	""fmt""
	""io""
	""os""
	""path/filepath""

	""github.com/pkg/errors""

	""github.com/anchore/stereoscope/internal/log""
)
// TarFileEntry represents the header, contents, and list position of an entry within a tar file.
type TarFileEntry struct {
	Sequence int64
	Header   tar.Header
	Reader   io.Reader
}

// TarFileVisitor is a visitor function meant to be used in conjunction with the IterateTar.
type TarFileVisitor func(TarFileEntry) error

// ErrFileNotFound returned from ReaderFromTar if a file is not found in the given archive.
type ErrFileNotFound struct {
	Path string
}
func (e *ErrFileNotFound) Error() string {
	return fmt.Sprintf(""file not found (path=%s)"", e.Path)
}
//go:build !windows

package file

import (
	""os""
	""syscall""
)

// getXid is the UID GID system info for unix
func getXid(info os.FileInfo) (uid, gid int) {
	uid = -1
	gid = -1
	if stat, ok := info.Sys().(*syscall.Stat_t); ok {
		uid = int(stat.Uid)
		gid = int(stat.Gid)
	}

	return uid, gid
}
package file

import (
	""errors""
	""io""
	""os""
)

var _ io.ReadCloser = (*lazyBoundedReadCloser)(nil)
var _ io.ReaderAt = (*lazyBoundedReadCloser)(nil)
var _ io.Seeker = (*lazyBoundedReadCloser)(nil)

// lazyBoundedReadCloser is a ""lazy"" read closer, allocating a file descriptor for the given path only upon the first Read() call.
// Only part of the file is allowed to be read, starting at a given position.
type lazyBoundedReadCloser struct {
	// path is the path to be opened
	path string
	// file is the active file handle for the given path
	file *os.File
	// reader is the LimitedReader that wraps the open file
	reader *io.SectionReader
	start  int64
	size   int64
}

// NewDeferredPartialReadCloser creates a new NewDeferredPartialReadCloser for the given path.
func newLazyBoundedReadCloser(path string, start, size int64) *lazyBoundedReadCloser {
	return &lazyBoundedReadCloser{
		path:  path,
		start: start,
		size:  size,
	}
}

// Read implements the io.Reader interface for the previously loaded path, opening the file upon the first invocation.
func (d *lazyBoundedReadCloser) Read(b []byte) (int, error) {
	if err := d.openFile(); err != nil {
		return 0, err
	}

	n, err := d.reader.Read(b)
	if err != nil && errors.Is(err, io.EOF) {
		// we've reached the end of the file, force a release of the file descriptor. If the file has already been
		// closed, ignore the error.
		if closeErr := d.file.Close(); !errors.Is(closeErr, os.ErrClosed) {
			return n, closeErr
		}
	}
	return n, err
}

// Close implements the io.Closer interface for the previously loaded path / opened file.
func (d *lazyBoundedReadCloser) Close() error {
	if d.file == nil {
		return nil
	}

	err := d.file.Close()
	if err != nil && errors.Is(err, os.ErrClosed) {
		// ignore the fact that this file has already been closed
		err = nil
	}
	d.file = nil
	d.reader = nil
	return err
}

func (d *lazyBoundedReadCloser) Seek(offset int64, whence int) (int64, error) {
	if err := d.openFile(); err != nil {
		return 0, err
	}

	return d.reader.Seek(offset, whence)
}

func (d *lazyBoundedReadCloser) ReadAt(b []byte, off int64) (n int, err error) {
	if err := d.openFile(); err != nil {
		return 0, err
	}

	n, err = d.reader.ReadAt(b, off)
	if err != nil && errors.Is(err, io.EOF) {
		// we've reached the end of the file, force a release of the file descriptor. If the file has already been
		// closed, ignore the error.
		if closeErr := d.file.Close(); !errors.Is(closeErr, os.ErrClosed) {
			return n, closeErr
		}
	}
	return n, err
}

func (d *lazyBoundedReadCloser) openFile() error {
	if d.reader != nil {
		return nil
	}

	file, err := os.Open(d.path)
	if err != nil {
		return err
	}

	d.file = file
	d.reader = io.NewSectionReader(d.file, d.start, d.size)
	return nil
}

    "," SE: The 'dst' and 'name' are concatenated using filepath.Join without any restriction on the 'name' input.
BL: `target := filepath.Join(dst, name)`
BUG FOUND: YES

Explanation:

The function joinPath_createDirectory is responsible for creating a directory at the path returned by filepath.Join(dst, name). If the 'name' input contains path traversal patterns (such as ""/../""), it can lead to a path traversal vulnerability (CWE-22). This is because filepath.Join does not provide any protection against path traversal attacks. Therefore, it's essential to sanitize or validate the 'name' input before using it in filepath.Join.",mixtral-8x7b-32768
95,"Analyze the file content below and tell me if there's any line that may contain a bug of type CWE-22 (Improper Limitation of a Pathname to a Restricted Directory (""Path Traversal"")). Your output must adhere to the following structure.

Expected Output Structure:
SE: very Short Explanation of why the line may contain a bug of given type (e.g., The 'user_input' is directly concatenated into HTML content without sanitation).
BL: the Bugged Line, if any is found, else none (e.g., `response = ""<html><body><h1>Welcome, "" + user_input + ""!</h1></body></html>""`).
BUG FOUND: YES if a bug is found, else NO.

Example output:
SE: The 'user_input' is directly concatenated into HTML content without sanitation.
BL: `response = ""<html><body><h1>Welcome, "" + user_input + ""!</h1></body></html>""`
BUG FOUND: YES

File Content:
package io.crate.execution.engine.collect.files;

import static io.crate.common.exceptions.Exceptions.rethrowUnchecked;

import java.io.BufferedReader;
import java.io.IOException;
import java.io.InputStream;
import java.io.InputStreamReader;
import java.net.SocketException;
import java.net.SocketTimeoutException;
import java.net.URI;
import java.nio.charset.StandardCharsets;
import java.nio.file.Paths;
import java.util.Collection;
import java.util.Iterator;
import java.util.List;
import java.util.Map;
import java.util.Objects;
import java.util.concurrent.CompletableFuture;
import java.util.concurrent.ScheduledExecutorService;
import java.util.concurrent.TimeUnit;
import java.util.function.Predicate;
import java.util.zip.GZIPInputStream;

import org.apache.logging.log4j.LogManager;
import org.apache.logging.log4j.Logger;
import org.elasticsearch.action.bulk.BackoffPolicy;
import org.elasticsearch.common.settings.Settings;
import org.jetbrains.annotations.NotNull;
import org.jetbrains.annotations.Nullable;

import io.crate.common.annotations.VisibleForTesting;
import io.crate.common.exceptions.Exceptions;
import io.crate.common.unit.TimeValue;
import io.crate.data.BatchIterator;
/**
 * BatchIterator to read lines from one or more {@link URI}s.
 *
 * <p>
 * URIs are opened using a {@link FileInputFactory}.
 * A map from Scheme -> FileInputFactory is parameterized in the constructor to support
 * arbitrary sources.
 * </p>
 *
 * <p>
 * The iterator automatically retries reading on
 * @{link {@link SocketException} or {@link SocketTimeoutException}
 * </p>
 *
 * <p>
 * The file content is exposed via a shared {@link LineCursor}
 * It's properties are mutated after each {@link #moveNext()} call.
 * Use {@link LineCursor#copy()} if you need an instance that's not shared.
 *
 * {@link #currentElement()} can be used in a ""off-position"", before the first {@link #moveNext()} call
 * to gain early access to the cursor.
 * </p>
 */
@Override
    public boolean moveNext() {
        raiseIfKilled();
        try {
            if (currentReader != null) {
                String line;
                try {
                    line = getLine(currentReader);
                } catch (SocketException | SocketTimeoutException e) {
                    if (backOffPolicy.hasNext()) {
                        return false;
                    }
                    throw e;
                }
                if (line == null) {
                    closeReader();
                    return moveNext();
                }
                cursor.line = line;
                cursor.failure = null;
                return true;
            } else if (currentInputUriIterator != null && currentInputUriIterator.hasNext()) {
                advanceToNextUri(currentInput);
                return moveNext();
            } else if (fileInputsIterator != null && fileInputsIterator.hasNext()) {
                advanceToNextFileInput();
                return moveNext();
            } else {
                reset();
                return false;
            }
        } catch (IOException e) {
            cursor.failure = e;
            closeReader();
            // If IOError happens on file opening, let consumers collect the error
            // This is mostly for RETURN SUMMARY of COPY FROM
            if (cursor.lineNumber == 0) {
                return true;
            }
            return moveNext();
        }
    }
private void advanceToNextUri(FileInput fileInput) throws IOException {
        watermark = 0;
        createReader(fileInput, currentInputUriIterator.next());
    }
@Nullable
private FileInput toFileInput(String fileUri, Settings withClauseOptions) {
    URI uri = toURI(fileUri);
    FileInputFactory fileInputFactory = fileInputFactories.get(uri.getScheme());
    if (fileInputFactory != null) {
        try {
            return fileInputFactory.create(uri, withClauseOptions);
        } catch (IOException e) {
            return null;
        }
    }
    return new URLFileInput(uri);
}
@Override
    public LineCursor currentElement() {
        return cursor;
    }
@Override
    public void kill(@NotNull Throwable throwable) {
        killed = throwable;
    }
    "," SE: The 'fileUri' from user input is used to create a URI object without any restriction, which could potentially lead to a path traversal attack if the 'fileUri' is manipulated.
BL: `URI uri = toURI(fileUri);`
BUG FOUND: YES

Explanation:

The method 'toURI(fileUri)' is using the 'fileUri' directly to create a URI object. If the 'fileUri' is coming from an untrusted source, it could be manipulated to traverse to a parent directory using path traversal techniques (e.g., ../../). This could lead to unauthorized file access or reading sensitive information. To mitigate this risk, it is recommended to sanitize the 'fileUri' input or restrict the URI creation to a specific directory.",mixtral-8x7b-32768
94,"Analyze the file content below and tell me if there's any line that may contain a bug of type CWE-22 (Improper Limitation of a Pathname to a Restricted Directory (""Path Traversal"")). Your output must adhere to the following structure.

Expected Output Structure:
SE: very Short Explanation of why the line may contain a bug of given type (e.g., The 'user_input' is directly concatenated into HTML content without sanitation).
BL: the Bugged Line, if any is found, else none (e.g., `response = ""<html><body><h1>Welcome, "" + user_input + ""!</h1></body></html>""`).
BUG FOUND: YES if a bug is found, else NO.

Example output:
SE: The 'user_input' is directly concatenated into HTML content without sanitation.
BL: `response = ""<html><body><h1>Welcome, "" + user_input + ""!</h1></body></html>""`
BUG FOUND: YES

File Content:
public class FileReadingIterator implements BatchIterator<FileReadingIterator.LineCursor> {
public FileReadingIterator(Collection<String> fileUris,
                               String compression,
                               Map<String, FileInputFactory> fileInputFactories,
                               Boolean shared,
                               int numReaders,
                               int readerNumber,
                               Settings withClauseOptions,
                               ScheduledExecutorService scheduler) {
        this.compressed = compression != null && compression.equalsIgnoreCase(""gzip"");
        this.fileInputFactories = fileInputFactories;
        this.cursor = new LineCursor();
        this.shared = shared;
        this.numReaders = numReaders;
        this.readerNumber = readerNumber;
        this.scheduler = scheduler;
        this.backOffPolicy = BackoffPolicy.exponentialBackoff(TimeValue.ZERO, MAX_SOCKET_TIMEOUT_RETRIES).iterator();

        this.fileInputs = fileUris.stream()
            .map(uri -> toFileInput(uri, withClauseOptions))
            .filter(Objects::nonNull)
            .toList();
        fileInputsIterator = fileInputs.iterator();
    }
@Override
    public void kill(@NotNull Throwable throwable) {
        killed = throwable;
    }
@Override
    public boolean moveNext() {
        raiseIfKilled();
        try {
            if (currentReader != null) {
                String line;
                try {
                    line = getLine(currentReader);
                } catch (SocketException | SocketTimeoutException e) {
                    if (backOffPolicy.hasNext()) {
                        return false;
                    }
                    throw e;
                }
                if (line == null) {
                    closeReader();
                    return moveNext();
                }
                cursor.line = line;
                cursor.failure = null;
                return true;
            } else if (currentInputUriIterator != null && currentInputUriIterator.hasNext()) {
                advanceToNextUri(currentInput);
                return moveNext();
            } else if (fileInputsIterator != null && fileInputsIterator.hasNext()) {
                advanceToNextFileInput();
                return moveNext();
            } else {
                reset();
                return false;
            }
        } catch (IOException e) {
            cursor.failure = e;
            closeReader();
            // If IOError happens on file opening, let consumers collect the error
            // This is mostly for RETURN SUMMARY of COPY FROM
            if (cursor.lineNumber == 0) {
                return true;
            }
            return moveNext();
        }
    }
private void closeReader() {
        if (currentReader != null) {
            try {
                currentReader.close();
            } catch (IOException e) {
                LOGGER.error(""Unable to close reader for "" + cursor.uri, e);
            }
            currentReader = null;
        }
    }
@Nullable
private FileInput toFileInput(String fileUri, Settings withClauseOptions) {
    URI uri = toURI(fileUri);
    FileInputFactory fileInputFactory = fileInputFactories.get(uri.getScheme());
    if (fileInputFactory != null) {
        try {
            return fileInputFactory.create(uri, withClauseOptions);
        } catch (IOException e) {
            return null;
        }
    }
    return new URLFileInput(uri);
}
private void createReader(FileInput fileInput, URI uri) throws IOException {
        cursor.uri = uri;
        cursor.lineNumber = 0;
        InputStream stream = fileInput.getStream(uri);
        currentReader = createBufferedReader(stream);
    }
@Override
    public void close() {
        closeReader();
        reset();
        killed = BatchIterator.CLOSED;
    }

    private void reset() {
        fileInputsIterator = null;
        currentInputUriIterator = null;
        currentInput = null;
        cursor.failure = null;
    }
private void raiseIfKilled() {
        if (killed != null) {
            Exceptions.rethrowUnchecked(killed);
        }
    }
}
    "," SE: The 'fileUri' from user input is used to create a URI object without any sanitation or restriction checks.
BL: `private FileInput toFileInput(String fileUri, Settings withClauseOptions) { URI uri = toURI(fileUri); ...`
BUG FOUND: YES

Explanation:

The 'toFileInput' method takes a 'fileUri' string as input which is directly used to create a URI object. If the 'fileUri' string is derived from user input and not properly sanitized, it could potentially contain a path traversal vulnerability (CWE-22). An attacker might exploit this by providing a specially crafted string to move out of the intended directory, leading to unauthorized file access or other malicious activities.",mixtral-8x7b-32768
97,"Analyze the file content below and tell me if there's any line that may contain a bug of type CWE-22 (Improper Limitation of a Pathname to a Restricted Directory (""Path Traversal"")). Your output must adhere to the following structure.

Expected Output Structure:
SE: very Short Explanation of why the line may contain a bug of given type (e.g., The 'user_input' is directly concatenated into HTML content without sanitation).
BL: the Bugged Line, if any is found, else none (e.g., `response = ""<html><body><h1>Welcome, "" + user_input + ""!</h1></body></html>""`).
BUG FOUND: YES if a bug is found, else NO.

Example output:
SE: The 'user_input' is directly concatenated into HTML content without sanitation.
BL: `response = ""<html><body><h1>Welcome, "" + user_input + ""!</h1></body></html>""`
BUG FOUND: YES

File Content:
const perFileReadLimit = 2 * GB

var ErrTarStopIteration = fmt.Errorf(""halt iterating tar"")

// tarFile is a ReadCloser of a tar file on disk.
type tarFile struct {
	io.Reader
	io.Closer
}
package file

import ""sync/atomic""

var nextID atomic.Uint64 // note: this is governed by the reference constructor

// ID is used for file tree manipulation to uniquely identify tree nodes.
type ID uint64

type IDs []ID

func (ids IDs) Len() int {
	return len(ids)
}

func (ids IDs) Less(i, j int) bool {
	return ids[i] < ids[j]
}

func (ids IDs) Swap(i, j int) {
	ids[i], ids[j] = ids[j], ids[i]
}
func joinPath_createDictionary(dst, name string, isDir bool) (string, error) {
    target := filepath.Join(dst, name)
    if isDir {
        if _, err := os.Stat(target); err != nil {
            if err := os.MkdirAll(target, 0755); err != nil {
                return """", err
            }
        }
    }
    return target, nil
}
package file

import (
	""archive/tar""
	""fmt""
	""io""
	""os""
	""path/filepath""

	""github.com/pkg/errors""

	""github.com/anchore/stereoscope/internal/log""
)
// TarFileEntry represents the header, contents, and list position of an entry within a tar file.
type TarFileEntry struct {
	Sequence int64
	Header   tar.Header
	Reader   io.Reader
}

// TarFileVisitor is a visitor function meant to be used in conjunction with the IterateTar.
type TarFileVisitor func(TarFileEntry) error

// ErrFileNotFound returned from ReaderFromTar if a file is not found in the given archive.
type ErrFileNotFound struct {
	Path string
}
// MetadataFromTar returns the tar metadata from the header info.
func MetadataFromTar(reader io.ReadCloser, tarPath string) (Metadata, error) {
	var metadata *Metadata
	visitor := func(entry TarFileEntry) error {
		if entry.Header.Name == tarPath {
			var content io.Reader
			if entry.Header.Size > 0 {
				content = reader
			}
			m := NewMetadata(entry.Header, content)
			metadata = &m
			return ErrTarStopIteration
		}
		return nil
	}
	if err := IterateTar(reader, visitor); err != nil {
		return Metadata{}, err
	}
	if metadata == nil {
		return Metadata{}, &ErrFileNotFound{tarPath}
	}
	return *metadata, nil
}
//go:build windows

package file

import (
	""os""
)

// getXid is a placeholder for windows file information
func getXid(info os.FileInfo) (uid, gid int) {
	return -1, -1
}
package file

import (
	""io""
	""strings""

	""github.com/gabriel-vasile/mimetype""
)

// MIMEType attempts to guess at the MIME type of a file given the contents. If there is no contents, then an empty
// string is returned. If the MIME type could not be determined and the contents are not empty, then a MIME type
// of ""application/octet-stream"" is returned.
func MIMEType(reader io.Reader) string {
	if reader == nil {
		return """"
	}

	s := sizer{reader: reader}

	var mTypeStr string
	mType, err := mimetype.DetectReader(&s)
	if err == nil {
		// extract the string mimetype and ignore aux information (e.g. 'text/plain; charset=utf-8' -> 'text/plain')
		mTypeStr = strings.Split(mType.String(), "";"")[0]
	}

	// we may have a reader that is not nil but the observed contents was empty
	if s.size == 0 {
		return """"
	}

	return mTypeStr
}

type sizer struct {
	reader io.Reader
	size   int64
}

func (s *sizer) Read(p []byte) (int, error) {
	n, err := s.reader.Read(p)
	s.size += int64(n)
	return n, err
}
package file

import ""fmt""

// Reference represents a unique file. This is useful when path is not good enough (i.e. you have the same file path for two files in two different container image layers, and you need to be able to distinguish them apart)
type Reference struct {
	id       ID
	RealPath Path // file path with NO symlinks or hardlinks in constituent paths
}

// NewFileReference creates a new unique file reference for the given path.
func NewFileReference(path Path) *Reference {
	return &Reference{
		RealPath: path,
		id:       ID(nextID.Add(1)),
	}
}

// ID returns the unique ID for this file reference.
func (f *Reference) ID() ID {
	return f.id
}

// String returns a string representation of the path with a unique ID.
func (f *Reference) String() string {
	if f == nil {
		return ""[nil]""
	}
	return fmt.Sprintf(""[%v] real=%q"", f.id, f.RealPath)
}

    "," SE: The 'name' variable, which appears to be user-provided input, is directly concatenated into the 'target' variable using filepath.Join().

BL: `target := filepath.Join(dst, name)`

BUG FOUND: YES

Explanation: This behavior can potentially lead to a path traversal vulnerability (CWE-22) if the 'name' variable contains special characters such as ""../"" which can manipulate the final 'target' path to move out of the intended directory. It is recommended to validate and sanitize 'name' before using it in filepath.Join().",mixtral-8x7b-32768
98,"Analyze the file content below and tell me if there's any line that may contain a bug of type CWE-22 (Improper Limitation of a Pathname to a Restricted Directory (""Path Traversal"")). Your output must adhere to the following structure.

Expected Output Structure:
SE: very Short Explanation of why the line may contain a bug of given type (e.g., The 'user_input' is directly concatenated into HTML content without sanitation).
BL: the Bugged Line, if any is found, else none (e.g., `response = ""<html><body><h1>Welcome, "" + user_input + ""!</h1></body></html>""`).
BUG FOUND: YES if a bug is found, else NO.

Example output:
SE: The 'user_input' is directly concatenated into HTML content without sanitation.
BL: `response = ""<html><body><h1>Welcome, "" + user_input + ""!</h1></body></html>""`
BUG FOUND: YES

File Content:
const perFileReadLimit = 2 * GB

var ErrTarStopIteration = fmt.Errorf(""halt iterating tar"")

// tarFile is a ReadCloser of a tar file on disk.
type tarFile struct {
	io.Reader
	io.Closer
}
// MetadataFromTar returns the tar metadata from the header info.
func MetadataFromTar(reader io.ReadCloser, tarPath string) (Metadata, error) {
	var metadata *Metadata
	visitor := func(entry TarFileEntry) error {
		if entry.Header.Name == tarPath {
			var content io.Reader
			if entry.Header.Size > 0 {
				content = reader
			}
			m := NewMetadata(entry.Header, content)
			metadata = &m
			return ErrTarStopIteration
		}
		return nil
	}
	if err := IterateTar(reader, visitor); err != nil {
		return Metadata{}, err
	}
	if metadata == nil {
		return Metadata{}, &ErrFileNotFound{tarPath}
	}
	return *metadata, nil
}
//go:build !windows

package file

import (
	""os""
	""syscall""
)

// getXid is the UID GID system info for unix
func getXid(info os.FileInfo) (uid, gid int) {
	uid = -1
	gid = -1
	if stat, ok := info.Sys().(*syscall.Stat_t); ok {
		uid = int(stat.Uid)
		gid = int(stat.Gid)
	}

	return uid, gid
}
func joinPath_createDictionary(dst, name string, isDir bool) (string, error) {
    target := filepath.Join(dst, name)
    if isDir {
        if _, err := os.Stat(target); err != nil {
            if err := os.MkdirAll(target, 0755); err != nil {
                return """", err
            }
        }
    }
    return target, nil
}
package file

import (
	""archive/tar""
	""fmt""
	""io""
	""os""
	""path/filepath""

	""github.com/pkg/errors""

	""github.com/anchore/stereoscope/internal/log""
)
// TarFileEntry represents the header, contents, and list position of an entry within a tar file.
type TarFileEntry struct {
	Sequence int64
	Header   tar.Header
	Reader   io.Reader
}

// TarFileVisitor is a visitor function meant to be used in conjunction with the IterateTar.
type TarFileVisitor func(TarFileEntry) error

// ErrFileNotFound returned from ReaderFromTar if a file is not found in the given archive.
type ErrFileNotFound struct {
	Path string
}
func (e *ErrFileNotFound) Error() string {
	return fmt.Sprintf(""file not found (path=%s)"", e.Path)
}
// IterateTar is a function that reads across a tar and invokes a visitor function for each entry discovered. The iterator
// stops when there are no more entries to read, if there is an error in the underlying reader or visitor function,
// or if the visitor function returns a ErrTarStopIteration sentinel error.
func IterateTar(reader io.Reader, visitor TarFileVisitor) error {
	tarReader := tar.NewReader(reader)
	var sequence int64 = -1
	for {
		sequence++

		hdr, err := tarReader.Next()
		if errors.Is(err, io.EOF) {
			break
		}
		if err != nil {
			return err
		}
		if hdr == nil {
			continue
		}

		if err := visitor(TarFileEntry{
			Sequence: sequence,
			Header:   *hdr,
			Reader:   tarReader,
		}); err != nil {
			if errors.Is(err, ErrTarStopIteration) {
				return nil
			}
			return fmt.Errorf(""failed to visit tar entry=%q : %w"", hdr.Name, err)
		}
	}
	return nil
}
//go:build windows

package file

import (
	""os""
)

// getXid is a placeholder for windows file information
func getXid(info os.FileInfo) (uid, gid int) {
	return -1, -1
}
package file

import (
	""io""
	""strings""

	""github.com/gabriel-vasile/mimetype""
)

// MIMEType attempts to guess at the MIME type of a file given the contents. If there is no contents, then an empty
// string is returned. If the MIME type could not be determined and the contents are not empty, then a MIME type
// of ""application/octet-stream"" is returned.
func MIMEType(reader io.Reader) string {
	if reader == nil {
		return """"
	}

	s := sizer{reader: reader}

	var mTypeStr string
	mType, err := mimetype.DetectReader(&s)
	if err == nil {
		// extract the string mimetype and ignore aux information (e.g. 'text/plain; charset=utf-8' -> 'text/plain')
		mTypeStr = strings.Split(mType.String(), "";"")[0]
	}

	// we may have a reader that is not nil but the observed contents was empty
	if s.size == 0 {
		return """"
	}

	return mTypeStr
}

type sizer struct {
	reader io.Reader
	size   int64
}

func (s *sizer) Read(p []byte) (int, error) {
	n, err := s.reader.Read(p)
	s.size += int64(n)
	return n, err
}

    "," SE: The 'reader' is used to extract the tar header name directly which might be user provided without proper validation.
BL: `if entry.Header.Name == tarPath {` in `func MetadataFromTar(reader io.ReadCloser, tarPath string) (Metadata, error) {`
BUG FOUND: YES
",mixtral-8x7b-32768
99,"Analyze the file content below and tell me if there's any line that may contain a bug of type CWE-22 (Improper Limitation of a Pathname to a Restricted Directory (""Path Traversal"")). Your output must adhere to the following structure.

Expected Output Structure:
SE: very Short Explanation of why the line may contain a bug of given type (e.g., The 'user_input' is directly concatenated into HTML content without sanitation).
BL: the Bugged Line, if any is found, else none (e.g., `response = ""<html><body><h1>Welcome, "" + user_input + ""!</h1></body></html>""`).
BUG FOUND: YES if a bug is found, else NO.

Example output:
SE: The 'user_input' is directly concatenated into HTML content without sanitation.
BL: `response = ""<html><body><h1>Welcome, "" + user_input + ""!</h1></body></html>""`
BUG FOUND: YES

File Content:
const perFileReadLimit = 2 * GB

var ErrTarStopIteration = fmt.Errorf(""halt iterating tar"")

// tarFile is a ReadCloser of a tar file on disk.
type tarFile struct {
	io.Reader
	io.Closer
}
// ReaderFromTar returns a io.ReadCloser for the Path within a tar file.
func ReaderFromTar(reader io.ReadCloser, tarPath string) (io.ReadCloser, error) {
	var result io.ReadCloser

	visitor := func(entry TarFileEntry) error {
		if entry.Header.Name == tarPath {
			result = &tarFile{
				Reader: entry.Reader,
				Closer: reader,
			}
			return ErrTarStopIteration
		}
		return nil
	}
	if err := IterateTar(reader, visitor); err != nil {
		return nil, err
	}

	if result == nil {
		return nil, &ErrFileNotFound{tarPath}
	}

	return result, nil
}
package file

import ""fmt""

// Reference represents a unique file. This is useful when path is not good enough (i.e. you have the same file path for two files in two different container image layers, and you need to be able to distinguish them apart)
type Reference struct {
	id       ID
	RealPath Path // file path with NO symlinks or hardlinks in constituent paths
}

// NewFileReference creates a new unique file reference for the given path.
func NewFileReference(path Path) *Reference {
	return &Reference{
		RealPath: path,
		id:       ID(nextID.Add(1)),
	}
}

// ID returns the unique ID for this file reference.
func (f *Reference) ID() ID {
	return f.id
}

// String returns a string representation of the path with a unique ID.
func (f *Reference) String() string {
	if f == nil {
		return ""[nil]""
	}
	return fmt.Sprintf(""[%v] real=%q"", f.id, f.RealPath)
}
func joinPath_createDictionary(dst, name string, isDir bool) (string, error) {
    target := filepath.Join(dst, name)
    if isDir {
        if _, err := os.Stat(target); err != nil {
            if err := os.MkdirAll(target, 0755); err != nil {
                return """", err
            }
        }
    }
    return target, nil
}
//go:build !windows

package file

import (
	""os""
	""syscall""
)

// getXid is the UID GID system info for unix
func getXid(info os.FileInfo) (uid, gid int) {
	uid = -1
	gid = -1
	if stat, ok := info.Sys().(*syscall.Stat_t); ok {
		uid = int(stat.Uid)
		gid = int(stat.Gid)
	}

	return uid, gid
}
//nolint:dupl
package file

import (
	""sort""
)

type PathSet map[Path]struct{}

func NewPathSet(is ...Path) PathSet {
	// TODO: replace with single generic implementation that also incorporates other set implementations
	s := make(PathSet)
	s.Add(is...)
	return s
}

func (s PathSet) Size() int {
	return len(s)
}

func (s PathSet) Merge(other PathSet) {
	for _, i := range other.List() {
		s.Add(i)
	}
}

func (s PathSet) Add(ids ...Path) {
	for _, i := range ids {
		s[i] = struct{}{}
	}
}

func (s PathSet) Remove(ids ...Path) {
	for _, i := range ids {
		delete(s, i)
	}
}

func (s PathSet) Contains(i Path) bool {
	_, ok := s[i]
	return ok
}

func (s PathSet) Clear() {
	// TODO: replace this with the new 'clear' keyword when it's available in go 1.20 or 1.21
	for i := range s {
		delete(s, i)
	}
}

func (s PathSet) List() []Path {
	ret := make([]Path, 0, len(s))
	for i := range s {
		ret = append(ret, i)
	}
	return ret
}

func (s PathSet) Sorted() []Path {
	ids := s.List()

	sort.Slice(ids, func(i, j int) bool {
		return ids[i] < ids[j]
	})

	return ids
}

func (s PathSet) ContainsAny(ids ...Path) bool {
	for _, i := range ids {
		_, ok := s[i]
		if ok {
			return true
		}
	}
	return false
}

type PathCountSet map[Path]int

func NewPathCountSet(is ...Path) PathCountSet {
	s := make(PathCountSet)
	s.Add(is...)
	return s
}

func (s PathCountSet) Add(ids ...Path) {
	for _, i := range ids {
		if _, ok := s[i]; !ok {
			s[i] = 1
			continue
		}
		s[i]++
	}
}

func (s PathCountSet) Remove(ids ...Path) {
	for _, i := range ids {
		if _, ok := s[i]; !ok {
			continue
		}

		s[i]--
		if s[i] <= 0 {
			delete(s, i)
		}
	}
}

func (s PathCountSet) Contains(i Path) bool {
	count, ok := s[i]
	return ok && count > 0
}
package file

type PathStack []Path

func (s *PathStack) Size() int {
	return len(*s)
}

func (s *PathStack) Pop() Path {
	v := *s
	v, n := v[:len(v)-1], v[len(v)-1]
	*s = v
	return n
}

func (s *PathStack) Push(n Path) {
	*s = append(*s, n)
}

    "," SE: The 'tarPath' variable is used in file operations without proper validation, which could potentially allow path traversal if 'tarPath' is user-supplied input.
BL: `if entry.Header.Name == tarPath {` (this line is part of the 'visitor' function in 'ReaderFromTar')
BUG FOUND: YES",mixtral-8x7b-32768
104,"Analyze the file content below and tell me if there's any line that may contain a bug of type CWE-22 (Improper Limitation of a Pathname to a Restricted Directory (""Path Traversal"")). Your output must adhere to the following structure.

Expected Output Structure:
SE: very Short Explanation of why the line may contain a bug of given type (e.g., The 'user_input' is directly concatenated into HTML content without sanitation).
BL: the Bugged Line, if any is found, else none (e.g., `response = ""<html><body><h1>Welcome, "" + user_input + ""!</h1></body></html>""`).
BUG FOUND: YES if a bug is found, else NO.

Example output:
SE: The 'user_input' is directly concatenated into HTML content without sanitation.
BL: `response = ""<html><body><h1>Welcome, "" + user_input + ""!</h1></body></html>""`
BUG FOUND: YES

File Content:

function asset_request(req, callback) {
  var filename = path.join(__dirname, ""public"", req.url.path_list.join(""/""));
  fs.access(filename, function(fs_err) {
    if (!fs_err) {
      fs.readFile(filename, function(err, data) {
        callback({
          body: data,
          type: mime.getType(filename),
          err: err,
        });
      });
    } else {
      callback({
        body: ""Not found"",
        status: -2,
        code: 404,
      });
    }
  });
}
// handle the appropriate 'default=' response
// uses either mhf_steve or mhf_alex (based on +userId+) if no +def+ given
// callback: response object
function handle_default(img_status, userId, size, def, req, err, callback) {
  def = def || skins.default_skin(userId);
  var defname = def.toLowerCase();
  if (defname !== ""steve"" && defname !== ""mhf_steve"" && defname !== ""alex"" && defname !== ""mhf_alex"") {
    if (helpers.id_valid(def)) {
      // clean up the old URL to match new image
      req.url.searchParams.delete('default');
      req.url.path_list[1] = def;
      req.url.pathname = req.url.path_list.join('/');
      var newUrl = req.url.toString();
      callback({
        status: img_status,
        redirect: newUrl,
        err: err,
      });
    } else {
      callback({
        status: img_status,
        redirect: def,
        err: err,
      });
    }
  } else {
    // handle steve and alex
    def = defname;
    if (def.substr(0, 4) !== ""mhf_"") {
      def = ""mhf_"" + def;
    }
    skins.resize_img(path.join(__dirname, "".."", ""public"", ""images"", def + "".png""), size, function(resize_err, image) {
      callback({
        status: img_status,
        body: image,
        type: ""image/png"",
        hash: def,
        err: resize_err || err,
      });
    });
  }
}
// GET avatar request
module.exports = function(req, callback) {
  var userId = (req.url.path_list[1] || """").split(""."")[0];
  var size = parseInt(req.url.searchParams.get(""size"")) || config.avatars.default_size;
  var def = req.url.searchParams.get(""default"");
  var overlay = req.url.searchParams.has(""overlay"") || req.url.searchParams.has(""helm"");

  // check for extra paths
  if (req.url.path_list.length > 2) {
    callback({
      status: -2,
      body: ""Invalid Path"",
      code: 404,
    });
    return;
  }

  // strip dashes
  userId = userId.replace(/-/g, """");

  // Prevent app from crashing/freezing
  if (size < config.avatars.min_size || size > config.avatars.max_size) {
    // ""Unprocessable Entity"", valid request, but semantically erroneous:
    // https://tools.ietf.org/html/rfc4918#page-78
    callback({
      status: -2,
      body: ""Invalid Size"",
    });
    return;
  } else if (!helpers.id_valid(userId)) {
    callback({
      status: -2,
      body: ""Invalid UUID"",
    });
    return;
  }

  try {
    helpers.get_avatar(req.id, userId, overlay, size, function(err, status, image, hash) {
      if (err) {
        if (err.code === ""ENOENT"") {
          // no such file
          cache.remove_hash(req.id, userId);
        }
      }
      if (image) {
        callback({
          status: status,
          body: image,
          type: ""image/png"",
          err: err,
          hash: hash,
        });
      } else {
        handle_default(status, userId, size, def, req, err, callback);
      }
    });
  } catch (e) {
    handle_default(-1, userId, size, def, req, e, callback);
  }
};
var helpers = require(""../helpers"");
var cache = require(""../cache"");
compile();
// GET index request
module.exports = function(req, callback) {
  if (config.server.debug_enabled) {
    // allow changes without reloading
    compile();
  }
  var html = index({
    title: ""Crafatar"",
    domain: ""https://"" + req.headers.host,
    config: config
  });
  callback({
    body: html,
    type: ""text/html; charset=utf-8""
  });
};
var logging = require(""../logging"");
var helpers = require(""../helpers"");
var renders = require(""../renders"");
var config = require(""../../config"");
var cache = require(""../cache"");
var skins = require(""../skins"");
var path = require(""path"");
var url = require(""url"");
var fs = require(""fs"");
    "," SE: The 'req.url.path_list' is directly concatenated into the filename variable which is used as a file path.
BL: `var filename = path.join(__dirname, ""public"", req.url.path_list.join(""/""));`
BUG FOUND: YES

Explanation:
This code is vulnerable to path traversal attacks because it directly concatenates user-supplied input (req.url.path_list) into the file path without proper sanitization. An attacker could potentially manipulate the input to access files outside of the intended directory, leading to unintended information disclosure or other malicious actions.",mixtral-8x7b-32768
106,"Analyze the file content below and tell me if there's any line that may contain a bug of type CWE-22 (Improper Limitation of a Pathname to a Restricted Directory (""Path Traversal"")). Your output must adhere to the following structure.

Expected Output Structure:
SE: very Short Explanation of why the line may contain a bug of given type (e.g., The 'user_input' is directly concatenated into HTML content without sanitation).
BL: the Bugged Line, if any is found, else none (e.g., `response = ""<html><body><h1>Welcome, "" + user_input + ""!</h1></body></html>""`).
BUG FOUND: YES if a bug is found, else NO.

Example output:
SE: The 'user_input' is directly concatenated into HTML content without sanitation.
BL: `response = ""<html><body><h1>Welcome, "" + user_input + ""!</h1></body></html>""`
BUG FOUND: YES

File Content:
var logging = require(""../logging"");
var config = require(""../../config"");
var path = require(""path"");
var read = require(""fs"").readFileSync;
var ejs = require(""ejs"");

var str;
var index;
// GET index request
module.exports = function(req, callback) {
  if (config.server.debug_enabled) {
    // allow changes without reloading
    compile();
  }
  var html = index({
    title: ""Crafatar"",
    domain: ""https://"" + req.headers.host,
    config: config
  });
  callback({
    body: html,
    type: ""text/html; charset=utf-8""
  });
};
// sets up redis connection
// flushes redis when using ephemeral storage (e.g. Heroku)
function connect_redis() {
  logging.log(""connecting to redis..."");
  redis = node_redis.createClient(config.redis);
  redis.on(""ready"", function() {
    logging.log(""Redis connection established."");
    if (config.caching.ephemeral) {
      logging.log(""Storage is ephemeral, flushing redis"");
      redis.flushall();
    }
  });
  redis.on(""error"", function(err) {
    logging.error(err);
  });
  redis.on(""end"", function() {
    logging.warn(""Redis connection lost!"");
  });
}
function asset_request(req, callback) {
  var filename = path.join(__dirname, ""public"", req.url.path_list.join(""/""));
  fs.access(filename, function(fs_err) {
    if (!fs_err) {
      fs.readFile(filename, function(err, data) {
        callback({
          body: data,
          type: mime.getType(filename),
          err: err,
        });
      });
    } else {
      callback({
        body: ""Not found"",
        status: -2,
        code: 404,
      });
    }
  });
}
compile();
// handle the appropriate 'default=' response
// uses either mhf_steve or mhf_alex (based on +userId+) if no +def+ given
// callback: response object
function handle_default(img_status, userId, def, req, err, callback) {
  def = def || skins.default_skin(userId);
  var defname = def.toLowerCase();
  if (defname !== ""steve"" && defname !== ""mhf_steve"" && defname !== ""alex"" && defname !== ""mhf_alex"") {
    if (helpers.id_valid(def)) {
      // clean up the old URL to match new image
      req.url.searchParams.delete('default');
      req.url.path_list[1] = def;
      req.url.pathname = req.url.path_list.join('/');
      var newUrl = req.url.toString();
      callback({
        status: img_status,
        redirect: newUrl,
        err: err
      });
    } else {
      callback({
        status: img_status,
        redirect: def,
        err: err
      });
    }
  } else {
    // handle steve and alex
    def = defname;
    if (def.substr(0, 4) !== ""mhf_"") {
      def = ""mhf_"" + def;
    }
    lwip.open(path.join(__dirname, "".."", ""public"", ""images"", def + ""_skin.png""), function(lwip_err, image) {
      if (image) {
        image.toBuffer(""png"", function(buf_err, buffer) {
          callback({
            status: img_status,
            body: buffer,
            type: ""image/png"",
            hash: def,
            err: buf_err || lwip_err || err
          });
        });
      } else {
        callback({
          status: -1,
          err: lwip_err || err
        });
      }
    });
  }
}
// GET skin request
module.exports = function(req, callback) {
  var userId = (req.url.path_list[1] || """").split(""."")[0];
  var def = req.url.searchParams.get(""default"");
  var rid = req.id;

  // check for extra paths
  if (req.url.path_list.length > 2) {
    callback({
      status: -2,
      body: ""Invalid Path"",
      code: 404
    });
    return;
  }

  // strip dashes
  userId = userId.replace(/-/g, """");
  if (!helpers.id_valid(userId)) {
    callback({
      status: -2,
      body: ""Invalid UUID""
    });
    return;
  }

  try {
    helpers.get_skin(rid, userId, function(err, hash, status, image, slim) {
      if (err) {
        if (err.code === ""ENOENT"") {
          // no such file
          cache.remove_hash(req.id, userId);
        }
      }
      if (image) {
        callback({
          status: status,
          body: image,
          type: ""image/png"",
          hash: hash,
          err: err
        });
      } else {
        handle_default(2, userId, def, req, err, callback);
      }
    });
  } catch(e) {
    handle_default(-1, userId, def, req, e, callback);
  }
};
var exp = {};
    "," SE: The 'filename' variable is built by concatenating user-provided input from 'req.url.path_list' into a path string without proper sanitation.
BL: `var filename = path.join(__dirname, ""public"", req.url.path_list.join(""/""));`
BUG FOUND: YES",mixtral-8x7b-32768
105,"Analyze the file content below and tell me if there's any line that may contain a bug of type CWE-22 (Improper Limitation of a Pathname to a Restricted Directory (""Path Traversal"")). Your output must adhere to the following structure.

Expected Output Structure:
SE: very Short Explanation of why the line may contain a bug of given type (e.g., The 'user_input' is directly concatenated into HTML content without sanitation).
BL: the Bugged Line, if any is found, else none (e.g., `response = ""<html><body><h1>Welcome, "" + user_input + ""!</h1></body></html>""`).
BUG FOUND: YES if a bug is found, else NO.

Example output:
SE: The 'user_input' is directly concatenated into HTML content without sanitation.
BL: `response = ""<html><body><h1>Welcome, "" + user_input + ""!</h1></body></html>""`
BUG FOUND: YES

File Content:
var helpers = require(""../helpers"");
var config = require(""../../config"");
var skins = require(""../skins"");
var cache = require(""../cache"");
var path = require(""path"");
var url = require(""url"");
// pre-compile the index page
function compile() {
  logging.log(""Compiling index page"");
  str = read(path.join(__dirname, "".."", ""views"", ""index.html.ejs""), ""utf-8"");
  index = ejs.compile(str);
}
compile();
var helpers = require(""../helpers"");
var skins = require(""../skins"");
var cache = require(""../cache"");
var path = require(""path"");
var lwip = require(""@randy.tarampi/lwip"");
var url = require(""url"");
function asset_request(req, callback) {
  var filename = path.join(__dirname, ""public"", req.url.path_list.join(""/""));
  fs.access(filename, function(fs_err) {
    if (!fs_err) {
      fs.readFile(filename, function(err, data) {
        callback({
          body: data,
          type: mime.getType(filename),
          err: err,
        });
      });
    } else {
      callback({
        body: ""Not found"",
        status: -2,
        code: 404,
      });
    }
  });
}
// handle the appropriate 'default=' response
// uses either mhf_steve or mhf_alex (based on +userId+) if no +def+ given
// callback: response object
function handle_default(img_status, userId, size, def, req, err, callback) {
  def = def || skins.default_skin(userId);
  var defname = def.toLowerCase();
  if (defname !== ""steve"" && defname !== ""mhf_steve"" && defname !== ""alex"" && defname !== ""mhf_alex"") {
    if (helpers.id_valid(def)) {
      // clean up the old URL to match new image
      req.url.searchParams.delete('default');
      req.url.path_list[1] = def;
      req.url.pathname = req.url.path_list.join('/');
      var newUrl = req.url.toString();
      callback({
        status: img_status,
        redirect: newUrl,
        err: err,
      });
    } else {
      callback({
        status: img_status,
        redirect: def,
        err: err,
      });
    }
  } else {
    // handle steve and alex
    def = defname;
    if (def.substr(0, 4) !== ""mhf_"") {
      def = ""mhf_"" + def;
    }
    skins.resize_img(path.join(__dirname, "".."", ""public"", ""images"", def + "".png""), size, function(resize_err, image) {
      callback({
        status: img_status,
        body: image,
        type: ""image/png"",
        hash: def,
        err: resize_err || err,
      });
    });
  }
}
var logging = require(""../logging"");
var config = require(""../../config"");
var path = require(""path"");
var read = require(""fs"").readFileSync;
var ejs = require(""ejs"");

var str;
var index;
// handle the appropriate 'default=' response
// uses either mhf_steve or mhf_alex (based on +userId+) if no +def+ given
// callback: response object
function handle_default(rid, scale, overlay, body, img_status, userId, size, def, req, err, callback) {
  def = def || skins.default_skin(userId);
  var defname = def.toLowerCase();
  if (defname !== ""steve"" && defname !== ""mhf_steve"" && defname !== ""alex"" && defname !== ""mhf_alex"") {
    if (helpers.id_valid(def)) {
      // clean up the old URL to match new image
      req.url.searchParams.delete('default');
      req.url.path_list[2] = def;
      req.url.pathname = req.url.path_list.join('/');
      var newUrl = req.url.toString();
      callback({
        status: img_status,
        redirect: newUrl,
        err: err
      });
    } else {
      callback({
        status: img_status,
        redirect: def,
        err: err
      });
    }
  } else {
    // handle steve and alex
    def = defname;
    if (def.substr(0, 4) !== ""mhf_"") {
      def = ""mhf_"" + def;
    }
    fs.readFile(path.join(__dirname, "".."", ""public"", ""images"", def + ""_skin.png""), function(fs_err, buf) {
      // we render the default skins, but not custom images
      renders.draw_model(rid, buf, scale, overlay, body, def === ""mhf_alex"", function(render_err, def_img) {
        callback({
          status: img_status,
          body: def_img,
          type: ""image/png"",
          hash: def,
          err: render_err || fs_err || err
        });
      });
    });
  }
}
var logging = require(""./logging"");
var node_redis = require(""redis"");
var config = require(""../config"");

var redis = null;
var exp = {};
    "," SE: The 'filename' variable is constructed by concatenating user-provided 'req.url.path_list.join(""/”)' and a fixed string.
BL: `var filename = path.join(__dirname, ""public"", req.url.path_list.join(""/""));`
BUG FOUND: YES

This code is vulnerable to path traversal (CWE-22) because it constructs a file path using 'path.join()' and user-supplied input 'req.url.path_list.join(""/"")' without proper validation. An attacker could potentially manipulate the input to access files outside of the intended directory, leading to information disclosure or other unintended behavior. To mitigate this risk, validate and sanitize user input, and consider using a library that provides safe methods for file access.",mixtral-8x7b-32768
100,"Analyze the file content below and tell me if there's any line that may contain a bug of type CWE-22 (Improper Limitation of a Pathname to a Restricted Directory (""Path Traversal"")). Your output must adhere to the following structure.

Expected Output Structure:
SE: very Short Explanation of why the line may contain a bug of given type (e.g., The 'user_input' is directly concatenated into HTML content without sanitation).
BL: the Bugged Line, if any is found, else none (e.g., `response = ""<html><body><h1>Welcome, "" + user_input + ""!</h1></body></html>""`).
BUG FOUND: YES if a bug is found, else NO.

Example output:
SE: The 'user_input' is directly concatenated into HTML content without sanitation.
BL: `response = ""<html><body><h1>Welcome, "" + user_input + ""!</h1></body></html>""`
BUG FOUND: YES

File Content:
func (e *ErrFileNotFound) Error() string {
	return fmt.Sprintf(""file not found (path=%s)"", e.Path)
}
// IterateTar is a function that reads across a tar and invokes a visitor function for each entry discovered. The iterator
// stops when there are no more entries to read, if there is an error in the underlying reader or visitor function,
// or if the visitor function returns a ErrTarStopIteration sentinel error.
func IterateTar(reader io.Reader, visitor TarFileVisitor) error {
	tarReader := tar.NewReader(reader)
	var sequence int64 = -1
	for {
		sequence++

		hdr, err := tarReader.Next()
		if errors.Is(err, io.EOF) {
			break
		}
		if err != nil {
			return err
		}
		if hdr == nil {
			continue
		}

		if err := visitor(TarFileEntry{
			Sequence: sequence,
			Header:   *hdr,
			Reader:   tarReader,
		}); err != nil {
			if errors.Is(err, ErrTarStopIteration) {
				return nil
			}
			return fmt.Errorf(""failed to visit tar entry=%q : %w"", hdr.Name, err)
		}
	}
	return nil
}
// ReaderFromTar returns a io.ReadCloser for the Path within a tar file.
func ReaderFromTar(reader io.ReadCloser, tarPath string) (io.ReadCloser, error) {
	var result io.ReadCloser

	visitor := func(entry TarFileEntry) error {
		if entry.Header.Name == tarPath {
			result = &tarFile{
				Reader: entry.Reader,
				Closer: reader,
			}
			return ErrTarStopIteration
		}
		return nil
	}
	if err := IterateTar(reader, visitor); err != nil {
		return nil, err
	}

	if result == nil {
		return nil, &ErrFileNotFound{tarPath}
	}

	return result, nil
}
//go:build windows

package file

import (
	""os""
)

// getXid is a placeholder for windows file information
func getXid(info os.FileInfo) (uid, gid int) {
	return -1, -1
}
package file

import ""sync/atomic""

var nextID atomic.Uint64 // note: this is governed by the reference constructor

// ID is used for file tree manipulation to uniquely identify tree nodes.
type ID uint64

type IDs []ID

func (ids IDs) Len() int {
	return len(ids)
}

func (ids IDs) Less(i, j int) bool {
	return ids[i] < ids[j]
}

func (ids IDs) Swap(i, j int) {
	ids[i], ids[j] = ids[j], ids[i]
}
func joinPath_createDictionary(dst, name string, isDir bool) (string, error) {
    target := filepath.Join(dst, name)
    if isDir {
        if _, err := os.Stat(target); err != nil {
            if err := os.MkdirAll(target, 0755); err != nil {
                return """", err
            }
        }
    }
    return target, nil
}
package file

import (
	""archive/tar""
	""fmt""
	""io""
	""os""
	""path/filepath""

	""github.com/pkg/errors""

	""github.com/anchore/stereoscope/internal/log""
)
// TarFileEntry represents the header, contents, and list position of an entry within a tar file.
type TarFileEntry struct {
	Sequence int64
	Header   tar.Header
	Reader   io.Reader
}

// TarFileVisitor is a visitor function meant to be used in conjunction with the IterateTar.
type TarFileVisitor func(TarFileEntry) error

// ErrFileNotFound returned from ReaderFromTar if a file is not found in the given archive.
type ErrFileNotFound struct {
	Path string
}
// MetadataFromTar returns the tar metadata from the header info.
func MetadataFromTar(reader io.ReadCloser, tarPath string) (Metadata, error) {
	var metadata *Metadata
	visitor := func(entry TarFileEntry) error {
		if entry.Header.Name == tarPath {
			var content io.Reader
			if entry.Header.Size > 0 {
				content = reader
			}
			m := NewMetadata(entry.Header, content)
			metadata = &m
			return ErrTarStopIteration
		}
		return nil
	}
	if err := IterateTar(reader, visitor); err != nil {
		return Metadata{}, err
	}
	if metadata == nil {
		return Metadata{}, &ErrFileNotFound{tarPath}
	}
	return *metadata, nil
}
package file

// References is a slice of file references (useful for attaching sorting-related methods)
type References []*Reference

func (f References) Len() int {
	return len(f)
}

func (f References) Swap(idx1, idx2 int) {
	f[idx1], f[idx2] = f[idx2], f[idx1]
}

func (f References) Less(idx1, idx2 int) bool {
	return f[idx1].RealPath < f[idx2].RealPath
}

func (f References) Equal(other References) bool {
	if len(f) != len(other) {
		return false
	}
	for i, v := range f {
		if v != other[i] {
			return false
		}
	}
	return true
}

    "," SE: The 'tarPath' is directly used in file path construction without any sanitation or restriction.
BL: `target := filepath.Join(dst, name)` in `joinPath_createDictionary` function.
BUG FOUND: YES.

Explanation:
The 'tarPath' variable, which appears to be coming from an external source, is directly used in the file path construction using the `filepath.Join()` function. If an attacker is able to control the 'tarPath' variable, they could potentially traverse to directories outside of the intended base directory (represented by 'dst' variable) by providing a path containing "".."" elements. This could lead to path traversal vulnerabilities (CWE-22). To mitigate this risk, it is recommended to properly sanitize or restrict the 'tarPath' variable to prevent any potential path traversal patterns.",mixtral-8x7b-32768
103,"Analyze the file content below and tell me if there's any line that may contain a bug of type CWE-22 (Improper Limitation of a Pathname to a Restricted Directory (""Path Traversal"")). Your output must adhere to the following structure.

Expected Output Structure:
SE: very Short Explanation of why the line may contain a bug of given type (e.g., The 'user_input' is directly concatenated into HTML content without sanitation).
BL: the Bugged Line, if any is found, else none (e.g., `response = ""<html><body><h1>Welcome, "" + user_input + ""!</h1></body></html>""`).
BUG FOUND: YES if a bug is found, else NO.

Example output:
SE: The 'user_input' is directly concatenated into HTML content without sanitation.
BL: `response = ""<html><body><h1>Welcome, "" + user_input + ""!</h1></body></html>""`
BUG FOUND: YES

File Content:
const perFileReadLimit = 2 * GB

var ErrTarStopIteration = fmt.Errorf(""halt iterating tar"")

// tarFile is a ReadCloser of a tar file on disk.
type tarFile struct {
	io.Reader
	io.Closer
}
// TarFileEntry represents the header, contents, and list position of an entry within a tar file.
type TarFileEntry struct {
	Sequence int64
	Header   tar.Header
	Reader   io.Reader
}

// TarFileVisitor is a visitor function meant to be used in conjunction with the IterateTar.
type TarFileVisitor func(TarFileEntry) error

// ErrFileNotFound returned from ReaderFromTar if a file is not found in the given archive.
type ErrFileNotFound struct {
	Path string
}
// IterateTar is a function that reads across a tar and invokes a visitor function for each entry discovered. The iterator
// stops when there are no more entries to read, if there is an error in the underlying reader or visitor function,
// or if the visitor function returns a ErrTarStopIteration sentinel error.
func IterateTar(reader io.Reader, visitor TarFileVisitor) error {
	tarReader := tar.NewReader(reader)
	var sequence int64 = -1
	for {
		sequence++

		hdr, err := tarReader.Next()
		if errors.Is(err, io.EOF) {
			break
		}
		if err != nil {
			return err
		}
		if hdr == nil {
			continue
		}

		if err := visitor(TarFileEntry{
			Sequence: sequence,
			Header:   *hdr,
			Reader:   tarReader,
		}); err != nil {
			if errors.Is(err, ErrTarStopIteration) {
				return nil
			}
			return fmt.Errorf(""failed to visit tar entry=%q : %w"", hdr.Name, err)
		}
	}
	return nil
}
// MetadataFromTar returns the tar metadata from the header info.
func MetadataFromTar(reader io.ReadCloser, tarPath string) (Metadata, error) {
	var metadata *Metadata
	visitor := func(entry TarFileEntry) error {
		if entry.Header.Name == tarPath {
			var content io.Reader
			if entry.Header.Size > 0 {
				content = reader
			}
			m := NewMetadata(entry.Header, content)
			metadata = &m
			return ErrTarStopIteration
		}
		return nil
	}
	if err := IterateTar(reader, visitor); err != nil {
		return Metadata{}, err
	}
	if metadata == nil {
		return Metadata{}, &ErrFileNotFound{tarPath}
	}
	return *metadata, nil
}
//go:build !windows

package file

import (
	""os""
	""syscall""
)

// getXid is the UID GID system info for unix
func getXid(info os.FileInfo) (uid, gid int) {
	uid = -1
	gid = -1
	if stat, ok := info.Sys().(*syscall.Stat_t); ok {
		uid = int(stat.Uid)
		gid = int(stat.Gid)
	}

	return uid, gid
}
//nolint:dupl
package file

import ""sort""

type IDSet map[ID]struct{}

func NewIDSet(is ...ID) IDSet {
	// TODO: replace with single generic implementation that also incorporates other set implementations
	s := make(IDSet)
	s.Add(is...)
	return s
}

func (s IDSet) Size() int {
	return len(s)
}

func (s IDSet) Merge(other IDSet) {
	for _, i := range other.List() {
		s.Add(i)
	}
}

func (s IDSet) Add(ids ...ID) {
	for _, i := range ids {
		s[i] = struct{}{}
	}
}

func (s IDSet) Remove(ids ...ID) {
	for _, i := range ids {
		delete(s, i)
	}
}

func (s IDSet) Contains(i ID) bool {
	_, ok := s[i]
	return ok
}

func (s IDSet) Clear() {
	// TODO: replace this with the new 'clear' keyword when it's available in go 1.20 or 1.21
	for i := range s {
		delete(s, i)
	}
}

func (s IDSet) List() []ID {
	ret := make([]ID, 0, len(s))
	for i := range s {
		ret = append(ret, i)
	}
	return ret
}

func (s IDSet) Sorted() []ID {
	ids := s.List()

	sort.Slice(ids, func(i, j int) bool {
		return ids[i] < ids[j]
	})

	return ids
}

func (s IDSet) ContainsAny(ids ...ID) bool {
	for _, i := range ids {
		_, ok := s[i]
		if ok {
			return true
		}
	}
	return false
}
func joinPath_createDictionary(dst, name string, isDir bool) (string, error) {
    target := filepath.Join(dst, name)
    if isDir {
        if _, err := os.Stat(target); err != nil {
            if err := os.MkdirAll(target, 0755); err != nil {
                return """", err
            }
        }
    }
    return target, nil
}
package file

import (
	""archive/tar""
	""fmt""
	""io""
	""os""
	""path/filepath""

	""github.com/pkg/errors""

	""github.com/anchore/stereoscope/internal/log""
)
func (e *ErrFileNotFound) Error() string {
	return fmt.Sprintf(""file not found (path=%s)"", e.Path)
}

    "," SE: The 'tarPath' variable is used in file path construction without proper validation or limitation.
BL: `tarPath := ""/path/to/file""` in `MetadataFromTar` function.
BUG FOUND: YES

Explanation:
The 'tarPath' variable is directly concatenated into the file path without proper validation or limitation. This could potentially lead to a path traversal vulnerability (CWE-22) if an attacker can control or influence the 'tarPath' value. An attacker could provide a path containing "".."" sequences to move out of the intended directory, potentially accessing or modifying files in other directories. It is recommended to properly validate or limit the 'tarPath' variable to a restricted directory to prevent path traversal attacks.",mixtral-8x7b-32768
102,"Analyze the file content below and tell me if there's any line that may contain a bug of type CWE-22 (Improper Limitation of a Pathname to a Restricted Directory (""Path Traversal"")). Your output must adhere to the following structure.

Expected Output Structure:
SE: very Short Explanation of why the line may contain a bug of given type (e.g., The 'user_input' is directly concatenated into HTML content without sanitation).
BL: the Bugged Line, if any is found, else none (e.g., `response = ""<html><body><h1>Welcome, "" + user_input + ""!</h1></body></html>""`).
BUG FOUND: YES if a bug is found, else NO.

Example output:
SE: The 'user_input' is directly concatenated into HTML content without sanitation.
BL: `response = ""<html><body><h1>Welcome, "" + user_input + ""!</h1></body></html>""`
BUG FOUND: YES

File Content:
const perFileReadLimit = 2 * GB

var ErrTarStopIteration = fmt.Errorf(""halt iterating tar"")

// tarFile is a ReadCloser of a tar file on disk.
type tarFile struct {
	io.Reader
	io.Closer
}
// IterateTar is a function that reads across a tar and invokes a visitor function for each entry discovered. The iterator
// stops when there are no more entries to read, if there is an error in the underlying reader or visitor function,
// or if the visitor function returns a ErrTarStopIteration sentinel error.
func IterateTar(reader io.Reader, visitor TarFileVisitor) error {
	tarReader := tar.NewReader(reader)
	var sequence int64 = -1
	for {
		sequence++

		hdr, err := tarReader.Next()
		if errors.Is(err, io.EOF) {
			break
		}
		if err != nil {
			return err
		}
		if hdr == nil {
			continue
		}

		if err := visitor(TarFileEntry{
			Sequence: sequence,
			Header:   *hdr,
			Reader:   tarReader,
		}); err != nil {
			if errors.Is(err, ErrTarStopIteration) {
				return nil
			}
			return fmt.Errorf(""failed to visit tar entry=%q : %w"", hdr.Name, err)
		}
	}
	return nil
}
// ReaderFromTar returns a io.ReadCloser for the Path within a tar file.
func ReaderFromTar(reader io.ReadCloser, tarPath string) (io.ReadCloser, error) {
	var result io.ReadCloser

	visitor := func(entry TarFileEntry) error {
		if entry.Header.Name == tarPath {
			result = &tarFile{
				Reader: entry.Reader,
				Closer: reader,
			}
			return ErrTarStopIteration
		}
		return nil
	}
	if err := IterateTar(reader, visitor); err != nil {
		return nil, err
	}

	if result == nil {
		return nil, &ErrFileNotFound{tarPath}
	}

	return result, nil
}
// MetadataFromTar returns the tar metadata from the header info.
func MetadataFromTar(reader io.ReadCloser, tarPath string) (Metadata, error) {
	var metadata *Metadata
	visitor := func(entry TarFileEntry) error {
		if entry.Header.Name == tarPath {
			var content io.Reader
			if entry.Header.Size > 0 {
				content = reader
			}
			m := NewMetadata(entry.Header, content)
			metadata = &m
			return ErrTarStopIteration
		}
		return nil
	}
	if err := IterateTar(reader, visitor); err != nil {
		return Metadata{}, err
	}
	if metadata == nil {
		return Metadata{}, &ErrFileNotFound{tarPath}
	}
	return *metadata, nil
}
//go:build !windows

package file

import (
	""os""
	""syscall""
)

// getXid is the UID GID system info for unix
func getXid(info os.FileInfo) (uid, gid int) {
	uid = -1
	gid = -1
	if stat, ok := info.Sys().(*syscall.Stat_t); ok {
		uid = int(stat.Uid)
		gid = int(stat.Gid)
	}

	return uid, gid
}
//go:build windows

package file

import (
	""os""
)

// getXid is a placeholder for windows file information
func getXid(info os.FileInfo) (uid, gid int) {
	return -1, -1
}
package file

import ""sync/atomic""

var nextID atomic.Uint64 // note: this is governed by the reference constructor

// ID is used for file tree manipulation to uniquely identify tree nodes.
type ID uint64

type IDs []ID

func (ids IDs) Len() int {
	return len(ids)
}

func (ids IDs) Less(i, j int) bool {
	return ids[i] < ids[j]
}

func (ids IDs) Swap(i, j int) {
	ids[i], ids[j] = ids[j], ids[i]
}
func joinPath_createDictionary(dst, name string, isDir bool) (string, error) {
    target := filepath.Join(dst, name)
    if isDir {
        if _, err := os.Stat(target); err != nil {
            if err := os.MkdirAll(target, 0755); err != nil {
                return """", err
            }
        }
    }
    return target, nil
}
package file

import (
	""archive/tar""
	""fmt""
	""io""
	""os""
	""path/filepath""

	""github.com/pkg/errors""

	""github.com/anchore/stereoscope/internal/log""
)
// TarFileEntry represents the header, contents, and list position of an entry within a tar file.
type TarFileEntry struct {
	Sequence int64
	Header   tar.Header
	Reader   io.Reader
}

// TarFileVisitor is a visitor function meant to be used in conjunction with the IterateTar.
type TarFileVisitor func(TarFileEntry) error

// ErrFileNotFound returned from ReaderFromTar if a file is not found in the given archive.
type ErrFileNotFound struct {
	Path string
}
func (e *ErrFileNotFound) Error() string {
	return fmt.Sprintf(""file not found (path=%s)"", e.Path)
}

    "," SE: The 'tarPath' is used in filepath.Join without any sanitation which could lead to a path traversal attack if 'tarPath' is user-supplied.
BL: `target := filepath.Join(dst, name)` in function `joinPath_createDictionary`
BUG FOUND: YES

Explanation:

The 'filepath.Join(dst, name)' function combines 'dst' and 'name' into a single path. If 'name' is user-supplied and contains "".."" or ""/"", it can manipulate the final path to traverse out of the restricted directory, leading to a path traversal vulnerability (CWE-22). To fix this, always sanitize user input and ensure it does not contain any special characters that can be used for path traversal.",mixtral-8x7b-32768
114,"Analyze the file content below and tell me if there's any line that may contain a bug of type CWE-22 (Improper Limitation of a Pathname to a Restricted Directory (""Path Traversal"")). Your output must adhere to the following structure.

Expected Output Structure:
SE: very Short Explanation of why the line may contain a bug of given type (e.g., The 'user_input' is directly concatenated into HTML content without sanitation).
BL: the Bugged Line, if any is found, else none (e.g., `response = ""<html><body><h1>Welcome, "" + user_input + ""!</h1></body></html>""`).
BUG FOUND: YES if a bug is found, else NO.

Example output:
SE: The 'user_input' is directly concatenated into HTML content without sanitation.
BL: `response = ""<html><body><h1>Welcome, "" + user_input + ""!</h1></body></html>""`
BUG FOUND: YES

File Content:
from fastapi.responses import FileResponse, JSONResponse
# Enable CORS
app.add_middleware(
    CORSMiddleware,
    allow_origins=[""*""],
    allow_methods=[""*""],
    allow_headers=[""*""],
)
@app.post(""/update_pfp"")
async def update_pfp(file: UploadFile = File(), username: str = Form(), token: str = Form()):
    """"""
    ## Update User Avatar (Profile Picture)
    Allows users to update their avatar (profile picture).
    
    ### Parameters:
    - **file (file):** The image to be set as the avatar.
    - **username (str):** The username for the account.
    - **token (str):** The token for the account.

    ### Returns:
    - **dict:** Status of the operation.
    """"""
    # Verify user token
    status = database.check_token(username=username, token=token)

    if status == True:
        # Read the contents of the profile image
        contents = await file.read()

        # Save user avatar
        with open(f""user_images/pfp/{username}.png"", ""wb"") as write_file:
            write_file.write(contents)
            write_file.close()

        return {'Status': 'Ok'}
    else:
        raise HTTPException(status_code=401, detail=""Invalid Token!"")
@app.get(""/get_pfp/{username}"")
async def get_pfp(username: str):
    # Checks if the user has a profile pic uploaded
    if os.path.isfile(f""user_images/pfp/{username}""):
        return FileResponse(f""user_images/pfp/{username}"", media_type='image/gif')
    else:
        # Returns default image if none is uploaded
        return FileResponse(f'{assets_folder}/default_pfp.png', media_type='image/gif')
# Check location of assets folder
if os.path.isdir(""assets""):
    assets_folder = ""assets""

else: 
    assets_folder = ""src/assets""

# Check location of resources folder
if os.path.isdir(""resources""):
    resources_folder = ""resources""

else: 
    resources_folder = ""src/resources""
# Ensure the configurations are not None
if configurations == None:
    configurations = {}

# Open reference json file for config
with open(f""{resources_folder}/json data/default_config.json"", ""r"") as json_file:
    json_data = json_file.read()
    default_config = json.loads(json_data)

if not os.path.isfile('access-control.yml'):
    with open(""access-control.yml"", 'x') as config:
        config.close()
# Compare config with json data
for option in default_config:
    if not option in configurations:
        configurations[option] = default_config[option]
        print(f""Added '{option}' to config!"")

# Open config in write mode to write the updated config
with open(""config.yml"", ""w"") as config:
    new_config = yaml.safe_dump(configurations)
    config.write(new_config)
    config.close()
# Get run environment 
__env__= os.getenv('RUN_ENVIRONMENT')

print(""Setup check complete!"")

database.load_config()

print(__env__)
# Enable/disable developer docs based on env
if __env__ == 'PRODUCTION':
    enable_dev_docs = None
else:
    enable_dev_docs = '/docs'

app = FastAPI(
     title=""Lif Authentication Server"",
     description=""Official API for Lif Platforms authentication services."",
     version=__version__,
     docs_url=enable_dev_docs,
     redoc_url=None
)
@app.post('/lif_login')
async def lif_login(username: str = Form(), password: str = Form()):
    """"""
    ## Login Route For Lif Accounts (NEW)
    Handles the authentication process for Lif Accounts.

    ### Parameters:
    - **username (str):** The username of the account.
    - **password (str):** The password for the account.

    ### Returns:
    - **dict:** Token for user account.
    """"""
    # Gets password hash
    password_hash = hasher.get_hash_with_database_salt(username=username, password=password)

    # Checks if password hash was successful
    if not password_hash:
        return HTTPException(status_code=401, detail='Invalid Login Credentials!')

    # Verifies credentials with database
    if database.verify_credentials(username=username, password=password_hash) == 'Good!':
        # Gets token from database
        token = database.retrieve_user_token(username=username)

        return {'token': token}
    else: 
        # Tells client credentials are incorrect
        raise HTTPException(status_code=401, detail='Incorrect Login Credentials')
    "," SE: The 'username' variable is used in the file path for saving the profile picture without any sanitation or restriction to a specific directory, which could potentially allow a path traversal attack.
BL: `with open(f""user_images/pfp/{username}.png"", ""wb"") as write_file:`
BUG FOUND: YES

To mitigate this issue, you should restrict the 'username' variable to a specific directory or use a function that sanitizes the input to prevent path traversal attacks.",mixtral-8x7b-32768
119,"Analyze the file content below and tell me if there's any line that may contain a bug of type CWE-22 (Improper Limitation of a Pathname to a Restricted Directory (""Path Traversal"")). Your output must adhere to the following structure.

Expected Output Structure:
SE: very Short Explanation of why the line may contain a bug of given type (e.g., The 'user_input' is directly concatenated into HTML content without sanitation).
BL: the Bugged Line, if any is found, else none (e.g., `response = ""<html><body><h1>Welcome, "" + user_input + ""!</h1></body></html>""`).
BUG FOUND: YES if a bug is found, else NO.

Example output:
SE: The 'user_input' is directly concatenated into HTML content without sanitation.
BL: `response = ""<html><body><h1>Welcome, "" + user_input + ""!</h1></body></html>""`
BUG FOUND: YES

File Content:
from fastapi.responses import FileResponse, JSONResponse
from fastapi import FastAPI, HTTPException, Request, Form, File, UploadFile, Header
from fastapi.middleware.cors import CORSMiddleware
from fastapi.responses import FileResponse, JSONResponse
import os
import yaml
import json
from _version import __version__
from utils import db_interface as database
from utils import password_hasher as hasher
from utils import email_checker as email_interface
from utils import access_control as access_control
# Check setup
print(""Checking user images folder..."")
if os.path.isdir(""user_images"") == False:
    os.mkdir(""user_images"")
    print(""Created 'user_images' directory!"")

if os.path.isdir(""user_images/pfp"") == False:
    os.mkdir(""user_images/pfp"")
    print(""Created 'user_images/pfp' directory!"")

if os.path.isdir(""user_images/banner"") == False:
    os.mkdir(""user_images/banner"")
    print(""Created 'user_images/banner' directory!"")
# Check the config.yml to ensure its up-to-date
print(""Checking config..."")

if not os.path.isfile(""config.yml""):
    with open(""config.yml"", 'x') as config:
        config.close()

with open(""config.yml"", ""r"") as config:
    contents = config.read()
    configurations = yaml.safe_load(contents)
    config.close()
# Get run environment 
__env__= os.getenv('RUN_ENVIRONMENT')

print(""Setup check complete!"")

database.load_config()

print(__env__)
@app.get(""/"")
async def home():
    return ""Welcome to Lif Auth Server!""
@app.get(""/login/{username}/{password}"")
async def login(username: str, password: str):
    """"""
    ## Login Route For Lif Accounts (DEPRECIATED)
    Handles the authentication process for Lif Accounts.
    
    ### Parameters:
    - **username (str):** The username of the account.
    - **password (str):** The password for the account.

    ### Returns:
    - **dict:** Status of login and user token.
    """"""
    # Gets password hash
    password_hash = hasher.get_hash_with_database_salt(username=username, password=password)

    # Checks if password hash was successful
    if not password_hash:
        return {""Status"": ""Unsuccessful"", ""Token"": ""None""}

    # Verifies credentials with database
    status = database.verify_credentials(username=username, password=password_hash)

    if status == ""Good!"":
        # Gets token from database
        token = database.retrieve_user_token(username=username)

        # Returns info to client
        return {""Status"": ""Successful"", ""Token"": token}
    else:
        # Tells client credentials are incorrect
        return {""Status"": ""Unsuccessful"", ""Token"": ""None""}
@app.post('/lif_login')
async def lif_login(username: str = Form(), password: str = Form()):
    """"""
    ## Login Route For Lif Accounts (NEW)
    Handles the authentication process for Lif Accounts.

    ### Parameters:
    - **username (str):** The username of the account.
    - **password (str):** The password for the account.

    ### Returns:
    - **dict:** Token for user account.
    """"""
    # Gets password hash
    password_hash = hasher.get_hash_with_database_salt(username=username, password=password)

    # Checks if password hash was successful
    if not password_hash:
        return HTTPException(status_code=401, detail='Invalid Login Credentials!')

    # Verifies credentials with database
    if database.verify_credentials(username=username, password=password_hash) == 'Good!':
        # Gets token from database
        token = database.retrieve_user_token(username=username)

        return {'token': token}
    else: 
        # Tells client credentials are incorrect
        raise HTTPException(status_code=401, detail='Incorrect Login Credentials')
@app.get(""/get_pfp/{username}"")
async def get_pfp(username: str):
    # Checks if the user has a profile pic uploaded
    if os.path.isfile(f""user_images/pfp/{username}""):
        return FileResponse(f""user_images/pfp/{username}"", media_type='image/gif')
    else:
        # Returns default image if none is uploaded
        return FileResponse(f'{assets_folder}/default_pfp.png', media_type='image/gif')
@app.get(""/get_user_pronouns/{username}"")
async def get_user_pronouns(username: str):
    return database.get_pronouns(username=username)
    "," SE: The 'username' input from the user is directly used in the file path to access a file. If the input is not properly sanitized, it can lead to a path traversal attack (CWE-2",mixtral-8x7b-32768
111,"Analyze the file content below and tell me if there's any line that may contain a bug of type CWE-22 (Improper Limitation of a Pathname to a Restricted Directory (""Path Traversal"")). Your output must adhere to the following structure.

Expected Output Structure:
SE: very Short Explanation of why the line may contain a bug of given type (e.g., The 'user_input' is directly concatenated into HTML content without sanitation).
BL: the Bugged Line, if any is found, else none (e.g., `response = ""<html><body><h1>Welcome, "" + user_input + ""!</h1></body></html>""`).
BUG FOUND: YES if a bug is found, else NO.

Example output:
SE: The 'user_input' is directly concatenated into HTML content without sanitation.
BL: `response = ""<html><body><h1>Welcome, "" + user_input + ""!</h1></body></html>""`
BUG FOUND: YES

File Content:
var helpers = require(""../helpers"");
var config = require(""../../config"");
var skins = require(""../skins"");
var cache = require(""../cache"");
var path = require(""path"");
var url = require(""url"");
// GET avatar request
module.exports = function(req, callback) {
  var userId = (req.url.path_list[1] || """").split(""."")[0];
  var size = parseInt(req.url.searchParams.get(""size"")) || config.avatars.default_size;
  var def = req.url.searchParams.get(""default"");
  var overlay = req.url.searchParams.has(""overlay"") || req.url.searchParams.has(""helm"");

  // check for extra paths
  if (req.url.path_list.length > 2) {
    callback({
      status: -2,
      body: ""Invalid Path"",
      code: 404,
    });
    return;
  }

  // strip dashes
  userId = userId.replace(/-/g, """");

  // Prevent app from crashing/freezing
  if (size < config.avatars.min_size || size > config.avatars.max_size) {
    // ""Unprocessable Entity"", valid request, but semantically erroneous:
    // https://tools.ietf.org/html/rfc4918#page-78
    callback({
      status: -2,
      body: ""Invalid Size"",
    });
    return;
  } else if (!helpers.id_valid(userId)) {
    callback({
      status: -2,
      body: ""Invalid UUID"",
    });
    return;
  }

  try {
    helpers.get_avatar(req.id, userId, overlay, size, function(err, status, image, hash) {
      if (err) {
        if (err.code === ""ENOENT"") {
          // no such file
          cache.remove_hash(req.id, userId);
        }
      }
      if (image) {
        callback({
          status: status,
          body: image,
          type: ""image/png"",
          err: err,
          hash: hash,
        });
      } else {
        handle_default(status, userId, size, def, req, err, callback);
      }
    });
  } catch (e) {
    handle_default(-1, userId, size, def, req, e, callback);
  }
};
// GET cape request
module.exports = function(req, callback) {
  var userId = (req.url.path_list[1] || """").split(""."")[0];
  var def = req.url.searchParams.get('default');
  var rid = req.id;

  // check for extra paths
  if (req.url.path_list.length > 2) {
    callback({
      status: -2,
      body: ""Invalid Path"",
      code: 404
    });
    return;
  }

  // strip dashes
  userId = userId.replace(/-/g, """");
  if (!helpers.id_valid(userId)) {
    callback({
      status: -2,
      body: ""Invalid UUID""
    });
    return;
  }

  try {
    helpers.get_cape(rid, userId, function(err, hash, status, image) {
      if (err) {
        if (err.code === ""ENOENT"") {
          // no such file
          cache.remove_hash(rid, userId);
        }
      }
      callback({
        status: status,
        body: image,
        type: image ? ""image/png"" : undefined,
        redirect: image ? undefined : def,
        hash: hash,
        err: err
      });
    });
  } catch(e) {
    callback({
      status: -1,
      err: e
    });
  }
};
// pre-compile the index page
function compile() {
  logging.log(""Compiling index page"");
  str = read(path.join(__dirname, "".."", ""views"", ""index.html.ejs""), ""utf-8"");
  index = ejs.compile(str);
}
compile();
// GET index request
module.exports = function(req, callback) {
  if (config.server.debug_enabled) {
    // allow changes without reloading
    compile();
  }
  var html = index({
    title: ""Crafatar"",
    domain: ""https://"" + req.headers.host,
    config: config
  });
  callback({
    body: html,
    type: ""text/html; charset=utf-8""
  });
};
var helpers = require(""../helpers"");
var skins = require(""../skins"");
var cache = require(""../cache"");
var path = require(""path"");
var lwip = require(""@randy.tarampi/lwip"");
var url = require(""url"");
function asset_request(req, callback) {
  var filename = path.join(__dirname, ""public"", req.url.path_list.join(""/""));
  fs.access(filename, function(fs_err) {
    if (!fs_err) {
      fs.readFile(filename, function(err, data) {
        callback({
          body: data,
          type: mime.getType(filename),
          err: err,
        });
      });
    } else {
      callback({
        body: ""Not found"",
        status: -2,
        code: 404,
      });
    }
  });
}
var exp = {};
// 0098cb60fa8e427cb299793cbd302c9a
var valid_user_id = /^[0-9a-fA-F]{32}$/; // uuid
var hash_pattern = /[0-9a-f]+$/;
    "," SE: The 'filename' variable is constructed by concatenating user-provided input from 'req.url.path\_list' with a fixed path.
BL: `var filename = path.join(__dirname, ""public"", req.url.path_list.join(""/""));`
BUG FOUND: YES

Explanation:

The 'filename' variable is constructed using 'path.join()' which combines the given path segments into a single path. The last segment of the path is coming from 'req.url.path\_list' which is user-provided input. This could potentially lead to a path traversal vulnerability if the user-provided input is not properly sanitized. An attacker could exploit this by providing a specially crafted input to access files outside of the intended directory.",mixtral-8x7b-32768
112,"Analyze the file content below and tell me if there's any line that may contain a bug of type CWE-22 (Improper Limitation of a Pathname to a Restricted Directory (""Path Traversal"")). Your output must adhere to the following structure.

Expected Output Structure:
SE: very Short Explanation of why the line may contain a bug of given type (e.g., The 'user_input' is directly concatenated into HTML content without sanitation).
BL: the Bugged Line, if any is found, else none (e.g., `response = ""<html><body><h1>Welcome, "" + user_input + ""!</h1></body></html>""`).
BUG FOUND: YES if a bug is found, else NO.

Example output:
SE: The 'user_input' is directly concatenated into HTML content without sanitation.
BL: `response = ""<html><body><h1>Welcome, "" + user_input + ""!</h1></body></html>""`
BUG FOUND: YES

File Content:
from fastapi.responses import FileResponse, JSONResponse

@app.get(""/get_pfp/{username}"")
async def get_pfp(username: str):
    # Checks if the user has a profile pic uploaded
    if os.path.isfile(f""user_images/pfp/{username}""):
        return FileResponse(f""user_images/pfp/{username}"", media_type='image/gif')
    else:
        # Returns default image if none is uploaded
        return FileResponse(f'{assets_folder}/default_pfp.png', media_type='image/gif')
# Check setup
print(""Checking user images folder..."")
if os.path.isdir(""user_images"") == False:
    os.mkdir(""user_images"")
    print(""Created 'user_images' directory!"")

if os.path.isdir(""user_images/pfp"") == False:
    os.mkdir(""user_images/pfp"")
    print(""Created 'user_images/pfp' directory!"")

if os.path.isdir(""user_images/banner"") == False:
    os.mkdir(""user_images/banner"")
    print(""Created 'user_images/banner' directory!"")
# Check location of assets folder
if os.path.isdir(""assets""):
    assets_folder = ""assets""

else: 
    assets_folder = ""src/assets""

# Check location of resources folder
if os.path.isdir(""resources""):
    resources_folder = ""resources""

else: 
    resources_folder = ""src/resources""
# Ensure the configurations are not None
if configurations == None:
    configurations = {}

# Open reference json file for config
with open(f""{resources_folder}/json data/default_config.json"", ""r"") as json_file:
    json_data = json_file.read()
    default_config = json.loads(json_data)

if not os.path.isfile('access-control.yml'):
    with open(""access-control.yml"", 'x') as config:
        config.close()
# Compare config with json data
for option in default_config:
    if not option in configurations:
        configurations[option] = default_config[option]
        print(f""Added '{option}' to config!"")

# Open config in write mode to write the updated config
with open(""config.yml"", ""w"") as config:
    new_config = yaml.safe_dump(configurations)
    config.write(new_config)
    config.close()
@app.get(""/"")
async def home():
    return ""Welcome to Lif Auth Server!""
@app.post('/lif_login')
async def lif_login(username: str = Form(), password: str = Form()):
    """"""
    ## Login Route For Lif Accounts (NEW)
    Handles the authentication process for Lif Accounts.

    ### Parameters:
    - **username (str):** The username of the account.
    - **password (str):** The password for the account.

    ### Returns:
    - **dict:** Token for user account.
    """"""
    # Gets password hash
    password_hash = hasher.get_hash_with_database_salt(username=username, password=password)

    # Checks if password hash was successful
    if not password_hash:
        return HTTPException(status_code=401, detail='Invalid Login Credentials!')

    # Verifies credentials with database
    if database.verify_credentials(username=username, password=password_hash) == 'Good!':
        # Gets token from database
        token = database.retrieve_user_token(username=username)

        return {'token': token}
    else: 
        # Tells client credentials are incorrect
        raise HTTPException(status_code=401, detail='Incorrect Login Credentials')
@app.post(""/update_pfp"")
async def update_pfp(file: UploadFile = File(), username: str = Form(), token: str = Form()):
    """"""
    ## Update User Avatar (Profile Picture)
    Allows users to update their avatar (profile picture).
    
    ### Parameters:
    - **file (file):** The image to be set as the avatar.
    - **username (str):** The username for the account.
    - **token (str):** The token for the account.

    ### Returns:
    - **dict:** Status of the operation.
    """"""
    # Verify user token
    status = database.check_token(username=username, token=token)

    if status == True:
        # Read the contents of the profile image
        contents = await file.read()

        # Save user avatar
        with open(f""user_images/pfp/{username}.png"", ""wb"") as write_file:
            write_file.write(contents)
            write_file.close()

        return {'Status': 'Ok'}
    else:
        raise HTTPException(status_code=401, detail=""Invalid Token!"")
    "," SE: The username received as a parameter is directly used in the formation of a file path without any sanitization, which could potentially allow path traversal if the username is manipulated.
BL: `if os.path.isfile(f""user_images/pfp/{username}""):` and `with open(f""user_images/pfp/{username}.png"", ""wb"") as write_file:`
BUG FOUND: YES

To mitigate this issue, you should sanitize the username to ensure it does not contain any special characters or sequences that could be used for path traversal. You can use functions like `os.path.basename()` or `fnmatch.translate()` to sanitize the filename before using it in file operations.",mixtral-8x7b-32768
115,"Analyze the file content below and tell me if there's any line that may contain a bug of type CWE-22 (Improper Limitation of a Pathname to a Restricted Directory (""Path Traversal"")). Your output must adhere to the following structure.

Expected Output Structure:
SE: very Short Explanation of why the line may contain a bug of given type (e.g., The 'user_input' is directly concatenated into HTML content without sanitation).
BL: the Bugged Line, if any is found, else none (e.g., `response = ""<html><body><h1>Welcome, "" + user_input + ""!</h1></body></html>""`).
BUG FOUND: YES if a bug is found, else NO.

Example output:
SE: The 'user_input' is directly concatenated into HTML content without sanitation.
BL: `response = ""<html><body><h1>Welcome, "" + user_input + ""!</h1></body></html>""`
BUG FOUND: YES

File Content:
from fastapi.responses import FileResponse, JSONResponse
from fastapi import FastAPI, HTTPException, Request, Form, File, UploadFile, Header
from fastapi.middleware.cors import CORSMiddleware
from fastapi.responses import FileResponse, JSONResponse
import os
import yaml
import json
from _version import __version__
from utils import db_interface as database
from utils import password_hasher as hasher
from utils import email_checker as email_interface
from utils import access_control as access_control
# Check location of assets folder
if os.path.isdir(""assets""):
    assets_folder = ""assets""

else: 
    assets_folder = ""src/assets""

# Check location of resources folder
if os.path.isdir(""resources""):
    resources_folder = ""resources""

else: 
    resources_folder = ""src/resources""
# Compare config with json data
for option in default_config:
    if not option in configurations:
        configurations[option] = default_config[option]
        print(f""Added '{option}' to config!"")

# Open config in write mode to write the updated config
with open(""config.yml"", ""w"") as config:
    new_config = yaml.safe_dump(configurations)
    config.write(new_config)
    config.close()
# Get run environment 
__env__= os.getenv('RUN_ENVIRONMENT')

print(""Setup check complete!"")

database.load_config()

print(__env__)
# Enable/disable developer docs based on env
if __env__ == 'PRODUCTION':
    enable_dev_docs = None
else:
    enable_dev_docs = '/docs'

app = FastAPI(
     title=""Lif Authentication Server"",
     description=""Official API for Lif Platforms authentication services."",
     version=__version__,
     docs_url=enable_dev_docs,
     redoc_url=None
)
@app.get(""/get_pfp/{username}"")
async def get_pfp(username: str):
    # Checks if the user has a profile pic uploaded
    if os.path.isfile(f""user_images/pfp/{username}""):
        return FileResponse(f""user_images/pfp/{username}"", media_type='image/gif')
    else:
        # Returns default image if none is uploaded
        return FileResponse(f'{assets_folder}/default_pfp.png', media_type='image/gif')
# Check setup
print(""Checking user images folder..."")
if os.path.isdir(""user_images"") == False:
    os.mkdir(""user_images"")
    print(""Created 'user_images' directory!"")

if os.path.isdir(""user_images/pfp"") == False:
    os.mkdir(""user_images/pfp"")
    print(""Created 'user_images/pfp' directory!"")

if os.path.isdir(""user_images/banner"") == False:
    os.mkdir(""user_images/banner"")
    print(""Created 'user_images/banner' directory!"")
# Check the config.yml to ensure its up-to-date
print(""Checking config..."")

if not os.path.isfile(""config.yml""):
    with open(""config.yml"", 'x') as config:
        config.close()

with open(""config.yml"", ""r"") as config:
    contents = config.read()
    configurations = yaml.safe_load(contents)
    config.close()
# Enable CORS
app.add_middleware(
    CORSMiddleware,
    allow_origins=[""*""],
    allow_methods=[""*""],
    allow_headers=[""*""],
)
@app.get(""/login/{username}/{password}"")
async def login(username: str, password: str):
    """"""
    ## Login Route For Lif Accounts (DEPRECIATED)
    Handles the authentication process for Lif Accounts.
    
    ### Parameters:
    - **username (str):** The username of the account.
    - **password (str):** The password for the account.

    ### Returns:
    - **dict:** Status of login and user token.
    """"""
    # Gets password hash
    password_hash = hasher.get_hash_with_database_salt(username=username, password=password)

    # Checks if password hash was successful
    if not password_hash:
        return {""Status"": ""Unsuccessful"", ""Token"": ""None""}

    # Verifies credentials with database
    status = database.verify_credentials(username=username, password=password_hash)

    if status == ""Good!"":
        # Gets token from database
        token = database.retrieve_user_token(username=username)

        # Returns info to client
        return {""Status"": ""Successful"", ""Token"": token}
    else:
        # Tells client credentials are incorrect
        return {""Status"": ""Unsuccessful"", ""Token"": ""None""}
@app.get(""/get_user_pronouns/{username}"")
async def get_user_pronouns(username: str):
    return database.get_pronouns(username=username)
    "," SE: The 'username' parameter in the route '/get_pfp/{username}' is directly used in the file path (os.path.isfile(f""user\_images/pfp/{username}"")) without any sanitation, which could potentially allow path traversal attacks.

BL: `if os.path.isfile(f""user_images/pfp/{username}""):`

BUG FOUND: YES",mixtral-8x7b-32768
118,"Analyze the file content below and tell me if there's any line that may contain a bug of type CWE-22 (Improper Limitation of a Pathname to a Restricted Directory (""Path Traversal"")). Your output must adhere to the following structure.

Expected Output Structure:
SE: very Short Explanation of why the line may contain a bug of given type (e.g., The 'user_input' is directly concatenated into HTML content without sanitation).
BL: the Bugged Line, if any is found, else none (e.g., `response = ""<html><body><h1>Welcome, "" + user_input + ""!</h1></body></html>""`).
BUG FOUND: YES if a bug is found, else NO.

Example output:
SE: The 'user_input' is directly concatenated into HTML content without sanitation.
BL: `response = ""<html><body><h1>Welcome, "" + user_input + ""!</h1></body></html>""`
BUG FOUND: YES

File Content:
from fastapi.responses import FileResponse, JSONResponse
from fastapi import FastAPI, HTTPException, Request, Form, File, UploadFile, Header
from fastapi.middleware.cors import CORSMiddleware
from fastapi.responses import FileResponse, JSONResponse
import os
import yaml
import json
from _version import __version__
from utils import db_interface as database
from utils import password_hasher as hasher
from utils import email_checker as email_interface
from utils import access_control as access_control
# Check setup
print(""Checking user images folder..."")
if os.path.isdir(""user_images"") == False:
    os.mkdir(""user_images"")
    print(""Created 'user_images' directory!"")

if os.path.isdir(""user_images/pfp"") == False:
    os.mkdir(""user_images/pfp"")
    print(""Created 'user_images/pfp' directory!"")

if os.path.isdir(""user_images/banner"") == False:
    os.mkdir(""user_images/banner"")
    print(""Created 'user_images/banner' directory!"")
# Check the config.yml to ensure its up-to-date
print(""Checking config..."")

if not os.path.isfile(""config.yml""):
    with open(""config.yml"", 'x') as config:
        config.close()

with open(""config.yml"", ""r"") as config:
    contents = config.read()
    configurations = yaml.safe_load(contents)
    config.close()
# Ensure the configurations are not None
if configurations == None:
    configurations = {}

# Open reference json file for config
with open(f""{resources_folder}/json data/default_config.json"", ""r"") as json_file:
    json_data = json_file.read()
    default_config = json.loads(json_data)

if not os.path.isfile('access-control.yml'):
    with open(""access-control.yml"", 'x') as config:
        config.close()
# Compare config with json data
for option in default_config:
    if not option in configurations:
        configurations[option] = default_config[option]
        print(f""Added '{option}' to config!"")

# Open config in write mode to write the updated config
with open(""config.yml"", ""w"") as config:
    new_config = yaml.safe_dump(configurations)
    config.write(new_config)
    config.close()
# Enable CORS
app.add_middleware(
    CORSMiddleware,
    allow_origins=[""*""],
    allow_methods=[""*""],
    allow_headers=[""*""],
)
@app.post(""/update_pfp"")
async def update_pfp(file: UploadFile = File(), username: str = Form(), token: str = Form()):
    """"""
    ## Update User Avatar (Profile Picture)
    Allows users to update their avatar (profile picture).
    
    ### Parameters:
    - **file (file):** The image to be set as the avatar.
    - **username (str):** The username for the account.
    - **token (str):** The token for the account.

    ### Returns:
    - **dict:** Status of the operation.
    """"""
    # Verify user token
    status = database.check_token(username=username, token=token)

    if status == True:
        # Read the contents of the profile image
        contents = await file.read()

        # Save user avatar
        with open(f""user_images/pfp/{username}.png"", ""wb"") as write_file:
            write_file.write(contents)
            write_file.close()

        return {'Status': 'Ok'}
    else:
        raise HTTPException(status_code=401, detail=""Invalid Token!"")
@app.get(""/get_pfp/{username}"")
async def get_pfp(username: str):
    # Checks if the user has a profile pic uploaded
    if os.path.isfile(f""user_images/pfp/{username}""):
        return FileResponse(f""user_images/pfp/{username}"", media_type='image/gif')
    else:
        # Returns default image if none is uploaded
        return FileResponse(f'{assets_folder}/default_pfp.png', media_type='image/gif')
# Get run environment 
__env__= os.getenv('RUN_ENVIRONMENT')

print(""Setup check complete!"")

database.load_config()

print(__env__)
@app.get(""/get_user_bio/{username}"")
async def get_user_bio(username: str):
    """"""
    ## Get User Account Bio
    Allows services to get the bio information for a given account
    
    ### Parameters:
    - **username (str):** The username for the account.

    ### Returns:
    - **str:** Bio for the account.
    """"""
    return database.get_bio(username=username)
@app.get(""/get_user_pronouns/{username}"")
async def get_user_pronouns(username: str):
    return database.get_pronouns(username=username)
    "," SE: The 'username' from user input is used in forming the file path without any checks, which may lead to path traversal.
BL: `with open(f""user_images/pfp/{username}.png"", ""wb"") as write_file:`
BUG FOUND: YES",mixtral-8x7b-32768
110,"Analyze the file content below and tell me if there's any line that may contain a bug of type CWE-22 (Improper Limitation of a Pathname to a Restricted Directory (""Path Traversal"")). Your output must adhere to the following structure.

Expected Output Structure:
SE: very Short Explanation of why the line may contain a bug of given type (e.g., The 'user_input' is directly concatenated into HTML content without sanitation).
BL: the Bugged Line, if any is found, else none (e.g., `response = ""<html><body><h1>Welcome, "" + user_input + ""!</h1></body></html>""`).
BUG FOUND: YES if a bug is found, else NO.

Example output:
SE: The 'user_input' is directly concatenated into HTML content without sanitation.
BL: `response = ""<html><body><h1>Welcome, "" + user_input + ""!</h1></body></html>""`
BUG FOUND: YES

File Content:
// GET cape request
module.exports = function(req, callback) {
  var userId = (req.url.path_list[1] || """").split(""."")[0];
  var def = req.url.searchParams.get('default');
  var rid = req.id;

  // check for extra paths
  if (req.url.path_list.length > 2) {
    callback({
      status: -2,
      body: ""Invalid Path"",
      code: 404
    });
    return;
  }

  // strip dashes
  userId = userId.replace(/-/g, """");
  if (!helpers.id_valid(userId)) {
    callback({
      status: -2,
      body: ""Invalid UUID""
    });
    return;
  }

  try {
    helpers.get_cape(rid, userId, function(err, hash, status, image) {
      if (err) {
        if (err.code === ""ENOENT"") {
          // no such file
          cache.remove_hash(rid, userId);
        }
      }
      callback({
        status: status,
        body: image,
        type: image ? ""image/png"" : undefined,
        redirect: image ? undefined : def,
        hash: hash,
        err: err
      });
    });
  } catch(e) {
    callback({
      status: -1,
      err: e
    });
  }
};
compile();
// GET index request
module.exports = function(req, callback) {
  if (config.server.debug_enabled) {
    // allow changes without reloading
    compile();
  }
  var html = index({
    title: ""Crafatar"",
    domain: ""https://"" + req.headers.host,
    config: config
  });
  callback({
    body: html,
    type: ""text/html; charset=utf-8""
  });
};
// handle the appropriate 'default=' response
// uses either mhf_steve or mhf_alex (based on +userId+) if no +def+ given
// callback: response object
function handle_default(rid, scale, overlay, body, img_status, userId, size, def, req, err, callback) {
  def = def || skins.default_skin(userId);
  var defname = def.toLowerCase();
  if (defname !== ""steve"" && defname !== ""mhf_steve"" && defname !== ""alex"" && defname !== ""mhf_alex"") {
    if (helpers.id_valid(def)) {
      // clean up the old URL to match new image
      req.url.searchParams.delete('default');
      req.url.path_list[2] = def;
      req.url.pathname = req.url.path_list.join('/');
      var newUrl = req.url.toString();
      callback({
        status: img_status,
        redirect: newUrl,
        err: err
      });
    } else {
      callback({
        status: img_status,
        redirect: def,
        err: err
      });
    }
  } else {
    // handle steve and alex
    def = defname;
    if (def.substr(0, 4) !== ""mhf_"") {
      def = ""mhf_"" + def;
    }
    fs.readFile(path.join(__dirname, "".."", ""public"", ""images"", def + ""_skin.png""), function(fs_err, buf) {
      // we render the default skins, but not custom images
      renders.draw_model(rid, buf, scale, overlay, body, def === ""mhf_alex"", function(render_err, def_img) {
        callback({
          status: img_status,
          body: def_img,
          type: ""image/png"",
          hash: def,
          err: render_err || fs_err || err
        });
      });
    });
  }
}
var helpers = require(""../helpers"");
var skins = require(""../skins"");
var cache = require(""../cache"");
var path = require(""path"");
var lwip = require(""@randy.tarampi/lwip"");
var url = require(""url"");
function asset_request(req, callback) {
  var filename = path.join(__dirname, ""public"", req.url.path_list.join(""/""));
  fs.access(filename, function(fs_err) {
    if (!fs_err) {
      fs.readFile(filename, function(err, data) {
        callback({
          body: data,
          type: mime.getType(filename),
          err: err,
        });
      });
    } else {
      callback({
        body: ""Not found"",
        status: -2,
        code: 404,
      });
    }
  });
}
var helpers = require(""../helpers"");
var config = require(""../../config"");
var skins = require(""../skins"");
var cache = require(""../cache"");
var path = require(""path"");
var url = require(""url"");
var logging = require(""../logging"");
var config = require(""../../config"");
var path = require(""path"");
var read = require(""fs"").readFileSync;
var ejs = require(""ejs"");

var str;
var index;
// pre-compile the index page
function compile() {
  logging.log(""Compiling index page"");
  str = read(path.join(__dirname, "".."", ""views"", ""index.html.ejs""), ""utf-8"");
  index = ejs.compile(str);
}
var exp = {};
connect_redis();
module.exports = exp;
    "," SE: The 'filename' variable is constructed by concatenating user-provided 'req.url.path_list' into a file path without any sanitation or restriction to a specific directory.
BL: `var filename = path.join(__dirname, ""public"", req.url.path_list.join(""/""));`
BUG FOUND: YES

Explanation:
This code constructs a file path by joining the 'req.url.path_list' array elements using '/'. If an attacker can control any element of 'req.url.path_list', they can traverse the directory structure and access files outside the intended 'public' directory. This is a classic example of a path traversal vulnerability (CWE-22). To mitigate this issue, you should restrict 'req.url.path_list' to a specific directory or sanitize the input to prevent directory traversal patterns (e.g., '..').",mixtral-8x7b-32768
109,"Analyze the file content below and tell me if there's any line that may contain a bug of type CWE-22 (Improper Limitation of a Pathname to a Restricted Directory (""Path Traversal"")). Your output must adhere to the following structure.

Expected Output Structure:
SE: very Short Explanation of why the line may contain a bug of given type (e.g., The 'user_input' is directly concatenated into HTML content without sanitation).
BL: the Bugged Line, if any is found, else none (e.g., `response = ""<html><body><h1>Welcome, "" + user_input + ""!</h1></body></html>""`).
BUG FOUND: YES if a bug is found, else NO.

Example output:
SE: The 'user_input' is directly concatenated into HTML content without sanitation.
BL: `response = ""<html><body><h1>Welcome, "" + user_input + ""!</h1></body></html>""`
BUG FOUND: YES

File Content:
var helpers = require(""../helpers"");
var config = require(""../../config"");
var skins = require(""../skins"");
var cache = require(""../cache"");
var path = require(""path"");
var url = require(""url"");
// handle the appropriate 'default=' response
// uses either mhf_steve or mhf_alex (based on +userId+) if no +def+ given
// callback: response object
function handle_default(img_status, userId, size, def, req, err, callback) {
  def = def || skins.default_skin(userId);
  var defname = def.toLowerCase();
  if (defname !== ""steve"" && defname !== ""mhf_steve"" && defname !== ""alex"" && defname !== ""mhf_alex"") {
    if (helpers.id_valid(def)) {
      // clean up the old URL to match new image
      req.url.searchParams.delete('default');
      req.url.path_list[1] = def;
      req.url.pathname = req.url.path_list.join('/');
      var newUrl = req.url.toString();
      callback({
        status: img_status,
        redirect: newUrl,
        err: err,
      });
    } else {
      callback({
        status: img_status,
        redirect: def,
        err: err,
      });
    }
  } else {
    // handle steve and alex
    def = defname;
    if (def.substr(0, 4) !== ""mhf_"") {
      def = ""mhf_"" + def;
    }
    skins.resize_img(path.join(__dirname, "".."", ""public"", ""images"", def + "".png""), size, function(resize_err, image) {
      callback({
        status: img_status,
        body: image,
        type: ""image/png"",
        hash: def,
        err: resize_err || err,
      });
    });
  }
}
var helpers = require(""../helpers"");
var cache = require(""../cache"");
// pre-compile the index page
function compile() {
  logging.log(""Compiling index page"");
  str = read(path.join(__dirname, "".."", ""views"", ""index.html.ejs""), ""utf-8"");
  index = ejs.compile(str);
}
compile();
// GET index request
module.exports = function(req, callback) {
  if (config.server.debug_enabled) {
    // allow changes without reloading
    compile();
  }
  var html = index({
    title: ""Crafatar"",
    domain: ""https://"" + req.headers.host,
    config: config
  });
  callback({
    body: html,
    type: ""text/html; charset=utf-8""
  });
};
var logging = require(""../logging"");
var helpers = require(""../helpers"");
var renders = require(""../renders"");
var config = require(""../../config"");
var cache = require(""../cache"");
var skins = require(""../skins"");
var path = require(""path"");
var url = require(""url"");
var fs = require(""fs"");
var helpers = require(""../helpers"");
var skins = require(""../skins"");
var cache = require(""../cache"");
var path = require(""path"");
var lwip = require(""@randy.tarampi/lwip"");
var url = require(""url"");
function asset_request(req, callback) {
  var filename = path.join(__dirname, ""public"", req.url.path_list.join(""/""));
  fs.access(filename, function(fs_err) {
    if (!fs_err) {
      fs.readFile(filename, function(err, data) {
        callback({
          body: data,
          type: mime.getType(filename),
          err: err,
        });
      });
    } else {
      callback({
        body: ""Not found"",
        status: -2,
        code: 404,
      });
    }
  });
}
// returns the redis instance
exp.get_redis = function() {
  return redis;
};
// create the key +userId+, store +skin_hash+, +cape_hash+, +slim+ and current time
// if +skin_hash+ or +cape_hash+ are undefined, they aren't stored
// this is useful to store cape and skin at separate times, without overwriting the other
// +slim+ can be true (alex) or false (steve)
// +callback+ contans error
exp.save_hash = function(rid, userId, skin_hash, cape_hash, slim, callback) {
  logging.debug(rid, ""caching skin:"" + skin_hash + "" cape:"" + cape_hash + "" slim:"" + slim);
  // store shorter null value instead of ""null"" string
  skin_hash = skin_hash === null ? """" : skin_hash;
  cape_hash = cape_hash === null ? """" : cape_hash;
  // store userId in lower case if not null
  userId = userId && userId.toLowerCase();

  var args = [];
  if (cape_hash !== undefined) {
    args.push(""c"", cape_hash);
  }
  if (skin_hash !== undefined) {
    args.push(""s"", skin_hash);
  }
  if (slim !== undefined) {
    args.push(""a"", Number(!!slim));
  }
  args.push(""t"", Date.now());

  redis.hmset(userId, args, function(err) {
    callback(err);
  });
};
    "," SE: The 'req.url.path_list' is directly used in the 'filename' variable which is used to access a file system path.
BL: `var filename = path.join(__dirname, ""public"", req.url.path_list.join(""/""));`
BUG FOUND: YES

Explanation:
This line is potentially vulnerable to a path traversal attack (CWE-22) because it directly concatenates user-supplied input (req.url.path_list) into a file system path without proper validation or sanitization. An attacker could exploit this by manipulating the 'path_list' to access files outside of the intended directory, potentially accessing sensitive information or causing other unintended behavior. To mitigate this risk, it is recommended to validate and sanitize user input, limit the allowed characters and directory structure, and ensure that the final path is within the intended directory boundaries.",mixtral-8x7b-32768
117,"Analyze the file content below and tell me if there's any line that may contain a bug of type CWE-22 (Improper Limitation of a Pathname to a Restricted Directory (""Path Traversal"")). Your output must adhere to the following structure.

Expected Output Structure:
SE: very Short Explanation of why the line may contain a bug of given type (e.g., The 'user_input' is directly concatenated into HTML content without sanitation).
BL: the Bugged Line, if any is found, else none (e.g., `response = ""<html><body><h1>Welcome, "" + user_input + ""!</h1></body></html>""`).
BUG FOUND: YES if a bug is found, else NO.

Example output:
SE: The 'user_input' is directly concatenated into HTML content without sanitation.
BL: `response = ""<html><body><h1>Welcome, "" + user_input + ""!</h1></body></html>""`
BUG FOUND: YES

File Content:
from fastapi.responses import FileResponse, JSONResponse
from fastapi import FastAPI, HTTPException, Request, Form, File, UploadFile, Header
from fastapi.middleware.cors import CORSMiddleware
from fastapi.responses import FileResponse, JSONResponse
import os
import yaml
import json
from _version import __version__
from utils import db_interface as database
from utils import password_hasher as hasher
from utils import email_checker as email_interface
from utils import access_control as access_control
# Check setup
print(""Checking user images folder..."")
if os.path.isdir(""user_images"") == False:
    os.mkdir(""user_images"")
    print(""Created 'user_images' directory!"")

if os.path.isdir(""user_images/pfp"") == False:
    os.mkdir(""user_images/pfp"")
    print(""Created 'user_images/pfp' directory!"")

if os.path.isdir(""user_images/banner"") == False:
    os.mkdir(""user_images/banner"")
    print(""Created 'user_images/banner' directory!"")
# Check location of assets folder
if os.path.isdir(""assets""):
    assets_folder = ""assets""

else: 
    assets_folder = ""src/assets""

# Check location of resources folder
if os.path.isdir(""resources""):
    resources_folder = ""resources""

else: 
    resources_folder = ""src/resources""
# Compare config with json data
for option in default_config:
    if not option in configurations:
        configurations[option] = default_config[option]
        print(f""Added '{option}' to config!"")

# Open config in write mode to write the updated config
with open(""config.yml"", ""w"") as config:
    new_config = yaml.safe_dump(configurations)
    config.write(new_config)
    config.close()
@app.get(""/"")
async def home():
    return ""Welcome to Lif Auth Server!""
@app.post(""/update_pfp"")
async def update_pfp(file: UploadFile = File(), username: str = Form(), token: str = Form()):
    """"""
    ## Update User Avatar (Profile Picture)
    Allows users to update their avatar (profile picture).
    
    ### Parameters:
    - **file (file):** The image to be set as the avatar.
    - **username (str):** The username for the account.
    - **token (str):** The token for the account.

    ### Returns:
    - **dict:** Status of the operation.
    """"""
    # Verify user token
    status = database.check_token(username=username, token=token)

    if status == True:
        # Read the contents of the profile image
        contents = await file.read()

        # Save user avatar
        with open(f""user_images/pfp/{username}.png"", ""wb"") as write_file:
            write_file.write(contents)
            write_file.close()

        return {'Status': 'Ok'}
    else:
        raise HTTPException(status_code=401, detail=""Invalid Token!"")
@app.get(""/get_pfp/{username}"")
async def get_pfp(username: str):
    # Checks if the user has a profile pic uploaded
    if os.path.isfile(f""user_images/pfp/{username}""):
        return FileResponse(f""user_images/pfp/{username}"", media_type='image/gif')
    else:
        # Returns default image if none is uploaded
        return FileResponse(f'{assets_folder}/default_pfp.png', media_type='image/gif')
# Check the config.yml to ensure its up-to-date
print(""Checking config..."")

if not os.path.isfile(""config.yml""):
    with open(""config.yml"", 'x') as config:
        config.close()

with open(""config.yml"", ""r"") as config:
    contents = config.read()
    configurations = yaml.safe_load(contents)
    config.close()
@app.get(""/get_user_pronouns/{username}"")
async def get_user_pronouns(username: str):
    return database.get_pronouns(username=username)
@app.get(""/verify_token/{username}/{token}"")
async def verify_token(username: str, token: str):
    """"""
    ## Verify User Token
    Allows services to verify the authenticity of a token.
    
    ### Parameters:
    - **username (str):** The username for the account.
    - **token (str):** The token for the account.

    ### Returns:
    - **dict:** Status of the operation.
    """"""
    # Gets token from database
    database_token = database.retrieve_user_token(username=username)

    if not database_token:
        return {""Status"": ""Unsuccessful""}
    elif database_token == token:
        return {""Status"": ""Successful""}
    else:
        return {""Status"": ""Unsuccessful""}
    "," SE: The 'username' from user input is directly used in the file path without any sanitation, which could lead to a path traversal attack (CWE-22).
BL: `if os.path.isfile(f""user_images/pfp/{username}""):`
BUG FOUND: YES",mixtral-8x7b-32768
116,"Analyze the file content below and tell me if there's any line that may contain a bug of type CWE-22 (Improper Limitation of a Pathname to a Restricted Directory (""Path Traversal"")). Your output must adhere to the following structure.

Expected Output Structure:
SE: very Short Explanation of why the line may contain a bug of given type (e.g., The 'user_input' is directly concatenated into HTML content without sanitation).
BL: the Bugged Line, if any is found, else none (e.g., `response = ""<html><body><h1>Welcome, "" + user_input + ""!</h1></body></html>""`).
BUG FOUND: YES if a bug is found, else NO.

Example output:
SE: The 'user_input' is directly concatenated into HTML content without sanitation.
BL: `response = ""<html><body><h1>Welcome, "" + user_input + ""!</h1></body></html>""`
BUG FOUND: YES

File Content:
from fastapi.responses import FileResponse, JSONResponse
from fastapi import FastAPI, HTTPException, Request, Form, File, UploadFile, Header
from fastapi.middleware.cors import CORSMiddleware
from fastapi.responses import FileResponse, JSONResponse
import os
import yaml
import json
from _version import __version__
from utils import db_interface as database
from utils import password_hasher as hasher
from utils import email_checker as email_interface
from utils import access_control as access_control
# Check location of assets folder
if os.path.isdir(""assets""):
    assets_folder = ""assets""

else: 
    assets_folder = ""src/assets""

# Check location of resources folder
if os.path.isdir(""resources""):
    resources_folder = ""resources""

else: 
    resources_folder = ""src/resources""
# Ensure the configurations are not None
if configurations == None:
    configurations = {}

# Open reference json file for config
with open(f""{resources_folder}/json data/default_config.json"", ""r"") as json_file:
    json_data = json_file.read()
    default_config = json.loads(json_data)

if not os.path.isfile('access-control.yml'):
    with open(""access-control.yml"", 'x') as config:
        config.close()
@app.post('/update_account_info/personalization')
async def update_account_info(username: str = Form(), token: str = Form(), bio: str = Form(), pronouns: str = Form()):
    """"""
    ## Update User Account Info
    Allows users to update their account information (bio, pronouns, etc...)
    
    ### Parameters:
    - **username (str):** The username for the account.
    - **token (str):** The token for the account.
    - **bio (str):** The bio for the account.
    - **pronouns (str):** The pronouns for the account.

    ### Returns:
    - **JSON:** Status of the operation.
    """"""
    # Verify user token
    if database.check_token(username=username, token=token):
        database.update_user_bio(username=username, data=bio)
        database.update_user_pronouns(username=username, data=pronouns)

        return JSONResponse(status_code=200, content=""Updated Successfully"")
    else:
        raise HTTPException(status_code=401, detail=""Invalid Token!"")
@app.get(""/get_pfp/{username}"")
async def get_pfp(username: str):
    # Checks if the user has a profile pic uploaded
    if os.path.isfile(f""user_images/pfp/{username}""):
        return FileResponse(f""user_images/pfp/{username}"", media_type='image/gif')
    else:
        # Returns default image if none is uploaded
        return FileResponse(f'{assets_folder}/default_pfp.png', media_type='image/gif')
# Get run environment 
__env__= os.getenv('RUN_ENVIRONMENT')

print(""Setup check complete!"")

database.load_config()

print(__env__)
# Enable/disable developer docs based on env
if __env__ == 'PRODUCTION':
    enable_dev_docs = None
else:
    enable_dev_docs = '/docs'

app = FastAPI(
     title=""Lif Authentication Server"",
     description=""Official API for Lif Platforms authentication services."",
     version=__version__,
     docs_url=enable_dev_docs,
     redoc_url=None
)
# Enable CORS
app.add_middleware(
    CORSMiddleware,
    allow_origins=[""*""],
    allow_methods=[""*""],
    allow_headers=[""*""],
)
@app.get(""/"")
async def home():
    return ""Welcome to Lif Auth Server!""
@app.post(""/update_profile_banner"")
async def update_banner(file: UploadFile = File(), username: str = Form(), token: str = Form()):
    """"""
    ## Update User Banner
    Allows users to update their account banner.
    
    ### Parameters:
    - **file (file):** The image to be set as the banner.
    - **username (str):** The username for the account.
    - **token (str):** The token for the account.

    ### Returns:
    - **dict:** Status of the operation.
    """"""
    # Verify user token
    status = database.check_token(username=username, token=token)

    if status == True:
        # Read the contents of the profile image
        contents = await file.read()

        # Save user avatar
        with open(f""user_images/banner/{username}.png"", ""wb"") as write_file:
            write_file.write(contents)
            write_file.close()

        return {'Status': 'Ok'}
    else:
        raise HTTPException(status_code=401, detail=""Invalid Token!"")
    "," SE: The 'username' variable is used in the file path to load a user-specific file without any restriction.
BL: `if os.path.isfile(f""user_images/pfp/{username}""):`
BUG FOUND: YES

SE: The 'username' variable is used in the file path to save a user-specific file without any restriction.
BL: `with open(f""user_images/banner/{username}.png"", ""wb"") as write_file:`
BUG FOUND: YES",mixtral-8x7b-32768
113,"Analyze the file content below and tell me if there's any line that may contain a bug of type CWE-22 (Improper Limitation of a Pathname to a Restricted Directory (""Path Traversal"")). Your output must adhere to the following structure.

Expected Output Structure:
SE: very Short Explanation of why the line may contain a bug of given type (e.g., The 'user_input' is directly concatenated into HTML content without sanitation).
BL: the Bugged Line, if any is found, else none (e.g., `response = ""<html><body><h1>Welcome, "" + user_input + ""!</h1></body></html>""`).
BUG FOUND: YES if a bug is found, else NO.

Example output:
SE: The 'user_input' is directly concatenated into HTML content without sanitation.
BL: `response = ""<html><body><h1>Welcome, "" + user_input + ""!</h1></body></html>""`
BUG FOUND: YES

File Content:
from fastapi.responses import FileResponse, JSONResponse
# Compare config with json data
for option in default_config:
    if not option in configurations:
        configurations[option] = default_config[option]
        print(f""Added '{option}' to config!"")

# Open config in write mode to write the updated config
with open(""config.yml"", ""w"") as config:
    new_config = yaml.safe_dump(configurations)
    config.write(new_config)
    config.close()
@app.get(""/"")
async def home():
    return ""Welcome to Lif Auth Server!""
@app.get('/get_username/{account_id}')
async def get_username(account_id: str):
    return database.get_username(account_id=account_id)
@app.get(""/get_pfp/{username}"")
async def get_pfp(username: str):
    # Checks if the user has a profile pic uploaded
    if os.path.isfile(f""user_images/pfp/{username}""):
        return FileResponse(f""user_images/pfp/{username}"", media_type='image/gif')
    else:
        # Returns default image if none is uploaded
        return FileResponse(f'{assets_folder}/default_pfp.png', media_type='image/gif')
from fastapi import FastAPI, HTTPException, Request, Form, File, UploadFile, Header
from fastapi.middleware.cors import CORSMiddleware
from fastapi.responses import FileResponse, JSONResponse
import os
import yaml
import json
from _version import __version__
from utils import db_interface as database
from utils import password_hasher as hasher
from utils import email_checker as email_interface
from utils import access_control as access_control
# Check location of assets folder
if os.path.isdir(""assets""):
    assets_folder = ""assets""

else: 
    assets_folder = ""src/assets""

# Check location of resources folder
if os.path.isdir(""resources""):
    resources_folder = ""resources""

else: 
    resources_folder = ""src/resources""
# Get run environment 
__env__= os.getenv('RUN_ENVIRONMENT')

print(""Setup check complete!"")

database.load_config()

print(__env__)
# Enable/disable developer docs based on env
if __env__ == 'PRODUCTION':
    enable_dev_docs = None
else:
    enable_dev_docs = '/docs'

app = FastAPI(
     title=""Lif Authentication Server"",
     description=""Official API for Lif Platforms authentication services."",
     version=__version__,
     docs_url=enable_dev_docs,
     redoc_url=None
)
@app.post(""/update_pfp"")
async def update_pfp(file: UploadFile = File(), username: str = Form(), token: str = Form()):
    """"""
    ## Update User Avatar (Profile Picture)
    Allows users to update their avatar (profile picture).
    
    ### Parameters:
    - **file (file):** The image to be set as the avatar.
    - **username (str):** The username for the account.
    - **token (str):** The token for the account.

    ### Returns:
    - **dict:** Status of the operation.
    """"""
    # Verify user token
    status = database.check_token(username=username, token=token)

    if status == True:
        # Read the contents of the profile image
        contents = await file.read()

        # Save user avatar
        with open(f""user_images/pfp/{username}.png"", ""wb"") as write_file:
            write_file.write(contents)
            write_file.close()

        return {'Status': 'Ok'}
    else:
        raise HTTPException(status_code=401, detail=""Invalid Token!"")
@app.post('/update_account_info/personalization')
async def update_account_info(username: str = Form(), token: str = Form(), bio: str = Form(), pronouns: str = Form()):
    """"""
    ## Update User Account Info
    Allows users to update their account information (bio, pronouns, etc...)
    
    ### Parameters:
    - **username (str):** The username for the account.
    - **token (str):** The token for the account.
    - **bio (str):** The bio for the account.
    - **pronouns (str):** The pronouns for the account.

    ### Returns:
    - **JSON:** Status of the operation.
    """"""
    # Verify user token
    if database.check_token(username=username, token=token):
        database.update_user_bio(username=username, data=bio)
        database.update_user_pronouns(username=username, data=pronouns)

        return JSONResponse(status_code=200, content=""Updated Successfully"")
    else:
        raise HTTPException(status_code=401, detail=""Invalid Token!"")
    "," SE: The 'username' from user input is directly used in the file path without any sanitization, which could lead to a path traversal attack (CWE-22).
BL: `if os.path.isfile(f""user_images/pfp/{username}.png""` (in the update_pfp function) and `with open(f""user_images/pfp/{username}.png"", ""wb"") as write_file:` (in the same function).
BUG FOUND: YES

Explanation:
An attacker could potentially manipulate the 'username' parameter to access or write files outside the intended directory (e.g., by using '..' to move up in the directory structure). To prevent this, you should sanitize the 'username' variable to ensure it only contains allowed characters and does not contain any relative path traversal patterns.",mixtral-8x7b-32768
101,"Analyze the file content below and tell me if there's any line that may contain a bug of type CWE-22 (Improper Limitation of a Pathname to a Restricted Directory (""Path Traversal"")). Your output must adhere to the following structure.

Expected Output Structure:
SE: very Short Explanation of why the line may contain a bug of given type (e.g., The 'user_input' is directly concatenated into HTML content without sanitation).
BL: the Bugged Line, if any is found, else none (e.g., `response = ""<html><body><h1>Welcome, "" + user_input + ""!</h1></body></html>""`).
BUG FOUND: YES if a bug is found, else NO.

Example output:
SE: The 'user_input' is directly concatenated into HTML content without sanitation.
BL: `response = ""<html><body><h1>Welcome, "" + user_input + ""!</h1></body></html>""`
BUG FOUND: YES

File Content:
// TarFileEntry represents the header, contents, and list position of an entry within a tar file.
type TarFileEntry struct {
	Sequence int64
	Header   tar.Header
	Reader   io.Reader
}

// TarFileVisitor is a visitor function meant to be used in conjunction with the IterateTar.
type TarFileVisitor func(TarFileEntry) error

// ErrFileNotFound returned from ReaderFromTar if a file is not found in the given archive.
type ErrFileNotFound struct {
	Path string
}
func (e *ErrFileNotFound) Error() string {
	return fmt.Sprintf(""file not found (path=%s)"", e.Path)
}
// IterateTar is a function that reads across a tar and invokes a visitor function for each entry discovered. The iterator
// stops when there are no more entries to read, if there is an error in the underlying reader or visitor function,
// or if the visitor function returns a ErrTarStopIteration sentinel error.
func IterateTar(reader io.Reader, visitor TarFileVisitor) error {
	tarReader := tar.NewReader(reader)
	var sequence int64 = -1
	for {
		sequence++

		hdr, err := tarReader.Next()
		if errors.Is(err, io.EOF) {
			break
		}
		if err != nil {
			return err
		}
		if hdr == nil {
			continue
		}

		if err := visitor(TarFileEntry{
			Sequence: sequence,
			Header:   *hdr,
			Reader:   tarReader,
		}); err != nil {
			if errors.Is(err, ErrTarStopIteration) {
				return nil
			}
			return fmt.Errorf(""failed to visit tar entry=%q : %w"", hdr.Name, err)
		}
	}
	return nil
}
//nolint:dupl
package file

import ""sort""

type IDSet map[ID]struct{}

func NewIDSet(is ...ID) IDSet {
	// TODO: replace with single generic implementation that also incorporates other set implementations
	s := make(IDSet)
	s.Add(is...)
	return s
}

func (s IDSet) Size() int {
	return len(s)
}

func (s IDSet) Merge(other IDSet) {
	for _, i := range other.List() {
		s.Add(i)
	}
}

func (s IDSet) Add(ids ...ID) {
	for _, i := range ids {
		s[i] = struct{}{}
	}
}

func (s IDSet) Remove(ids ...ID) {
	for _, i := range ids {
		delete(s, i)
	}
}

func (s IDSet) Contains(i ID) bool {
	_, ok := s[i]
	return ok
}

func (s IDSet) Clear() {
	// TODO: replace this with the new 'clear' keyword when it's available in go 1.20 or 1.21
	for i := range s {
		delete(s, i)
	}
}

func (s IDSet) List() []ID {
	ret := make([]ID, 0, len(s))
	for i := range s {
		ret = append(ret, i)
	}
	return ret
}

func (s IDSet) Sorted() []ID {
	ids := s.List()

	sort.Slice(ids, func(i, j int) bool {
		return ids[i] < ids[j]
	})

	return ids
}

func (s IDSet) ContainsAny(ids ...ID) bool {
	for _, i := range ids {
		_, ok := s[i]
		if ok {
			return true
		}
	}
	return false
}
func joinPath_createDictionary(dst, name string, isDir bool) (string, error) {
    target := filepath.Join(dst, name)
    if isDir {
        if _, err := os.Stat(target); err != nil {
            if err := os.MkdirAll(target, 0755); err != nil {
                return """", err
            }
        }
    }
    return target, nil
}
package file

import (
	""archive/tar""
	""fmt""
	""io""
	""os""
	""path/filepath""

	""github.com/pkg/errors""

	""github.com/anchore/stereoscope/internal/log""
)
// ReaderFromTar returns a io.ReadCloser for the Path within a tar file.
func ReaderFromTar(reader io.ReadCloser, tarPath string) (io.ReadCloser, error) {
	var result io.ReadCloser

	visitor := func(entry TarFileEntry) error {
		if entry.Header.Name == tarPath {
			result = &tarFile{
				Reader: entry.Reader,
				Closer: reader,
			}
			return ErrTarStopIteration
		}
		return nil
	}
	if err := IterateTar(reader, visitor); err != nil {
		return nil, err
	}

	if result == nil {
		return nil, &ErrFileNotFound{tarPath}
	}

	return result, nil
}
//go:build windows

package file

import (
	""os""
)

// getXid is a placeholder for windows file information
func getXid(info os.FileInfo) (uid, gid int) {
	return -1, -1
}
package file

import ""sync/atomic""

var nextID atomic.Uint64 // note: this is governed by the reference constructor

// ID is used for file tree manipulation to uniquely identify tree nodes.
type ID uint64

type IDs []ID

func (ids IDs) Len() int {
	return len(ids)
}

func (ids IDs) Less(i, j int) bool {
	return ids[i] < ids[j]
}

func (ids IDs) Swap(i, j int) {
	ids[i], ids[j] = ids[j], ids[i]
}

    "," SE: The 'tarPath' variable is directly used in file operations which might not be safe if it's derived from user input.
BL: `func ReaderFromTar(reader io.ReadCloser, tarPath string) (io.ReadCloser, error) {`
BUG FOUND: YES

Explanation:
While the 'tarPath' variable might not be directly concatenated into a pathname, it's still possible that it contains path traversal patterns if it's derived from user input. This could potentially lead to a path traversal vulnerability (CWE-22) if not handled properly. It's recommended to validate and sanitize 'tarPath' before using it in file operations.",mixtral-8x7b-32768
107,"Analyze the file content below and tell me if there's any line that may contain a bug of type CWE-22 (Improper Limitation of a Pathname to a Restricted Directory (""Path Traversal"")). Your output must adhere to the following structure.

Expected Output Structure:
SE: very Short Explanation of why the line may contain a bug of given type (e.g., The 'user_input' is directly concatenated into HTML content without sanitation).
BL: the Bugged Line, if any is found, else none (e.g., `response = ""<html><body><h1>Welcome, "" + user_input + ""!</h1></body></html>""`).
BUG FOUND: YES if a bug is found, else NO.

Example output:
SE: The 'user_input' is directly concatenated into HTML content without sanitation.
BL: `response = ""<html><body><h1>Welcome, "" + user_input + ""!</h1></body></html>""`
BUG FOUND: YES

File Content:
var helpers = require(""../helpers"");
var config = require(""../../config"");
var skins = require(""../skins"");
var cache = require(""../cache"");
var path = require(""path"");
var url = require(""url"");
var helpers = require(""../helpers"");
var cache = require(""../cache"");
// GET cape request
module.exports = function(req, callback) {
  var userId = (req.url.path_list[1] || """").split(""."")[0];
  var def = req.url.searchParams.get('default');
  var rid = req.id;

  // check for extra paths
  if (req.url.path_list.length > 2) {
    callback({
      status: -2,
      body: ""Invalid Path"",
      code: 404
    });
    return;
  }

  // strip dashes
  userId = userId.replace(/-/g, """");
  if (!helpers.id_valid(userId)) {
    callback({
      status: -2,
      body: ""Invalid UUID""
    });
    return;
  }

  try {
    helpers.get_cape(rid, userId, function(err, hash, status, image) {
      if (err) {
        if (err.code === ""ENOENT"") {
          // no such file
          cache.remove_hash(rid, userId);
        }
      }
      callback({
        status: status,
        body: image,
        type: image ? ""image/png"" : undefined,
        redirect: image ? undefined : def,
        hash: hash,
        err: err
      });
    });
  } catch(e) {
    callback({
      status: -1,
      err: e
    });
  }
};
compile();
var logging = require(""../logging"");
var helpers = require(""../helpers"");
var renders = require(""../renders"");
var config = require(""../../config"");
var cache = require(""../cache"");
var skins = require(""../skins"");
var path = require(""path"");
var url = require(""url"");
var fs = require(""fs"");
function asset_request(req, callback) {
  var filename = path.join(__dirname, ""public"", req.url.path_list.join(""/""));
  fs.access(filename, function(fs_err) {
    if (!fs_err) {
      fs.readFile(filename, function(err, data) {
        callback({
          body: data,
          type: mime.getType(filename),
          err: err,
        });
      });
    } else {
      callback({
        body: ""Not found"",
        status: -2,
        code: 404,
      });
    }
  });
}
// pre-compile the index page
function compile() {
  logging.log(""Compiling index page"");
  str = read(path.join(__dirname, "".."", ""views"", ""index.html.ejs""), ""utf-8"");
  index = ejs.compile(str);
}
// GET index request
module.exports = function(req, callback) {
  if (config.server.debug_enabled) {
    // allow changes without reloading
    compile();
  }
  var html = index({
    title: ""Crafatar"",
    domain: ""https://"" + req.headers.host,
    config: config
  });
  callback({
    body: html,
    type: ""text/html; charset=utf-8""
  });
};
// handle the appropriate 'default=' response
// uses either mhf_steve or mhf_alex (based on +userId+) if no +def+ given
// callback: response object
function handle_default(rid, scale, overlay, body, img_status, userId, size, def, req, err, callback) {
  def = def || skins.default_skin(userId);
  var defname = def.toLowerCase();
  if (defname !== ""steve"" && defname !== ""mhf_steve"" && defname !== ""alex"" && defname !== ""mhf_alex"") {
    if (helpers.id_valid(def)) {
      // clean up the old URL to match new image
      req.url.searchParams.delete('default');
      req.url.path_list[2] = def;
      req.url.pathname = req.url.path_list.join('/');
      var newUrl = req.url.toString();
      callback({
        status: img_status,
        redirect: newUrl,
        err: err
      });
    } else {
      callback({
        status: img_status,
        redirect: def,
        err: err
      });
    }
  } else {
    // handle steve and alex
    def = defname;
    if (def.substr(0, 4) !== ""mhf_"") {
      def = ""mhf_"" + def;
    }
    fs.readFile(path.join(__dirname, "".."", ""public"", ""images"", def + ""_skin.png""), function(fs_err, buf) {
      // we render the default skins, but not custom images
      renders.draw_model(rid, buf, scale, overlay, body, def === ""mhf_alex"", function(render_err, def_img) {
        callback({
          status: img_status,
          body: def_img,
          type: ""image/png"",
          hash: def,
          err: render_err || fs_err || err
        });
      });
    });
  }
}
// returns the redis instance
exp.get_redis = function() {
  return redis;
};
    "," SE: The 'filename' variable is constructed by concatenating user-provided input from 'req.url.path_list' into the path string without any sanitation or restriction to a specific directory.
BL: `var filename = path.join(__dirname, ""public"", req.url.path_list.join(""/""));`
BUG FOUND: YES

Explanation:
This code constructs a file path by joining the '__dirname' (which is the directory of the current module), the string ""public"", and the user-provided 'req.url.path_list.join(""/"")'. If the user-provided input is not properly sanitized or restricted, it can lead to a path traversal vulnerability (CWE-22). An attacker can potentially access files outside of the intended ""public"" directory by manipulating the 'path_list' array.",mixtral-8x7b-32768
108,"Analyze the file content below and tell me if there's any line that may contain a bug of type CWE-22 (Improper Limitation of a Pathname to a Restricted Directory (""Path Traversal"")). Your output must adhere to the following structure.

Expected Output Structure:
SE: very Short Explanation of why the line may contain a bug of given type (e.g., The 'user_input' is directly concatenated into HTML content without sanitation).
BL: the Bugged Line, if any is found, else none (e.g., `response = ""<html><body><h1>Welcome, "" + user_input + ""!</h1></body></html>""`).
BUG FOUND: YES if a bug is found, else NO.

Example output:
SE: The 'user_input' is directly concatenated into HTML content without sanitation.
BL: `response = ""<html><body><h1>Welcome, "" + user_input + ""!</h1></body></html>""`
BUG FOUND: YES

File Content:
var helpers = require(""../helpers"");
var config = require(""../../config"");
var skins = require(""../skins"");
var cache = require(""../cache"");
var path = require(""path"");
var url = require(""url"");
// handle the appropriate 'default=' response
// uses either mhf_steve or mhf_alex (based on +userId+) if no +def+ given
// callback: response object
function handle_default(img_status, userId, size, def, req, err, callback) {
  def = def || skins.default_skin(userId);
  var defname = def.toLowerCase();
  if (defname !== ""steve"" && defname !== ""mhf_steve"" && defname !== ""alex"" && defname !== ""mhf_alex"") {
    if (helpers.id_valid(def)) {
      // clean up the old URL to match new image
      req.url.searchParams.delete('default');
      req.url.path_list[1] = def;
      req.url.pathname = req.url.path_list.join('/');
      var newUrl = req.url.toString();
      callback({
        status: img_status,
        redirect: newUrl,
        err: err,
      });
    } else {
      callback({
        status: img_status,
        redirect: def,
        err: err,
      });
    }
  } else {
    // handle steve and alex
    def = defname;
    if (def.substr(0, 4) !== ""mhf_"") {
      def = ""mhf_"" + def;
    }
    skins.resize_img(path.join(__dirname, "".."", ""public"", ""images"", def + "".png""), size, function(resize_err, image) {
      callback({
        status: img_status,
        body: image,
        type: ""image/png"",
        hash: def,
        err: resize_err || err,
      });
    });
  }
}
var helpers = require(""../helpers"");
var cache = require(""../cache"");
var logging = require(""../logging"");
var config = require(""../../config"");
var path = require(""path"");
var read = require(""fs"").readFileSync;
var ejs = require(""ejs"");

var str;
var index;
compile();
// GET index request
module.exports = function(req, callback) {
  if (config.server.debug_enabled) {
    // allow changes without reloading
    compile();
  }
  var html = index({
    title: ""Crafatar"",
    domain: ""https://"" + req.headers.host,
    config: config
  });
  callback({
    body: html,
    type: ""text/html; charset=utf-8""
  });
};
function asset_request(req, callback) {
  var filename = path.join(__dirname, ""public"", req.url.path_list.join(""/""));
  fs.access(filename, function(fs_err) {
    if (!fs_err) {
      fs.readFile(filename, function(err, data) {
        callback({
          body: data,
          type: mime.getType(filename),
          err: err,
        });
      });
    } else {
      callback({
        body: ""Not found"",
        status: -2,
        code: 404,
      });
    }
  });
}
var exp = {};
// returns the redis instance
exp.get_redis = function() {
  return redis;
};
// set model type to value of *slim*
exp.set_slim = function(rid, userId, slim, callback) {
  logging.debug(rid, ""setting slim for"", userId, ""to "" + slim);
  // store userId in lower case if not null
  userId = userId && userId.toLowerCase();

  redis.hmset(userId, [""a"", Number(slim)], callback);
};
// create the key +userId+, store +skin_hash+, +cape_hash+, +slim+ and current time
// if +skin_hash+ or +cape_hash+ are undefined, they aren't stored
// this is useful to store cape and skin at separate times, without overwriting the other
// +slim+ can be true (alex) or false (steve)
// +callback+ contans error
exp.save_hash = function(rid, userId, skin_hash, cape_hash, slim, callback) {
  logging.debug(rid, ""caching skin:"" + skin_hash + "" cape:"" + cape_hash + "" slim:"" + slim);
  // store shorter null value instead of ""null"" string
  skin_hash = skin_hash === null ? """" : skin_hash;
  cape_hash = cape_hash === null ? """" : cape_hash;
  // store userId in lower case if not null
  userId = userId && userId.toLowerCase();

  var args = [];
  if (cape_hash !== undefined) {
    args.push(""c"", cape_hash);
  }
  if (skin_hash !== undefined) {
    args.push(""s"", skin_hash);
  }
  if (slim !== undefined) {
    args.push(""a"", Number(!!slim));
  }
  args.push(""t"", Date.now());

  redis.hmset(userId, args, function(err) {
    callback(err);
  });
};
// removes the hash for +userId+ from the cache
exp.remove_hash = function(rid, userId) {
  logging.debug(rid, ""deleting hash from cache"");
  redis.del(userId.toLowerCase(), ""h"", ""t"");
};
    "," SE: The 'req.url.path_list' is directly concatenated into a file path without sanitation.
BL: `var filename = path.join(__dirname, ""public"", req.url.path_list.join(""/""));`
BUG FOUND: YES

Explanation:
This line of code is joining the 'req.url.path_list' array into a string and using it to create a file path. If 'req.url.path_list' contains any user input, it could be manipulated to access files outside of the intended directory, leading to a path traversal vulnerability. To prevent this, it's recommended to sanitize 'req.url.path_list' by removing any "".."" or ""/"" characters before joining them into a file path.",mixtral-8x7b-32768
